<?xml version='1.0' encoding='UTF-8'?>
<gpx version="1.1" creator="https://www.komoot.de" xmlns="http://www.topografix.com/GPX/1/1" xmlns:xsi="http://www.w3.org/2001/XMLSchema-instance" xsi:schemaLocation="http://www.topografix.com/GPX/1/1 http://www.topografix.com/GPX/1/1/gpx.xsd">
  <metadata>
    <name>Boxford + Georgetown + Groveland mains</name>
    <author>
      <link href="https://www.komoot.de">
        <text>komoot</text>
        <type>text/html</type>
      </link>
    </author>
  </metadata>
  <trk>
    <name>Boxford + Georgetown + Groveland mains</name>
    <type>touring_bicycle</type>
    <trkseg>
      <trkpt lat="42.660380" lon="-71.002706">
        <ele>27.895839</ele>
        <time>2026-06-21T13:30:59.000Z</time>
      </trkpt>
      <trkpt lat="42.660323" lon="-71.002805">
        <ele>27.895839</ele>
        <time>2026-06-21T13:31:01.000Z</time>
      </trkpt>
      <trkpt lat="42.660317" lon="-71.002935">
        <ele>27.895839</ele>
        <time>2026-06-21T13:31:02.999Z</time>
      </trkpt>
      <trkpt lat="42.660208" lon="-71.003029">
        <ele>27.895839</ele>
        <time>2026-06-21T13:31:06.000Z</time>
      </trkpt>
      <trkpt lat="42.660114" lon="-71.003078">
        <ele>27.895839</ele>
        <time>2026-06-21T13:31:08.000Z</time>
      </trkpt>
      <trkpt lat="42.660021" lon="-71.003130">
        <ele>27.895839</ele>
        <time>2026-06-21T13:31:10.000Z</time>
      </trkpt>
      <trkpt lat="42.659938" lon="-71.003191">
        <ele>27.895839</ele>
        <time>2026-06-21T13:31:12.000Z</time>
      </trkpt>
      <trkpt lat="42.659873" lon="-71.003286">
        <ele>27.895839</ele>
        <time>2026-06-21T13:31:14.000Z</time>
      </trkpt>
      <trkpt lat="42.659846" lon="-71.003412">
        <ele>27.895839</ele>
        <time>2026-06-21T13:31:16.000Z</time>
      </trkpt>
      <trkpt lat="42.659858" lon="-71.003534">
        <ele>27.895839</ele>
        <time>2026-06-21T13:31:18.000Z</time>
      </trkpt>
      <trkpt lat="42.659899" lon="-71.003684">
        <ele>27.911000</ele>
        <time>2026-06-21T13:31:20.000Z</time>
      </trkpt>
      <trkpt lat="42.659950" lon="-71.003808">
        <ele>27.924931</ele>
        <time>2026-06-21T13:31:22.000Z</time>
      </trkpt>
      <trkpt lat="42.660013" lon="-71.003927">
        <ele>27.939309</ele>
        <time>2026-06-21T13:31:24.000Z</time>
      </trkpt>
      <trkpt lat="42.660069" lon="-71.004060">
        <ele>27.954336</ele>
        <time>2026-06-21T13:31:26.000Z</time>
      </trkpt>
      <trkpt lat="42.660119" lon="-71.004187">
        <ele>27.968461</ele>
        <time>2026-06-21T13:31:28.000Z</time>
      </trkpt>
      <trkpt lat="42.660178" lon="-71.004324">
        <ele>27.984028</ele>
        <time>2026-06-21T13:31:30.000Z</time>
      </trkpt>
      <trkpt lat="42.660233" lon="-71.004460">
        <ele>27.999247</ele>
        <time>2026-06-21T13:31:32.000Z</time>
      </trkpt>
      <trkpt lat="42.660291" lon="-71.004606">
        <ele>28.015518</ele>
        <time>2026-06-21T13:31:34.000Z</time>
      </trkpt>
      <trkpt lat="42.660359" lon="-71.004742">
        <ele>28.031644</ele>
        <time>2026-06-21T13:31:36.000Z</time>
      </trkpt>
      <trkpt lat="42.660411" lon="-71.004878">
        <ele>28.046674</ele>
        <time>2026-06-21T13:31:38.000Z</time>
      </trkpt>
      <trkpt lat="42.660463" lon="-71.005018">
        <ele>28.062053</ele>
        <time>2026-06-21T13:31:40.000Z</time>
      </trkpt>
      <trkpt lat="42.660522" lon="-71.005144">
        <ele>28.076699</ele>
        <time>2026-06-21T13:31:42.000Z</time>
      </trkpt>
      <trkpt lat="42.660562" lon="-71.005270">
        <ele>28.090156</ele>
        <time>2026-06-21T13:31:44.000Z</time>
      </trkpt>
      <trkpt lat="42.660601" lon="-71.005398">
        <ele>28.103741</ele>
        <time>2026-06-21T13:31:48.000Z</time>
      </trkpt>
      <trkpt lat="42.660763" lon="-71.005769">
        <ele>28.481359</ele>
        <time>2026-06-21T13:31:52.000Z</time>
      </trkpt>
      <trkpt lat="42.660825" lon="-71.005895">
        <ele>28.976138</ele>
        <time>2026-06-21T13:31:54.000Z</time>
      </trkpt>
      <trkpt lat="42.660882" lon="-71.006014">
        <ele>29.439626</ele>
        <time>2026-06-21T13:31:56.000Z</time>
      </trkpt>
      <trkpt lat="42.660937" lon="-71.006131">
        <ele>29.892816</ele>
        <time>2026-06-21T13:31:58.000Z</time>
      </trkpt>
      <trkpt lat="42.660984" lon="-71.006260">
        <ele>30.362657</ele>
        <time>2026-06-21T13:32:00.000Z</time>
      </trkpt>
      <trkpt lat="42.661037" lon="-71.006402">
        <ele>30.882360</ele>
        <time>2026-06-21T13:32:02.000Z</time>
      </trkpt>
      <trkpt lat="42.661091" lon="-71.006529">
        <ele>31.361132</ele>
        <time>2026-06-21T13:32:04.000Z</time>
      </trkpt>
      <trkpt lat="42.661149" lon="-71.006651">
        <ele>31.835246</ele>
        <time>2026-06-21T13:32:06.000Z</time>
      </trkpt>
      <trkpt lat="42.661200" lon="-71.006769">
        <ele>32.281936</ele>
        <time>2026-06-21T13:32:08.000Z</time>
      </trkpt>
      <trkpt lat="42.661253" lon="-71.006898">
        <ele>32.764188</ele>
        <time>2026-06-21T13:32:10.000Z</time>
      </trkpt>
      <trkpt lat="42.661289" lon="-71.007012">
        <ele>33.169089</ele>
        <time>2026-06-21T13:32:11.000Z</time>
      </trkpt>
      <trkpt lat="42.661335" lon="-71.007141">
        <ele>33.636975</ele>
        <time>2026-06-21T13:32:13.000Z</time>
      </trkpt>
      <trkpt lat="42.661391" lon="-71.007289">
        <ele>34.180171</ele>
        <time>2026-06-21T13:32:18.000Z</time>
      </trkpt>
      <trkpt lat="42.661448" lon="-71.007466">
        <ele>34.810783</ele>
        <time>2026-06-21T13:32:21.000Z</time>
      </trkpt>
      <trkpt lat="42.661497" lon="-71.007582">
        <ele>35.247368</ele>
        <time>2026-06-21T13:32:24.000Z</time>
      </trkpt>
      <trkpt lat="42.661555" lon="-71.007780">
        <ele>35.942933</ele>
        <time>2026-06-21T13:32:26.000Z</time>
      </trkpt>
      <trkpt lat="42.661591" lon="-71.007936">
        <ele>36.103607</ele>
        <time>2026-06-21T13:32:28.000Z</time>
      </trkpt>
      <trkpt lat="42.661611" lon="-71.008105">
        <ele>36.081171</ele>
        <time>2026-06-21T13:32:30.000Z</time>
      </trkpt>
      <trkpt lat="42.661629" lon="-71.008271">
        <ele>36.059178</ele>
        <time>2026-06-21T13:32:32.000Z</time>
      </trkpt>
      <trkpt lat="42.661662" lon="-71.008417">
        <ele>36.039158</ele>
        <time>2026-06-21T13:32:34.000Z</time>
      </trkpt>
      <trkpt lat="42.661697" lon="-71.008570">
        <ele>36.018157</ele>
        <time>2026-06-21T13:32:36.000Z</time>
      </trkpt>
      <trkpt lat="42.661733" lon="-71.008722">
        <ele>35.997226</ele>
        <time>2026-06-21T13:32:38.000Z</time>
      </trkpt>
      <trkpt lat="42.661779" lon="-71.008887">
        <ele>35.974098</ele>
        <time>2026-06-21T13:32:40.000Z</time>
      </trkpt>
      <trkpt lat="42.661805" lon="-71.009030">
        <ele>35.954790</ele>
        <time>2026-06-21T13:32:42.000Z</time>
      </trkpt>
      <trkpt lat="42.661832" lon="-71.009187">
        <ele>35.933657</ele>
        <time>2026-06-21T13:32:44.000Z</time>
      </trkpt>
      <trkpt lat="42.661857" lon="-71.009328">
        <ele>35.914646</ele>
        <time>2026-06-21T13:32:46.000Z</time>
      </trkpt>
      <trkpt lat="42.661877" lon="-71.009470">
        <ele>35.895696</ele>
        <time>2026-06-21T13:32:48.000Z</time>
      </trkpt>
      <trkpt lat="42.661888" lon="-71.009608">
        <ele>35.877503</ele>
        <time>2026-06-21T13:32:50.000Z</time>
      </trkpt>
      <trkpt lat="42.661911" lon="-71.009731">
        <ele>35.860868</ele>
        <time>2026-06-21T13:32:52.000Z</time>
      </trkpt>
      <trkpt lat="42.661953" lon="-71.009867">
        <ele>35.841534</ele>
        <time>2026-06-21T13:32:54.000Z</time>
      </trkpt>
      <trkpt lat="42.661988" lon="-71.010006">
        <ele>35.822277</ele>
        <time>2026-06-21T13:32:56.000Z</time>
      </trkpt>
      <trkpt lat="42.662023" lon="-71.010153">
        <ele>35.802025</ele>
        <time>2026-06-21T13:32:58.000Z</time>
      </trkpt>
      <trkpt lat="42.662050" lon="-71.010304">
        <ele>35.816882</ele>
        <time>2026-06-21T13:33:00.000Z</time>
      </trkpt>
      <trkpt lat="42.662081" lon="-71.010446">
        <ele>35.840854</ele>
        <time>2026-06-21T13:33:02.000Z</time>
      </trkpt>
      <trkpt lat="42.662096" lon="-71.010568">
        <ele>35.860872</ele>
        <time>2026-06-21T13:33:04.000Z</time>
      </trkpt>
      <trkpt lat="42.662137" lon="-71.010742">
        <ele>35.890441</ele>
        <time>2026-06-21T13:33:07.000Z</time>
      </trkpt>
      <trkpt lat="42.662168" lon="-71.010864">
        <ele>35.911331</ele>
        <time>2026-06-21T13:33:09.000Z</time>
      </trkpt>
      <trkpt lat="42.662198" lon="-71.010987">
        <ele>35.932302</ele>
        <time>2026-06-21T13:33:11.000Z</time>
      </trkpt>
      <trkpt lat="42.662237" lon="-71.011150">
        <ele>35.960042</ele>
        <time>2026-06-21T13:33:13.000Z</time>
      </trkpt>
      <trkpt lat="42.662271" lon="-71.011297">
        <ele>35.984981</ele>
        <time>2026-06-21T13:33:15.000Z</time>
      </trkpt>
      <trkpt lat="42.662304" lon="-71.011443">
        <ele>36.009700</ele>
        <time>2026-06-21T13:33:17.000Z</time>
      </trkpt>
      <trkpt lat="42.662340" lon="-71.011588">
        <ele>36.034467</ele>
        <time>2026-06-21T13:33:19.000Z</time>
      </trkpt>
      <trkpt lat="42.662358" lon="-71.011733">
        <ele>36.058265</ele>
        <time>2026-06-21T13:33:21.000Z</time>
      </trkpt>
      <trkpt lat="42.662372" lon="-71.011875">
        <ele>36.081451</ele>
        <time>2026-06-21T13:33:24.000Z</time>
      </trkpt>
      <trkpt lat="42.662450" lon="-71.012290">
        <ele>36.150770</ele>
        <time>2026-06-21T13:33:27.000Z</time>
      </trkpt>
      <trkpt lat="42.662461" lon="-71.012440">
        <ele>36.175166</ele>
        <time>2026-06-21T13:33:29.000Z</time>
      </trkpt>
      <trkpt lat="42.662464" lon="-71.012581">
        <ele>36.179122</ele>
        <time>2026-06-21T13:33:31.000Z</time>
      </trkpt>
      <trkpt lat="42.662464" lon="-71.012741">
        <ele>36.101926</ele>
        <time>2026-06-21T13:33:33.000Z</time>
      </trkpt>
      <trkpt lat="42.662476" lon="-71.012867">
        <ele>36.040627</ele>
        <time>2026-06-21T13:33:35.000Z</time>
      </trkpt>
      <trkpt lat="42.662472" lon="-71.013011">
        <ele>35.971102</ele>
        <time>2026-06-21T13:33:37.000Z</time>
      </trkpt>
      <trkpt lat="42.662453" lon="-71.013154">
        <ele>35.900991</ele>
        <time>2026-06-21T13:33:39.000Z</time>
      </trkpt>
      <trkpt lat="42.662465" lon="-71.013276">
        <ele>35.841605</ele>
        <time>2026-06-21T13:33:41.000Z</time>
      </trkpt>
      <trkpt lat="42.662454" lon="-71.013418">
        <ele>35.772715</ele>
        <time>2026-06-21T13:33:43.000Z</time>
      </trkpt>
      <trkpt lat="42.662454" lon="-71.013540">
        <ele>35.713854</ele>
        <time>2026-06-21T13:33:44.000Z</time>
      </trkpt>
      <trkpt lat="42.662446" lon="-71.013681">
        <ele>35.645623</ele>
        <time>2026-06-21T13:33:46.000Z</time>
      </trkpt>
      <trkpt lat="42.662444" lon="-71.013845">
        <ele>35.566487</ele>
        <time>2026-06-21T13:33:48.000Z</time>
      </trkpt>
      <trkpt lat="42.662433" lon="-71.013992">
        <ele>35.495197</ele>
        <time>2026-06-21T13:33:50.000Z</time>
      </trkpt>
      <trkpt lat="42.662435" lon="-71.014140">
        <ele>35.423779</ele>
        <time>2026-06-21T13:33:52.000Z</time>
      </trkpt>
      <trkpt lat="42.662449" lon="-71.014283">
        <ele>35.354177</ele>
        <time>2026-06-21T13:33:54.000Z</time>
      </trkpt>
      <trkpt lat="42.662456" lon="-71.014419">
        <ele>35.288400</ele>
        <time>2026-06-21T13:33:56.000Z</time>
      </trkpt>
      <trkpt lat="42.662469" lon="-71.014559">
        <ele>35.220318</ele>
        <time>2026-06-21T13:33:58.000Z</time>
      </trkpt>
      <trkpt lat="42.662473" lon="-71.014695">
        <ele>35.154649</ele>
        <time>2026-06-21T13:34:00.000Z</time>
      </trkpt>
      <trkpt lat="42.662484" lon="-71.014828">
        <ele>35.090076</ele>
        <time>2026-06-21T13:34:02.000Z</time>
      </trkpt>
      <trkpt lat="42.662485" lon="-71.014963">
        <ele>35.024939</ele>
        <time>2026-06-21T13:34:04.000Z</time>
      </trkpt>
      <trkpt lat="42.662478" lon="-71.015248">
        <ele>35.614940</ele>
        <time>2026-06-21T13:34:07.000Z</time>
      </trkpt>
      <trkpt lat="42.662472" lon="-71.015399">
        <ele>35.963955</ele>
        <time>2026-06-21T13:34:09.000Z</time>
      </trkpt>
      <trkpt lat="42.662459" lon="-71.015526">
        <ele>36.259897</ele>
        <time>2026-06-21T13:34:10.999Z</time>
      </trkpt>
      <trkpt lat="42.662447" lon="-71.015648">
        <ele>36.543980</ele>
        <time>2026-06-21T13:34:12.999Z</time>
      </trkpt>
      <trkpt lat="42.662445" lon="-71.015774">
        <ele>36.834855</ele>
        <time>2026-06-21T13:34:14.999Z</time>
      </trkpt>
      <trkpt lat="42.662429" lon="-71.015914">
        <ele>37.161853</ele>
        <time>2026-06-21T13:34:16.999Z</time>
      </trkpt>
      <trkpt lat="42.662412" lon="-71.016078">
        <ele>37.544107</ele>
        <time>2026-06-21T13:34:18.999Z</time>
      </trkpt>
      <trkpt lat="42.662395" lon="-71.016224">
        <ele>37.885273</ele>
        <time>2026-06-21T13:34:20.999Z</time>
      </trkpt>
      <trkpt lat="42.662375" lon="-71.016350">
        <ele>38.182778</ele>
        <time>2026-06-21T13:34:22.999Z</time>
      </trkpt>
      <trkpt lat="42.662381" lon="-71.016476">
        <ele>38.474195</ele>
        <time>2026-06-21T13:34:24.999Z</time>
      </trkpt>
      <trkpt lat="42.662381" lon="-71.016637">
        <ele>38.845782</ele>
        <time>2026-06-21T13:34:27.999Z</time>
      </trkpt>
      <trkpt lat="42.662406" lon="-71.016804">
        <ele>39.239124</ele>
        <time>2026-06-21T13:34:30.999Z</time>
      </trkpt>
      <trkpt lat="42.662433" lon="-71.016928">
        <ele>39.537598</ele>
        <time>2026-06-21T13:34:32.999Z</time>
      </trkpt>
      <trkpt lat="42.662487" lon="-71.017092">
        <ele>39.952321</ele>
        <time>2026-06-21T13:34:35.999Z</time>
      </trkpt>
      <trkpt lat="42.662533" lon="-71.017197">
        <ele>40.234407</ele>
        <time>2026-06-21T13:34:37.999Z</time>
      </trkpt>
      <trkpt lat="42.662597" lon="-71.017324">
        <ele>40.589745</ele>
        <time>2026-06-21T13:34:39.999Z</time>
      </trkpt>
      <trkpt lat="42.662672" lon="-71.017437">
        <ele>40.975288</ele>
        <time>2026-06-21T13:34:41.999Z</time>
      </trkpt>
      <trkpt lat="42.662746" lon="-71.017536">
        <ele>41.340534</ele>
        <time>2026-06-21T13:34:43.999Z</time>
      </trkpt>
      <trkpt lat="42.662821" lon="-71.017629">
        <ele>41.697656</ele>
        <time>2026-06-21T13:34:45.999Z</time>
      </trkpt>
      <trkpt lat="42.662901" lon="-71.017704">
        <ele>42.039543</ele>
        <time>2026-06-21T13:34:47.999Z</time>
      </trkpt>
      <trkpt lat="42.662993" lon="-71.017773">
        <ele>42.409212</ele>
        <time>2026-06-21T13:34:49.999Z</time>
      </trkpt>
      <trkpt lat="42.663080" lon="-71.017833">
        <ele>42.752436</ele>
        <time>2026-06-21T13:34:51.999Z</time>
      </trkpt>
      <trkpt lat="42.663178" lon="-71.017897">
        <ele>43.134950</ele>
        <time>2026-06-21T13:34:53.999Z</time>
      </trkpt>
      <trkpt lat="42.663275" lon="-71.017959">
        <ele>43.512064</ele>
        <time>2026-06-21T13:34:55.999Z</time>
      </trkpt>
      <trkpt lat="42.663369" lon="-71.018019">
        <ele>43.877424</ele>
        <time>2026-06-21T13:34:57.999Z</time>
      </trkpt>
      <trkpt lat="42.663455" lon="-71.018074">
        <ele>44.211806</ele>
        <time>2026-06-21T13:34:59.999Z</time>
      </trkpt>
      <trkpt lat="42.663544" lon="-71.018132">
        <ele>44.559053</ele>
        <time>2026-06-21T13:35:01.999Z</time>
      </trkpt>
      <trkpt lat="42.663663" lon="-71.018209">
        <ele>45.022735</ele>
        <time>2026-06-21T13:35:04.999Z</time>
      </trkpt>
      <trkpt lat="42.663751" lon="-71.018266">
        <ele>45.365692</ele>
        <time>2026-06-21T13:35:07.999Z</time>
      </trkpt>
      <trkpt lat="42.663838" lon="-71.018323">
        <ele>45.705475</ele>
        <time>2026-06-21T13:35:10.999Z</time>
      </trkpt>
      <trkpt lat="42.663989" lon="-71.018431">
        <ele>46.305770</ele>
        <time>2026-06-21T13:35:13.999Z</time>
      </trkpt>
      <trkpt lat="42.664079" lon="-71.018476">
        <ele>46.643161</ele>
        <time>2026-06-21T13:35:15.999Z</time>
      </trkpt>
      <trkpt lat="42.664172" lon="-71.018536">
        <ele>46.996718</ele>
        <time>2026-06-21T13:35:18.000Z</time>
      </trkpt>
      <trkpt lat="42.664260" lon="-71.018577">
        <ele>47.170925</ele>
        <time>2026-06-21T13:35:19.999Z</time>
      </trkpt>
      <trkpt lat="42.664358" lon="-71.018622">
        <ele>47.364637</ele>
        <time>2026-06-21T13:35:21.999Z</time>
      </trkpt>
      <trkpt lat="42.664453" lon="-71.018645">
        <ele>47.545348</ele>
        <time>2026-06-21T13:35:23.999Z</time>
      </trkpt>
      <trkpt lat="42.664544" lon="-71.018662">
        <ele>47.717371</ele>
        <time>2026-06-21T13:35:25.999Z</time>
      </trkpt>
      <trkpt lat="42.664649" lon="-71.018651">
        <ele>47.914595</ele>
        <time>2026-06-21T13:35:27.999Z</time>
      </trkpt>
      <trkpt lat="42.664759" lon="-71.018636">
        <ele>48.121633</ele>
        <time>2026-06-21T13:35:30.000Z</time>
      </trkpt>
      <trkpt lat="42.664864" lon="-71.018615">
        <ele>48.320390</ele>
        <time>2026-06-21T13:35:31.999Z</time>
      </trkpt>
      <trkpt lat="42.664960" lon="-71.018609">
        <ele>48.500366</ele>
        <time>2026-06-21T13:35:33.999Z</time>
      </trkpt>
      <trkpt lat="42.665072" lon="-71.018606">
        <ele>48.710157</ele>
        <time>2026-06-21T13:35:35.999Z</time>
      </trkpt>
      <trkpt lat="42.665186" lon="-71.018635">
        <ele>48.927356</ele>
        <time>2026-06-21T13:35:37.999Z</time>
      </trkpt>
      <trkpt lat="42.665299" lon="-71.018680">
        <ele>49.147866</ele>
        <time>2026-06-21T13:35:39.999Z</time>
      </trkpt>
      <trkpt lat="42.665397" lon="-71.018746">
        <ele>49.352670</ele>
        <time>2026-06-21T13:35:41.999Z</time>
      </trkpt>
      <trkpt lat="42.665494" lon="-71.018810">
        <ele>49.554580</ele>
        <time>2026-06-21T13:35:43.999Z</time>
      </trkpt>
      <trkpt lat="42.665593" lon="-71.018877">
        <ele>49.761674</ele>
        <time>2026-06-21T13:35:45.999Z</time>
      </trkpt>
      <trkpt lat="42.665682" lon="-71.018922">
        <ele>49.939498</ele>
        <time>2026-06-21T13:35:47.999Z</time>
      </trkpt>
      <trkpt lat="42.665763" lon="-71.018981">
        <ele>50.111581</ele>
        <time>2026-06-21T13:35:49.999Z</time>
      </trkpt>
      <trkpt lat="42.665845" lon="-71.019065">
        <ele>50.303840</ele>
        <time>2026-06-21T13:35:51.999Z</time>
      </trkpt>
      <trkpt lat="42.665935" lon="-71.019166">
        <ele>50.482148</ele>
        <time>2026-06-21T13:35:53.999Z</time>
      </trkpt>
      <trkpt lat="42.666036" lon="-71.019268">
        <ele>50.661011</ele>
        <time>2026-06-21T13:35:55.999Z</time>
      </trkpt>
      <trkpt lat="42.666123" lon="-71.019351">
        <ele>50.812106</ele>
        <time>2026-06-21T13:35:57.999Z</time>
      </trkpt>
      <trkpt lat="42.666207" lon="-71.019423">
        <ele>50.953277</ele>
        <time>2026-06-21T13:35:59.999Z</time>
      </trkpt>
      <trkpt lat="42.666324" lon="-71.019537">
        <ele>51.157912</ele>
        <time>2026-06-21T13:36:02.999Z</time>
      </trkpt>
      <trkpt lat="42.666409" lon="-71.019610">
        <ele>51.300843</ele>
        <time>2026-06-21T13:36:04.999Z</time>
      </trkpt>
      <trkpt lat="42.666504" lon="-71.019682">
        <ele>51.455469</ele>
        <time>2026-06-21T13:36:06.999Z</time>
      </trkpt>
      <trkpt lat="42.666625" lon="-71.019746">
        <ele>51.640056</ele>
        <time>2026-06-21T13:36:08.999Z</time>
      </trkpt>
      <trkpt lat="42.666731" lon="-71.019804">
        <ele>51.802505</ele>
        <time>2026-06-21T13:36:10.999Z</time>
      </trkpt>
      <trkpt lat="42.666823" lon="-71.019872">
        <ele>51.951378</ele>
        <time>2026-06-21T13:36:12.999Z</time>
      </trkpt>
      <trkpt lat="42.666913" lon="-71.019936">
        <ele>52.095774</ele>
        <time>2026-06-21T13:36:14.999Z</time>
      </trkpt>
      <trkpt lat="42.667014" lon="-71.020008">
        <ele>52.257905</ele>
        <time>2026-06-21T13:36:17.999Z</time>
      </trkpt>
      <trkpt lat="42.667118" lon="-71.020081">
        <ele>52.424302</ele>
        <time>2026-06-21T13:36:20.999Z</time>
      </trkpt>
      <trkpt lat="42.667209" lon="-71.020143">
        <ele>52.569011</ele>
        <time>2026-06-21T13:36:23.999Z</time>
      </trkpt>
      <trkpt lat="42.667311" lon="-71.020220">
        <ele>52.734876</ele>
        <time>2026-06-21T13:36:27.999Z</time>
      </trkpt>
      <trkpt lat="42.667405" lon="-71.020289">
        <ele>52.886747</ele>
        <time>2026-06-21T13:36:31.999Z</time>
      </trkpt>
      <trkpt lat="42.667498" lon="-71.020342">
        <ele>52.589029</ele>
        <time>2026-06-21T13:36:35.999Z</time>
      </trkpt>
      <trkpt lat="42.667597" lon="-71.020404">
        <ele>52.162241</ele>
        <time>2026-06-21T13:36:40.999Z</time>
      </trkpt>
      <trkpt lat="42.667683" lon="-71.020473">
        <ele>51.771250</ele>
        <time>2026-06-21T13:36:44.999Z</time>
      </trkpt>
      <trkpt lat="42.667774" lon="-71.020545">
        <ele>51.358999</ele>
        <time>2026-06-21T13:36:48.999Z</time>
      </trkpt>
      <trkpt lat="42.669074" lon="-71.021137">
        <ele>45.990712</ele>
        <time>2026-06-21T13:36:53.999Z</time>
      </trkpt>
      <trkpt lat="42.669196" lon="-71.021185">
        <ele>46.065559</ele>
        <time>2026-06-21T13:36:55.999Z</time>
      </trkpt>
      <trkpt lat="42.669320" lon="-71.021218">
        <ele>46.323383</ele>
        <time>2026-06-21T13:36:57.999Z</time>
      </trkpt>
      <trkpt lat="42.669438" lon="-71.021238">
        <ele>46.566028</ele>
        <time>2026-06-21T13:36:59.999Z</time>
      </trkpt>
      <trkpt lat="42.669569" lon="-71.021252">
        <ele>46.834160</ele>
        <time>2026-06-21T13:37:01.999Z</time>
      </trkpt>
      <trkpt lat="42.669669" lon="-71.021237">
        <ele>47.039450</ele>
        <time>2026-06-21T13:37:03.999Z</time>
      </trkpt>
      <trkpt lat="42.669767" lon="-71.021236">
        <ele>47.239427</ele>
        <time>2026-06-21T13:37:05.999Z</time>
      </trkpt>
      <trkpt lat="42.669880" lon="-71.021228">
        <ele>47.470319</ele>
        <time>2026-06-21T13:37:08.999Z</time>
      </trkpt>
      <trkpt lat="42.669986" lon="-71.021217">
        <ele>47.687243</ele>
        <time>2026-06-21T13:37:10.999Z</time>
      </trkpt>
      <trkpt lat="42.669023" lon="-71.021160">
        <ele>49.470134</ele>
        <time>2026-06-21T13:37:12.999Z</time>
      </trkpt>
      <trkpt lat="42.669125" lon="-71.020856">
        <ele>49.165171</ele>
        <time>2026-06-21T13:37:14.999Z</time>
      </trkpt>
      <trkpt lat="42.668955" lon="-71.020725">
        <ele>48.922648</ele>
        <time>2026-06-21T13:37:15.999Z</time>
      </trkpt>
      <trkpt lat="42.669099" lon="-71.020680">
        <ele>48.739256</ele>
        <time>2026-06-21T13:37:18.999Z</time>
      </trkpt>
      <trkpt lat="42.670448" lon="-71.021106">
        <ele>47.488977</ele>
        <time>2026-06-21T13:37:19.999Z</time>
      </trkpt>
      <trkpt lat="42.670553" lon="-71.021100">
        <ele>47.571609</ele>
        <time>2026-06-21T13:37:21.999Z</time>
      </trkpt>
      <trkpt lat="42.670679" lon="-71.021133">
        <ele>47.672500</ele>
        <time>2026-06-21T13:37:23.999Z</time>
      </trkpt>
      <trkpt lat="42.670809" lon="-71.021149">
        <ele>47.775133</ele>
        <time>2026-06-21T13:37:25.999Z</time>
      </trkpt>
      <trkpt lat="42.670928" lon="-71.021170">
        <ele>47.869484</ele>
        <time>2026-06-21T13:37:27.999Z</time>
      </trkpt>
      <trkpt lat="42.671053" lon="-71.021207">
        <ele>47.970070</ele>
        <time>2026-06-21T13:37:29.999Z</time>
      </trkpt>
      <trkpt lat="42.671173" lon="-71.021252">
        <ele>48.067944</ele>
        <time>2026-06-21T13:37:31.999Z</time>
      </trkpt>
      <trkpt lat="42.671266" lon="-71.021293">
        <ele>48.144813</ele>
        <time>2026-06-21T13:37:33.999Z</time>
      </trkpt>
      <trkpt lat="42.671368" lon="-71.021335">
        <ele>48.228608</ele>
        <time>2026-06-21T13:37:35.999Z</time>
      </trkpt>
      <trkpt lat="42.671476" lon="-71.021401">
        <ele>48.321704</ele>
        <time>2026-06-21T13:37:37.999Z</time>
      </trkpt>
      <trkpt lat="42.670403" lon="-71.021148">
        <ele>49.702028</ele>
        <time>2026-06-21T13:37:39.999Z</time>
      </trkpt>
      <trkpt lat="42.670534" lon="-71.021123">
        <ele>49.925444</ele>
        <time>2026-06-21T13:37:41.999Z</time>
      </trkpt>
      <trkpt lat="42.670444" lon="-71.021010">
        <ele>50.132314</ele>
        <time>2026-06-21T13:37:43.999Z</time>
      </trkpt>
      <trkpt lat="42.670533" lon="-71.020880">
        <ele>50.352893</ele>
        <time>2026-06-21T13:37:45.999Z</time>
      </trkpt>
      <trkpt lat="42.670619" lon="-71.020637">
        <ele>50.687787</ele>
        <time>2026-06-21T13:37:47.999Z</time>
      </trkpt>
      <trkpt lat="42.670699" lon="-71.020580">
        <ele>50.840318</ele>
        <time>2026-06-21T13:37:49.999Z</time>
      </trkpt>
      <trkpt lat="42.670818" lon="-71.020509">
        <ele>51.059788</ele>
        <time>2026-06-21T13:37:53.999Z</time>
      </trkpt>
      <trkpt lat="42.670925" lon="-71.020459">
        <ele>51.250871</ele>
        <time>2026-06-21T13:37:57.999Z</time>
      </trkpt>
      <trkpt lat="42.671016" lon="-71.020405">
        <ele>51.418554</ele>
        <time>2026-06-21T13:38:00.999Z</time>
      </trkpt>
      <trkpt lat="42.671110" lon="-71.020358">
        <ele>51.587700</ele>
        <time>2026-06-21T13:38:03.999Z</time>
      </trkpt>
      <trkpt lat="42.671197" lon="-71.020320">
        <ele>51.742027</ele>
        <time>2026-06-21T13:38:07.999Z</time>
      </trkpt>
      <trkpt lat="42.671285" lon="-71.020355">
        <ele>51.576784</ele>
        <time>2026-06-21T13:38:15.999Z</time>
      </trkpt>
      <trkpt lat="42.671384" lon="-71.020393">
        <ele>51.346548</ele>
        <time>2026-06-21T13:38:21.999Z</time>
      </trkpt>
      <trkpt lat="42.671519" lon="-71.020383">
        <ele>51.043943</ele>
        <time>2026-06-21T13:38:30.999Z</time>
      </trkpt>
      <trkpt lat="42.671630" lon="-71.020402">
        <ele>50.793543</ele>
        <time>2026-06-21T13:38:37.999Z</time>
      </trkpt>
      <trkpt lat="42.671729" lon="-71.020428">
        <ele>50.567868</ele>
        <time>2026-06-21T13:38:42.999Z</time>
      </trkpt>
      <trkpt lat="42.671833" lon="-71.020471">
        <ele>50.324578</ele>
        <time>2026-06-21T13:38:49.999Z</time>
      </trkpt>
      <trkpt lat="42.671925" lon="-71.020513">
        <ele>50.107373</ele>
        <time>2026-06-21T13:38:55.999Z</time>
      </trkpt>
      <trkpt lat="42.672033" lon="-71.020552">
        <ele>49.857273</ele>
        <time>2026-06-21T13:38:59.999Z</time>
      </trkpt>
      <trkpt lat="42.672136" lon="-71.020578">
        <ele>49.622802</ele>
        <time>2026-06-21T13:39:02.999Z</time>
      </trkpt>
      <trkpt lat="42.672226" lon="-71.020601">
        <ele>49.417839</ele>
        <time>2026-06-21T13:39:04.999Z</time>
      </trkpt>
      <trkpt lat="42.672326" lon="-71.020637">
        <ele>49.186311</ele>
        <time>2026-06-21T13:39:06.999Z</time>
      </trkpt>
      <trkpt lat="42.672427" lon="-71.020700">
        <ele>48.937614</ele>
        <time>2026-06-21T13:39:08.999Z</time>
      </trkpt>
      <trkpt lat="42.672556" lon="-71.020780">
        <ele>48.620289</ele>
        <time>2026-06-21T13:39:10.999Z</time>
      </trkpt>
      <trkpt lat="42.672698" lon="-71.020850">
        <ele>48.282233</ele>
        <time>2026-06-21T13:39:12.999Z</time>
      </trkpt>
      <trkpt lat="42.672863" lon="-71.020918">
        <ele>47.896349</ele>
        <time>2026-06-21T13:39:14.999Z</time>
      </trkpt>
      <trkpt lat="42.673036" lon="-71.020966">
        <ele>47.611861</ele>
        <time>2026-06-21T13:39:16.999Z</time>
      </trkpt>
      <trkpt lat="42.673140" lon="-71.020972">
        <ele>47.489884</ele>
        <time>2026-06-21T13:39:17.999Z</time>
      </trkpt>
      <trkpt lat="42.673254" lon="-71.020969">
        <ele>47.356273</ele>
        <time>2026-06-21T13:39:18.999Z</time>
      </trkpt>
      <trkpt lat="42.673356" lon="-71.020967">
        <ele>47.236737</ele>
        <time>2026-06-21T13:39:19.999Z</time>
      </trkpt>
      <trkpt lat="42.673504" lon="-71.020934">
        <ele>47.060995</ele>
        <time>2026-06-21T13:39:21.999Z</time>
      </trkpt>
      <trkpt lat="42.673599" lon="-71.020906">
        <ele>46.947090</ele>
        <time>2026-06-21T13:39:22.999Z</time>
      </trkpt>
      <trkpt lat="42.673695" lon="-71.020880">
        <ele>46.832389</ele>
        <time>2026-06-21T13:39:23.999Z</time>
      </trkpt>
      <trkpt lat="42.673785" lon="-71.020861">
        <ele>46.725664</ele>
        <time>2026-06-21T13:39:24.999Z</time>
      </trkpt>
      <trkpt lat="42.673898" lon="-71.020809">
        <ele>46.585877</ele>
        <time>2026-06-21T13:39:26.999Z</time>
      </trkpt>
      <trkpt lat="42.674001" lon="-71.020727">
        <ele>46.446026</ele>
        <time>2026-06-21T13:39:28.999Z</time>
      </trkpt>
      <trkpt lat="42.674110" lon="-71.020649">
        <ele>46.301701</ele>
        <time>2026-06-21T13:39:30.999Z</time>
      </trkpt>
      <trkpt lat="42.674214" lon="-71.020532">
        <ele>46.143548</ele>
        <time>2026-06-21T13:39:32.999Z</time>
      </trkpt>
      <trkpt lat="42.674281" lon="-71.020389">
        <ele>45.997459</ele>
        <time>2026-06-21T13:39:34.999Z</time>
      </trkpt>
      <trkpt lat="42.674356" lon="-71.020282">
        <ele>45.870095</ele>
        <time>2026-06-21T13:39:36.999Z</time>
      </trkpt>
      <trkpt lat="42.674435" lon="-71.020207">
        <ele>45.757203</ele>
        <time>2026-06-21T13:39:38.999Z</time>
      </trkpt>
      <trkpt lat="42.674512" lon="-71.020139">
        <ele>45.649624</ele>
        <time>2026-06-21T13:39:40.999Z</time>
      </trkpt>
      <trkpt lat="42.674584" lon="-71.020055">
        <ele>45.497875</ele>
        <time>2026-06-21T13:39:44.999Z</time>
      </trkpt>
      <trkpt lat="42.674662" lon="-71.019967">
        <ele>45.323952</ele>
        <time>2026-06-21T13:39:47.999Z</time>
      </trkpt>
      <trkpt lat="42.674737" lon="-71.019880">
        <ele>45.154782</ele>
        <time>2026-06-21T13:39:50.999Z</time>
      </trkpt>
      <trkpt lat="42.674812" lon="-71.019795">
        <ele>44.987239</ele>
        <time>2026-06-21T13:39:53.999Z</time>
      </trkpt>
      <trkpt lat="42.674882" lon="-71.019714">
        <ele>44.829511</ele>
        <time>2026-06-21T13:39:55.999Z</time>
      </trkpt>
      <trkpt lat="42.674959" lon="-71.019625">
        <ele>44.656091</ele>
        <time>2026-06-21T13:39:57.999Z</time>
      </trkpt>
      <trkpt lat="42.675039" lon="-71.019533">
        <ele>44.476297</ele>
        <time>2026-06-21T13:39:59.999Z</time>
      </trkpt>
      <trkpt lat="42.675114" lon="-71.019447">
        <ele>44.307943</ele>
        <time>2026-06-21T13:40:01.999Z</time>
      </trkpt>
      <trkpt lat="42.675162" lon="-71.019291">
        <ele>44.094563</ele>
        <time>2026-06-21T13:40:03.999Z</time>
      </trkpt>
      <trkpt lat="42.675288" lon="-71.019155">
        <ele>43.818505</ele>
        <time>2026-06-21T13:40:05.999Z</time>
      </trkpt>
      <trkpt lat="42.675407" lon="-71.019029">
        <ele>43.559689</ele>
        <time>2026-06-21T13:40:07.999Z</time>
      </trkpt>
      <trkpt lat="42.675508" lon="-71.018911">
        <ele>43.331185</ele>
        <time>2026-06-21T13:40:09.999Z</time>
      </trkpt>
      <trkpt lat="42.675622" lon="-71.018788">
        <ele>43.081456</ele>
        <time>2026-06-21T13:40:11.999Z</time>
      </trkpt>
      <trkpt lat="42.675717" lon="-71.018686">
        <ele>42.873740</ele>
        <time>2026-06-21T13:40:13.999Z</time>
      </trkpt>
      <trkpt lat="42.675812" lon="-71.018597">
        <ele>42.675768</ele>
        <time>2026-06-21T13:40:15.999Z</time>
      </trkpt>
      <trkpt lat="42.675916" lon="-71.018515">
        <ele>42.566197</ele>
        <time>2026-06-21T13:40:17.999Z</time>
      </trkpt>
      <trkpt lat="42.676031" lon="-71.018439">
        <ele>42.652101</ele>
        <time>2026-06-21T13:40:19.999Z</time>
      </trkpt>
      <trkpt lat="42.676145" lon="-71.018368">
        <ele>42.736343</ele>
        <time>2026-06-21T13:40:21.999Z</time>
      </trkpt>
      <trkpt lat="42.676233" lon="-71.018330">
        <ele>42.798377</ele>
        <time>2026-06-21T13:40:23.999Z</time>
      </trkpt>
      <trkpt lat="42.676337" lon="-71.018279">
        <ele>42.872656</ele>
        <time>2026-06-21T13:40:25.999Z</time>
      </trkpt>
      <trkpt lat="42.676452" lon="-71.018208">
        <ele>42.957510</ele>
        <time>2026-06-21T13:40:27.999Z</time>
      </trkpt>
      <trkpt lat="42.676561" lon="-71.018133">
        <ele>43.039583</ele>
        <time>2026-06-21T13:40:29.999Z</time>
      </trkpt>
      <trkpt lat="42.676648" lon="-71.018036">
        <ele>43.115165</ele>
        <time>2026-06-21T13:40:31.999Z</time>
      </trkpt>
      <trkpt lat="42.676747" lon="-71.017935">
        <ele>43.198312</ele>
        <time>2026-06-21T13:40:33.999Z</time>
      </trkpt>
      <trkpt lat="42.676823" lon="-71.017834">
        <ele>43.269702</ele>
        <time>2026-06-21T13:40:35.999Z</time>
      </trkpt>
      <trkpt lat="42.676878" lon="-71.017708">
        <ele>43.342085</ele>
        <time>2026-06-21T13:40:37.999Z</time>
      </trkpt>
      <trkpt lat="42.676934" lon="-71.017571">
        <ele>43.419514</ele>
        <time>2026-06-21T13:40:39.999Z</time>
      </trkpt>
      <trkpt lat="42.676967" lon="-71.017408">
        <ele>43.503027</ele>
        <time>2026-06-21T13:40:41.999Z</time>
      </trkpt>
      <trkpt lat="42.676983" lon="-71.017242">
        <ele>43.585726</ele>
        <time>2026-06-21T13:40:43.999Z</time>
      </trkpt>
      <trkpt lat="42.676984" lon="-71.017072">
        <ele>43.669702</ele>
        <time>2026-06-21T13:40:45.999Z</time>
      </trkpt>
      <trkpt lat="42.676958" lon="-71.016915">
        <ele>43.752344</ele>
        <time>2026-06-21T13:40:47.999Z</time>
      </trkpt>
      <trkpt lat="42.676945" lon="-71.016763">
        <ele>43.964983</ele>
        <time>2026-06-21T13:40:49.999Z</time>
      </trkpt>
      <trkpt lat="42.676937" lon="-71.016608">
        <ele>44.180897</ele>
        <time>2026-06-21T13:40:51.999Z</time>
      </trkpt>
      <trkpt lat="42.676925" lon="-71.016464">
        <ele>44.382277</ele>
        <time>2026-06-21T13:40:53.999Z</time>
      </trkpt>
      <trkpt lat="42.676924" lon="-71.016324">
        <ele>44.576826</ele>
        <time>2026-06-21T13:40:55.999Z</time>
      </trkpt>
      <trkpt lat="42.676931" lon="-71.016174">
        <ele>44.785682</ele>
        <time>2026-06-21T13:40:57.999Z</time>
      </trkpt>
      <trkpt lat="42.676943" lon="-71.016018">
        <ele>45.003639</ele>
        <time>2026-06-21T13:40:59.999Z</time>
      </trkpt>
      <trkpt lat="42.676964" lon="-71.015877">
        <ele>45.203548</ele>
        <time>2026-06-21T13:41:01.999Z</time>
      </trkpt>
      <trkpt lat="42.676999" lon="-71.015740">
        <ele>45.405086</ele>
        <time>2026-06-21T13:41:03.999Z</time>
      </trkpt>
      <trkpt lat="42.677046" lon="-71.015606">
        <ele>45.611394</ele>
        <time>2026-06-21T13:41:05.999Z</time>
      </trkpt>
      <trkpt lat="42.677086" lon="-71.015481">
        <ele>45.800831</ele>
        <time>2026-06-21T13:41:07.999Z</time>
      </trkpt>
      <trkpt lat="42.677132" lon="-71.015361">
        <ele>45.988885</ele>
        <time>2026-06-21T13:41:09.999Z</time>
      </trkpt>
      <trkpt lat="42.677193" lon="-71.015236">
        <ele>46.197364</ele>
        <time>2026-06-21T13:41:11.999Z</time>
      </trkpt>
      <trkpt lat="42.677250" lon="-71.015132">
        <ele>46.377618</ele>
        <time>2026-06-21T13:41:13.999Z</time>
      </trkpt>
      <trkpt lat="42.677315" lon="-71.015021">
        <ele>46.574808</ele>
        <time>2026-06-21T13:41:15.999Z</time>
      </trkpt>
      <trkpt lat="42.677381" lon="-71.014914">
        <ele>46.768891</ele>
        <time>2026-06-21T13:41:17.999Z</time>
      </trkpt>
      <trkpt lat="42.677452" lon="-71.014798">
        <ele>46.978631</ele>
        <time>2026-06-21T13:41:19.999Z</time>
      </trkpt>
      <trkpt lat="42.677520" lon="-71.014679">
        <ele>47.107332</ele>
        <time>2026-06-21T13:41:21.999Z</time>
      </trkpt>
      <trkpt lat="42.677594" lon="-71.014578">
        <ele>46.915309</ele>
        <time>2026-06-21T13:41:23.999Z</time>
      </trkpt>
      <trkpt lat="42.677666" lon="-71.014460">
        <ele>46.708802</ele>
        <time>2026-06-21T13:41:25.999Z</time>
      </trkpt>
      <trkpt lat="42.677738" lon="-71.014344">
        <ele>46.504361</ele>
        <time>2026-06-21T13:41:27.999Z</time>
      </trkpt>
      <trkpt lat="42.677802" lon="-71.014236">
        <ele>46.317557</ele>
        <time>2026-06-21T13:41:29.999Z</time>
      </trkpt>
      <trkpt lat="42.677880" lon="-71.014118">
        <ele>46.103865</ele>
        <time>2026-06-21T13:41:31.999Z</time>
      </trkpt>
      <trkpt lat="42.677945" lon="-71.014016">
        <ele>45.922086</ele>
        <time>2026-06-21T13:41:33.999Z</time>
      </trkpt>
      <trkpt lat="42.678017" lon="-71.013925">
        <ele>45.742055</ele>
        <time>2026-06-21T13:41:35.999Z</time>
      </trkpt>
      <trkpt lat="42.678114" lon="-71.013808">
        <ele>45.504580</ele>
        <time>2026-06-21T13:41:38.999Z</time>
      </trkpt>
      <trkpt lat="42.678221" lon="-71.013761">
        <ele>45.298618</ele>
        <time>2026-06-21T13:41:40.999Z</time>
      </trkpt>
      <trkpt lat="42.678329" lon="-71.013774">
        <ele>45.100016</ele>
        <time>2026-06-21T13:41:42.999Z</time>
      </trkpt>
      <trkpt lat="42.678458" lon="-71.013829">
        <ele>44.852386</ele>
        <time>2026-06-21T13:41:44.999Z</time>
      </trkpt>
      <trkpt lat="42.678574" lon="-71.013886">
        <ele>44.626464</ele>
        <time>2026-06-21T13:41:46.999Z</time>
      </trkpt>
      <trkpt lat="42.678689" lon="-71.013952">
        <ele>44.397831</ele>
        <time>2026-06-21T13:41:48.999Z</time>
      </trkpt>
      <trkpt lat="42.678836" lon="-71.013974">
        <ele>44.126940</ele>
        <time>2026-06-21T13:41:50.999Z</time>
      </trkpt>
      <trkpt lat="42.678967" lon="-71.014018">
        <ele>43.879775</ele>
        <time>2026-06-21T13:41:52.999Z</time>
      </trkpt>
      <trkpt lat="42.679100" lon="-71.014033">
        <ele>43.693271</ele>
        <time>2026-06-21T13:41:54.999Z</time>
      </trkpt>
      <trkpt lat="42.679229" lon="-71.014039">
        <ele>43.519954</ele>
        <time>2026-06-21T13:41:56.999Z</time>
      </trkpt>
      <trkpt lat="42.679331" lon="-71.014092">
        <ele>43.373340</ele>
        <time>2026-06-21T13:41:58.999Z</time>
      </trkpt>
      <trkpt lat="42.679444" lon="-71.014106">
        <ele>43.220981</ele>
        <time>2026-06-21T13:42:01.000Z</time>
      </trkpt>
      <trkpt lat="42.679549" lon="-71.014123">
        <ele>43.078996</ele>
        <time>2026-06-21T13:42:03.000Z</time>
      </trkpt>
      <trkpt lat="42.679651" lon="-71.014142">
        <ele>42.940756</ele>
        <time>2026-06-21T13:42:05.000Z</time>
      </trkpt>
      <trkpt lat="42.679779" lon="-71.014156">
        <ele>42.768329</ele>
        <time>2026-06-21T13:42:09.000Z</time>
      </trkpt>
      <trkpt lat="42.679864" lon="-71.014202">
        <ele>42.645493</ele>
        <time>2026-06-21T13:42:11.000Z</time>
      </trkpt>
      <trkpt lat="42.679944" lon="-71.014268">
        <ele>42.519860</ele>
        <time>2026-06-21T13:42:13.000Z</time>
      </trkpt>
      <trkpt lat="42.680044" lon="-71.014351">
        <ele>42.362561</ele>
        <time>2026-06-21T13:42:16.000Z</time>
      </trkpt>
      <trkpt lat="42.680126" lon="-71.014419">
        <ele>42.233608</ele>
        <time>2026-06-21T13:42:19.000Z</time>
      </trkpt>
      <trkpt lat="42.680244" lon="-71.014515">
        <ele>42.048986</ele>
        <time>2026-06-21T13:42:22.000Z</time>
      </trkpt>
      <trkpt lat="42.680331" lon="-71.014587">
        <ele>41.912244</ele>
        <time>2026-06-21T13:42:24.000Z</time>
      </trkpt>
      <trkpt lat="42.680386" lon="-71.014732">
        <ele>41.751182</ele>
        <time>2026-06-21T13:42:26.000Z</time>
      </trkpt>
      <trkpt lat="42.680477" lon="-71.014814">
        <ele>41.604613</ele>
        <time>2026-06-21T13:42:28.000Z</time>
      </trkpt>
      <trkpt lat="42.680572" lon="-71.014886">
        <ele>41.458587</ele>
        <time>2026-06-21T13:42:30.000Z</time>
      </trkpt>
      <trkpt lat="42.680667" lon="-71.014979">
        <ele>41.451722</ele>
        <time>2026-06-21T13:42:32.000Z</time>
      </trkpt>
      <trkpt lat="42.680763" lon="-71.015059">
        <ele>41.467802</ele>
        <time>2026-06-21T13:42:34.000Z</time>
      </trkpt>
      <trkpt lat="42.680863" lon="-71.015130">
        <ele>41.483914</ele>
        <time>2026-06-21T13:42:36.000Z</time>
      </trkpt>
      <trkpt lat="42.680969" lon="-71.015191">
        <ele>41.500353</ele>
        <time>2026-06-21T13:42:38.000Z</time>
      </trkpt>
      <trkpt lat="42.681070" lon="-71.015278">
        <ele>41.517428</ele>
        <time>2026-06-21T13:42:40.000Z</time>
      </trkpt>
      <trkpt lat="42.681170" lon="-71.015376">
        <ele>41.535032</ele>
        <time>2026-06-21T13:42:42.000Z</time>
      </trkpt>
      <trkpt lat="42.681269" lon="-71.015469">
        <ele>41.552216</ele>
        <time>2026-06-21T13:42:44.000Z</time>
      </trkpt>
      <trkpt lat="42.681360" lon="-71.015547">
        <ele>41.567579</ele>
        <time>2026-06-21T13:42:46.000Z</time>
      </trkpt>
      <trkpt lat="42.681462" lon="-71.015609">
        <ele>41.583536</ele>
        <time>2026-06-21T13:42:48.000Z</time>
      </trkpt>
      <trkpt lat="42.681563" lon="-71.015684">
        <ele>41.599971</ele>
        <time>2026-06-21T13:42:50.000Z</time>
      </trkpt>
      <trkpt lat="42.681661" lon="-71.015764">
        <ele>41.616296</ele>
        <time>2026-06-21T13:42:52.000Z</time>
      </trkpt>
      <trkpt lat="42.681772" lon="-71.015839">
        <ele>41.633998</ele>
        <time>2026-06-21T13:42:54.000Z</time>
      </trkpt>
      <trkpt lat="42.681888" lon="-71.015911">
        <ele>41.652210</ele>
        <time>2026-06-21T13:42:56.000Z</time>
      </trkpt>
      <trkpt lat="42.682011" lon="-71.015951">
        <ele>41.670273</ele>
        <time>2026-06-21T13:42:58.000Z</time>
      </trkpt>
      <trkpt lat="42.682118" lon="-71.015976">
        <ele>41.685780</ele>
        <time>2026-06-21T13:43:00.000Z</time>
      </trkpt>
      <trkpt lat="42.682229" lon="-71.015985">
        <ele>41.769888</ele>
        <time>2026-06-21T13:43:02.000Z</time>
      </trkpt>
      <trkpt lat="42.682339" lon="-71.015973">
        <ele>41.929254</ele>
        <time>2026-06-21T13:43:04.000Z</time>
      </trkpt>
      <trkpt lat="42.682439" lon="-71.015953">
        <ele>42.075222</ele>
        <time>2026-06-21T13:43:06.000Z</time>
      </trkpt>
      <trkpt lat="42.682549" lon="-71.015933">
        <ele>42.235491</ele>
        <time>2026-06-21T13:43:08.999Z</time>
      </trkpt>
      <trkpt lat="42.682647" lon="-71.015917">
        <ele>42.378033</ele>
        <time>2026-06-21T13:43:11.999Z</time>
      </trkpt>
      <trkpt lat="42.682752" lon="-71.015913">
        <ele>42.529728</ele>
        <time>2026-06-21T13:43:14.999Z</time>
      </trkpt>
      <trkpt lat="42.682856" lon="-71.015912">
        <ele>42.679923</ele>
        <time>2026-06-21T13:43:17.999Z</time>
      </trkpt>
      <trkpt lat="42.682972" lon="-71.015907">
        <ele>42.847529</ele>
        <time>2026-06-21T13:43:20.999Z</time>
      </trkpt>
      <trkpt lat="42.683067" lon="-71.015902">
        <ele>42.984825</ele>
        <time>2026-06-21T13:43:22.999Z</time>
      </trkpt>
      <trkpt lat="42.683211" lon="-71.015858">
        <ele>43.197964</ele>
        <time>2026-06-21T13:43:24.999Z</time>
      </trkpt>
      <trkpt lat="42.683311" lon="-71.015837">
        <ele>43.344090</ele>
        <time>2026-06-21T13:43:25.999Z</time>
      </trkpt>
      <trkpt lat="42.683414" lon="-71.015811">
        <ele>43.495376</ele>
        <time>2026-06-21T13:43:26.999Z</time>
      </trkpt>
      <trkpt lat="42.683526" lon="-71.015788">
        <ele>43.658954</ele>
        <time>2026-06-21T13:43:27.999Z</time>
      </trkpt>
      <trkpt lat="42.683624" lon="-71.015767">
        <ele>43.802225</ele>
        <time>2026-06-21T13:43:28.999Z</time>
      </trkpt>
      <trkpt lat="42.683734" lon="-71.015758">
        <ele>43.961369</ele>
        <time>2026-06-21T13:43:29.999Z</time>
      </trkpt>
      <trkpt lat="42.683832" lon="-71.015749">
        <ele>44.103217</ele>
        <time>2026-06-21T13:43:30.999Z</time>
      </trkpt>
      <trkpt lat="42.683985" lon="-71.015720">
        <ele>44.293598</ele>
        <time>2026-06-21T13:43:32.999Z</time>
      </trkpt>
      <trkpt lat="42.684133" lon="-71.015706">
        <ele>44.305457</ele>
        <time>2026-06-21T13:43:34.999Z</time>
      </trkpt>
      <trkpt lat="42.684262" lon="-71.015708">
        <ele>44.315769</ele>
        <time>2026-06-21T13:43:36.999Z</time>
      </trkpt>
      <trkpt lat="42.684351" lon="-71.015686">
        <ele>44.322999</ele>
        <time>2026-06-21T13:43:38.999Z</time>
      </trkpt>
      <trkpt lat="42.684476" lon="-71.015679">
        <ele>44.332999</ele>
        <time>2026-06-21T13:43:41.999Z</time>
      </trkpt>
      <trkpt lat="42.684610" lon="-71.015657">
        <ele>44.343788</ele>
        <time>2026-06-21T13:43:44.999Z</time>
      </trkpt>
      <trkpt lat="42.684719" lon="-71.015620">
        <ele>44.352768</ele>
        <time>2026-06-21T13:43:48.999Z</time>
      </trkpt>
      <trkpt lat="42.684821" lon="-71.015621">
        <ele>44.360921</ele>
        <time>2026-06-21T13:43:52.000Z</time>
      </trkpt>
      <trkpt lat="42.684916" lon="-71.015612">
        <ele>44.368533</ele>
        <time>2026-06-21T13:43:53.999Z</time>
      </trkpt>
      <trkpt lat="42.685040" lon="-71.015599">
        <ele>44.378475</ele>
        <time>2026-06-21T13:43:55.999Z</time>
      </trkpt>
      <trkpt lat="42.685162" lon="-71.015623">
        <ele>44.388328</ele>
        <time>2026-06-21T13:43:57.999Z</time>
      </trkpt>
      <trkpt lat="42.685320" lon="-71.015640">
        <ele>44.400997</ele>
        <time>2026-06-21T13:43:59.999Z</time>
      </trkpt>
      <trkpt lat="42.685486" lon="-71.015667">
        <ele>44.414360</ele>
        <time>2026-06-21T13:44:01.999Z</time>
      </trkpt>
      <trkpt lat="42.685575" lon="-71.015686">
        <ele>44.421561</ele>
        <time>2026-06-21T13:44:02.999Z</time>
      </trkpt>
      <trkpt lat="42.685681" lon="-71.015705">
        <ele>44.430107</ele>
        <time>2026-06-21T13:44:03.999Z</time>
      </trkpt>
      <trkpt lat="42.685779" lon="-71.015727">
        <ele>44.396885</ele>
        <time>2026-06-21T13:44:04.999Z</time>
      </trkpt>
      <trkpt lat="42.685928" lon="-71.015754">
        <ele>44.218240</ele>
        <time>2026-06-21T13:44:06.999Z</time>
      </trkpt>
      <trkpt lat="42.686057" lon="-71.015800">
        <ele>44.059749</ele>
        <time>2026-06-21T13:44:08.999Z</time>
      </trkpt>
      <trkpt lat="42.686162" lon="-71.015864">
        <ele>43.923008</ele>
        <time>2026-06-21T13:44:10.999Z</time>
      </trkpt>
      <trkpt lat="42.686275" lon="-71.015891">
        <ele>43.786657</ele>
        <time>2026-06-21T13:44:12.999Z</time>
      </trkpt>
      <trkpt lat="42.686379" lon="-71.015929">
        <ele>43.658676</ele>
        <time>2026-06-21T13:44:14.999Z</time>
      </trkpt>
      <trkpt lat="42.686485" lon="-71.015969">
        <ele>43.527943</ele>
        <time>2026-06-21T13:44:16.999Z</time>
      </trkpt>
      <trkpt lat="42.686596" lon="-71.016009">
        <ele>43.391474</ele>
        <time>2026-06-21T13:44:18.999Z</time>
      </trkpt>
      <trkpt lat="42.686718" lon="-71.016043">
        <ele>43.243471</ele>
        <time>2026-06-21T13:44:20.999Z</time>
      </trkpt>
      <trkpt lat="42.686848" lon="-71.016095">
        <ele>43.082431</ele>
        <time>2026-06-21T13:44:22.999Z</time>
      </trkpt>
      <trkpt lat="42.686990" lon="-71.016163">
        <ele>42.903520</ele>
        <time>2026-06-21T13:44:24.999Z</time>
      </trkpt>
      <trkpt lat="42.687146" lon="-71.016227">
        <ele>42.709873</ele>
        <time>2026-06-21T13:44:26.999Z</time>
      </trkpt>
      <trkpt lat="42.687305" lon="-71.016290">
        <ele>42.513056</ele>
        <time>2026-06-21T13:44:28.999Z</time>
      </trkpt>
      <trkpt lat="42.687470" lon="-71.016336">
        <ele>42.312885</ele>
        <time>2026-06-21T13:44:30.999Z</time>
      </trkpt>
      <trkpt lat="42.687565" lon="-71.016348">
        <ele>42.380903</ele>
        <time>2026-06-21T13:44:31.999Z</time>
      </trkpt>
      <trkpt lat="42.687731" lon="-71.016369">
        <ele>42.548260</ele>
        <time>2026-06-21T13:44:33.999Z</time>
      </trkpt>
      <trkpt lat="42.687883" lon="-71.016378">
        <ele>42.700988</ele>
        <time>2026-06-21T13:44:35.999Z</time>
      </trkpt>
      <trkpt lat="42.688007" lon="-71.016373">
        <ele>42.825519</ele>
        <time>2026-06-21T13:44:37.999Z</time>
      </trkpt>
      <trkpt lat="42.688128" lon="-71.016396">
        <ele>42.948163</ele>
        <time>2026-06-21T13:44:39.999Z</time>
      </trkpt>
      <trkpt lat="42.688248" lon="-71.016394">
        <ele>43.068633</ele>
        <time>2026-06-21T13:44:41.999Z</time>
      </trkpt>
      <trkpt lat="42.688359" lon="-71.016381">
        <ele>43.180471</ele>
        <time>2026-06-21T13:44:43.999Z</time>
      </trkpt>
      <trkpt lat="42.688456" lon="-71.016371">
        <ele>43.278123</ele>
        <time>2026-06-21T13:44:45.999Z</time>
      </trkpt>
      <trkpt lat="42.688554" lon="-71.016369">
        <ele>43.376510</ele>
        <time>2026-06-21T13:44:47.999Z</time>
      </trkpt>
      <trkpt lat="42.688654" lon="-71.016368">
        <ele>43.476897</ele>
        <time>2026-06-21T13:44:49.999Z</time>
      </trkpt>
      <trkpt lat="42.688752" lon="-71.016367">
        <ele>43.575276</ele>
        <time>2026-06-21T13:44:52.999Z</time>
      </trkpt>
      <trkpt lat="42.688912" lon="-71.016372">
        <ele>43.735933</ele>
        <time>2026-06-21T13:44:55.999Z</time>
      </trkpt>
      <trkpt lat="42.689078" lon="-71.016379">
        <ele>43.902650</ele>
        <time>2026-06-21T13:44:58.999Z</time>
      </trkpt>
      <trkpt lat="42.689260" lon="-71.016393">
        <ele>44.085641</ele>
        <time>2026-06-21T13:45:00.999Z</time>
      </trkpt>
      <trkpt lat="42.689555" lon="-71.016375">
        <ele>43.725619</ele>
        <time>2026-06-21T13:45:03.999Z</time>
      </trkpt>
      <trkpt lat="42.689697" lon="-71.016362">
        <ele>43.531954</ele>
        <time>2026-06-21T13:45:05.999Z</time>
      </trkpt>
      <trkpt lat="42.689833" lon="-71.016336">
        <ele>43.345074</ele>
        <time>2026-06-21T13:45:07.999Z</time>
      </trkpt>
      <trkpt lat="42.689966" lon="-71.016291">
        <ele>43.158580</ele>
        <time>2026-06-21T13:45:09.999Z</time>
      </trkpt>
      <trkpt lat="42.690093" lon="-71.016229">
        <ele>42.974975</ele>
        <time>2026-06-21T13:45:11.999Z</time>
      </trkpt>
      <trkpt lat="42.690223" lon="-71.016168">
        <ele>42.787851</ele>
        <time>2026-06-21T13:45:13.999Z</time>
      </trkpt>
      <trkpt lat="42.690340" lon="-71.016094">
        <ele>42.612279</ele>
        <time>2026-06-21T13:45:15.999Z</time>
      </trkpt>
      <trkpt lat="42.690453" lon="-71.016055">
        <ele>42.453643</ele>
        <time>2026-06-21T13:45:17.999Z</time>
      </trkpt>
      <trkpt lat="42.690558" lon="-71.016014">
        <ele>42.304996</ele>
        <time>2026-06-21T13:45:19.999Z</time>
      </trkpt>
      <trkpt lat="42.690645" lon="-71.015950">
        <ele>42.170412</ele>
        <time>2026-06-21T13:45:21.999Z</time>
      </trkpt>
      <trkpt lat="42.690749" lon="-71.015913">
        <ele>42.024135</ele>
        <time>2026-06-21T13:45:23.999Z</time>
      </trkpt>
      <trkpt lat="42.690836" lon="-71.015871">
        <ele>41.898517</ele>
        <time>2026-06-21T13:45:25.999Z</time>
      </trkpt>
      <trkpt lat="42.690958" lon="-71.015819">
        <ele>41.724549</ele>
        <time>2026-06-21T13:45:28.999Z</time>
      </trkpt>
      <trkpt lat="42.691065" lon="-71.015775">
        <ele>41.507011</ele>
        <time>2026-06-21T13:45:30.999Z</time>
      </trkpt>
      <trkpt lat="42.691174" lon="-71.015735">
        <ele>41.232909</ele>
        <time>2026-06-21T13:45:32.999Z</time>
      </trkpt>
      <trkpt lat="42.691285" lon="-71.015700">
        <ele>40.956266</ele>
        <time>2026-06-21T13:45:34.999Z</time>
      </trkpt>
      <trkpt lat="42.691543" lon="-71.015607">
        <ele>40.308248</ele>
        <time>2026-06-21T13:45:37.999Z</time>
      </trkpt>
      <trkpt lat="42.691664" lon="-71.015551">
        <ele>39.997937</ele>
        <time>2026-06-21T13:45:39.999Z</time>
      </trkpt>
      <trkpt lat="42.691782" lon="-71.015511">
        <ele>39.702683</ele>
        <time>2026-06-21T13:45:41.999Z</time>
      </trkpt>
      <trkpt lat="42.691899" lon="-71.015468">
        <ele>39.408434</ele>
        <time>2026-06-21T13:45:43.999Z</time>
      </trkpt>
      <trkpt lat="42.692012" lon="-71.015423">
        <ele>39.122567</ele>
        <time>2026-06-21T13:45:45.999Z</time>
      </trkpt>
      <trkpt lat="42.692117" lon="-71.015382">
        <ele>38.857344</ele>
        <time>2026-06-21T13:45:47.999Z</time>
      </trkpt>
      <trkpt lat="42.692209" lon="-71.015352">
        <ele>38.627648</ele>
        <time>2026-06-21T13:45:49.999Z</time>
      </trkpt>
      <trkpt lat="42.692281" lon="-71.015275">
        <ele>38.405297</ele>
        <time>2026-06-21T13:45:51.999Z</time>
      </trkpt>
      <trkpt lat="42.692302" lon="-71.015141">
        <ele>38.160794</ele>
        <time>2026-06-21T13:45:53.999Z</time>
      </trkpt>
      <trkpt lat="42.692245" lon="-71.014976">
        <ele>37.835444</ele>
        <time>2026-06-21T13:45:55.999Z</time>
      </trkpt>
      <trkpt lat="42.692196" lon="-71.014855">
        <ele>37.588910</ele>
        <time>2026-06-21T13:45:57.999Z</time>
      </trkpt>
      <trkpt lat="42.692143" lon="-71.014722">
        <ele>37.318927</ele>
        <time>2026-06-21T13:46:00.999Z</time>
      </trkpt>
      <trkpt lat="42.692029" lon="-71.014671">
        <ele>37.383441</ele>
        <time>2026-06-21T13:46:04.999Z</time>
      </trkpt>
      <trkpt lat="42.692069" lon="-71.014552">
        <ele>37.467910</ele>
        <time>2026-06-21T13:46:31.999Z</time>
      </trkpt>
      <trkpt lat="42.692164" lon="-71.014497">
        <ele>37.558584</ele>
        <time>2026-06-21T13:46:36.999Z</time>
      </trkpt>
      <trkpt lat="42.692189" lon="-71.014625">
        <ele>37.644079</ele>
        <time>2026-06-21T13:46:39.999Z</time>
      </trkpt>
      <trkpt lat="42.692233" lon="-71.014778">
        <ele>37.750135</ele>
        <time>2026-06-21T13:46:43.999Z</time>
      </trkpt>
      <trkpt lat="42.692304" lon="-71.014909">
        <ele>37.855203</ele>
        <time>2026-06-21T13:46:46.999Z</time>
      </trkpt>
      <trkpt lat="42.692410" lon="-71.014984">
        <ele>37.960135</ele>
        <time>2026-06-21T13:46:49.999Z</time>
      </trkpt>
      <trkpt lat="42.692506" lon="-71.015011">
        <ele>38.046230</ele>
        <time>2026-06-21T13:46:51.999Z</time>
      </trkpt>
      <trkpt lat="42.692608" lon="-71.015046">
        <ele>38.138618</ele>
        <time>2026-06-21T13:46:53.999Z</time>
      </trkpt>
      <trkpt lat="42.692734" lon="-71.015066">
        <ele>38.250029</ele>
        <time>2026-06-21T13:46:56.999Z</time>
      </trkpt>
      <trkpt lat="42.692825" lon="-71.015035">
        <ele>38.332417</ele>
        <time>2026-06-21T13:46:58.999Z</time>
      </trkpt>
      <trkpt lat="42.692921" lon="-71.015021">
        <ele>38.417213</ele>
        <time>2026-06-21T13:47:00.999Z</time>
      </trkpt>
      <trkpt lat="42.693019" lon="-71.015009">
        <ele>38.503630</ele>
        <time>2026-06-21T13:47:02.999Z</time>
      </trkpt>
      <trkpt lat="42.693119" lon="-71.015025">
        <ele>38.592061</ele>
        <time>2026-06-21T13:47:04.999Z</time>
      </trkpt>
      <trkpt lat="42.693221" lon="-71.015037">
        <ele>38.681977</ele>
        <time>2026-06-21T13:47:08.999Z</time>
      </trkpt>
      <trkpt lat="42.693345" lon="-71.015045">
        <ele>38.791003</ele>
        <time>2026-06-21T13:47:10.999Z</time>
      </trkpt>
      <trkpt lat="42.693442" lon="-71.015063">
        <ele>38.876635</ele>
        <time>2026-06-21T13:47:12.999Z</time>
      </trkpt>
      <trkpt lat="42.693537" lon="-71.015070">
        <ele>38.956734</ele>
        <time>2026-06-21T13:47:14.999Z</time>
      </trkpt>
      <trkpt lat="42.693634" lon="-71.015069">
        <ele>39.038403</ele>
        <time>2026-06-21T13:47:16.999Z</time>
      </trkpt>
      <trkpt lat="42.693750" lon="-71.015081">
        <ele>39.136347</ele>
        <time>2026-06-21T13:47:18.999Z</time>
      </trkpt>
      <trkpt lat="42.693858" lon="-71.015081">
        <ele>39.227274</ele>
        <time>2026-06-21T13:47:20.999Z</time>
      </trkpt>
      <trkpt lat="42.693969" lon="-71.015093">
        <ele>39.321021</ele>
        <time>2026-06-21T13:47:22.999Z</time>
      </trkpt>
      <trkpt lat="42.694089" lon="-71.015115">
        <ele>39.422964</ele>
        <time>2026-06-21T13:47:24.999Z</time>
      </trkpt>
      <trkpt lat="42.694204" lon="-71.015156">
        <ele>39.523053</ele>
        <time>2026-06-21T13:47:26.999Z</time>
      </trkpt>
      <trkpt lat="42.694323" lon="-71.015177">
        <ele>39.624080</ele>
        <time>2026-06-21T13:47:28.999Z</time>
      </trkpt>
      <trkpt lat="42.694424" lon="-71.015196">
        <ele>39.709923</ele>
        <time>2026-06-21T13:47:30.999Z</time>
      </trkpt>
      <trkpt lat="42.694527" lon="-71.015227">
        <ele>39.798737</ele>
        <time>2026-06-21T13:47:32.999Z</time>
      </trkpt>
      <trkpt lat="42.694634" lon="-71.015273">
        <ele>39.893212</ele>
        <time>2026-06-21T13:47:34.999Z</time>
      </trkpt>
      <trkpt lat="42.694730" lon="-71.015294">
        <ele>39.975074</ele>
        <time>2026-06-21T13:47:36.999Z</time>
      </trkpt>
      <trkpt lat="42.694832" lon="-71.015324">
        <ele>40.062933</ele>
        <time>2026-06-21T13:47:38.999Z</time>
      </trkpt>
      <trkpt lat="42.694923" lon="-71.015362">
        <ele>40.143074</ele>
        <time>2026-06-21T13:47:40.999Z</time>
      </trkpt>
      <trkpt lat="42.695025" lon="-71.015419">
        <ele>40.235911</ele>
        <time>2026-06-21T13:47:42.999Z</time>
      </trkpt>
      <trkpt lat="42.695138" lon="-71.015516">
        <ele>40.348399</ele>
        <time>2026-06-21T13:47:45.999Z</time>
      </trkpt>
      <trkpt lat="42.695217" lon="-71.015589">
        <ele>40.324770</ele>
        <time>2026-06-21T13:47:47.999Z</time>
      </trkpt>
      <trkpt lat="42.695332" lon="-71.015728">
        <ele>40.160862</ele>
        <time>2026-06-21T13:47:49.999Z</time>
      </trkpt>
      <trkpt lat="42.695407" lon="-71.015822">
        <ele>40.052207</ele>
        <time>2026-06-21T13:47:51.999Z</time>
      </trkpt>
      <trkpt lat="42.695483" lon="-71.015931">
        <ele>39.934542</ele>
        <time>2026-06-21T13:47:54.000Z</time>
      </trkpt>
      <trkpt lat="42.695567" lon="-71.016033">
        <ele>39.814574</ele>
        <time>2026-06-21T13:47:56.000Z</time>
      </trkpt>
      <trkpt lat="42.695631" lon="-71.016158">
        <ele>39.695268</ele>
        <time>2026-06-21T13:47:58.000Z</time>
      </trkpt>
      <trkpt lat="42.695699" lon="-71.016283">
        <ele>39.573477</ele>
        <time>2026-06-21T13:48:00.000Z</time>
      </trkpt>
      <trkpt lat="42.695763" lon="-71.016415">
        <ele>39.449634</ele>
        <time>2026-06-21T13:48:02.000Z</time>
      </trkpt>
      <trkpt lat="42.695840" lon="-71.016547">
        <ele>39.317656</ele>
        <time>2026-06-21T13:48:04.000Z</time>
      </trkpt>
      <trkpt lat="42.695915" lon="-71.016681">
        <ele>39.185749</ele>
        <time>2026-06-21T13:48:06.000Z</time>
      </trkpt>
      <trkpt lat="42.695985" lon="-71.016818">
        <ele>39.055079</ele>
        <time>2026-06-21T13:48:08.000Z</time>
      </trkpt>
      <trkpt lat="42.696048" lon="-71.016948">
        <ele>38.933130</ele>
        <time>2026-06-21T13:48:10.000Z</time>
      </trkpt>
      <trkpt lat="42.696091" lon="-71.017076">
        <ele>38.822913</ele>
        <time>2026-06-21T13:48:12.000Z</time>
      </trkpt>
      <trkpt lat="42.696132" lon="-71.017211">
        <ele>38.708518</ele>
        <time>2026-06-21T13:48:14.000Z</time>
      </trkpt>
      <trkpt lat="42.696170" lon="-71.017349">
        <ele>38.593109</ele>
        <time>2026-06-21T13:48:16.000Z</time>
      </trkpt>
      <trkpt lat="42.696210" lon="-71.017488">
        <ele>38.476206</ele>
        <time>2026-06-21T13:48:18.000Z</time>
      </trkpt>
      <trkpt lat="42.696249" lon="-71.017618">
        <ele>38.490316</ele>
        <time>2026-06-21T13:48:20.000Z</time>
      </trkpt>
      <trkpt lat="42.696280" lon="-71.017748">
        <ele>38.515966</ele>
        <time>2026-06-21T13:48:22.000Z</time>
      </trkpt>
      <trkpt lat="42.696330" lon="-71.017867">
        <ele>38.541692</ele>
        <time>2026-06-21T13:48:24.000Z</time>
      </trkpt>
      <trkpt lat="42.696373" lon="-71.017993">
        <ele>38.567764</ele>
        <time>2026-06-21T13:48:26.000Z</time>
      </trkpt>
      <trkpt lat="42.696431" lon="-71.018099">
        <ele>38.592565</ele>
        <time>2026-06-21T13:48:28.000Z</time>
      </trkpt>
      <trkpt lat="42.696500" lon="-71.018213">
        <ele>38.620281</ele>
        <time>2026-06-21T13:48:30.000Z</time>
      </trkpt>
      <trkpt lat="42.696573" lon="-71.018327">
        <ele>38.648658</ele>
        <time>2026-06-21T13:48:32.000Z</time>
      </trkpt>
      <trkpt lat="42.696653" lon="-71.018435">
        <ele>38.677435</ele>
        <time>2026-06-21T13:48:34.000Z</time>
      </trkpt>
      <trkpt lat="42.696744" lon="-71.018550">
        <ele>38.709149</ele>
        <time>2026-06-21T13:48:36.000Z</time>
      </trkpt>
      <trkpt lat="42.696844" lon="-71.018641">
        <ele>38.739870</ele>
        <time>2026-06-21T13:48:38.000Z</time>
      </trkpt>
      <trkpt lat="42.696937" lon="-71.018740">
        <ele>38.770022</ele>
        <time>2026-06-21T13:48:40.000Z</time>
      </trkpt>
      <trkpt lat="42.697040" lon="-71.018815">
        <ele>38.799853</ele>
        <time>2026-06-21T13:48:42.000Z</time>
      </trkpt>
      <trkpt lat="42.697144" lon="-71.018871">
        <ele>38.828414</ele>
        <time>2026-06-21T13:48:44.000Z</time>
      </trkpt>
      <trkpt lat="42.697249" lon="-71.018920">
        <ele>38.856760</ele>
        <time>2026-06-21T13:48:46.000Z</time>
      </trkpt>
      <trkpt lat="42.697356" lon="-71.018953">
        <ele>38.884776</ele>
        <time>2026-06-21T13:48:48.000Z</time>
      </trkpt>
      <trkpt lat="42.697464" lon="-71.018960">
        <ele>38.912386</ele>
        <time>2026-06-21T13:48:49.999Z</time>
      </trkpt>
      <trkpt lat="42.697592" lon="-71.018966">
        <ele>39.194883</ele>
        <time>2026-06-21T13:48:51.999Z</time>
      </trkpt>
      <trkpt lat="42.697714" lon="-71.018963">
        <ele>39.625865</ele>
        <time>2026-06-21T13:48:53.999Z</time>
      </trkpt>
      <trkpt lat="42.697827" lon="-71.018957">
        <ele>40.025292</ele>
        <time>2026-06-21T13:48:55.999Z</time>
      </trkpt>
      <trkpt lat="42.697948" lon="-71.018974">
        <ele>40.454943</ele>
        <time>2026-06-21T13:48:57.999Z</time>
      </trkpt>
      <trkpt lat="42.698055" lon="-71.018988">
        <ele>40.834617</ele>
        <time>2026-06-21T13:48:59.999Z</time>
      </trkpt>
      <trkpt lat="42.698160" lon="-71.018985">
        <ele>41.205565</ele>
        <time>2026-06-21T13:49:01.999Z</time>
      </trkpt>
      <trkpt lat="42.698286" lon="-71.019014">
        <ele>41.656926</ele>
        <time>2026-06-21T13:49:04.999Z</time>
      </trkpt>
      <trkpt lat="42.698406" lon="-71.019042">
        <ele>42.086960</ele>
        <time>2026-06-21T13:49:07.999Z</time>
      </trkpt>
      <trkpt lat="42.698493" lon="-71.019083">
        <ele>42.412159</ele>
        <time>2026-06-21T13:49:09.999Z</time>
      </trkpt>
      <trkpt lat="42.698607" lon="-71.019167">
        <ele>42.870063</ele>
        <time>2026-06-21T13:49:13.999Z</time>
      </trkpt>
      <trkpt lat="42.698773" lon="-71.019273">
        <ele>43.517739</ele>
        <time>2026-06-21T13:49:15.999Z</time>
      </trkpt>
      <trkpt lat="42.698862" lon="-71.019335">
        <ele>43.870896</ele>
        <time>2026-06-21T13:49:17.999Z</time>
      </trkpt>
      <trkpt lat="42.698940" lon="-71.019421">
        <ele>44.225490</ele>
        <time>2026-06-21T13:49:19.999Z</time>
      </trkpt>
      <trkpt lat="42.699029" lon="-71.019494">
        <ele>44.592540</ele>
        <time>2026-06-21T13:49:21.999Z</time>
      </trkpt>
      <trkpt lat="42.699112" lon="-71.019572">
        <ele>44.948824</ele>
        <time>2026-06-21T13:49:23.999Z</time>
      </trkpt>
      <trkpt lat="42.699186" lon="-71.019662">
        <ele>45.290854</ele>
        <time>2026-06-21T13:49:25.999Z</time>
      </trkpt>
      <trkpt lat="42.699288" lon="-71.019775">
        <ele>45.565266</ele>
        <time>2026-06-21T13:49:28.999Z</time>
      </trkpt>
      <trkpt lat="42.699400" lon="-71.019887">
        <ele>45.855244</ele>
        <time>2026-06-21T13:49:31.999Z</time>
      </trkpt>
      <trkpt lat="42.699473" lon="-71.019974">
        <ele>46.057700</ele>
        <time>2026-06-21T13:49:33.999Z</time>
      </trkpt>
      <trkpt lat="42.699520" lon="-71.020081">
        <ele>46.248827</ele>
        <time>2026-06-21T13:49:37.999Z</time>
      </trkpt>
      <trkpt lat="42.699581" lon="-71.020183">
        <ele>46.450455</ele>
        <time>2026-06-21T13:49:40.999Z</time>
      </trkpt>
      <trkpt lat="42.699666" lon="-71.020302">
        <ele>46.704890</ele>
        <time>2026-06-21T13:49:43.999Z</time>
      </trkpt>
      <trkpt lat="42.699744" lon="-71.020428">
        <ele>46.957482</ele>
        <time>2026-06-21T13:49:46.999Z</time>
      </trkpt>
      <trkpt lat="42.699796" lon="-71.020558">
        <ele>47.184414</ele>
        <time>2026-06-21T13:49:49.999Z</time>
      </trkpt>
      <trkpt lat="42.699998" lon="-71.020885">
        <ele>47.839373</ele>
        <time>2026-06-21T13:49:52.999Z</time>
      </trkpt>
      <trkpt lat="42.700042" lon="-71.021027">
        <ele>48.075652</ele>
        <time>2026-06-21T13:49:54.999Z</time>
      </trkpt>
      <trkpt lat="42.700091" lon="-71.021163">
        <ele>48.307883</ele>
        <time>2026-06-21T13:49:56.999Z</time>
      </trkpt>
      <trkpt lat="42.700146" lon="-71.021306">
        <ele>48.555345</ele>
        <time>2026-06-21T13:49:58.999Z</time>
      </trkpt>
      <trkpt lat="42.700194" lon="-71.021438">
        <ele>48.781152</ele>
        <time>2026-06-21T13:50:01.000Z</time>
      </trkpt>
      <trkpt lat="42.700243" lon="-71.021573">
        <ele>49.012006</ele>
        <time>2026-06-21T13:50:03.000Z</time>
      </trkpt>
      <trkpt lat="42.700288" lon="-71.021711">
        <ele>48.587757</ele>
        <time>2026-06-21T13:50:05.000Z</time>
      </trkpt>
      <trkpt lat="42.700346" lon="-71.021846">
        <ele>48.087607</ele>
        <time>2026-06-21T13:50:07.000Z</time>
      </trkpt>
      <trkpt lat="42.700386" lon="-71.021983">
        <ele>47.616115</ele>
        <time>2026-06-21T13:50:09.000Z</time>
      </trkpt>
      <trkpt lat="42.700429" lon="-71.022102">
        <ele>47.191990</ele>
        <time>2026-06-21T13:50:11.000Z</time>
      </trkpt>
      <trkpt lat="42.700490" lon="-71.022237">
        <ele>46.685126</ele>
        <time>2026-06-21T13:50:13.000Z</time>
      </trkpt>
      <trkpt lat="42.700553" lon="-71.022355">
        <ele>46.218638</ele>
        <time>2026-06-21T13:50:17.000Z</time>
      </trkpt>
      <trkpt lat="42.700724" lon="-71.022615">
        <ele>45.102684</ele>
        <time>2026-06-21T13:50:20.000Z</time>
      </trkpt>
      <trkpt lat="42.700803" lon="-71.022726">
        <ele>44.608472</ele>
        <time>2026-06-21T13:50:22.000Z</time>
      </trkpt>
      <trkpt lat="42.700897" lon="-71.022835">
        <ele>44.070984</ele>
        <time>2026-06-21T13:50:24.000Z</time>
      </trkpt>
      <trkpt lat="42.700982" lon="-71.022946">
        <ele>43.558264</ele>
        <time>2026-06-21T13:50:26.000Z</time>
      </trkpt>
      <trkpt lat="42.701059" lon="-71.023062">
        <ele>43.058320</ele>
        <time>2026-06-21T13:50:28.000Z</time>
      </trkpt>
      <trkpt lat="42.701138" lon="-71.023169">
        <ele>42.573218</ele>
        <time>2026-06-21T13:50:30.000Z</time>
      </trkpt>
      <trkpt lat="42.701217" lon="-71.023280">
        <ele>42.079009</ele>
        <time>2026-06-21T13:50:32.000Z</time>
      </trkpt>
      <trkpt lat="42.701304" lon="-71.023399">
        <ele>41.542150</ele>
        <time>2026-06-21T13:50:34.000Z</time>
      </trkpt>
      <trkpt lat="42.701405" lon="-71.023537">
        <ele>41.504745</ele>
        <time>2026-06-21T13:50:36.000Z</time>
      </trkpt>
      <trkpt lat="42.701501" lon="-71.023684">
        <ele>42.172686</ele>
        <time>2026-06-21T13:50:38.000Z</time>
      </trkpt>
      <trkpt lat="42.701591" lon="-71.023738">
        <ele>42.627284</ele>
        <time>2026-06-21T13:50:39.000Z</time>
      </trkpt>
      <trkpt lat="42.701710" lon="-71.023839">
        <ele>43.275487</ele>
        <time>2026-06-21T13:50:41.000Z</time>
      </trkpt>
      <trkpt lat="42.701786" lon="-71.023912">
        <ele>43.705434</ele>
        <time>2026-06-21T13:50:43.000Z</time>
      </trkpt>
      <trkpt lat="42.701898" lon="-71.023994">
        <ele>44.293239</ele>
        <time>2026-06-21T13:50:46.000Z</time>
      </trkpt>
      <trkpt lat="42.701999" lon="-71.024043">
        <ele>44.788816</ele>
        <time>2026-06-21T13:50:49.000Z</time>
      </trkpt>
      <trkpt lat="42.702084" lon="-71.024096">
        <ele>45.220943</ele>
        <time>2026-06-21T13:50:52.000Z</time>
      </trkpt>
      <trkpt lat="42.702190" lon="-71.024160">
        <ele>45.756908</ele>
        <time>2026-06-21T13:50:55.000Z</time>
      </trkpt>
      <trkpt lat="42.702297" lon="-71.024211">
        <ele>46.280894</ele>
        <time>2026-06-21T13:50:58.000Z</time>
      </trkpt>
      <trkpt lat="42.702386" lon="-71.024252">
        <ele>46.715161</ele>
        <time>2026-06-21T13:51:01.000Z</time>
      </trkpt>
      <trkpt lat="42.702707" lon="-71.024429">
        <ele>48.315915</ele>
        <time>2026-06-21T13:51:04.000Z</time>
      </trkpt>
      <trkpt lat="42.702799" lon="-71.024489">
        <ele>48.787428</ele>
        <time>2026-06-21T13:51:06.000Z</time>
      </trkpt>
      <trkpt lat="42.702905" lon="-71.024582">
        <ele>49.370333</ele>
        <time>2026-06-21T13:51:09.000Z</time>
      </trkpt>
      <trkpt lat="42.703003" lon="-71.024687">
        <ele>49.517619</ele>
        <time>2026-06-21T13:51:12.000Z</time>
      </trkpt>
      <trkpt lat="42.703088" lon="-71.024791">
        <ele>49.519534</ele>
        <time>2026-06-21T13:51:15.000Z</time>
      </trkpt>
      <trkpt lat="42.703156" lon="-71.024946">
        <ele>49.521756</ele>
        <time>2026-06-21T13:51:18.000Z</time>
      </trkpt>
      <trkpt lat="42.703195" lon="-71.025072">
        <ele>49.523438</ele>
        <time>2026-06-21T13:51:20.000Z</time>
      </trkpt>
      <trkpt lat="42.703249" lon="-71.025223">
        <ele>49.525505</ele>
        <time>2026-06-21T13:51:22.000Z</time>
      </trkpt>
      <trkpt lat="42.703326" lon="-71.025360">
        <ele>49.527628</ele>
        <time>2026-06-21T13:51:26.000Z</time>
      </trkpt>
      <trkpt lat="42.703399" lon="-71.025451">
        <ele>49.529287</ele>
        <time>2026-06-21T13:51:30.000Z</time>
      </trkpt>
      <trkpt lat="42.703567" lon="-71.025541">
        <ele>49.532311</ele>
        <time>2026-06-21T13:51:33.000Z</time>
      </trkpt>
      <trkpt lat="42.703669" lon="-71.025605">
        <ele>49.534192</ele>
        <time>2026-06-21T13:51:36.000Z</time>
      </trkpt>
      <trkpt lat="42.703774" lon="-71.025685">
        <ele>49.536208</ele>
        <time>2026-06-21T13:51:39.000Z</time>
      </trkpt>
      <trkpt lat="42.703839" lon="-71.025772">
        <ele>49.537735</ele>
        <time>2026-06-21T13:51:42.000Z</time>
      </trkpt>
      <trkpt lat="42.704108" lon="-71.025981">
        <ele>49.542923</ele>
        <time>2026-06-21T13:51:43.000Z</time>
      </trkpt>
      <trkpt lat="42.704188" lon="-71.026073">
        <ele>49.544677</ele>
        <time>2026-06-21T13:51:45.000Z</time>
      </trkpt>
      <trkpt lat="42.704270" lon="-71.026190">
        <ele>49.617530</ele>
        <time>2026-06-21T13:51:47.000Z</time>
      </trkpt>
      <trkpt lat="42.704347" lon="-71.026327">
        <ele>49.930991</ele>
        <time>2026-06-21T13:51:49.000Z</time>
      </trkpt>
      <trkpt lat="42.704429" lon="-71.026431">
        <ele>50.208212</ele>
        <time>2026-06-21T13:51:51.000Z</time>
      </trkpt>
      <trkpt lat="42.704522" lon="-71.026519">
        <ele>50.488352</ele>
        <time>2026-06-21T13:51:53.000Z</time>
      </trkpt>
      <trkpt lat="42.704613" lon="-71.026621">
        <ele>50.779923</ele>
        <time>2026-06-21T13:51:55.000Z</time>
      </trkpt>
      <trkpt lat="42.704697" lon="-71.026673">
        <ele>51.008152</ele>
        <time>2026-06-21T13:51:57.000Z</time>
      </trkpt>
      <trkpt lat="42.704798" lon="-71.026717">
        <ele>51.270426</ele>
        <time>2026-06-21T13:52:00.000Z</time>
      </trkpt>
      <trkpt lat="42.704887" lon="-71.026748">
        <ele>51.497630</ele>
        <time>2026-06-21T13:52:03.000Z</time>
      </trkpt>
      <trkpt lat="42.704992" lon="-71.026783">
        <ele>51.764986</ele>
        <time>2026-06-21T13:52:07.000Z</time>
      </trkpt>
      <trkpt lat="42.705094" lon="-71.026819">
        <ele>52.025592</ele>
        <time>2026-06-21T13:52:09.000Z</time>
      </trkpt>
      <trkpt lat="42.705192" lon="-71.026853">
        <ele>52.275711</ele>
        <time>2026-06-21T13:52:11.000Z</time>
      </trkpt>
      <trkpt lat="42.705301" lon="-71.026796">
        <ele>52.564501</ele>
        <time>2026-06-21T13:52:14.000Z</time>
      </trkpt>
      <trkpt lat="42.705429" lon="-71.026835">
        <ele>52.888900</ele>
        <time>2026-06-21T13:52:16.000Z</time>
      </trkpt>
      <trkpt lat="42.705532" lon="-71.026877">
        <ele>53.154822</ele>
        <time>2026-06-21T13:52:18.000Z</time>
      </trkpt>
      <trkpt lat="42.705626" lon="-71.026924">
        <ele>53.402492</ele>
        <time>2026-06-21T13:52:20.000Z</time>
      </trkpt>
      <trkpt lat="42.705725" lon="-71.026957">
        <ele>53.654570</ele>
        <time>2026-06-21T13:52:22.000Z</time>
      </trkpt>
      <trkpt lat="42.705826" lon="-71.026999">
        <ele>53.915758</ele>
        <time>2026-06-21T13:52:24.000Z</time>
      </trkpt>
      <trkpt lat="42.705916" lon="-71.027069">
        <ele>54.033951</ele>
        <time>2026-06-21T13:52:26.000Z</time>
      </trkpt>
      <trkpt lat="42.706036" lon="-71.027196">
        <ele>54.117512</ele>
        <time>2026-06-21T13:52:30.000Z</time>
      </trkpt>
      <trkpt lat="42.706150" lon="-71.027310">
        <ele>54.195274</ele>
        <time>2026-06-21T13:52:32.000Z</time>
      </trkpt>
      <trkpt lat="42.706239" lon="-71.027400">
        <ele>54.256224</ele>
        <time>2026-06-21T13:52:34.000Z</time>
      </trkpt>
      <trkpt lat="42.706314" lon="-71.027529">
        <ele>54.322667</ele>
        <time>2026-06-21T13:52:36.000Z</time>
      </trkpt>
      <trkpt lat="42.706407" lon="-71.027639">
        <ele>54.390397</ele>
        <time>2026-06-21T13:52:38.000Z</time>
      </trkpt>
      <trkpt lat="42.706473" lon="-71.027723">
        <ele>54.440070</ele>
        <time>2026-06-21T13:52:40.000Z</time>
      </trkpt>
      <trkpt lat="42.706547" lon="-71.027810">
        <ele>54.493823</ele>
        <time>2026-06-21T13:52:42.000Z</time>
      </trkpt>
      <trkpt lat="42.706636" lon="-71.027926">
        <ele>54.561563</ele>
        <time>2026-06-21T13:52:45.000Z</time>
      </trkpt>
      <trkpt lat="42.706703" lon="-71.028021">
        <ele>54.614749</ele>
        <time>2026-06-21T13:52:47.000Z</time>
      </trkpt>
      <trkpt lat="42.706790" lon="-71.028147">
        <ele>54.684586</ele>
        <time>2026-06-21T13:52:50.000Z</time>
      </trkpt>
      <trkpt lat="42.706867" lon="-71.028252">
        <ele>54.744504</ele>
        <time>2026-06-21T13:52:53.000Z</time>
      </trkpt>
      <trkpt lat="42.706932" lon="-71.028377">
        <ele>54.806357</ele>
        <time>2026-06-21T13:52:57.000Z</time>
      </trkpt>
      <trkpt lat="42.706990" lon="-71.028491">
        <ele>54.862364</ele>
        <time>2026-06-21T13:53:01.000Z</time>
      </trkpt>
      <trkpt lat="42.707053" lon="-71.028592">
        <ele>54.915876</ele>
        <time>2026-06-21T13:53:05.000Z</time>
      </trkpt>
      <trkpt lat="42.707141" lon="-71.028688">
        <ele>54.977871</ele>
        <time>2026-06-21T13:53:09.000Z</time>
      </trkpt>
      <trkpt lat="42.707226" lon="-71.028748">
        <ele>54.781690</ele>
        <time>2026-06-21T13:53:12.000Z</time>
      </trkpt>
      <trkpt lat="42.707310" lon="-71.028866">
        <ele>54.499489</ele>
        <time>2026-06-21T13:53:15.000Z</time>
      </trkpt>
      <trkpt lat="42.707381" lon="-71.028960">
        <ele>54.267940</ele>
        <time>2026-06-21T13:53:18.000Z</time>
      </trkpt>
      <trkpt lat="42.707676" lon="-71.029139">
        <ele>53.512922</ele>
        <time>2026-06-21T13:53:20.000Z</time>
      </trkpt>
      <trkpt lat="42.707781" lon="-71.029195">
        <ele>53.249304</ele>
        <time>2026-06-21T13:53:22.000Z</time>
      </trkpt>
      <trkpt lat="42.707917" lon="-71.029249">
        <ele>52.918142</ele>
        <time>2026-06-21T13:53:24.000Z</time>
      </trkpt>
      <trkpt lat="42.708053" lon="-71.029273">
        <ele>52.597573</ele>
        <time>2026-06-21T13:53:26.000Z</time>
      </trkpt>
      <trkpt lat="42.708207" lon="-71.029279">
        <ele>52.237443</ele>
        <time>2026-06-21T13:53:28.000Z</time>
      </trkpt>
      <trkpt lat="42.708361" lon="-71.029285">
        <ele>51.877313</ele>
        <time>2026-06-21T13:53:30.000Z</time>
      </trkpt>
      <trkpt lat="42.708517" lon="-71.029296">
        <ele>51.512167</ele>
        <time>2026-06-21T13:53:32.000Z</time>
      </trkpt>
      <trkpt lat="42.708678" lon="-71.029343">
        <ele>51.127260</ele>
        <time>2026-06-21T13:53:34.000Z</time>
      </trkpt>
      <trkpt lat="42.708782" lon="-71.029411">
        <ele>50.857552</ele>
        <time>2026-06-21T13:53:36.000Z</time>
      </trkpt>
      <trkpt lat="42.708937" lon="-71.029509">
        <ele>50.420180</ele>
        <time>2026-06-21T13:53:38.000Z</time>
      </trkpt>
      <trkpt lat="42.709082" lon="-71.029617">
        <ele>49.988177</ele>
        <time>2026-06-21T13:53:40.000Z</time>
      </trkpt>
      <trkpt lat="42.709209" lon="-71.029762">
        <ele>49.554923</ele>
        <time>2026-06-21T13:53:42.000Z</time>
      </trkpt>
      <trkpt lat="42.709327" lon="-71.029899">
        <ele>49.149550</ele>
        <time>2026-06-21T13:53:44.000Z</time>
      </trkpt>
      <trkpt lat="42.709434" lon="-71.030021">
        <ele>48.784729</ele>
        <time>2026-06-21T13:53:46.000Z</time>
      </trkpt>
      <trkpt lat="42.709538" lon="-71.030127">
        <ele>48.445147</ele>
        <time>2026-06-21T13:53:48.000Z</time>
      </trkpt>
      <trkpt lat="42.709649" lon="-71.030219">
        <ele>48.105481</ele>
        <time>2026-06-21T13:53:50.000Z</time>
      </trkpt>
      <trkpt lat="42.709752" lon="-71.030309">
        <ele>47.785580</ele>
        <time>2026-06-21T13:53:52.000Z</time>
      </trkpt>
      <trkpt lat="42.709854" lon="-71.030391">
        <ele>47.475965</ele>
        <time>2026-06-21T13:53:54.000Z</time>
      </trkpt>
      <trkpt lat="42.709961" lon="-71.030484">
        <ele>47.144154</ele>
        <time>2026-06-21T13:53:56.000Z</time>
      </trkpt>
      <trkpt lat="42.710079" lon="-71.030570">
        <ele>46.794321</ele>
        <time>2026-06-21T13:53:58.000Z</time>
      </trkpt>
      <trkpt lat="42.710194" lon="-71.030669">
        <ele>46.438684</ele>
        <time>2026-06-21T13:54:00.000Z</time>
      </trkpt>
      <trkpt lat="42.710302" lon="-71.030750">
        <ele>46.116401</ele>
        <time>2026-06-21T13:54:02.000Z</time>
      </trkpt>
      <trkpt lat="42.710389" lon="-71.030881">
        <ele>45.572344</ele>
        <time>2026-06-21T13:54:04.000Z</time>
      </trkpt>
      <trkpt lat="42.710498" lon="-71.030987">
        <ele>44.983523</ele>
        <time>2026-06-21T13:54:06.000Z</time>
      </trkpt>
      <trkpt lat="42.710605" lon="-71.031097">
        <ele>44.394136</ele>
        <time>2026-06-21T13:54:08.000Z</time>
      </trkpt>
      <trkpt lat="42.710717" lon="-71.031212">
        <ele>43.777481</ele>
        <time>2026-06-21T13:54:10.000Z</time>
      </trkpt>
      <trkpt lat="42.710836" lon="-71.031336">
        <ele>43.118744</ele>
        <time>2026-06-21T13:54:12.000Z</time>
      </trkpt>
      <trkpt lat="42.710948" lon="-71.031472">
        <ele>42.459018</ele>
        <time>2026-06-21T13:54:14.000Z</time>
      </trkpt>
      <trkpt lat="42.711068" lon="-71.031599">
        <ele>41.790883</ele>
        <time>2026-06-21T13:54:16.000Z</time>
      </trkpt>
      <trkpt lat="42.711183" lon="-71.031730">
        <ele>41.131740</ele>
        <time>2026-06-21T13:54:18.000Z</time>
      </trkpt>
      <trkpt lat="42.711297" lon="-71.031854">
        <ele>40.490315</ele>
        <time>2026-06-21T13:54:20.000Z</time>
      </trkpt>
      <trkpt lat="42.711415" lon="-71.031968">
        <ele>39.854287</ele>
        <time>2026-06-21T13:54:22.000Z</time>
      </trkpt>
      <trkpt lat="42.711521" lon="-71.032053">
        <ele>39.313535</ele>
        <time>2026-06-21T13:54:24.000Z</time>
      </trkpt>
      <trkpt lat="42.711601" lon="-71.032111">
        <ele>38.915137</ele>
        <time>2026-06-21T13:54:26.000Z</time>
      </trkpt>
      <trkpt lat="42.711711" lon="-71.032138">
        <ele>38.423862</ele>
        <time>2026-06-21T13:54:30.000Z</time>
      </trkpt>
      <trkpt lat="42.711808" lon="-71.032183">
        <ele>38.218499</ele>
        <time>2026-06-21T13:54:34.000Z</time>
      </trkpt>
      <trkpt lat="42.711922" lon="-71.032294">
        <ele>38.360869</ele>
        <time>2026-06-21T13:54:37.000Z</time>
      </trkpt>
      <trkpt lat="42.712004" lon="-71.032395">
        <ele>38.473199</ele>
        <time>2026-06-21T13:54:39.000Z</time>
      </trkpt>
      <trkpt lat="42.712100" lon="-71.032485">
        <ele>38.591599</ele>
        <time>2026-06-21T13:54:41.000Z</time>
      </trkpt>
      <trkpt lat="42.712196" lon="-71.032583">
        <ele>38.713486</ele>
        <time>2026-06-21T13:54:43.000Z</time>
      </trkpt>
      <trkpt lat="42.712293" lon="-71.032672">
        <ele>38.832305</ele>
        <time>2026-06-21T13:54:45.000Z</time>
      </trkpt>
      <trkpt lat="42.712391" lon="-71.032755">
        <ele>38.949542</ele>
        <time>2026-06-21T13:54:47.000Z</time>
      </trkpt>
      <trkpt lat="42.712480" lon="-71.032835">
        <ele>39.057874</ele>
        <time>2026-06-21T13:54:49.000Z</time>
      </trkpt>
      <trkpt lat="42.712586" lon="-71.032907">
        <ele>39.178200</ele>
        <time>2026-06-21T13:54:52.000Z</time>
      </trkpt>
      <trkpt lat="42.712679" lon="-71.032964">
        <ele>39.281795</ele>
        <time>2026-06-21T13:54:55.000Z</time>
      </trkpt>
      <trkpt lat="42.712794" lon="-71.033014">
        <ele>39.404414</ele>
        <time>2026-06-21T13:54:58.000Z</time>
      </trkpt>
      <trkpt lat="42.712925" lon="-71.033092">
        <ele>39.549644</ele>
        <time>2026-06-21T13:55:01.000Z</time>
      </trkpt>
      <trkpt lat="42.713018" lon="-71.033130">
        <ele>39.648268</ele>
        <time>2026-06-21T13:55:03.000Z</time>
      </trkpt>
      <trkpt lat="42.713123" lon="-71.033158">
        <ele>39.756942</ele>
        <time>2026-06-21T13:55:05.000Z</time>
      </trkpt>
      <trkpt lat="42.713223" lon="-71.033201">
        <ele>39.863459</ele>
        <time>2026-06-21T13:55:09.000Z</time>
      </trkpt>
      <trkpt lat="42.713527" lon="-71.033373">
        <ele>39.753550</ele>
        <time>2026-06-21T13:55:13.000Z</time>
      </trkpt>
      <trkpt lat="42.713627" lon="-71.033449">
        <ele>39.609498</ele>
        <time>2026-06-21T13:55:15.000Z</time>
      </trkpt>
      <trkpt lat="42.713718" lon="-71.033559">
        <ele>39.456422</ele>
        <time>2026-06-21T13:55:17.000Z</time>
      </trkpt>
      <trkpt lat="42.713827" lon="-71.033660">
        <ele>39.290575</ele>
        <time>2026-06-21T13:55:19.000Z</time>
      </trkpt>
      <trkpt lat="42.713932" lon="-71.033753">
        <ele>39.133013</ele>
        <time>2026-06-21T13:55:21.000Z</time>
      </trkpt>
      <trkpt lat="42.714033" lon="-71.033842">
        <ele>38.981683</ele>
        <time>2026-06-21T13:55:23.000Z</time>
      </trkpt>
      <trkpt lat="42.714139" lon="-71.033905">
        <ele>38.836208</ele>
        <time>2026-06-21T13:55:25.000Z</time>
      </trkpt>
      <trkpt lat="42.714248" lon="-71.033959">
        <ele>38.690317</ele>
        <time>2026-06-21T13:55:27.000Z</time>
      </trkpt>
      <trkpt lat="42.714373" lon="-71.033995">
        <ele>38.529622</ele>
        <time>2026-06-21T13:55:29.000Z</time>
      </trkpt>
      <trkpt lat="42.714498" lon="-71.034042">
        <ele>38.366519</ele>
        <time>2026-06-21T13:55:31.000Z</time>
      </trkpt>
      <trkpt lat="42.714636" lon="-71.034034">
        <ele>38.192797</ele>
        <time>2026-06-21T13:55:33.000Z</time>
      </trkpt>
      <trkpt lat="42.714756" lon="-71.034007">
        <ele>38.039823</ele>
        <time>2026-06-21T13:55:35.000Z</time>
      </trkpt>
      <trkpt lat="42.714872" lon="-71.033960">
        <ele>37.887600</ele>
        <time>2026-06-21T13:55:37.000Z</time>
      </trkpt>
      <trkpt lat="42.714990" lon="-71.033942">
        <ele>37.738261</ele>
        <time>2026-06-21T13:55:39.000Z</time>
      </trkpt>
      <trkpt lat="42.715102" lon="-71.033905">
        <ele>37.765195</ele>
        <time>2026-06-21T13:55:41.000Z</time>
      </trkpt>
      <trkpt lat="42.715210" lon="-71.033867">
        <ele>37.792527</ele>
        <time>2026-06-21T13:55:43.000Z</time>
      </trkpt>
      <trkpt lat="42.715299" lon="-71.033834">
        <ele>37.815127</ele>
        <time>2026-06-21T13:55:45.000Z</time>
      </trkpt>
      <trkpt lat="42.715423" lon="-71.033782">
        <ele>37.846918</ele>
        <time>2026-06-21T13:55:48.000Z</time>
      </trkpt>
      <trkpt lat="42.715526" lon="-71.033733">
        <ele>37.873652</ele>
        <time>2026-06-21T13:55:50.000Z</time>
      </trkpt>
      <trkpt lat="42.715624" lon="-71.033680">
        <ele>37.899489</ele>
        <time>2026-06-21T13:55:52.000Z</time>
      </trkpt>
      <trkpt lat="42.715689" lon="-71.033527">
        <ele>37.931305</ele>
        <time>2026-06-21T13:55:54.000Z</time>
      </trkpt>
      <trkpt lat="42.715797" lon="-71.033449">
        <ele>37.961260</ele>
        <time>2026-06-21T13:55:56.000Z</time>
      </trkpt>
      <trkpt lat="42.715871" lon="-71.033342">
        <ele>37.987713</ele>
        <time>2026-06-21T13:55:58.000Z</time>
      </trkpt>
      <trkpt lat="42.715981" lon="-71.033269">
        <ele>38.017698</ele>
        <time>2026-06-21T13:56:00.000Z</time>
      </trkpt>
      <trkpt lat="42.716082" lon="-71.033227">
        <ele>38.043573</ele>
        <time>2026-06-21T13:56:02.000Z</time>
      </trkpt>
      <trkpt lat="42.716193" lon="-71.033167">
        <ele>38.072836</ele>
        <time>2026-06-21T13:56:04.000Z</time>
      </trkpt>
      <trkpt lat="42.716279" lon="-71.033124">
        <ele>38.095284</ele>
        <time>2026-06-21T13:56:06.000Z</time>
      </trkpt>
      <trkpt lat="42.716380" lon="-71.033083">
        <ele>38.121107</ele>
        <time>2026-06-21T13:56:08.000Z</time>
      </trkpt>
      <trkpt lat="42.716481" lon="-71.033012">
        <ele>38.148959</ele>
        <time>2026-06-21T13:56:10.000Z</time>
      </trkpt>
      <trkpt lat="42.716586" lon="-71.032961">
        <ele>38.176274</ele>
        <time>2026-06-21T13:56:12.000Z</time>
      </trkpt>
      <trkpt lat="42.716703" lon="-71.032924">
        <ele>38.032036</ele>
        <time>2026-06-21T13:56:14.000Z</time>
      </trkpt>
      <trkpt lat="42.716828" lon="-71.032890">
        <ele>37.868477</ele>
        <time>2026-06-21T13:56:16.000Z</time>
      </trkpt>
      <trkpt lat="42.716926" lon="-71.032853">
        <ele>37.737986</ele>
        <time>2026-06-21T13:56:18.000Z</time>
      </trkpt>
      <trkpt lat="42.717023" lon="-71.032818">
        <ele>37.609226</ele>
        <time>2026-06-21T13:56:20.000Z</time>
      </trkpt>
      <trkpt lat="42.717148" lon="-71.032767">
        <ele>37.441787</ele>
        <time>2026-06-21T13:56:23.000Z</time>
      </trkpt>
      <trkpt lat="42.717239" lon="-71.032730">
        <ele>37.319927</ele>
        <time>2026-06-21T13:56:25.000Z</time>
      </trkpt>
      <trkpt lat="42.717325" lon="-71.032668">
        <ele>37.195057</ele>
        <time>2026-06-21T13:56:27.000Z</time>
      </trkpt>
      <trkpt lat="42.717417" lon="-71.032585">
        <ele>37.053435</ele>
        <time>2026-06-21T13:56:29.000Z</time>
      </trkpt>
      <trkpt lat="42.717496" lon="-71.032500">
        <ele>36.924223</ele>
        <time>2026-06-21T13:56:31.000Z</time>
      </trkpt>
      <trkpt lat="42.717581" lon="-71.032400">
        <ele>36.780064</ele>
        <time>2026-06-21T13:56:33.000Z</time>
      </trkpt>
      <trkpt lat="42.717664" lon="-71.032292">
        <ele>36.632731</ele>
        <time>2026-06-21T13:56:35.000Z</time>
      </trkpt>
      <trkpt lat="42.717736" lon="-71.032193">
        <ele>36.501412</ele>
        <time>2026-06-21T13:56:37.000Z</time>
      </trkpt>
      <trkpt lat="42.717813" lon="-71.032103">
        <ele>36.371183</ele>
        <time>2026-06-21T13:56:39.000Z</time>
      </trkpt>
      <trkpt lat="42.717888" lon="-71.031985">
        <ele>36.224096</ele>
        <time>2026-06-21T13:56:41.000Z</time>
      </trkpt>
      <trkpt lat="42.717955" lon="-71.031856">
        <ele>36.075170</ele>
        <time>2026-06-21T13:56:43.000Z</time>
      </trkpt>
      <trkpt lat="42.718010" lon="-71.031718">
        <ele>35.927170</ele>
        <time>2026-06-21T13:56:45.000Z</time>
      </trkpt>
      <trkpt lat="42.718065" lon="-71.031570">
        <ele>35.821746</ele>
        <time>2026-06-21T13:56:47.000Z</time>
      </trkpt>
      <trkpt lat="42.718126" lon="-71.031431">
        <ele>35.747470</ele>
        <time>2026-06-21T13:56:49.000Z</time>
      </trkpt>
      <trkpt lat="42.718191" lon="-71.031291">
        <ele>35.671495</ele>
        <time>2026-06-21T13:56:51.000Z</time>
      </trkpt>
      <trkpt lat="42.718261" lon="-71.031146">
        <ele>35.591902</ele>
        <time>2026-06-21T13:56:53.000Z</time>
      </trkpt>
      <trkpt lat="42.718331" lon="-71.031001">
        <ele>35.512308</ele>
        <time>2026-06-21T13:56:55.000Z</time>
      </trkpt>
      <trkpt lat="42.718414" lon="-71.030878">
        <ele>35.435693</ele>
        <time>2026-06-21T13:56:57.000Z</time>
      </trkpt>
      <trkpt lat="42.718501" lon="-71.030762">
        <ele>35.359648</ele>
        <time>2026-06-21T13:56:59.000Z</time>
      </trkpt>
      <trkpt lat="42.718601" lon="-71.030643">
        <ele>35.276709</ele>
        <time>2026-06-21T13:57:01.000Z</time>
      </trkpt>
      <trkpt lat="42.718726" lon="-71.030542">
        <ele>35.185941</ele>
        <time>2026-06-21T13:57:03.000Z</time>
      </trkpt>
      <trkpt lat="42.718858" lon="-71.030471">
        <ele>35.097317</ele>
        <time>2026-06-21T13:57:05.000Z</time>
      </trkpt>
      <trkpt lat="42.718993" lon="-71.030392">
        <ele>35.005562</ele>
        <time>2026-06-21T13:57:07.000Z</time>
      </trkpt>
      <trkpt lat="42.719120" lon="-71.030317">
        <ele>34.919121</ele>
        <time>2026-06-21T13:57:09.000Z</time>
      </trkpt>
      <trkpt lat="42.719242" lon="-71.030252">
        <ele>34.837315</ele>
        <time>2026-06-21T13:57:11.000Z</time>
      </trkpt>
      <trkpt lat="42.719385" lon="-71.030261">
        <ele>34.747930</ele>
        <time>2026-06-21T13:57:13.000Z</time>
      </trkpt>
      <trkpt lat="42.719511" lon="-71.030206">
        <ele>34.204810</ele>
        <time>2026-06-21T13:57:15.000Z</time>
      </trkpt>
      <trkpt lat="42.719635" lon="-71.030159">
        <ele>33.671038</ele>
        <time>2026-06-21T13:57:17.000Z</time>
      </trkpt>
      <trkpt lat="42.719758" lon="-71.030115">
        <ele>33.143658</ele>
        <time>2026-06-21T13:57:19.000Z</time>
      </trkpt>
      <trkpt lat="42.719884" lon="-71.030074">
        <ele>32.606434</ele>
        <time>2026-06-21T13:57:21.000Z</time>
      </trkpt>
      <trkpt lat="42.719999" lon="-71.030037">
        <ele>32.116407</ele>
        <time>2026-06-21T13:57:23.000Z</time>
      </trkpt>
      <trkpt lat="42.720107" lon="-71.030001">
        <ele>31.655316</ele>
        <time>2026-06-21T13:57:25.000Z</time>
      </trkpt>
      <trkpt lat="42.720212" lon="-71.029969">
        <ele>31.209118</ele>
        <time>2026-06-21T13:57:27.000Z</time>
      </trkpt>
      <trkpt lat="42.720317" lon="-71.029936">
        <ele>30.762245</ele>
        <time>2026-06-21T13:57:29.000Z</time>
      </trkpt>
      <trkpt lat="42.720442" lon="-71.029897">
        <ele>30.230449</ele>
        <time>2026-06-21T13:57:31.000Z</time>
      </trkpt>
      <trkpt lat="42.720613" lon="-71.029842">
        <ele>29.501813</ele>
        <time>2026-06-21T13:57:33.000Z</time>
      </trkpt>
      <trkpt lat="42.720751" lon="-71.029793">
        <ele>28.910400</ele>
        <time>2026-06-21T13:57:35.000Z</time>
      </trkpt>
      <trkpt lat="42.720861" lon="-71.029717">
        <ele>28.398850</ele>
        <time>2026-06-21T13:57:37.000Z</time>
      </trkpt>
      <trkpt lat="42.720950" lon="-71.029618">
        <ele>27.922219</ele>
        <time>2026-06-21T13:57:40.000Z</time>
      </trkpt>
      <trkpt lat="42.721031" lon="-71.029562">
        <ele>27.545482</ele>
        <time>2026-06-21T13:57:42.000Z</time>
      </trkpt>
      <trkpt lat="42.721142" lon="-71.029612">
        <ele>27.343883</ele>
        <time>2026-06-21T13:57:44.000Z</time>
      </trkpt>
      <trkpt lat="42.721244" lon="-71.029712">
        <ele>27.471217</ele>
        <time>2026-06-21T13:57:46.000Z</time>
      </trkpt>
      <trkpt lat="42.721350" lon="-71.029788">
        <ele>27.592578</ele>
        <time>2026-06-21T13:57:48.000Z</time>
      </trkpt>
      <trkpt lat="42.721463" lon="-71.029838">
        <ele>27.712941</ele>
        <time>2026-06-21T13:57:50.000Z</time>
      </trkpt>
      <trkpt lat="42.721575" lon="-71.029881">
        <ele>27.830821</ele>
        <time>2026-06-21T13:57:52.000Z</time>
      </trkpt>
      <trkpt lat="42.721683" lon="-71.029897">
        <ele>27.940869</ele>
        <time>2026-06-21T13:57:54.000Z</time>
      </trkpt>
      <trkpt lat="42.721789" lon="-71.029924">
        <ele>28.050109</ele>
        <time>2026-06-21T13:57:56.000Z</time>
      </trkpt>
      <trkpt lat="42.721890" lon="-71.029926">
        <ele>28.152430</ele>
        <time>2026-06-21T13:57:58.000Z</time>
      </trkpt>
      <trkpt lat="42.722006" lon="-71.029979">
        <ele>28.276379</ele>
        <time>2026-06-21T13:58:00.000Z</time>
      </trkpt>
      <trkpt lat="42.722131" lon="-71.030066">
        <ele>28.418594</ele>
        <time>2026-06-21T13:58:03.000Z</time>
      </trkpt>
      <trkpt lat="42.722209" lon="-71.030149">
        <ele>28.518884</ele>
        <time>2026-06-21T13:58:05.000Z</time>
      </trkpt>
      <trkpt lat="42.722301" lon="-71.030205">
        <ele>28.620972</ele>
        <time>2026-06-21T13:58:06.000Z</time>
      </trkpt>
      <trkpt lat="42.722414" lon="-71.030301">
        <ele>28.755904</ele>
        <time>2026-06-21T13:58:08.000Z</time>
      </trkpt>
      <trkpt lat="42.722513" lon="-71.030404">
        <ele>28.882127</ele>
        <time>2026-06-21T13:58:10.000Z</time>
      </trkpt>
      <trkpt lat="42.722600" lon="-71.030527">
        <ele>29.009191</ele>
        <time>2026-06-21T13:58:12.000Z</time>
      </trkpt>
      <trkpt lat="42.722685" lon="-71.030650">
        <ele>29.138672</ele>
        <time>2026-06-21T13:58:14.000Z</time>
      </trkpt>
      <trkpt lat="42.722760" lon="-71.030766">
        <ele>29.271494</ele>
        <time>2026-06-21T13:58:16.000Z</time>
      </trkpt>
      <trkpt lat="42.722826" lon="-71.030891">
        <ele>29.403809</ele>
        <time>2026-06-21T13:58:18.000Z</time>
      </trkpt>
      <trkpt lat="42.722893" lon="-71.031006">
        <ele>29.529968</ele>
        <time>2026-06-21T13:58:20.000Z</time>
      </trkpt>
      <trkpt lat="42.722958" lon="-71.031119">
        <ele>29.653328</ele>
        <time>2026-06-21T13:58:22.000Z</time>
      </trkpt>
      <trkpt lat="42.723003" lon="-71.031235">
        <ele>29.766082</ele>
        <time>2026-06-21T13:58:24.000Z</time>
      </trkpt>
      <trkpt lat="42.723058" lon="-71.031341">
        <ele>29.877628</ele>
        <time>2026-06-21T13:58:26.000Z</time>
      </trkpt>
      <trkpt lat="42.723109" lon="-71.031450">
        <ele>29.988706</ele>
        <time>2026-06-21T13:58:28.000Z</time>
      </trkpt>
      <trkpt lat="42.723152" lon="-71.031614">
        <ele>30.138380</ele>
        <time>2026-06-21T13:58:31.000Z</time>
      </trkpt>
      <trkpt lat="42.723190" lon="-71.031782">
        <ele>30.289472</ele>
        <time>2026-06-21T13:58:34.000Z</time>
      </trkpt>
      <trkpt lat="42.723224" lon="-71.031944">
        <ele>30.434289</ele>
        <time>2026-06-21T13:58:37.000Z</time>
      </trkpt>
      <trkpt lat="42.723237" lon="-71.032097">
        <ele>30.566675</ele>
        <time>2026-06-21T13:58:40.000Z</time>
      </trkpt>
      <trkpt lat="42.723261" lon="-71.032226">
        <ele>30.681056</ele>
        <time>2026-06-21T13:58:43.000Z</time>
      </trkpt>
      <trkpt lat="42.723296" lon="-71.032399">
        <ele>30.835292</ele>
        <time>2026-06-21T13:58:47.000Z</time>
      </trkpt>
      <trkpt lat="42.723343" lon="-71.032521">
        <ele>30.953700</ele>
        <time>2026-06-21T13:58:51.000Z</time>
      </trkpt>
      <trkpt lat="42.723451" lon="-71.032769">
        <ele>31.201504</ele>
        <time>2026-06-21T13:58:55.000Z</time>
      </trkpt>
      <trkpt lat="42.723504" lon="-71.032873">
        <ele>31.590621</ele>
        <time>2026-06-21T13:58:57.000Z</time>
      </trkpt>
      <trkpt lat="42.723580" lon="-71.033005">
        <ele>32.157488</ele>
        <time>2026-06-21T13:59:00.000Z</time>
      </trkpt>
      <trkpt lat="42.723663" lon="-71.033122">
        <ele>32.707241</ele>
        <time>2026-06-21T13:59:03.000Z</time>
      </trkpt>
      <trkpt lat="42.723733" lon="-71.033225">
        <ele>33.181513</ele>
        <time>2026-06-21T13:59:06.000Z</time>
      </trkpt>
      <trkpt lat="42.723830" lon="-71.033335">
        <ele>33.762391</ele>
        <time>2026-06-21T13:59:10.000Z</time>
      </trkpt>
      <trkpt lat="42.723921" lon="-71.033438">
        <ele>34.306915</ele>
        <time>2026-06-21T13:59:14.000Z</time>
      </trkpt>
      <trkpt lat="42.724009" lon="-71.033524">
        <ele>34.805344</ele>
        <time>2026-06-21T13:59:18.000Z</time>
      </trkpt>
      <trkpt lat="42.724097" lon="-71.033606">
        <ele>35.296010</ele>
        <time>2026-06-21T13:59:23.000Z</time>
      </trkpt>
      <trkpt lat="42.724165" lon="-71.033695">
        <ele>35.730038</ele>
        <time>2026-06-21T13:59:28.000Z</time>
      </trkpt>
      <trkpt lat="42.724245" lon="-71.033771">
        <ele>36.178893</ele>
        <time>2026-06-21T13:59:33.000Z</time>
      </trkpt>
      <trkpt lat="42.724313" lon="-71.033864">
        <ele>36.622398</ele>
        <time>2026-06-21T13:59:38.000Z</time>
      </trkpt>
      <trkpt lat="42.724376" lon="-71.033972">
        <ele>37.088526</ele>
        <time>2026-06-21T13:59:44.000Z</time>
      </trkpt>
      <trkpt lat="42.724461" lon="-71.034044">
        <ele>37.549147</ele>
        <time>2026-06-21T13:59:49.000Z</time>
      </trkpt>
      <trkpt lat="42.724529" lon="-71.034154">
        <ele>38.035071</ele>
        <time>2026-06-21T13:59:54.000Z</time>
      </trkpt>
      <trkpt lat="42.724593" lon="-71.034269">
        <ele>38.522715</ele>
        <time>2026-06-21T13:59:59.000Z</time>
      </trkpt>
      <trkpt lat="42.724654" lon="-71.034367">
        <ele>38.956870</ele>
        <time>2026-06-21T14:00:02.000Z</time>
      </trkpt>
      <trkpt lat="42.724721" lon="-71.034482">
        <ele>39.452971</ele>
        <time>2026-06-21T14:00:06.000Z</time>
      </trkpt>
      <trkpt lat="42.724773" lon="-71.034605">
        <ele>39.390508</ele>
        <time>2026-06-21T14:00:09.000Z</time>
      </trkpt>
      <trkpt lat="42.724806" lon="-71.034748">
        <ele>39.276273</ele>
        <time>2026-06-21T14:00:12.000Z</time>
      </trkpt>
      <trkpt lat="42.724836" lon="-71.034914">
        <ele>39.145989</ele>
        <time>2026-06-21T14:00:15.000Z</time>
      </trkpt>
      <trkpt lat="42.724862" lon="-71.035092">
        <ele>39.007675</ele>
        <time>2026-06-21T14:00:18.000Z</time>
      </trkpt>
      <trkpt lat="42.724869" lon="-71.035221">
        <ele>38.909093</ele>
        <time>2026-06-21T14:00:20.000Z</time>
      </trkpt>
      <trkpt lat="42.724875" lon="-71.035373">
        <ele>38.793083</ele>
        <time>2026-06-21T14:00:22.000Z</time>
      </trkpt>
      <trkpt lat="42.724888" lon="-71.035525">
        <ele>38.676458</ele>
        <time>2026-06-21T14:00:24.000Z</time>
      </trkpt>
      <trkpt lat="42.724901" lon="-71.035654">
        <ele>38.577223</ele>
        <time>2026-06-21T14:00:26.000Z</time>
      </trkpt>
      <trkpt lat="42.724908" lon="-71.035788">
        <ele>38.474841</ele>
        <time>2026-06-21T14:00:28.000Z</time>
      </trkpt>
      <trkpt lat="42.724914" lon="-71.035910">
        <ele>38.381653</ele>
        <time>2026-06-21T14:00:30.000Z</time>
      </trkpt>
      <trkpt lat="42.724954" lon="-71.036091">
        <ele>38.237602</ele>
        <time>2026-06-21T14:00:33.000Z</time>
      </trkpt>
      <trkpt lat="42.725003" lon="-71.036233">
        <ele>38.118036</ele>
        <time>2026-06-21T14:00:35.000Z</time>
      </trkpt>
      <trkpt lat="42.725053" lon="-71.036400">
        <ele>37.980597</ele>
        <time>2026-06-21T14:00:37.000Z</time>
      </trkpt>
      <trkpt lat="42.725130" lon="-71.036563">
        <ele>37.832904</ele>
        <time>2026-06-21T14:00:39.000Z</time>
      </trkpt>
      <trkpt lat="42.725236" lon="-71.036696">
        <ele>37.683347</ele>
        <time>2026-06-21T14:00:41.000Z</time>
      </trkpt>
      <trkpt lat="42.725352" lon="-71.036783">
        <ele>38.072301</ele>
        <time>2026-06-21T14:00:43.000Z</time>
      </trkpt>
      <trkpt lat="42.725477" lon="-71.036830">
        <ele>38.841854</ele>
        <time>2026-06-21T14:00:45.000Z</time>
      </trkpt>
      <trkpt lat="42.725596" lon="-71.036863">
        <ele>39.562529</ele>
        <time>2026-06-21T14:00:47.000Z</time>
      </trkpt>
      <trkpt lat="42.725727" lon="-71.036874">
        <ele>40.341388</ele>
        <time>2026-06-21T14:00:49.000Z</time>
      </trkpt>
      <trkpt lat="42.725850" lon="-71.036870">
        <ele>41.071503</ele>
        <time>2026-06-21T14:00:51.000Z</time>
      </trkpt>
      <trkpt lat="42.725978" lon="-71.036865">
        <ele>41.831395</ele>
        <time>2026-06-21T14:00:53.000Z</time>
      </trkpt>
      <trkpt lat="42.726092" lon="-71.036855">
        <ele>42.509298</ele>
        <time>2026-06-21T14:00:55.000Z</time>
      </trkpt>
      <trkpt lat="42.726186" lon="-71.036806">
        <ele>43.106613</ele>
        <time>2026-06-21T14:00:57.000Z</time>
      </trkpt>
      <trkpt lat="42.726287" lon="-71.036794">
        <ele>43.708247</ele>
        <time>2026-06-21T14:00:59.000Z</time>
      </trkpt>
      <trkpt lat="42.726399" lon="-71.036830">
        <ele>44.391155</ele>
        <time>2026-06-21T14:01:01.000Z</time>
      </trkpt>
      <trkpt lat="42.726509" lon="-71.036826">
        <ele>45.044150</ele>
        <time>2026-06-21T14:01:04.000Z</time>
      </trkpt>
      <trkpt lat="42.726615" lon="-71.036796">
        <ele>45.686627</ele>
        <time>2026-06-21T14:01:07.000Z</time>
      </trkpt>
      <trkpt lat="42.726733" lon="-71.036819">
        <ele>46.394006</ele>
        <time>2026-06-21T14:01:11.000Z</time>
      </trkpt>
      <trkpt lat="42.726829" lon="-71.036839">
        <ele>46.970322</ele>
        <time>2026-06-21T14:01:15.000Z</time>
      </trkpt>
      <trkpt lat="42.726928" lon="-71.036878">
        <ele>47.581914</ele>
        <time>2026-06-21T14:01:20.000Z</time>
      </trkpt>
      <trkpt lat="42.727007" lon="-71.036946">
        <ele>48.136572</ele>
        <time>2026-06-21T14:01:24.000Z</time>
      </trkpt>
      <trkpt lat="42.727087" lon="-71.037010">
        <ele>48.566172</ele>
        <time>2026-06-21T14:01:28.000Z</time>
      </trkpt>
      <trkpt lat="42.727154" lon="-71.037093">
        <ele>48.936651</ele>
        <time>2026-06-21T14:01:32.000Z</time>
      </trkpt>
      <trkpt lat="42.727244" lon="-71.037176">
        <ele>49.381228</ele>
        <time>2026-06-21T14:01:36.000Z</time>
      </trkpt>
      <trkpt lat="42.727332" lon="-71.037254">
        <ele>49.810681</ele>
        <time>2026-06-21T14:01:40.000Z</time>
      </trkpt>
      <trkpt lat="42.727415" lon="-71.037349">
        <ele>50.254158</ele>
        <time>2026-06-21T14:01:45.000Z</time>
      </trkpt>
      <trkpt lat="42.727504" lon="-71.037434">
        <ele>50.698779</ele>
        <time>2026-06-21T14:01:50.000Z</time>
      </trkpt>
      <trkpt lat="42.727580" lon="-71.037511">
        <ele>51.086225</ele>
        <time>2026-06-21T14:01:55.000Z</time>
      </trkpt>
      <trkpt lat="42.727650" lon="-71.037603">
        <ele>51.484148</ele>
        <time>2026-06-21T14:02:00.000Z</time>
      </trkpt>
      <trkpt lat="42.727717" lon="-71.037690">
        <ele>51.862818</ele>
        <time>2026-06-21T14:02:05.000Z</time>
      </trkpt>
      <trkpt lat="42.727777" lon="-71.037788">
        <ele>52.246078</ele>
        <time>2026-06-21T14:02:10.000Z</time>
      </trkpt>
      <trkpt lat="42.727838" lon="-71.037917">
        <ele>52.706970</ele>
        <time>2026-06-21T14:02:15.000Z</time>
      </trkpt>
      <trkpt lat="42.727918" lon="-71.038017">
        <ele>53.151146</ele>
        <time>2026-06-21T14:02:18.000Z</time>
      </trkpt>
      <trkpt lat="42.727976" lon="-71.038142">
        <ele>53.595309</ele>
        <time>2026-06-21T14:02:22.000Z</time>
      </trkpt>
      <trkpt lat="42.728030" lon="-71.038255">
        <ele>54.000293</ele>
        <time>2026-06-21T14:02:26.000Z</time>
      </trkpt>
      <trkpt lat="42.728061" lon="-71.038387">
        <ele>54.416617</ele>
        <time>2026-06-21T14:02:32.000Z</time>
      </trkpt>
      <trkpt lat="42.728137" lon="-71.038466">
        <ele>54.807679</ele>
        <time>2026-06-21T14:02:36.000Z</time>
      </trkpt>
      <trkpt lat="42.728165" lon="-71.038591">
        <ele>55.200272</ele>
        <time>2026-06-21T14:03:05.000Z</time>
      </trkpt>
      <trkpt lat="42.728258" lon="-71.038743">
        <ele>55.482915</ele>
        <time>2026-06-21T14:07:31.000Z</time>
      </trkpt>
      <trkpt lat="42.728353" lon="-71.038871">
        <ele>54.821004</ele>
        <time>2026-06-21T14:07:34.000Z</time>
      </trkpt>
      <trkpt lat="42.728429" lon="-71.038976">
        <ele>54.284781</ele>
        <time>2026-06-21T14:07:36.000Z</time>
      </trkpt>
      <trkpt lat="42.728513" lon="-71.039074">
        <ele>53.736948</ele>
        <time>2026-06-21T14:07:38.000Z</time>
      </trkpt>
      <trkpt lat="42.728615" lon="-71.039191">
        <ele>53.076433</ele>
        <time>2026-06-21T14:07:40.000Z</time>
      </trkpt>
      <trkpt lat="42.728716" lon="-71.039320">
        <ele>52.390603</ele>
        <time>2026-06-21T14:07:42.000Z</time>
      </trkpt>
      <trkpt lat="42.728835" lon="-71.039452">
        <ele>51.630449</ele>
        <time>2026-06-21T14:07:44.000Z</time>
      </trkpt>
      <trkpt lat="42.728950" lon="-71.039600">
        <ele>50.846764</ele>
        <time>2026-06-21T14:07:46.000Z</time>
      </trkpt>
      <trkpt lat="42.729061" lon="-71.039749">
        <ele>50.074804</ele>
        <time>2026-06-21T14:07:48.000Z</time>
      </trkpt>
      <trkpt lat="42.729156" lon="-71.039896">
        <ele>49.362582</ele>
        <time>2026-06-21T14:07:50.000Z</time>
      </trkpt>
      <trkpt lat="42.729262" lon="-71.040042">
        <ele>48.615855</ele>
        <time>2026-06-21T14:07:52.000Z</time>
      </trkpt>
      <trkpt lat="42.729370" lon="-71.040195">
        <ele>47.843979</ele>
        <time>2026-06-21T14:07:54.000Z</time>
      </trkpt>
      <trkpt lat="42.729480" lon="-71.040352">
        <ele>47.054744</ele>
        <time>2026-06-21T14:07:56.000Z</time>
      </trkpt>
      <trkpt lat="42.729607" lon="-71.040499">
        <ele>46.005114</ele>
        <time>2026-06-21T14:07:58.000Z</time>
      </trkpt>
      <trkpt lat="42.729741" lon="-71.040646">
        <ele>44.783718</ele>
        <time>2026-06-21T14:08:00.000Z</time>
      </trkpt>
      <trkpt lat="42.729814" lon="-71.040722">
        <ele>44.131474</ele>
        <time>2026-06-21T14:08:01.000Z</time>
      </trkpt>
      <trkpt lat="42.729945" lon="-71.040874">
        <ele>42.909839</ele>
        <time>2026-06-21T14:08:03.000Z</time>
      </trkpt>
      <trkpt lat="42.730084" lon="-71.041017">
        <ele>41.673299</ele>
        <time>2026-06-21T14:08:05.000Z</time>
      </trkpt>
      <trkpt lat="42.730225" lon="-71.041144">
        <ele>40.473373</ele>
        <time>2026-06-21T14:08:07.000Z</time>
      </trkpt>
      <trkpt lat="42.730355" lon="-71.041268">
        <ele>39.346787</ele>
        <time>2026-06-21T14:08:09.000Z</time>
      </trkpt>
      <trkpt lat="42.730493" lon="-71.041389">
        <ele>38.181792</ele>
        <time>2026-06-21T14:08:11.000Z</time>
      </trkpt>
      <trkpt lat="42.730636" lon="-71.041513">
        <ele>36.978479</ele>
        <time>2026-06-21T14:08:13.000Z</time>
      </trkpt>
      <trkpt lat="42.730783" lon="-71.041636">
        <ele>35.753866</ele>
        <time>2026-06-21T14:08:15.000Z</time>
      </trkpt>
      <trkpt lat="42.730863" lon="-71.041696">
        <ele>35.105619</ele>
        <time>2026-06-21T14:08:16.000Z</time>
      </trkpt>
      <trkpt lat="42.731002" lon="-71.041820">
        <ele>33.926772</ele>
        <time>2026-06-21T14:08:18.000Z</time>
      </trkpt>
      <trkpt lat="42.731152" lon="-71.041934">
        <ele>32.721235</ele>
        <time>2026-06-21T14:08:20.000Z</time>
      </trkpt>
      <trkpt lat="42.731304" lon="-71.042047">
        <ele>31.505904</ele>
        <time>2026-06-21T14:08:22.000Z</time>
      </trkpt>
      <trkpt lat="42.731392" lon="-71.042102">
        <ele>30.826399</ele>
        <time>2026-06-21T14:08:23.000Z</time>
      </trkpt>
      <trkpt lat="42.731481" lon="-71.042152">
        <ele>30.150756</ele>
        <time>2026-06-21T14:08:24.000Z</time>
      </trkpt>
      <trkpt lat="42.731566" lon="-71.042205">
        <ele>29.494685</ele>
        <time>2026-06-21T14:08:25.000Z</time>
      </trkpt>
      <trkpt lat="42.731716" lon="-71.042312">
        <ele>28.306321</ele>
        <time>2026-06-21T14:08:27.000Z</time>
      </trkpt>
      <trkpt lat="42.731886" lon="-71.042423">
        <ele>26.983241</ele>
        <time>2026-06-21T14:08:29.000Z</time>
      </trkpt>
      <trkpt lat="42.731969" lon="-71.042486">
        <ele>26.316380</ele>
        <time>2026-06-21T14:08:30.000Z</time>
      </trkpt>
      <trkpt lat="42.732053" lon="-71.042546">
        <ele>25.650706</ele>
        <time>2026-06-21T14:08:31.000Z</time>
      </trkpt>
      <trkpt lat="42.732138" lon="-71.042610">
        <ele>24.969073</ele>
        <time>2026-06-21T14:08:32.000Z</time>
      </trkpt>
      <trkpt lat="42.732231" lon="-71.042662">
        <ele>24.263551</ele>
        <time>2026-06-21T14:08:33.000Z</time>
      </trkpt>
      <trkpt lat="42.732315" lon="-71.042726">
        <ele>23.588051</ele>
        <time>2026-06-21T14:08:34.000Z</time>
      </trkpt>
      <trkpt lat="42.732397" lon="-71.042784">
        <ele>22.939590</ele>
        <time>2026-06-21T14:08:35.000Z</time>
      </trkpt>
      <trkpt lat="42.732550" lon="-71.042903">
        <ele>21.703055</ele>
        <time>2026-06-21T14:08:37.000Z</time>
      </trkpt>
      <trkpt lat="42.732703" lon="-71.043010">
        <ele>21.444135</ele>
        <time>2026-06-21T14:08:39.000Z</time>
      </trkpt>
      <trkpt lat="42.732835" lon="-71.043119">
        <ele>21.550837</ele>
        <time>2026-06-21T14:08:41.000Z</time>
      </trkpt>
      <trkpt lat="42.732965" lon="-71.043231">
        <ele>21.657165</ele>
        <time>2026-06-21T14:08:43.000Z</time>
      </trkpt>
      <trkpt lat="42.733094" lon="-71.043323">
        <ele>21.757815</ele>
        <time>2026-06-21T14:08:45.000Z</time>
      </trkpt>
      <trkpt lat="42.733213" lon="-71.043423">
        <ele>21.854467</ele>
        <time>2026-06-21T14:08:47.000Z</time>
      </trkpt>
      <trkpt lat="42.733335" lon="-71.043527">
        <ele>21.953952</ele>
        <time>2026-06-21T14:08:49.000Z</time>
      </trkpt>
      <trkpt lat="42.733464" lon="-71.043623">
        <ele>22.055560</ele>
        <time>2026-06-21T14:08:51.000Z</time>
      </trkpt>
      <trkpt lat="42.733592" lon="-71.043717">
        <ele>22.156077</ele>
        <time>2026-06-21T14:08:53.000Z</time>
      </trkpt>
      <trkpt lat="42.733711" lon="-71.043803">
        <ele>22.249192</ele>
        <time>2026-06-21T14:08:55.000Z</time>
      </trkpt>
      <trkpt lat="42.733837" lon="-71.043900">
        <ele>22.349235</ele>
        <time>2026-06-21T14:08:57.000Z</time>
      </trkpt>
      <trkpt lat="42.733947" lon="-71.043994">
        <ele>22.438996</ele>
        <time>2026-06-21T14:08:59.000Z</time>
      </trkpt>
      <trkpt lat="42.734056" lon="-71.044095">
        <ele>22.530124</ele>
        <time>2026-06-21T14:09:01.000Z</time>
      </trkpt>
      <trkpt lat="42.734158" lon="-71.044201">
        <ele>22.655602</ele>
        <time>2026-06-21T14:09:03.000Z</time>
      </trkpt>
      <trkpt lat="42.734254" lon="-71.044307">
        <ele>22.930813</ele>
        <time>2026-06-21T14:09:05.000Z</time>
      </trkpt>
      <trkpt lat="42.734358" lon="-71.044407">
        <ele>23.214304</ele>
        <time>2026-06-21T14:09:07.000Z</time>
      </trkpt>
      <trkpt lat="42.734455" lon="-71.044501">
        <ele>23.479406</ele>
        <time>2026-06-21T14:09:09.000Z</time>
      </trkpt>
      <trkpt lat="42.734553" lon="-71.044599">
        <ele>23.750145</ele>
        <time>2026-06-21T14:09:11.000Z</time>
      </trkpt>
      <trkpt lat="42.734641" lon="-71.044694">
        <ele>24.000204</ele>
        <time>2026-06-21T14:09:13.000Z</time>
      </trkpt>
      <trkpt lat="42.734737" lon="-71.044788">
        <ele>24.263495</ele>
        <time>2026-06-21T14:09:15.000Z</time>
      </trkpt>
      <trkpt lat="42.734803" lon="-71.044890">
        <ele>24.485804</ele>
        <time>2026-06-21T14:09:18.000Z</time>
      </trkpt>
      <trkpt lat="42.734906" lon="-71.044853">
        <ele>24.722989</ele>
        <time>2026-06-21T14:09:22.000Z</time>
      </trkpt>
      <trkpt lat="42.735013" lon="-71.044818">
        <ele>24.968011</ele>
        <time>2026-06-21T14:09:25.000Z</time>
      </trkpt>
      <trkpt lat="42.735110" lon="-71.044799">
        <ele>25.186211</ele>
        <time>2026-06-21T14:09:28.000Z</time>
      </trkpt>
      <trkpt lat="42.735157" lon="-71.044910">
        <ele>25.395745</ele>
        <time>2026-06-21T14:09:45.000Z</time>
      </trkpt>
      <trkpt lat="42.735257" lon="-71.044771">
        <ele>25.713944</ele>
        <time>2026-06-21T14:10:35.000Z</time>
      </trkpt>
      <trkpt lat="42.735349" lon="-71.044749">
        <ele>25.921924</ele>
        <time>2026-06-21T14:10:38.000Z</time>
      </trkpt>
      <trkpt lat="42.735453" lon="-71.044722">
        <ele>26.157659</ele>
        <time>2026-06-21T14:10:41.000Z</time>
      </trkpt>
      <trkpt lat="42.735571" lon="-71.044695">
        <ele>26.424078</ele>
        <time>2026-06-21T14:10:44.000Z</time>
      </trkpt>
      <trkpt lat="42.735688" lon="-71.044662">
        <ele>26.666815</ele>
        <time>2026-06-21T14:10:47.000Z</time>
      </trkpt>
      <trkpt lat="42.735811" lon="-71.044615">
        <ele>26.871480</ele>
        <time>2026-06-21T14:10:50.000Z</time>
      </trkpt>
      <trkpt lat="42.735963" lon="-71.044590">
        <ele>27.116761</ele>
        <time>2026-06-21T14:10:54.000Z</time>
      </trkpt>
      <trkpt lat="42.736090" lon="-71.044564">
        <ele>27.322507</ele>
        <time>2026-06-21T14:10:57.000Z</time>
      </trkpt>
      <trkpt lat="42.736207" lon="-71.044547">
        <ele>27.511011</ele>
        <time>2026-06-21T14:11:00.000Z</time>
      </trkpt>
      <trkpt lat="42.736308" lon="-71.044531">
        <ele>27.673908</ele>
        <time>2026-06-21T14:11:04.000Z</time>
      </trkpt>
      <trkpt lat="42.736446" lon="-71.044535">
        <ele>27.895040</ele>
        <time>2026-06-21T14:11:05.000Z</time>
      </trkpt>
      <trkpt lat="42.736538" lon="-71.044523">
        <ele>28.043103</ele>
        <time>2026-06-21T14:11:07.000Z</time>
      </trkpt>
      <trkpt lat="42.736629" lon="-71.044520">
        <ele>28.188931</ele>
        <time>2026-06-21T14:11:09.000Z</time>
      </trkpt>
      <trkpt lat="42.736727" lon="-71.044520">
        <ele>28.345931</ele>
        <time>2026-06-21T14:11:11.000Z</time>
      </trkpt>
      <trkpt lat="42.736828" lon="-71.044526">
        <ele>28.507891</ele>
        <time>2026-06-21T14:11:13.000Z</time>
      </trkpt>
      <trkpt lat="42.736923" lon="-71.044519">
        <ele>28.660308</ele>
        <time>2026-06-21T14:11:15.000Z</time>
      </trkpt>
      <trkpt lat="42.737026" lon="-71.044517">
        <ele>28.825335</ele>
        <time>2026-06-21T14:11:17.000Z</time>
      </trkpt>
      <trkpt lat="42.737131" lon="-71.044511">
        <ele>28.993698</ele>
        <time>2026-06-21T14:11:19.000Z</time>
      </trkpt>
      <trkpt lat="42.737234" lon="-71.044509">
        <ele>29.158725</ele>
        <time>2026-06-21T14:11:21.000Z</time>
      </trkpt>
      <trkpt lat="42.737339" lon="-71.044487">
        <ele>29.328919</ele>
        <time>2026-06-21T14:11:23.000Z</time>
      </trkpt>
      <trkpt lat="42.737445" lon="-71.044477">
        <ele>29.502194</ele>
        <time>2026-06-21T14:11:25.000Z</time>
      </trkpt>
      <trkpt lat="42.737561" lon="-71.044469">
        <ele>29.741827</ele>
        <time>2026-06-21T14:11:27.000Z</time>
      </trkpt>
      <trkpt lat="42.737675" lon="-71.044476">
        <ele>29.977266</ele>
        <time>2026-06-21T14:11:29.000Z</time>
      </trkpt>
      <trkpt lat="42.737780" lon="-71.044467">
        <ele>30.194327</ele>
        <time>2026-06-21T14:11:31.000Z</time>
      </trkpt>
      <trkpt lat="42.737894" lon="-71.044469">
        <ele>30.429547</ele>
        <time>2026-06-21T14:11:33.000Z</time>
      </trkpt>
      <trkpt lat="42.737993" lon="-71.044464">
        <ele>30.633940</ele>
        <time>2026-06-21T14:11:35.000Z</time>
      </trkpt>
      <trkpt lat="42.738122" lon="-71.044460">
        <ele>30.900157</ele>
        <time>2026-06-21T14:11:38.000Z</time>
      </trkpt>
      <trkpt lat="42.738224" lon="-71.044447">
        <ele>31.111519</ele>
        <time>2026-06-21T14:11:41.000Z</time>
      </trkpt>
      <trkpt lat="42.738345" lon="-71.044446">
        <ele>31.361166</ele>
        <time>2026-06-21T14:11:44.000Z</time>
      </trkpt>
      <trkpt lat="42.738468" lon="-71.044449">
        <ele>31.614976</ele>
        <time>2026-06-21T14:11:47.000Z</time>
      </trkpt>
      <trkpt lat="42.738586" lon="-71.044453">
        <ele>31.858504</ele>
        <time>2026-06-21T14:11:50.000Z</time>
      </trkpt>
      <trkpt lat="42.738705" lon="-71.044448">
        <ele>32.104137</ele>
        <time>2026-06-21T14:11:53.000Z</time>
      </trkpt>
      <trkpt lat="42.738823" lon="-71.044459">
        <ele>32.348160</ele>
        <time>2026-06-21T14:11:56.000Z</time>
      </trkpt>
      <trkpt lat="42.738944" lon="-71.044442">
        <ele>32.599128</ele>
        <time>2026-06-21T14:12:00.000Z</time>
      </trkpt>
      <trkpt lat="42.739062" lon="-71.044441">
        <ele>32.842585</ele>
        <time>2026-06-21T14:12:05.000Z</time>
      </trkpt>
      <trkpt lat="42.739186" lon="-71.044441">
        <ele>33.098417</ele>
        <time>2026-06-21T14:12:08.000Z</time>
      </trkpt>
      <trkpt lat="42.739288" lon="-71.044442">
        <ele>33.108633</ele>
        <time>2026-06-21T14:12:10.000Z</time>
      </trkpt>
      <trkpt lat="42.739400" lon="-71.044419">
        <ele>32.914738</ele>
        <time>2026-06-21T14:12:12.000Z</time>
      </trkpt>
      <trkpt lat="42.739543" lon="-71.044471">
        <ele>32.661363</ele>
        <time>2026-06-21T14:12:14.000Z</time>
      </trkpt>
      <trkpt lat="42.739684" lon="-71.044408">
        <ele>32.407329</ele>
        <time>2026-06-21T14:12:16.000Z</time>
      </trkpt>
      <trkpt lat="42.739827" lon="-71.044438">
        <ele>32.159646</ele>
        <time>2026-06-21T14:12:18.000Z</time>
      </trkpt>
      <trkpt lat="42.739969" lon="-71.044422">
        <ele>31.915733</ele>
        <time>2026-06-21T14:12:20.000Z</time>
      </trkpt>
      <trkpt lat="42.740089" lon="-71.044355">
        <ele>31.693711</ele>
        <time>2026-06-21T14:12:22.000Z</time>
      </trkpt>
      <trkpt lat="42.740190" lon="-71.044344">
        <ele>31.520262</ele>
        <time>2026-06-21T14:12:24.000Z</time>
      </trkpt>
      <trkpt lat="42.740321" lon="-71.044328">
        <ele>31.295110</ele>
        <time>2026-06-21T14:12:27.000Z</time>
      </trkpt>
      <trkpt lat="42.740420" lon="-71.044298">
        <ele>31.121491</ele>
        <time>2026-06-21T14:12:29.000Z</time>
      </trkpt>
      <trkpt lat="42.740519" lon="-71.044259">
        <ele>30.945067</ele>
        <time>2026-06-21T14:12:31.000Z</time>
      </trkpt>
      <trkpt lat="42.740620" lon="-71.044186">
        <ele>30.749321</ele>
        <time>2026-06-21T14:12:33.000Z</time>
      </trkpt>
      <trkpt lat="42.740753" lon="-71.044186">
        <ele>30.521646</ele>
        <time>2026-06-21T14:12:35.000Z</time>
      </trkpt>
      <trkpt lat="42.740863" lon="-71.044101">
        <ele>30.305132</ele>
        <time>2026-06-21T14:12:37.000Z</time>
      </trkpt>
      <trkpt lat="42.740966" lon="-71.044017">
        <ele>30.095248</ele>
        <time>2026-06-21T14:12:39.000Z</time>
      </trkpt>
      <trkpt lat="42.741061" lon="-71.043936">
        <ele>29.863238</ele>
        <time>2026-06-21T14:12:41.000Z</time>
      </trkpt>
      <trkpt lat="42.741154" lon="-71.043856">
        <ele>29.635542</ele>
        <time>2026-06-21T14:12:43.000Z</time>
      </trkpt>
      <trkpt lat="42.741236" lon="-71.043786">
        <ele>29.435213</ele>
        <time>2026-06-21T14:12:45.000Z</time>
      </trkpt>
      <trkpt lat="42.741320" lon="-71.043713">
        <ele>29.228947</ele>
        <time>2026-06-21T14:12:47.000Z</time>
      </trkpt>
      <trkpt lat="42.741385" lon="-71.043596">
        <ele>29.005932</ele>
        <time>2026-06-21T14:12:49.000Z</time>
      </trkpt>
      <trkpt lat="42.741518" lon="-71.043507">
        <ele>28.699189</ele>
        <time>2026-06-21T14:12:52.000Z</time>
      </trkpt>
      <trkpt lat="42.741600" lon="-71.043422">
        <ele>28.485872</ele>
        <time>2026-06-21T14:12:54.000Z</time>
      </trkpt>
      <trkpt lat="42.741702" lon="-71.043332">
        <ele>28.234291</ele>
        <time>2026-06-21T14:12:56.000Z</time>
      </trkpt>
      <trkpt lat="42.741802" lon="-71.043240">
        <ele>27.984484</ele>
        <time>2026-06-21T14:12:58.000Z</time>
      </trkpt>
      <trkpt lat="42.741931" lon="-71.043153">
        <ele>27.686512</ele>
        <time>2026-06-21T14:13:00.000Z</time>
      </trkpt>
      <trkpt lat="42.742066" lon="-71.043079">
        <ele>27.385286</ele>
        <time>2026-06-21T14:13:02.000Z</time>
      </trkpt>
      <trkpt lat="42.742208" lon="-71.043014">
        <ele>27.075199</ele>
        <time>2026-06-21T14:13:04.000Z</time>
      </trkpt>
      <trkpt lat="42.742349" lon="-71.042958">
        <ele>26.771185</ele>
        <time>2026-06-21T14:13:06.000Z</time>
      </trkpt>
      <trkpt lat="42.742476" lon="-71.042881">
        <ele>26.483428</ele>
        <time>2026-06-21T14:13:08.000Z</time>
      </trkpt>
      <trkpt lat="42.742591" lon="-71.042821">
        <ele>26.417462</ele>
        <time>2026-06-21T14:13:10.000Z</time>
      </trkpt>
      <trkpt lat="42.742681" lon="-71.042779">
        <ele>26.440776</ele>
        <time>2026-06-21T14:13:12.000Z</time>
      </trkpt>
      <trkpt lat="42.742771" lon="-71.042734">
        <ele>26.464270</ele>
        <time>2026-06-21T14:13:15.000Z</time>
      </trkpt>
      <trkpt lat="42.742897" lon="-71.042674">
        <ele>26.496979</ele>
        <time>2026-06-21T14:13:18.000Z</time>
      </trkpt>
      <trkpt lat="42.742988" lon="-71.042632">
        <ele>26.520525</ele>
        <time>2026-06-21T14:13:20.000Z</time>
      </trkpt>
      <trkpt lat="42.743082" lon="-71.042590">
        <ele>26.544768</ele>
        <time>2026-06-21T14:13:22.000Z</time>
      </trkpt>
      <trkpt lat="42.743178" lon="-71.042548">
        <ele>26.569477</ele>
        <time>2026-06-21T14:13:24.000Z</time>
      </trkpt>
      <trkpt lat="42.743276" lon="-71.042507">
        <ele>26.594599</ele>
        <time>2026-06-21T14:13:26.000Z</time>
      </trkpt>
      <trkpt lat="42.743375" lon="-71.042467">
        <ele>26.619905</ele>
        <time>2026-06-21T14:13:28.000Z</time>
      </trkpt>
      <trkpt lat="42.743472" lon="-71.042433">
        <ele>26.644449</ele>
        <time>2026-06-21T14:13:30.000Z</time>
      </trkpt>
      <trkpt lat="42.743568" lon="-71.042405">
        <ele>26.668507</ele>
        <time>2026-06-21T14:13:32.000Z</time>
      </trkpt>
      <trkpt lat="42.743673" lon="-71.042378">
        <ele>26.694692</ele>
        <time>2026-06-21T14:13:34.000Z</time>
      </trkpt>
      <trkpt lat="42.743782" lon="-71.042354">
        <ele>26.721749</ele>
        <time>2026-06-21T14:13:36.000Z</time>
      </trkpt>
      <trkpt lat="42.743885" lon="-71.042335">
        <ele>26.747220</ele>
        <time>2026-06-21T14:13:38.000Z</time>
      </trkpt>
      <trkpt lat="42.743999" lon="-71.042320">
        <ele>26.775285</ele>
        <time>2026-06-21T14:13:40.000Z</time>
      </trkpt>
      <trkpt lat="42.744100" lon="-71.042310">
        <ele>26.800100</ele>
        <time>2026-06-21T14:13:42.000Z</time>
      </trkpt>
      <trkpt lat="42.744202" lon="-71.042303">
        <ele>26.825127</ele>
        <time>2026-06-21T14:13:44.000Z</time>
      </trkpt>
      <trkpt lat="42.744302" lon="-71.042271">
        <ele>26.620618</ele>
        <time>2026-06-21T14:13:46.000Z</time>
      </trkpt>
      <trkpt lat="42.744399" lon="-71.042243">
        <ele>26.183125</ele>
        <time>2026-06-21T14:13:48.000Z</time>
      </trkpt>
      <trkpt lat="42.744497" lon="-71.042234">
        <ele>25.749749</ele>
        <time>2026-06-21T14:13:50.000Z</time>
      </trkpt>
      <trkpt lat="42.744590" lon="-71.042210">
        <ele>25.332113</ele>
        <time>2026-06-21T14:13:52.000Z</time>
      </trkpt>
      <trkpt lat="42.744690" lon="-71.042208">
        <ele>24.890847</ele>
        <time>2026-06-21T14:13:54.000Z</time>
      </trkpt>
      <trkpt lat="42.744828" lon="-71.042219">
        <ele>24.280924</ele>
        <time>2026-06-21T14:13:57.000Z</time>
      </trkpt>
      <trkpt lat="42.744928" lon="-71.042195">
        <ele>23.832905</ele>
        <time>2026-06-21T14:13:59.000Z</time>
      </trkpt>
      <trkpt lat="42.745043" lon="-71.042246">
        <ele>23.299273</ele>
        <time>2026-06-21T14:14:01.000Z</time>
      </trkpt>
      <trkpt lat="42.745162" lon="-71.042250">
        <ele>22.774063</ele>
        <time>2026-06-21T14:14:03.000Z</time>
      </trkpt>
      <trkpt lat="42.745297" lon="-71.042261">
        <ele>22.177354</ele>
        <time>2026-06-21T14:14:05.000Z</time>
      </trkpt>
      <trkpt lat="42.745450" lon="-71.042275">
        <ele>21.500768</ele>
        <time>2026-06-21T14:14:07.000Z</time>
      </trkpt>
      <trkpt lat="42.745597" lon="-71.042292">
        <ele>20.849842</ele>
        <time>2026-06-21T14:14:09.000Z</time>
      </trkpt>
      <trkpt lat="42.745750" lon="-71.042307">
        <ele>20.173031</ele>
        <time>2026-06-21T14:14:11.000Z</time>
      </trkpt>
      <trkpt lat="42.745917" lon="-71.042320">
        <ele>19.434994</ele>
        <time>2026-06-21T14:14:13.000Z</time>
      </trkpt>
      <trkpt lat="42.746008" lon="-71.042302">
        <ele>19.029272</ele>
        <time>2026-06-21T14:14:14.000Z</time>
      </trkpt>
      <trkpt lat="42.746101" lon="-71.042323">
        <ele>18.544006</ele>
        <time>2026-06-21T14:14:15.000Z</time>
      </trkpt>
      <trkpt lat="42.746280" lon="-71.042299">
        <ele>17.559987</ele>
        <time>2026-06-21T14:14:17.000Z</time>
      </trkpt>
      <trkpt lat="42.746453" lon="-71.042300">
        <ele>16.613520</ele>
        <time>2026-06-21T14:14:19.000Z</time>
      </trkpt>
      <trkpt lat="42.746627" lon="-71.042314">
        <ele>15.659931</ele>
        <time>2026-06-21T14:14:21.000Z</time>
      </trkpt>
      <trkpt lat="42.746796" lon="-71.042309">
        <ele>14.735138</ele>
        <time>2026-06-21T14:14:23.000Z</time>
      </trkpt>
      <trkpt lat="42.746971" lon="-71.042302">
        <ele>13.777325</ele>
        <time>2026-06-21T14:14:25.000Z</time>
      </trkpt>
      <trkpt lat="42.747145" lon="-71.042294">
        <ele>12.824854</ele>
        <time>2026-06-21T14:14:27.000Z</time>
      </trkpt>
      <trkpt lat="42.747313" lon="-71.042286">
        <ele>11.905188</ele>
        <time>2026-06-21T14:14:29.000Z</time>
      </trkpt>
      <trkpt lat="42.747477" lon="-71.042277">
        <ele>11.007239</ele>
        <time>2026-06-21T14:14:31.000Z</time>
      </trkpt>
      <trkpt lat="42.747641" lon="-71.042266">
        <ele>10.108931</ele>
        <time>2026-06-21T14:14:33.000Z</time>
      </trkpt>
      <trkpt lat="42.747794" lon="-71.042256">
        <ele>9.270926</ele>
        <time>2026-06-21T14:14:35.000Z</time>
      </trkpt>
      <trkpt lat="42.747943" lon="-71.042244">
        <ele>8.883459</ele>
        <time>2026-06-21T14:14:37.000Z</time>
      </trkpt>
      <trkpt lat="42.748094" lon="-71.042229">
        <ele>8.639939</ele>
        <time>2026-06-21T14:14:39.000Z</time>
      </trkpt>
      <trkpt lat="42.748230" lon="-71.042213">
        <ele>8.420377</ele>
        <time>2026-06-21T14:14:41.000Z</time>
      </trkpt>
      <trkpt lat="42.748358" lon="-71.042197">
        <ele>8.213631</ele>
        <time>2026-06-21T14:14:43.000Z</time>
      </trkpt>
      <trkpt lat="42.748480" lon="-71.042162">
        <ele>8.013094</ele>
        <time>2026-06-21T14:14:45.000Z</time>
      </trkpt>
      <trkpt lat="42.748612" lon="-71.042170">
        <ele>7.800570</ele>
        <time>2026-06-21T14:14:47.000Z</time>
      </trkpt>
      <trkpt lat="42.748742" lon="-71.042163">
        <ele>7.591309</ele>
        <time>2026-06-21T14:14:49.000Z</time>
      </trkpt>
      <trkpt lat="42.748879" lon="-71.042161">
        <ele>7.370940</ele>
        <time>2026-06-21T14:14:51.000Z</time>
      </trkpt>
      <trkpt lat="42.749009" lon="-71.042169">
        <ele>7.161630</ele>
        <time>2026-06-21T14:14:53.000Z</time>
      </trkpt>
      <trkpt lat="42.749136" lon="-71.042185">
        <ele>6.956486</ele>
        <time>2026-06-21T14:14:55.000Z</time>
      </trkpt>
      <trkpt lat="42.749255" lon="-71.042201">
        <ele>6.764151</ele>
        <time>2026-06-21T14:14:57.000Z</time>
      </trkpt>
      <trkpt lat="42.749363" lon="-71.042210">
        <ele>6.590114</ele>
        <time>2026-06-21T14:14:59.000Z</time>
      </trkpt>
      <trkpt lat="42.749472" lon="-71.042030">
        <ele>6.314548</ele>
        <time>2026-06-21T14:15:01.000Z</time>
      </trkpt>
      <trkpt lat="42.749530" lon="-71.041868">
        <ele>6.187908</ele>
        <time>2026-06-21T14:15:03.000Z</time>
      </trkpt>
      <trkpt lat="42.749581" lon="-71.041711">
        <ele>6.244288</ele>
        <time>2026-06-21T14:15:05.000Z</time>
      </trkpt>
      <trkpt lat="42.749624" lon="-71.041557">
        <ele>6.298395</ele>
        <time>2026-06-21T14:15:07.000Z</time>
      </trkpt>
      <trkpt lat="42.749661" lon="-71.041405">
        <ele>6.350984</ele>
        <time>2026-06-21T14:15:09.000Z</time>
      </trkpt>
      <trkpt lat="42.749697" lon="-71.041250">
        <ele>6.404373</ele>
        <time>2026-06-21T14:15:11.000Z</time>
      </trkpt>
      <trkpt lat="42.749732" lon="-71.041100">
        <ele>6.456061</ele>
        <time>2026-06-21T14:15:13.000Z</time>
      </trkpt>
      <trkpt lat="42.749769" lon="-71.040940">
        <ele>6.511150</ele>
        <time>2026-06-21T14:15:15.000Z</time>
      </trkpt>
      <trkpt lat="42.749809" lon="-71.040792">
        <ele>6.562941</ele>
        <time>2026-06-21T14:15:17.000Z</time>
      </trkpt>
      <trkpt lat="42.749855" lon="-71.040653">
        <ele>6.613011</ele>
        <time>2026-06-21T14:15:19.000Z</time>
      </trkpt>
      <trkpt lat="42.749899" lon="-71.040511">
        <ele>6.663626</ele>
        <time>2026-06-21T14:15:21.000Z</time>
      </trkpt>
      <trkpt lat="42.749961" lon="-71.040386">
        <ele>6.713164</ele>
        <time>2026-06-21T14:15:23.000Z</time>
      </trkpt>
      <trkpt lat="42.750045" lon="-71.040286">
        <ele>6.763061</ele>
        <time>2026-06-21T14:15:25.000Z</time>
      </trkpt>
      <trkpt lat="42.750127" lon="-71.040183">
        <ele>6.812952</ele>
        <time>2026-06-21T14:15:27.000Z</time>
      </trkpt>
      <trkpt lat="42.750211" lon="-71.040086">
        <ele>6.862206</ele>
        <time>2026-06-21T14:15:29.000Z</time>
      </trkpt>
      <trkpt lat="42.750295" lon="-71.039992">
        <ele>6.910829</ele>
        <time>2026-06-21T14:15:31.000Z</time>
      </trkpt>
      <trkpt lat="42.750366" lon="-71.039884">
        <ele>6.958434</ele>
        <time>2026-06-21T14:15:33.000Z</time>
      </trkpt>
      <trkpt lat="42.750453" lon="-71.039795">
        <ele>7.069177</ele>
        <time>2026-06-21T14:15:35.000Z</time>
      </trkpt>
      <trkpt lat="42.750553" lon="-71.039685">
        <ele>7.233023</ele>
        <time>2026-06-21T14:15:38.000Z</time>
      </trkpt>
      <trkpt lat="42.750640" lon="-71.039603">
        <ele>7.367880</ele>
        <time>2026-06-21T14:15:40.000Z</time>
      </trkpt>
      <trkpt lat="42.750806" lon="-71.039471">
        <ele>7.612890</ele>
        <time>2026-06-21T14:15:43.000Z</time>
      </trkpt>
      <trkpt lat="42.750896" lon="-71.039379">
        <ele>7.756325</ele>
        <time>2026-06-21T14:15:45.000Z</time>
      </trkpt>
      <trkpt lat="42.750981" lon="-71.039293">
        <ele>7.891293</ele>
        <time>2026-06-21T14:15:47.000Z</time>
      </trkpt>
      <trkpt lat="42.751059" lon="-71.039220">
        <ele>8.011924</ele>
        <time>2026-06-21T14:15:49.000Z</time>
      </trkpt>
      <trkpt lat="42.751159" lon="-71.039120">
        <ele>8.170056</ele>
        <time>2026-06-21T14:15:52.000Z</time>
      </trkpt>
      <trkpt lat="42.751251" lon="-71.039010">
        <ele>8.326100</ele>
        <time>2026-06-21T14:15:55.000Z</time>
      </trkpt>
      <trkpt lat="42.751324" lon="-71.038937">
        <ele>8.441535</ele>
        <time>2026-06-21T14:15:57.000Z</time>
      </trkpt>
      <trkpt lat="42.751401" lon="-71.038853">
        <ele>8.567285</ele>
        <time>2026-06-21T14:15:59.000Z</time>
      </trkpt>
      <trkpt lat="42.751466" lon="-71.038741">
        <ele>8.700896</ele>
        <time>2026-06-21T14:16:01.000Z</time>
      </trkpt>
      <trkpt lat="42.751544" lon="-71.038626">
        <ele>8.847418</ele>
        <time>2026-06-21T14:16:03.000Z</time>
      </trkpt>
      <trkpt lat="42.751625" lon="-71.038491">
        <ele>9.010585</ele>
        <time>2026-06-21T14:16:05.000Z</time>
      </trkpt>
      <trkpt lat="42.751706" lon="-71.038348">
        <ele>9.179616</ele>
        <time>2026-06-21T14:16:07.000Z</time>
      </trkpt>
      <trkpt lat="42.751788" lon="-71.038217">
        <ele>9.220176</ele>
        <time>2026-06-21T14:16:09.000Z</time>
      </trkpt>
      <trkpt lat="42.751866" lon="-71.038113">
        <ele>9.134659</ele>
        <time>2026-06-21T14:16:11.000Z</time>
      </trkpt>
      <trkpt lat="42.751954" lon="-71.038022">
        <ele>9.048096</ele>
        <time>2026-06-21T14:16:13.000Z</time>
      </trkpt>
      <trkpt lat="42.752057" lon="-71.037960">
        <ele>8.959875</ele>
        <time>2026-06-21T14:16:15.000Z</time>
      </trkpt>
      <trkpt lat="42.752166" lon="-71.037925">
        <ele>8.872142</ele>
        <time>2026-06-21T14:16:17.000Z</time>
      </trkpt>
      <trkpt lat="42.752277" lon="-71.037980">
        <ele>8.779606</ele>
        <time>2026-06-21T14:16:19.000Z</time>
      </trkpt>
      <trkpt lat="42.752379" lon="-71.038011">
        <ele>8.697733</ele>
        <time>2026-06-21T14:16:21.000Z</time>
      </trkpt>
      <trkpt lat="42.752472" lon="-71.038045">
        <ele>8.622297</ele>
        <time>2026-06-21T14:16:23.000Z</time>
      </trkpt>
      <trkpt lat="42.752567" lon="-71.038040">
        <ele>8.547817</ele>
        <time>2026-06-21T14:16:25.000Z</time>
      </trkpt>
      <trkpt lat="42.752680" lon="-71.038097">
        <ele>8.453415</ele>
        <time>2026-06-21T14:16:28.000Z</time>
      </trkpt>
      <trkpt lat="42.752785" lon="-71.038141">
        <ele>8.367351</ele>
        <time>2026-06-21T14:16:31.000Z</time>
      </trkpt>
      <trkpt lat="42.752898" lon="-71.038187">
        <ele>8.274956</ele>
        <time>2026-06-21T14:16:34.000Z</time>
      </trkpt>
      <trkpt lat="42.752998" lon="-71.038229">
        <ele>8.192974</ele>
        <time>2026-06-21T14:16:37.000Z</time>
      </trkpt>
      <trkpt lat="42.753095" lon="-71.038267">
        <ele>8.113902</ele>
        <time>2026-06-21T14:16:41.000Z</time>
      </trkpt>
      <trkpt lat="42.753200" lon="-71.038300">
        <ele>8.029482</ele>
        <time>2026-06-21T14:16:46.000Z</time>
      </trkpt>
      <trkpt lat="42.753170" lon="-71.038160">
        <ele>7.945588</ele>
        <time>2026-06-21T14:16:53.000Z</time>
      </trkpt>
      <trkpt lat="42.753109" lon="-71.037876">
        <ele>7.888469</ele>
        <time>2026-06-21T14:17:39.000Z</time>
      </trkpt>
      <trkpt lat="42.753089" lon="-71.037745">
        <ele>7.918151</ele>
        <time>2026-06-21T14:17:42.000Z</time>
      </trkpt>
      <trkpt lat="42.753053" lon="-71.037609">
        <ele>7.950222</ele>
        <time>2026-06-21T14:17:45.000Z</time>
      </trkpt>
      <trkpt lat="42.753023" lon="-71.037463">
        <ele>7.983854</ele>
        <time>2026-06-21T14:17:48.000Z</time>
      </trkpt>
      <trkpt lat="42.752994" lon="-71.037295">
        <ele>8.022139</ele>
        <time>2026-06-21T14:17:51.000Z</time>
      </trkpt>
      <trkpt lat="42.752963" lon="-71.037134">
        <ele>8.059062</ele>
        <time>2026-06-21T14:17:54.000Z</time>
      </trkpt>
      <trkpt lat="42.752930" lon="-71.036955">
        <ele>8.100003</ele>
        <time>2026-06-21T14:17:57.000Z</time>
      </trkpt>
      <trkpt lat="42.752889" lon="-71.036780">
        <ele>8.140753</ele>
        <time>2026-06-21T14:18:00.000Z</time>
      </trkpt>
      <trkpt lat="42.752854" lon="-71.036607">
        <ele>8.180561</ele>
        <time>2026-06-21T14:18:03.000Z</time>
      </trkpt>
      <trkpt lat="42.752828" lon="-71.036481">
        <ele>8.209595</ele>
        <time>2026-06-21T14:18:05.000Z</time>
      </trkpt>
      <trkpt lat="42.752803" lon="-71.036350">
        <ele>8.239621</ele>
        <time>2026-06-21T14:18:07.000Z</time>
      </trkpt>
      <trkpt lat="42.752776" lon="-71.036217">
        <ele>8.270233</ele>
        <time>2026-06-21T14:18:09.000Z</time>
      </trkpt>
      <trkpt lat="42.752746" lon="-71.036086">
        <ele>8.300674</ele>
        <time>2026-06-21T14:18:11.000Z</time>
      </trkpt>
      <trkpt lat="42.752721" lon="-71.035956">
        <ele>8.330485</ele>
        <time>2026-06-21T14:18:13.000Z</time>
      </trkpt>
      <trkpt lat="42.752689" lon="-71.035833">
        <ele>8.359434</ele>
        <time>2026-06-21T14:18:15.000Z</time>
      </trkpt>
      <trkpt lat="42.752659" lon="-71.035709">
        <ele>8.388396</ele>
        <time>2026-06-21T14:18:17.000Z</time>
      </trkpt>
      <trkpt lat="42.752630" lon="-71.035583">
        <ele>8.463346</ele>
        <time>2026-06-21T14:18:19.000Z</time>
      </trkpt>
      <trkpt lat="42.752594" lon="-71.035465">
        <ele>8.566489</ele>
        <time>2026-06-21T14:18:21.000Z</time>
      </trkpt>
      <trkpt lat="42.752559" lon="-71.035346">
        <ele>8.669965</ele>
        <time>2026-06-21T14:18:23.000Z</time>
      </trkpt>
      <trkpt lat="42.752530" lon="-71.035228">
        <ele>8.770407</ele>
        <time>2026-06-21T14:18:25.000Z</time>
      </trkpt>
      <trkpt lat="42.752501" lon="-71.035110">
        <ele>8.870850</ele>
        <time>2026-06-21T14:18:27.000Z</time>
      </trkpt>
      <trkpt lat="42.752459" lon="-71.035000">
        <ele>8.970928</ele>
        <time>2026-06-21T14:18:29.000Z</time>
      </trkpt>
      <trkpt lat="42.752426" lon="-71.034879">
        <ele>9.075118</ele>
        <time>2026-06-21T14:18:31.000Z</time>
      </trkpt>
      <trkpt lat="42.752378" lon="-71.034765">
        <ele>9.181194</ele>
        <time>2026-06-21T14:18:33.000Z</time>
      </trkpt>
      <trkpt lat="42.752337" lon="-71.034642">
        <ele>9.290230</ele>
        <time>2026-06-21T14:18:35.000Z</time>
      </trkpt>
      <trkpt lat="42.752296" lon="-71.034518">
        <ele>9.400002</ele>
        <time>2026-06-21T14:18:37.000Z</time>
      </trkpt>
      <trkpt lat="42.752256" lon="-71.034397">
        <ele>9.507115</ele>
        <time>2026-06-21T14:18:39.000Z</time>
      </trkpt>
      <trkpt lat="42.752210" lon="-71.034276">
        <ele>9.617100</ele>
        <time>2026-06-21T14:18:41.000Z</time>
      </trkpt>
      <trkpt lat="42.752165" lon="-71.034155">
        <ele>9.726584</ele>
        <time>2026-06-21T14:18:43.000Z</time>
      </trkpt>
      <trkpt lat="42.752115" lon="-71.034041">
        <ele>9.833770</ele>
        <time>2026-06-21T14:18:45.000Z</time>
      </trkpt>
      <trkpt lat="42.752069" lon="-71.033927">
        <ele>9.938770</ele>
        <time>2026-06-21T14:18:47.000Z</time>
      </trkpt>
      <trkpt lat="42.752022" lon="-71.033813">
        <ele>10.044303</ele>
        <time>2026-06-21T14:18:49.000Z</time>
      </trkpt>
      <trkpt lat="42.751929" lon="-71.033597">
        <ele>10.246421</ele>
        <time>2026-06-21T14:18:53.000Z</time>
      </trkpt>
      <trkpt lat="42.751854" lon="-71.033447">
        <ele>10.405786</ele>
        <time>2026-06-21T14:18:56.000Z</time>
      </trkpt>
      <trkpt lat="42.751777" lon="-71.033293">
        <ele>10.682767</ele>
        <time>2026-06-21T14:18:59.000Z</time>
      </trkpt>
      <trkpt lat="42.751703" lon="-71.033145">
        <ele>10.948958</ele>
        <time>2026-06-21T14:19:02.000Z</time>
      </trkpt>
      <trkpt lat="42.751623" lon="-71.033008">
        <ele>11.209181</ele>
        <time>2026-06-21T14:19:05.000Z</time>
      </trkpt>
      <trkpt lat="42.751551" lon="-71.032871">
        <ele>11.459644</ele>
        <time>2026-06-21T14:19:08.000Z</time>
      </trkpt>
      <trkpt lat="42.751479" lon="-71.032724">
        <ele>11.722339</ele>
        <time>2026-06-21T14:19:11.000Z</time>
      </trkpt>
      <trkpt lat="42.751399" lon="-71.032587">
        <ele>11.982562</ele>
        <time>2026-06-21T14:19:14.000Z</time>
      </trkpt>
      <trkpt lat="42.751318" lon="-71.032444">
        <ele>12.251057</ele>
        <time>2026-06-21T14:19:17.000Z</time>
      </trkpt>
      <trkpt lat="42.751229" lon="-71.032316">
        <ele>12.513126</ele>
        <time>2026-06-21T14:19:20.000Z</time>
      </trkpt>
      <trkpt lat="42.751147" lon="-71.032182">
        <ele>12.772447</ele>
        <time>2026-06-21T14:19:23.000Z</time>
      </trkpt>
      <trkpt lat="42.751082" lon="-71.032095">
        <ele>12.956966</ele>
        <time>2026-06-21T14:19:25.000Z</time>
      </trkpt>
      <trkpt lat="42.751024" lon="-71.032001">
        <ele>13.139499</ele>
        <time>2026-06-21T14:19:27.000Z</time>
      </trkpt>
      <trkpt lat="42.750958" lon="-71.031909">
        <ele>13.330712</ele>
        <time>2026-06-21T14:19:29.000Z</time>
      </trkpt>
      <trkpt lat="42.750890" lon="-71.031816">
        <ele>13.525827</ele>
        <time>2026-06-21T14:19:31.000Z</time>
      </trkpt>
      <trkpt lat="42.750820" lon="-71.031724">
        <ele>13.722785</ele>
        <time>2026-06-21T14:19:33.000Z</time>
      </trkpt>
      <trkpt lat="42.750714" lon="-71.031606">
        <ele>13.999969</ele>
        <time>2026-06-21T14:19:36.000Z</time>
      </trkpt>
      <trkpt lat="42.750617" lon="-71.031479">
        <ele>14.127033</ele>
        <time>2026-06-21T14:19:39.000Z</time>
      </trkpt>
      <trkpt lat="42.750548" lon="-71.031395">
        <ele>14.206868</ele>
        <time>2026-06-21T14:19:41.000Z</time>
      </trkpt>
      <trkpt lat="42.750476" lon="-71.031310">
        <ele>14.289064</ele>
        <time>2026-06-21T14:19:43.000Z</time>
      </trkpt>
      <trkpt lat="42.750408" lon="-71.031223">
        <ele>14.369547</ele>
        <time>2026-06-21T14:19:45.000Z</time>
      </trkpt>
      <trkpt lat="42.750338" lon="-71.031128">
        <ele>14.454794</ele>
        <time>2026-06-21T14:19:47.000Z</time>
      </trkpt>
      <trkpt lat="42.750262" lon="-71.031061">
        <ele>14.532890</ele>
        <time>2026-06-21T14:19:49.000Z</time>
      </trkpt>
      <trkpt lat="42.750154" lon="-71.030892">
        <ele>14.674800</ele>
        <time>2026-06-21T14:19:53.000Z</time>
      </trkpt>
      <trkpt lat="42.750077" lon="-71.030807">
        <ele>14.760302</ele>
        <time>2026-06-21T14:19:55.000Z</time>
      </trkpt>
      <trkpt lat="42.749967" lon="-71.030671">
        <ele>14.888461</ele>
        <time>2026-06-21T14:19:58.000Z</time>
      </trkpt>
      <trkpt lat="42.749841" lon="-71.030499">
        <ele>15.042354</ele>
        <time>2026-06-21T14:20:01.000Z</time>
      </trkpt>
      <trkpt lat="42.749767" lon="-71.030413">
        <ele>15.126271</ele>
        <time>2026-06-21T14:20:03.000Z</time>
      </trkpt>
      <trkpt lat="42.749696" lon="-71.030318">
        <ele>15.212132</ele>
        <time>2026-06-21T14:20:05.000Z</time>
      </trkpt>
      <trkpt lat="42.749621" lon="-71.030228">
        <ele>15.298361</ele>
        <time>2026-06-21T14:20:07.000Z</time>
      </trkpt>
      <trkpt lat="42.749548" lon="-71.030139">
        <ele>15.382880</ele>
        <time>2026-06-21T14:20:09.000Z</time>
      </trkpt>
      <trkpt lat="42.749478" lon="-71.030051">
        <ele>15.465058</ele>
        <time>2026-06-21T14:20:11.000Z</time>
      </trkpt>
      <trkpt lat="42.749409" lon="-71.029963">
        <ele>15.546604</ele>
        <time>2026-06-21T14:20:13.000Z</time>
      </trkpt>
      <trkpt lat="42.749337" lon="-71.029880">
        <ele>15.666597</ele>
        <time>2026-06-21T14:20:15.000Z</time>
      </trkpt>
      <trkpt lat="42.749269" lon="-71.029795">
        <ele>15.799848</ele>
        <time>2026-06-21T14:20:17.000Z</time>
      </trkpt>
      <trkpt lat="42.749170" lon="-71.029669">
        <ele>15.995467</ele>
        <time>2026-06-21T14:20:20.000Z</time>
      </trkpt>
      <trkpt lat="42.749100" lon="-71.029580">
        <ele>16.133717</ele>
        <time>2026-06-21T14:20:22.000Z</time>
      </trkpt>
      <trkpt lat="42.748960" lon="-71.029418">
        <ele>16.398933</ele>
        <time>2026-06-21T14:20:26.000Z</time>
      </trkpt>
      <trkpt lat="42.748894" lon="-71.029334">
        <ele>16.529346</ele>
        <time>2026-06-21T14:20:28.000Z</time>
      </trkpt>
      <trkpt lat="42.748827" lon="-71.029249">
        <ele>16.661538</ele>
        <time>2026-06-21T14:20:30.000Z</time>
      </trkpt>
      <trkpt lat="42.748760" lon="-71.029160">
        <ele>16.796655</ele>
        <time>2026-06-21T14:20:32.000Z</time>
      </trkpt>
      <trkpt lat="42.748687" lon="-71.029066">
        <ele>16.941692</ele>
        <time>2026-06-21T14:20:34.000Z</time>
      </trkpt>
      <trkpt lat="42.748613" lon="-71.028976">
        <ele>17.084922</ele>
        <time>2026-06-21T14:20:36.000Z</time>
      </trkpt>
      <trkpt lat="42.748543" lon="-71.028888">
        <ele>17.222452</ele>
        <time>2026-06-21T14:20:38.000Z</time>
      </trkpt>
      <trkpt lat="42.748471" lon="-71.028804">
        <ele>17.359321</ele>
        <time>2026-06-21T14:20:40.000Z</time>
      </trkpt>
      <trkpt lat="42.748400" lon="-71.028716">
        <ele>17.497915</ele>
        <time>2026-06-21T14:20:42.000Z</time>
      </trkpt>
      <trkpt lat="42.748325" lon="-71.028635">
        <ele>17.636103</ele>
        <time>2026-06-21T14:20:44.000Z</time>
      </trkpt>
      <trkpt lat="42.748259" lon="-71.028540">
        <ele>17.774741</ele>
        <time>2026-06-21T14:20:46.000Z</time>
      </trkpt>
      <trkpt lat="42.748181" lon="-71.028465">
        <ele>17.912584</ele>
        <time>2026-06-21T14:20:48.000Z</time>
      </trkpt>
      <trkpt lat="42.748046" lon="-71.028269">
        <ele>18.192282</ele>
        <time>2026-06-21T14:20:52.000Z</time>
      </trkpt>
      <trkpt lat="42.747975" lon="-71.028182">
        <ele>18.306591</ele>
        <time>2026-06-21T14:20:54.000Z</time>
      </trkpt>
      <trkpt lat="42.747905" lon="-71.028091">
        <ele>18.422412</ele>
        <time>2026-06-21T14:20:56.000Z</time>
      </trkpt>
      <trkpt lat="42.747835" lon="-71.028013">
        <ele>18.530660</ele>
        <time>2026-06-21T14:20:58.000Z</time>
      </trkpt>
      <trkpt lat="42.747762" lon="-71.027918">
        <ele>18.651505</ele>
        <time>2026-06-21T14:21:00.000Z</time>
      </trkpt>
      <trkpt lat="42.747691" lon="-71.027824">
        <ele>18.770017</ele>
        <time>2026-06-21T14:21:02.000Z</time>
      </trkpt>
      <trkpt lat="42.747617" lon="-71.027732">
        <ele>18.889938</ele>
        <time>2026-06-21T14:21:04.000Z</time>
      </trkpt>
      <trkpt lat="42.747549" lon="-71.027643">
        <ele>19.002815</ele>
        <time>2026-06-21T14:21:06.000Z</time>
      </trkpt>
      <trkpt lat="42.747479" lon="-71.027547">
        <ele>19.121713</ele>
        <time>2026-06-21T14:21:08.000Z</time>
      </trkpt>
      <trkpt lat="42.747408" lon="-71.027456">
        <ele>19.238403</ele>
        <time>2026-06-21T14:21:10.000Z</time>
      </trkpt>
      <trkpt lat="42.747345" lon="-71.027363">
        <ele>19.349603</ele>
        <time>2026-06-21T14:21:12.000Z</time>
      </trkpt>
      <trkpt lat="42.747281" lon="-71.027263">
        <ele>19.466182</ele>
        <time>2026-06-21T14:21:14.000Z</time>
      </trkpt>
      <trkpt lat="42.747214" lon="-71.027160">
        <ele>19.587113</ele>
        <time>2026-06-21T14:21:17.000Z</time>
      </trkpt>
      <trkpt lat="42.747088" lon="-71.026953">
        <ele>19.823410</ele>
        <time>2026-06-21T14:21:20.000Z</time>
      </trkpt>
      <trkpt lat="42.747029" lon="-71.026855">
        <ele>19.934784</ele>
        <time>2026-06-21T14:21:22.000Z</time>
      </trkpt>
      <trkpt lat="42.746968" lon="-71.026750">
        <ele>20.052451</ele>
        <time>2026-06-21T14:21:24.000Z</time>
      </trkpt>
      <trkpt lat="42.746904" lon="-71.026641">
        <ele>20.175104</ele>
        <time>2026-06-21T14:21:26.000Z</time>
      </trkpt>
      <trkpt lat="42.746845" lon="-71.026541">
        <ele>20.287843</ele>
        <time>2026-06-21T14:21:28.000Z</time>
      </trkpt>
      <trkpt lat="42.746786" lon="-71.026440">
        <ele>20.358430</ele>
        <time>2026-06-21T14:21:30.000Z</time>
      </trkpt>
      <trkpt lat="42.746724" lon="-71.026338">
        <ele>20.413628</ele>
        <time>2026-06-21T14:21:32.000Z</time>
      </trkpt>
      <trkpt lat="42.746664" lon="-71.026241">
        <ele>20.466498</ele>
        <time>2026-06-21T14:21:34.000Z</time>
      </trkpt>
      <trkpt lat="42.746607" lon="-71.026125">
        <ele>20.524682</ele>
        <time>2026-06-21T14:21:36.000Z</time>
      </trkpt>
      <trkpt lat="42.746533" lon="-71.025979">
        <ele>20.598635</ele>
        <time>2026-06-21T14:21:39.000Z</time>
      </trkpt>
      <trkpt lat="42.746469" lon="-71.025832">
        <ele>20.669876</ele>
        <time>2026-06-21T14:21:42.000Z</time>
      </trkpt>
      <trkpt lat="42.746410" lon="-71.025694">
        <ele>20.736444</ele>
        <time>2026-06-21T14:21:45.000Z</time>
      </trkpt>
      <trkpt lat="42.746358" lon="-71.025581">
        <ele>20.792035</ele>
        <time>2026-06-21T14:21:48.000Z</time>
      </trkpt>
      <trkpt lat="42.746318" lon="-71.025467">
        <ele>20.844705</ele>
        <time>2026-06-21T14:21:52.000Z</time>
      </trkpt>
      <trkpt lat="42.746259" lon="-71.025370">
        <ele>20.897211</ele>
        <time>2026-06-21T14:22:11.000Z</time>
      </trkpt>
      <trkpt lat="42.746212" lon="-71.025252">
        <ele>20.953172</ele>
        <time>2026-06-21T14:22:14.000Z</time>
      </trkpt>
      <trkpt lat="42.746166" lon="-71.025114">
        <ele>21.016350</ele>
        <time>2026-06-21T14:22:17.000Z</time>
      </trkpt>
      <trkpt lat="42.746124" lon="-71.024973">
        <ele>21.079781</ele>
        <time>2026-06-21T14:22:20.000Z</time>
      </trkpt>
      <trkpt lat="42.746071" lon="-71.024840">
        <ele>21.142863</ele>
        <time>2026-06-21T14:22:23.000Z</time>
      </trkpt>
      <trkpt lat="42.746017" lon="-71.024702">
        <ele>21.208050</ele>
        <time>2026-06-21T14:22:26.000Z</time>
      </trkpt>
      <trkpt lat="42.745959" lon="-71.024571">
        <ele>21.271818</ele>
        <time>2026-06-21T14:22:29.000Z</time>
      </trkpt>
      <trkpt lat="42.745896" lon="-71.024435">
        <ele>21.338851</ele>
        <time>2026-06-21T14:22:32.000Z</time>
      </trkpt>
      <trkpt lat="42.745850" lon="-71.024289">
        <ele>21.336446</ele>
        <time>2026-06-21T14:22:35.000Z</time>
      </trkpt>
      <trkpt lat="42.745782" lon="-71.024132">
        <ele>21.331288</ele>
        <time>2026-06-21T14:22:38.000Z</time>
      </trkpt>
      <trkpt lat="42.745719" lon="-71.023973">
        <ele>21.326175</ele>
        <time>2026-06-21T14:22:41.000Z</time>
      </trkpt>
      <trkpt lat="42.745671" lon="-71.023797">
        <ele>21.320862</ele>
        <time>2026-06-21T14:22:44.000Z</time>
      </trkpt>
      <trkpt lat="42.745617" lon="-71.023698">
        <ele>21.317372</ele>
        <time>2026-06-21T14:22:46.000Z</time>
      </trkpt>
      <trkpt lat="42.745558" lon="-71.023606">
        <ele>21.313916</ele>
        <time>2026-06-21T14:22:48.000Z</time>
      </trkpt>
      <trkpt lat="42.745479" lon="-71.023469">
        <ele>21.308986</ele>
        <time>2026-06-21T14:22:51.000Z</time>
      </trkpt>
      <trkpt lat="42.745416" lon="-71.023316">
        <ele>21.304022</ele>
        <time>2026-06-21T14:22:54.000Z</time>
      </trkpt>
      <trkpt lat="42.745342" lon="-71.023177">
        <ele>21.299163</ele>
        <time>2026-06-21T14:22:57.000Z</time>
      </trkpt>
      <trkpt lat="42.745290" lon="-71.023030">
        <ele>21.294546</ele>
        <time>2026-06-21T14:23:00.000Z</time>
      </trkpt>
      <trkpt lat="42.745212" lon="-71.022931">
        <ele>21.290437</ele>
        <time>2026-06-21T14:23:03.000Z</time>
      </trkpt>
      <trkpt lat="42.745120" lon="-71.022884">
        <ele>21.286650</ele>
        <time>2026-06-21T14:23:15.000Z</time>
      </trkpt>
      <trkpt lat="42.745118" lon="-71.022733">
        <ele>21.282376</ele>
        <time>2026-06-21T14:23:18.000Z</time>
      </trkpt>
      <trkpt lat="42.745148" lon="-71.022605">
        <ele>21.278574</ele>
        <time>2026-06-21T14:23:20.000Z</time>
      </trkpt>
      <trkpt lat="42.745179" lon="-71.022438">
        <ele>21.273699</ele>
        <time>2026-06-21T14:23:23.000Z</time>
      </trkpt>
      <trkpt lat="42.745113" lon="-71.022331">
        <ele>21.311377</ele>
        <time>2026-06-21T14:23:26.000Z</time>
      </trkpt>
      <trkpt lat="42.745012" lon="-71.022312">
        <ele>21.400797</ele>
        <time>2026-06-21T14:23:28.000Z</time>
      </trkpt>
      <trkpt lat="42.744907" lon="-71.022287">
        <ele>21.494280</ele>
        <time>2026-06-21T14:23:30.000Z</time>
      </trkpt>
      <trkpt lat="42.744813" lon="-71.022256">
        <ele>21.579102</ele>
        <time>2026-06-21T14:23:32.000Z</time>
      </trkpt>
      <trkpt lat="42.744700" lon="-71.022210">
        <ele>21.682538</ele>
        <time>2026-06-21T14:23:35.000Z</time>
      </trkpt>
      <trkpt lat="42.744610" lon="-71.022200">
        <ele>21.761731</ele>
        <time>2026-06-21T14:23:46.000Z</time>
      </trkpt>
      <trkpt lat="42.744567" lon="-71.022073">
        <ele>21.851802</ele>
        <time>2026-06-21T14:23:51.000Z</time>
      </trkpt>
      <trkpt lat="42.744564" lon="-71.021886">
        <ele>21.972271</ele>
        <time>2026-06-21T14:23:54.000Z</time>
      </trkpt>
      <trkpt lat="42.744479" lon="-71.021763">
        <ele>22.081050</ele>
        <time>2026-06-21T14:23:57.000Z</time>
      </trkpt>
      <trkpt lat="42.744390" lon="-71.021637">
        <ele>22.193647</ele>
        <time>2026-06-21T14:24:00.000Z</time>
      </trkpt>
      <trkpt lat="42.744329" lon="-71.021540">
        <ele>22.275897</ele>
        <time>2026-06-21T14:24:02.000Z</time>
      </trkpt>
      <trkpt lat="42.744268" lon="-71.021442">
        <ele>22.358638</ele>
        <time>2026-06-21T14:24:04.000Z</time>
      </trkpt>
      <trkpt lat="42.744168" lon="-71.021318">
        <ele>22.477254</ele>
        <time>2026-06-21T14:24:07.000Z</time>
      </trkpt>
      <trkpt lat="42.744104" lon="-71.021227">
        <ele>22.558405</ele>
        <time>2026-06-21T14:24:09.000Z</time>
      </trkpt>
      <trkpt lat="42.744042" lon="-71.021138">
        <ele>22.637415</ele>
        <time>2026-06-21T14:24:11.000Z</time>
      </trkpt>
      <trkpt lat="42.743976" lon="-71.021048">
        <ele>22.719332</ele>
        <time>2026-06-21T14:24:13.000Z</time>
      </trkpt>
      <trkpt lat="42.743915" lon="-71.020956">
        <ele>22.799164</ele>
        <time>2026-06-21T14:24:15.000Z</time>
      </trkpt>
      <trkpt lat="42.743847" lon="-71.020875">
        <ele>22.886458</ele>
        <time>2026-06-21T14:24:17.000Z</time>
      </trkpt>
      <trkpt lat="42.743781" lon="-71.020783">
        <ele>22.991940</ele>
        <time>2026-06-21T14:24:19.000Z</time>
      </trkpt>
      <trkpt lat="42.743704" lon="-71.020697">
        <ele>23.103160</ele>
        <time>2026-06-21T14:24:21.000Z</time>
      </trkpt>
      <trkpt lat="42.743633" lon="-71.020603">
        <ele>23.213755</ele>
        <time>2026-06-21T14:24:23.000Z</time>
      </trkpt>
      <trkpt lat="42.743553" lon="-71.020495">
        <ele>23.339566</ele>
        <time>2026-06-21T14:24:25.000Z</time>
      </trkpt>
      <trkpt lat="42.743485" lon="-71.020408">
        <ele>23.443771</ele>
        <time>2026-06-21T14:24:27.000Z</time>
      </trkpt>
      <trkpt lat="42.743423" lon="-71.020315">
        <ele>23.546788</ele>
        <time>2026-06-21T14:24:29.000Z</time>
      </trkpt>
      <trkpt lat="42.743361" lon="-71.020219">
        <ele>23.651639</ele>
        <time>2026-06-21T14:24:31.000Z</time>
      </trkpt>
      <trkpt lat="42.743293" lon="-71.020121">
        <ele>23.762218</ele>
        <time>2026-06-21T14:24:33.000Z</time>
      </trkpt>
      <trkpt lat="42.743217" lon="-71.020034">
        <ele>23.873104</ele>
        <time>2026-06-21T14:24:35.000Z</time>
      </trkpt>
      <trkpt lat="42.743149" lon="-71.019946">
        <ele>23.977873</ele>
        <time>2026-06-21T14:24:37.000Z</time>
      </trkpt>
      <trkpt lat="42.743079" lon="-71.019858">
        <ele>24.084272</ele>
        <time>2026-06-21T14:24:39.000Z</time>
      </trkpt>
      <trkpt lat="42.743005" lon="-71.019749">
        <ele>24.206018</ele>
        <time>2026-06-21T14:24:41.000Z</time>
      </trkpt>
      <trkpt lat="42.742926" lon="-71.019653">
        <ele>24.324270</ele>
        <time>2026-06-21T14:24:43.000Z</time>
      </trkpt>
      <trkpt lat="42.742852" lon="-71.019570">
        <ele>24.431340</ele>
        <time>2026-06-21T14:24:45.000Z</time>
      </trkpt>
      <trkpt lat="42.742785" lon="-71.019443">
        <ele>24.559593</ele>
        <time>2026-06-21T14:24:47.000Z</time>
      </trkpt>
      <trkpt lat="42.742700" lon="-71.019354">
        <ele>24.679342</ele>
        <time>2026-06-21T14:24:49.000Z</time>
      </trkpt>
      <trkpt lat="42.742635" lon="-71.019266">
        <ele>24.781709</ele>
        <time>2026-06-21T14:24:51.000Z</time>
      </trkpt>
      <trkpt lat="42.742570" lon="-71.019165">
        <ele>24.889519</ele>
        <time>2026-06-21T14:24:53.000Z</time>
      </trkpt>
      <trkpt lat="42.742490" lon="-71.019071">
        <ele>24.999475</ele>
        <time>2026-06-21T14:24:55.000Z</time>
      </trkpt>
      <trkpt lat="42.742425" lon="-71.018980">
        <ele>25.096487</ele>
        <time>2026-06-21T14:24:57.000Z</time>
      </trkpt>
      <trkpt lat="42.742352" lon="-71.018889">
        <ele>25.199476</ele>
        <time>2026-06-21T14:24:59.000Z</time>
      </trkpt>
      <trkpt lat="42.742281" lon="-71.018797">
        <ele>25.301465</ele>
        <time>2026-06-21T14:25:01.000Z</time>
      </trkpt>
      <trkpt lat="42.742216" lon="-71.018697">
        <ele>25.403520</ele>
        <time>2026-06-21T14:25:03.000Z</time>
      </trkpt>
      <trkpt lat="42.742137" lon="-71.018623">
        <ele>25.503300</ele>
        <time>2026-06-21T14:25:05.000Z</time>
      </trkpt>
      <trkpt lat="42.742069" lon="-71.018521">
        <ele>25.608577</ele>
        <time>2026-06-21T14:25:08.000Z</time>
      </trkpt>
      <trkpt lat="42.742006" lon="-71.018417">
        <ele>25.711604</ele>
        <time>2026-06-21T14:25:11.000Z</time>
      </trkpt>
      <trkpt lat="42.741914" lon="-71.018283">
        <ele>25.851789</ele>
        <time>2026-06-21T14:25:12.000Z</time>
      </trkpt>
      <trkpt lat="42.741825" lon="-71.018154">
        <ele>25.987052</ele>
        <time>2026-06-21T14:25:15.000Z</time>
      </trkpt>
      <trkpt lat="42.741749" lon="-71.018049">
        <ele>26.099717</ele>
        <time>2026-06-21T14:25:18.000Z</time>
      </trkpt>
      <trkpt lat="42.741677" lon="-71.017957">
        <ele>26.202463</ele>
        <time>2026-06-21T14:25:21.000Z</time>
      </trkpt>
      <trkpt lat="42.741575" lon="-71.017833">
        <ele>26.344751</ele>
        <time>2026-06-21T14:25:24.000Z</time>
      </trkpt>
      <trkpt lat="42.741502" lon="-71.017744">
        <ele>26.446715</ele>
        <time>2026-06-21T14:25:26.000Z</time>
      </trkpt>
      <trkpt lat="42.741425" lon="-71.017653">
        <ele>26.552811</ele>
        <time>2026-06-21T14:25:28.000Z</time>
      </trkpt>
      <trkpt lat="42.741343" lon="-71.017556">
        <ele>26.665843</ele>
        <time>2026-06-21T14:25:30.000Z</time>
      </trkpt>
      <trkpt lat="42.741276" lon="-71.017455">
        <ele>26.737111</ele>
        <time>2026-06-21T14:25:32.000Z</time>
      </trkpt>
      <trkpt lat="42.741205" lon="-71.017364">
        <ele>26.756689</ele>
        <time>2026-06-21T14:25:34.000Z</time>
      </trkpt>
      <trkpt lat="42.741137" lon="-71.017257">
        <ele>26.777555</ele>
        <time>2026-06-21T14:25:36.000Z</time>
      </trkpt>
      <trkpt lat="42.741069" lon="-71.017168">
        <ele>26.796493</ele>
        <time>2026-06-21T14:25:38.000Z</time>
      </trkpt>
      <trkpt lat="42.741001" lon="-71.017075">
        <ele>26.815845</ele>
        <time>2026-06-21T14:25:40.000Z</time>
      </trkpt>
      <trkpt lat="42.740933" lon="-71.016971">
        <ele>26.836379</ele>
        <time>2026-06-21T14:25:42.000Z</time>
      </trkpt>
      <trkpt lat="42.740857" lon="-71.016876">
        <ele>26.857094</ele>
        <time>2026-06-21T14:25:44.000Z</time>
      </trkpt>
      <trkpt lat="42.740785" lon="-71.016780">
        <ele>26.877327</ele>
        <time>2026-06-21T14:25:46.000Z</time>
      </trkpt>
      <trkpt lat="42.740708" lon="-71.016682">
        <ele>26.898490</ele>
        <time>2026-06-21T14:25:48.000Z</time>
      </trkpt>
      <trkpt lat="42.740635" lon="-71.016581">
        <ele>26.919387</ele>
        <time>2026-06-21T14:25:50.000Z</time>
      </trkpt>
      <trkpt lat="42.740563" lon="-71.016486">
        <ele>26.939518</ele>
        <time>2026-06-21T14:25:52.000Z</time>
      </trkpt>
      <trkpt lat="42.740493" lon="-71.016388">
        <ele>26.959677</ele>
        <time>2026-06-21T14:25:54.000Z</time>
      </trkpt>
      <trkpt lat="42.740417" lon="-71.016306">
        <ele>26.979147</ele>
        <time>2026-06-21T14:25:56.000Z</time>
      </trkpt>
      <trkpt lat="42.740356" lon="-71.016204">
        <ele>26.998544</ele>
        <time>2026-06-21T14:25:58.000Z</time>
      </trkpt>
      <trkpt lat="42.740278" lon="-71.016112">
        <ele>27.019264</ele>
        <time>2026-06-21T14:26:00.000Z</time>
      </trkpt>
      <trkpt lat="42.740201" lon="-71.016022">
        <ele>27.039640</ele>
        <time>2026-06-21T14:26:02.000Z</time>
      </trkpt>
      <trkpt lat="42.740134" lon="-71.015925">
        <ele>27.059276</ele>
        <time>2026-06-21T14:26:04.000Z</time>
      </trkpt>
      <trkpt lat="42.740062" lon="-71.015829">
        <ele>27.079510</ele>
        <time>2026-06-21T14:26:06.000Z</time>
      </trkpt>
      <trkpt lat="42.739988" lon="-71.015735">
        <ele>27.129641</ele>
        <time>2026-06-21T14:26:08.000Z</time>
      </trkpt>
      <trkpt lat="42.739921" lon="-71.015636">
        <ele>27.212418</ele>
        <time>2026-06-21T14:26:10.000Z</time>
      </trkpt>
      <trkpt lat="42.739845" lon="-71.015551">
        <ele>27.294759</ele>
        <time>2026-06-21T14:26:12.000Z</time>
      </trkpt>
      <trkpt lat="42.739776" lon="-71.015453">
        <ele>27.378235</ele>
        <time>2026-06-21T14:26:14.000Z</time>
      </trkpt>
      <trkpt lat="42.739706" lon="-71.015360">
        <ele>27.460116</ele>
        <time>2026-06-21T14:26:16.000Z</time>
      </trkpt>
      <trkpt lat="42.739638" lon="-71.015269">
        <ele>27.539940</ele>
        <time>2026-06-21T14:26:18.000Z</time>
      </trkpt>
      <trkpt lat="42.739569" lon="-71.015181">
        <ele>27.619091</ele>
        <time>2026-06-21T14:26:20.000Z</time>
      </trkpt>
      <trkpt lat="42.739505" lon="-71.015085">
        <ele>27.698812</ele>
        <time>2026-06-21T14:26:22.000Z</time>
      </trkpt>
      <trkpt lat="42.739433" lon="-71.014998">
        <ele>27.779405</ele>
        <time>2026-06-21T14:26:24.000Z</time>
      </trkpt>
      <trkpt lat="42.739365" lon="-71.014899">
        <ele>27.862751</ele>
        <time>2026-06-21T14:26:26.000Z</time>
      </trkpt>
      <trkpt lat="42.739295" lon="-71.014802">
        <ele>27.946369</ele>
        <time>2026-06-21T14:26:28.000Z</time>
      </trkpt>
      <trkpt lat="42.739221" lon="-71.014705">
        <ele>28.032367</ele>
        <time>2026-06-21T14:26:30.000Z</time>
      </trkpt>
      <trkpt lat="42.739143" lon="-71.014619">
        <ele>28.116395</ele>
        <time>2026-06-21T14:26:32.000Z</time>
      </trkpt>
      <trkpt lat="42.739071" lon="-71.014524">
        <ele>28.200334</ele>
        <time>2026-06-21T14:26:34.000Z</time>
      </trkpt>
      <trkpt lat="42.739001" lon="-71.014426">
        <ele>28.284391</ele>
        <time>2026-06-21T14:26:36.000Z</time>
      </trkpt>
      <trkpt lat="42.738928" lon="-71.014328">
        <ele>28.370219</ele>
        <time>2026-06-21T14:26:38.000Z</time>
      </trkpt>
      <trkpt lat="42.738855" lon="-71.014229">
        <ele>28.456479</ele>
        <time>2026-06-21T14:26:40.000Z</time>
      </trkpt>
      <trkpt lat="42.738781" lon="-71.014129">
        <ele>28.543767</ele>
        <time>2026-06-21T14:26:42.000Z</time>
      </trkpt>
      <trkpt lat="42.738707" lon="-71.014023">
        <ele>28.597150</ele>
        <time>2026-06-21T14:26:44.000Z</time>
      </trkpt>
      <trkpt lat="42.738629" lon="-71.013932">
        <ele>28.599190</ele>
        <time>2026-06-21T14:26:46.000Z</time>
      </trkpt>
      <trkpt lat="42.738558" lon="-71.013836">
        <ele>28.601176</ele>
        <time>2026-06-21T14:26:48.000Z</time>
      </trkpt>
      <trkpt lat="42.738485" lon="-71.013734">
        <ele>28.603253</ele>
        <time>2026-06-21T14:26:50.000Z</time>
      </trkpt>
      <trkpt lat="42.738412" lon="-71.013639">
        <ele>28.605259</ele>
        <time>2026-06-21T14:26:52.000Z</time>
      </trkpt>
      <trkpt lat="42.738336" lon="-71.013542">
        <ele>28.607327</ele>
        <time>2026-06-21T14:26:54.000Z</time>
      </trkpt>
      <trkpt lat="42.738263" lon="-71.013444">
        <ele>28.609363</ele>
        <time>2026-06-21T14:26:56.000Z</time>
      </trkpt>
      <trkpt lat="42.738190" lon="-71.013343">
        <ele>28.611429</ele>
        <time>2026-06-21T14:26:58.000Z</time>
      </trkpt>
      <trkpt lat="42.738116" lon="-71.013241">
        <ele>28.613520</ele>
        <time>2026-06-21T14:27:00.000Z</time>
      </trkpt>
      <trkpt lat="42.738044" lon="-71.013139">
        <ele>28.615584</ele>
        <time>2026-06-21T14:27:02.000Z</time>
      </trkpt>
      <trkpt lat="42.737972" lon="-71.013044">
        <ele>28.617574</ele>
        <time>2026-06-21T14:27:04.000Z</time>
      </trkpt>
      <trkpt lat="42.737897" lon="-71.012941">
        <ele>28.619690</ele>
        <time>2026-06-21T14:27:06.000Z</time>
      </trkpt>
      <trkpt lat="42.737816" lon="-71.012845">
        <ele>28.621822</ele>
        <time>2026-06-21T14:27:08.000Z</time>
      </trkpt>
      <trkpt lat="42.737732" lon="-71.012744">
        <ele>28.624047</ele>
        <time>2026-06-21T14:27:10.000Z</time>
      </trkpt>
      <trkpt lat="42.737658" lon="-71.012631">
        <ele>28.626255</ele>
        <time>2026-06-21T14:27:12.000Z</time>
      </trkpt>
      <trkpt lat="42.737588" lon="-71.012523">
        <ele>28.628356</ele>
        <time>2026-06-21T14:27:14.000Z</time>
      </trkpt>
      <trkpt lat="42.737508" lon="-71.012428">
        <ele>28.630464</ele>
        <time>2026-06-21T14:27:16.000Z</time>
      </trkpt>
      <trkpt lat="42.737435" lon="-71.012329">
        <ele>28.628710</ele>
        <time>2026-06-21T14:27:18.000Z</time>
      </trkpt>
      <trkpt lat="42.737359" lon="-71.012222">
        <ele>28.615386</ele>
        <time>2026-06-21T14:27:20.000Z</time>
      </trkpt>
      <trkpt lat="42.737276" lon="-71.012123">
        <ele>28.601939</ele>
        <time>2026-06-21T14:27:22.000Z</time>
      </trkpt>
      <trkpt lat="42.737202" lon="-71.012016">
        <ele>28.588784</ele>
        <time>2026-06-21T14:27:24.000Z</time>
      </trkpt>
      <trkpt lat="42.737128" lon="-71.011917">
        <ele>28.576141</ele>
        <time>2026-06-21T14:27:26.000Z</time>
      </trkpt>
      <trkpt lat="42.737048" lon="-71.011810">
        <ele>28.562475</ele>
        <time>2026-06-21T14:27:28.000Z</time>
      </trkpt>
      <trkpt lat="42.736972" lon="-71.011697">
        <ele>28.548761</ele>
        <time>2026-06-21T14:27:30.000Z</time>
      </trkpt>
      <trkpt lat="42.736891" lon="-71.011589">
        <ele>28.534945</ele>
        <time>2026-06-21T14:27:32.000Z</time>
      </trkpt>
      <trkpt lat="42.736809" lon="-71.011489">
        <ele>28.521529</ele>
        <time>2026-06-21T14:27:34.000Z</time>
      </trkpt>
      <trkpt lat="42.736734" lon="-71.011386">
        <ele>28.508547</ele>
        <time>2026-06-21T14:27:36.000Z</time>
      </trkpt>
      <trkpt lat="42.736667" lon="-71.011276">
        <ele>28.495756</ele>
        <time>2026-06-21T14:27:38.000Z</time>
      </trkpt>
      <trkpt lat="42.736589" lon="-71.011178">
        <ele>28.482822</ele>
        <time>2026-06-21T14:27:40.000Z</time>
      </trkpt>
      <trkpt lat="42.736508" lon="-71.011079">
        <ele>28.469557</ele>
        <time>2026-06-21T14:27:42.000Z</time>
      </trkpt>
      <trkpt lat="42.736432" lon="-71.010970">
        <ele>28.456104</ele>
        <time>2026-06-21T14:27:44.000Z</time>
      </trkpt>
      <trkpt lat="42.736355" lon="-71.010869">
        <ele>28.443074</ele>
        <time>2026-06-21T14:27:46.000Z</time>
      </trkpt>
      <trkpt lat="42.736282" lon="-71.010766">
        <ele>28.430263</ele>
        <time>2026-06-21T14:27:48.000Z</time>
      </trkpt>
      <trkpt lat="42.736135" lon="-71.010704">
        <ele>28.401410</ele>
        <time>2026-06-21T14:27:50.000Z</time>
      </trkpt>
      <trkpt lat="42.736093" lon="-71.010589">
        <ele>28.298953</ele>
        <time>2026-06-21T14:27:52.000Z</time>
      </trkpt>
      <trkpt lat="42.736008" lon="-71.010456">
        <ele>28.158309</ele>
        <time>2026-06-21T14:27:55.000Z</time>
      </trkpt>
      <trkpt lat="42.735943" lon="-71.010368">
        <ele>28.058748</ele>
        <time>2026-06-21T14:27:57.000Z</time>
      </trkpt>
      <trkpt lat="42.735865" lon="-71.010264">
        <ele>27.940171</ele>
        <time>2026-06-21T14:27:59.000Z</time>
      </trkpt>
      <trkpt lat="42.735787" lon="-71.010162">
        <ele>27.822704</ele>
        <time>2026-06-21T14:28:01.000Z</time>
      </trkpt>
      <trkpt lat="42.735709" lon="-71.010061">
        <ele>27.705788</ele>
        <time>2026-06-21T14:28:03.000Z</time>
      </trkpt>
      <trkpt lat="42.735627" lon="-71.009953">
        <ele>27.581872</ele>
        <time>2026-06-21T14:28:05.000Z</time>
      </trkpt>
      <trkpt lat="42.735547" lon="-71.009846">
        <ele>27.460068</ele>
        <time>2026-06-21T14:28:07.000Z</time>
      </trkpt>
      <trkpt lat="42.735469" lon="-71.009740">
        <ele>27.340368</ele>
        <time>2026-06-21T14:28:09.000Z</time>
      </trkpt>
      <trkpt lat="42.735401" lon="-71.009638">
        <ele>27.230477</ele>
        <time>2026-06-21T14:28:11.000Z</time>
      </trkpt>
      <trkpt lat="42.735332" lon="-71.009525">
        <ele>27.113246</ele>
        <time>2026-06-21T14:28:14.000Z</time>
      </trkpt>
      <trkpt lat="42.735369" lon="-71.009354">
        <ele>26.971033</ele>
        <time>2026-06-21T14:28:17.000Z</time>
      </trkpt>
      <trkpt lat="42.735272" lon="-71.009359">
        <ele>26.865603</ele>
        <time>2026-06-21T14:28:19.000Z</time>
      </trkpt>
      <trkpt lat="42.735174" lon="-71.009353">
        <ele>26.759055</ele>
        <time>2026-06-21T14:28:21.000Z</time>
      </trkpt>
      <trkpt lat="42.735066" lon="-71.009344">
        <ele>26.641533</ele>
        <time>2026-06-21T14:28:23.000Z</time>
      </trkpt>
      <trkpt lat="42.734941" lon="-71.009368">
        <ele>26.504423</ele>
        <time>2026-06-21T14:28:25.000Z</time>
      </trkpt>
      <trkpt lat="42.734811" lon="-71.009400">
        <ele>26.340173</ele>
        <time>2026-06-21T14:28:27.000Z</time>
      </trkpt>
      <trkpt lat="42.734694" lon="-71.009424">
        <ele>26.184511</ele>
        <time>2026-06-21T14:28:29.000Z</time>
      </trkpt>
      <trkpt lat="42.734579" lon="-71.009440">
        <ele>26.032431</ele>
        <time>2026-06-21T14:28:31.000Z</time>
      </trkpt>
      <trkpt lat="42.734461" lon="-71.009453">
        <ele>25.876684</ele>
        <time>2026-06-21T14:28:33.000Z</time>
      </trkpt>
      <trkpt lat="42.734337" lon="-71.009459">
        <ele>25.713447</ele>
        <time>2026-06-21T14:28:35.000Z</time>
      </trkpt>
      <trkpt lat="42.734210" lon="-71.009441">
        <ele>25.545465</ele>
        <time>2026-06-21T14:28:37.000Z</time>
      </trkpt>
      <trkpt lat="42.734092" lon="-71.009429">
        <ele>25.389792</ele>
        <time>2026-06-21T14:28:39.000Z</time>
      </trkpt>
      <trkpt lat="42.733971" lon="-71.009412">
        <ele>25.229761</ele>
        <time>2026-06-21T14:28:41.000Z</time>
      </trkpt>
      <trkpt lat="42.733853" lon="-71.009394">
        <ele>25.073550</ele>
        <time>2026-06-21T14:28:43.000Z</time>
      </trkpt>
      <trkpt lat="42.733750" lon="-71.009374">
        <ele>24.936673</ele>
        <time>2026-06-21T14:28:45.000Z</time>
      </trkpt>
      <trkpt lat="42.733650" lon="-71.009342">
        <ele>24.801528</ele>
        <time>2026-06-21T14:28:47.000Z</time>
      </trkpt>
      <trkpt lat="42.733550" lon="-71.009335">
        <ele>24.669796</ele>
        <time>2026-06-21T14:28:49.000Z</time>
      </trkpt>
      <trkpt lat="42.733435" lon="-71.009350">
        <ele>24.517810</ele>
        <time>2026-06-21T14:28:52.000Z</time>
      </trkpt>
      <trkpt lat="42.733320" lon="-71.009375">
        <ele>24.364601</ele>
        <time>2026-06-21T14:28:57.000Z</time>
      </trkpt>
      <trkpt lat="42.733221" lon="-71.009277">
        <ele>24.203568</ele>
        <time>2026-06-21T14:29:00.000Z</time>
      </trkpt>
      <trkpt lat="42.733171" lon="-71.009152">
        <ele>24.111916</ele>
        <time>2026-06-21T14:29:02.000Z</time>
      </trkpt>
      <trkpt lat="42.733117" lon="-71.009029">
        <ele>24.209516</ele>
        <time>2026-06-21T14:29:04.000Z</time>
      </trkpt>
      <trkpt lat="42.733053" lon="-71.008893">
        <ele>24.319527</ele>
        <time>2026-06-21T14:29:06.000Z</time>
      </trkpt>
      <trkpt lat="42.732989" lon="-71.008749">
        <ele>24.434164</ele>
        <time>2026-06-21T14:29:08.000Z</time>
      </trkpt>
      <trkpt lat="42.732920" lon="-71.008612">
        <ele>24.547305</ele>
        <time>2026-06-21T14:29:10.000Z</time>
      </trkpt>
      <trkpt lat="42.732852" lon="-71.008477">
        <ele>24.658798</ele>
        <time>2026-06-21T14:29:12.000Z</time>
      </trkpt>
      <trkpt lat="42.732789" lon="-71.008340">
        <ele>24.768888</ele>
        <time>2026-06-21T14:29:14.000Z</time>
      </trkpt>
      <trkpt lat="42.732723" lon="-71.008212">
        <ele>24.875407</ele>
        <time>2026-06-21T14:29:16.000Z</time>
      </trkpt>
      <trkpt lat="42.732668" lon="-71.008102">
        <ele>24.966041</ele>
        <time>2026-06-21T14:29:18.000Z</time>
      </trkpt>
      <trkpt lat="42.732614" lon="-71.007986">
        <ele>25.059581</ele>
        <time>2026-06-21T14:29:20.000Z</time>
      </trkpt>
      <trkpt lat="42.732569" lon="-71.007870">
        <ele>25.148932</ele>
        <time>2026-06-21T14:29:22.000Z</time>
      </trkpt>
      <trkpt lat="42.732515" lon="-71.007752">
        <ele>25.243626</ele>
        <time>2026-06-21T14:29:24.000Z</time>
      </trkpt>
      <trkpt lat="42.732460" lon="-71.007655">
        <ele>25.327089</ele>
        <time>2026-06-21T14:29:26.000Z</time>
      </trkpt>
      <trkpt lat="42.732399" lon="-71.007538">
        <ele>25.424813</ele>
        <time>2026-06-21T14:29:29.000Z</time>
      </trkpt>
      <trkpt lat="42.732351" lon="-71.007431">
        <ele>25.510210</ele>
        <time>2026-06-21T14:29:31.000Z</time>
      </trkpt>
      <trkpt lat="42.732304" lon="-71.007322">
        <ele>25.596298</ele>
        <time>2026-06-21T14:29:33.000Z</time>
      </trkpt>
      <trkpt lat="42.732226" lon="-71.007167">
        <ele>25.724271</ele>
        <time>2026-06-21T14:29:36.000Z</time>
      </trkpt>
      <trkpt lat="42.732161" lon="-71.006974">
        <ele>25.930450</ele>
        <time>2026-06-21T14:29:40.000Z</time>
      </trkpt>
      <trkpt lat="42.732100" lon="-71.006829">
        <ele>26.109085</ele>
        <time>2026-06-21T14:29:42.000Z</time>
      </trkpt>
      <trkpt lat="42.732044" lon="-71.006692">
        <ele>26.276694</ele>
        <time>2026-06-21T14:29:45.000Z</time>
      </trkpt>
      <trkpt lat="42.731983" lon="-71.006545">
        <ele>26.457188</ele>
        <time>2026-06-21T14:29:48.000Z</time>
      </trkpt>
      <trkpt lat="42.731917" lon="-71.006385">
        <ele>26.653361</ele>
        <time>2026-06-21T14:29:51.000Z</time>
      </trkpt>
      <trkpt lat="42.731870" lon="-71.006275">
        <ele>26.789404</ele>
        <time>2026-06-21T14:29:53.000Z</time>
      </trkpt>
      <trkpt lat="42.731819" lon="-71.006115">
        <ele>26.975863</ele>
        <time>2026-06-21T14:29:56.000Z</time>
      </trkpt>
      <trkpt lat="42.731775" lon="-71.005945">
        <ele>27.168553</ele>
        <time>2026-06-21T14:29:59.000Z</time>
      </trkpt>
      <trkpt lat="42.731737" lon="-71.005796">
        <ele>27.337169</ele>
        <time>2026-06-21T14:30:03.000Z</time>
      </trkpt>
      <trkpt lat="42.731680" lon="-71.005600">
        <ele>27.562528</ele>
        <time>2026-06-21T14:30:05.000Z</time>
      </trkpt>
      <trkpt lat="42.731636" lon="-71.005423">
        <ele>27.762292</ele>
        <time>2026-06-21T14:30:08.000Z</time>
      </trkpt>
      <trkpt lat="42.731600" lon="-71.005297">
        <ele>27.906824</ele>
        <time>2026-06-21T14:30:10.000Z</time>
      </trkpt>
      <trkpt lat="42.731560" lon="-71.005159">
        <ele>28.065424</ele>
        <time>2026-06-21T14:30:12.000Z</time>
      </trkpt>
      <trkpt lat="42.731528" lon="-71.005012">
        <ele>28.229331</ele>
        <time>2026-06-21T14:30:14.000Z</time>
      </trkpt>
      <trkpt lat="42.731501" lon="-71.004853">
        <ele>28.400676</ele>
        <time>2026-06-21T14:30:16.000Z</time>
      </trkpt>
      <trkpt lat="42.731472" lon="-71.004704">
        <ele>28.545117</ele>
        <time>2026-06-21T14:30:18.000Z</time>
      </trkpt>
      <trkpt lat="42.731442" lon="-71.004553">
        <ele>28.691699</ele>
        <time>2026-06-21T14:30:20.000Z</time>
      </trkpt>
      <trkpt lat="42.731398" lon="-71.004410">
        <ele>28.836981</ele>
        <time>2026-06-21T14:30:22.000Z</time>
      </trkpt>
      <trkpt lat="42.731364" lon="-71.004252">
        <ele>28.991261</ele>
        <time>2026-06-21T14:30:24.000Z</time>
      </trkpt>
      <trkpt lat="42.731344" lon="-71.004099">
        <ele>29.136885</ele>
        <time>2026-06-21T14:30:26.000Z</time>
      </trkpt>
      <trkpt lat="42.731331" lon="-71.003951">
        <ele>29.276560</ele>
        <time>2026-06-21T14:30:28.000Z</time>
      </trkpt>
      <trkpt lat="42.731322" lon="-71.003802">
        <ele>29.416654</ele>
        <time>2026-06-21T14:30:30.000Z</time>
      </trkpt>
      <trkpt lat="42.731322" lon="-71.003666">
        <ele>29.544096</ele>
        <time>2026-06-21T14:30:32.000Z</time>
      </trkpt>
      <trkpt lat="42.731314" lon="-71.003526">
        <ele>29.675682</ele>
        <time>2026-06-21T14:30:34.000Z</time>
      </trkpt>
      <trkpt lat="42.731322" lon="-71.003305">
        <ele>29.883026</ele>
        <time>2026-06-21T14:30:38.000Z</time>
      </trkpt>
      <trkpt lat="42.731327" lon="-71.003180">
        <ele>30.000334</ele>
        <time>2026-06-21T14:30:41.000Z</time>
      </trkpt>
      <trkpt lat="42.731342" lon="-71.003030">
        <ele>30.142191</ele>
        <time>2026-06-21T14:30:44.000Z</time>
      </trkpt>
      <trkpt lat="42.731340" lon="-71.002856">
        <ele>30.305261</ele>
        <time>2026-06-21T14:30:47.000Z</time>
      </trkpt>
      <trkpt lat="42.731332" lon="-71.002680">
        <ele>30.470501</ele>
        <time>2026-06-21T14:30:50.000Z</time>
      </trkpt>
      <trkpt lat="42.731335" lon="-71.002549">
        <ele>30.593317</ele>
        <time>2026-06-21T14:30:52.000Z</time>
      </trkpt>
      <trkpt lat="42.731337" lon="-71.002421">
        <ele>30.628100</ele>
        <time>2026-06-21T14:30:54.000Z</time>
      </trkpt>
      <trkpt lat="42.731324" lon="-71.002300">
        <ele>30.499778</ele>
        <time>2026-06-21T14:30:56.000Z</time>
      </trkpt>
      <trkpt lat="42.731315" lon="-71.002174">
        <ele>30.366937</ele>
        <time>2026-06-21T14:30:58.000Z</time>
      </trkpt>
      <trkpt lat="42.731306" lon="-71.002029">
        <ele>30.214240</ele>
        <time>2026-06-21T14:31:00.000Z</time>
      </trkpt>
      <trkpt lat="42.731297" lon="-71.001883">
        <ele>30.060497</ele>
        <time>2026-06-21T14:31:02.000Z</time>
      </trkpt>
      <trkpt lat="42.731283" lon="-71.001597">
        <ele>29.759718</ele>
        <time>2026-06-21T14:31:05.000Z</time>
      </trkpt>
      <trkpt lat="42.731272" lon="-71.001425">
        <ele>29.578548</ele>
        <time>2026-06-21T14:31:07.000Z</time>
      </trkpt>
      <trkpt lat="42.731250" lon="-71.001243">
        <ele>29.384998</ele>
        <time>2026-06-21T14:31:09.000Z</time>
      </trkpt>
      <trkpt lat="42.731226" lon="-71.001069">
        <ele>29.199220</ele>
        <time>2026-06-21T14:31:11.000Z</time>
      </trkpt>
      <trkpt lat="42.731187" lon="-71.000864">
        <ele>28.977006</ele>
        <time>2026-06-21T14:31:13.000Z</time>
      </trkpt>
      <trkpt lat="42.731137" lon="-71.000654">
        <ele>28.745356</ele>
        <time>2026-06-21T14:31:15.000Z</time>
      </trkpt>
      <trkpt lat="42.731074" lon="-71.000451">
        <ele>28.514106</ele>
        <time>2026-06-21T14:31:17.000Z</time>
      </trkpt>
      <trkpt lat="42.731013" lon="-71.000260">
        <ele>28.295555</ele>
        <time>2026-06-21T14:31:19.000Z</time>
      </trkpt>
      <trkpt lat="42.730952" lon="-71.000079">
        <ele>28.094525</ele>
        <time>2026-06-21T14:31:21.000Z</time>
      </trkpt>
      <trkpt lat="42.730899" lon="-70.999908">
        <ele>27.990543</ele>
        <time>2026-06-21T14:31:23.000Z</time>
      </trkpt>
      <trkpt lat="42.730841" lon="-70.999760">
        <ele>27.896563</ele>
        <time>2026-06-21T14:31:25.000Z</time>
      </trkpt>
      <trkpt lat="42.730819" lon="-70.999624">
        <ele>27.818543</ele>
        <time>2026-06-21T14:31:27.000Z</time>
      </trkpt>
      <trkpt lat="42.730757" lon="-70.999479">
        <ele>27.724545</ele>
        <time>2026-06-21T14:31:29.000Z</time>
      </trkpt>
      <trkpt lat="42.730711" lon="-70.999334">
        <ele>27.636056</ele>
        <time>2026-06-21T14:31:31.000Z</time>
      </trkpt>
      <trkpt lat="42.730666" lon="-70.999189">
        <ele>27.547867</ele>
        <time>2026-06-21T14:31:33.000Z</time>
      </trkpt>
      <trkpt lat="42.730627" lon="-70.999052">
        <ele>27.465550</ele>
        <time>2026-06-21T14:31:35.000Z</time>
      </trkpt>
      <trkpt lat="42.730587" lon="-70.998913">
        <ele>27.381912</ele>
        <time>2026-06-21T14:31:37.000Z</time>
      </trkpt>
      <trkpt lat="42.730539" lon="-70.998764">
        <ele>27.290759</ele>
        <time>2026-06-21T14:31:39.000Z</time>
      </trkpt>
      <trkpt lat="42.730501" lon="-70.998613">
        <ele>27.201334</ele>
        <time>2026-06-21T14:31:41.000Z</time>
      </trkpt>
      <trkpt lat="42.730458" lon="-70.998468">
        <ele>27.113727</ele>
        <time>2026-06-21T14:31:43.000Z</time>
      </trkpt>
      <trkpt lat="42.730416" lon="-70.998325">
        <ele>27.027443</ele>
        <time>2026-06-21T14:31:45.000Z</time>
      </trkpt>
      <trkpt lat="42.730369" lon="-70.998178">
        <ele>26.937622</ele>
        <time>2026-06-21T14:31:47.000Z</time>
      </trkpt>
      <trkpt lat="42.730326" lon="-70.998030">
        <ele>26.848454</ele>
        <time>2026-06-21T14:31:49.000Z</time>
      </trkpt>
      <trkpt lat="42.730279" lon="-70.997894">
        <ele>26.764248</ele>
        <time>2026-06-21T14:31:51.000Z</time>
      </trkpt>
      <trkpt lat="42.730229" lon="-70.997766">
        <ele>26.803402</ele>
        <time>2026-06-21T14:31:53.000Z</time>
      </trkpt>
      <trkpt lat="42.730180" lon="-70.997641">
        <ele>26.920060</ele>
        <time>2026-06-21T14:31:55.000Z</time>
      </trkpt>
      <trkpt lat="42.730104" lon="-70.997516">
        <ele>27.053662</ele>
        <time>2026-06-21T14:31:57.000Z</time>
      </trkpt>
      <trkpt lat="42.730038" lon="-70.997400">
        <ele>27.174471</ele>
        <time>2026-06-21T14:31:59.000Z</time>
      </trkpt>
      <trkpt lat="42.729983" lon="-70.997272">
        <ele>27.296568</ele>
        <time>2026-06-21T14:32:01.000Z</time>
      </trkpt>
      <trkpt lat="42.729875" lon="-70.997099">
        <ele>27.483502</ele>
        <time>2026-06-21T14:32:04.000Z</time>
      </trkpt>
      <trkpt lat="42.729806" lon="-70.996992">
        <ele>27.600733</ele>
        <time>2026-06-21T14:32:06.000Z</time>
      </trkpt>
      <trkpt lat="42.729731" lon="-70.996892">
        <ele>27.718404</ele>
        <time>2026-06-21T14:32:08.000Z</time>
      </trkpt>
      <trkpt lat="42.729658" lon="-70.996788">
        <ele>27.836843</ele>
        <time>2026-06-21T14:32:10.000Z</time>
      </trkpt>
      <trkpt lat="42.729596" lon="-70.996689">
        <ele>27.943960</ele>
        <time>2026-06-21T14:32:12.000Z</time>
      </trkpt>
      <trkpt lat="42.729526" lon="-70.996599">
        <ele>28.051884</ele>
        <time>2026-06-21T14:32:14.000Z</time>
      </trkpt>
      <trkpt lat="42.729444" lon="-70.996510">
        <ele>28.169433</ele>
        <time>2026-06-21T14:32:16.000Z</time>
      </trkpt>
      <trkpt lat="42.729347" lon="-70.996434">
        <ele>28.294881</ele>
        <time>2026-06-21T14:32:18.000Z</time>
      </trkpt>
      <trkpt lat="42.729258" lon="-70.996349">
        <ele>28.416742</ele>
        <time>2026-06-21T14:32:20.000Z</time>
      </trkpt>
      <trkpt lat="42.729154" lon="-70.996284">
        <ele>28.545012</ele>
        <time>2026-06-21T14:32:22.000Z</time>
      </trkpt>
      <trkpt lat="42.729046" lon="-70.996213">
        <ele>28.679445</ele>
        <time>2026-06-21T14:32:24.000Z</time>
      </trkpt>
      <trkpt lat="42.728945" lon="-70.996121">
        <ele>28.695457</ele>
        <time>2026-06-21T14:32:26.000Z</time>
      </trkpt>
      <trkpt lat="42.728834" lon="-70.996054">
        <ele>28.590303</ele>
        <time>2026-06-21T14:32:28.000Z</time>
      </trkpt>
      <trkpt lat="42.728732" lon="-70.995978">
        <ele>28.489604</ele>
        <time>2026-06-21T14:32:30.000Z</time>
      </trkpt>
      <trkpt lat="42.728632" lon="-70.995911">
        <ele>28.393081</ele>
        <time>2026-06-21T14:32:32.000Z</time>
      </trkpt>
      <trkpt lat="42.728536" lon="-70.995852">
        <ele>28.301864</ele>
        <time>2026-06-21T14:32:34.000Z</time>
      </trkpt>
      <trkpt lat="42.728437" lon="-70.995777">
        <ele>28.203746</ele>
        <time>2026-06-21T14:32:36.000Z</time>
      </trkpt>
      <trkpt lat="42.728346" lon="-70.995701">
        <ele>28.111290</ele>
        <time>2026-06-21T14:32:38.000Z</time>
      </trkpt>
      <trkpt lat="42.728256" lon="-70.995632">
        <ele>28.021838</ele>
        <time>2026-06-21T14:32:40.000Z</time>
      </trkpt>
      <trkpt lat="42.728166" lon="-70.995563">
        <ele>27.932386</ele>
        <time>2026-06-21T14:32:42.000Z</time>
      </trkpt>
      <trkpt lat="42.728079" lon="-70.995499">
        <ele>27.846745</ele>
        <time>2026-06-21T14:32:44.000Z</time>
      </trkpt>
      <trkpt lat="42.727991" lon="-70.995429">
        <ele>27.758479</ele>
        <time>2026-06-21T14:32:46.000Z</time>
      </trkpt>
      <trkpt lat="42.727910" lon="-70.995355">
        <ele>27.673999</ele>
        <time>2026-06-21T14:32:48.000Z</time>
      </trkpt>
      <trkpt lat="42.727828" lon="-70.995285">
        <ele>27.590178</ele>
        <time>2026-06-21T14:32:50.000Z</time>
      </trkpt>
      <trkpt lat="42.727732" lon="-70.995213">
        <ele>27.495258</ele>
        <time>2026-06-21T14:32:52.000Z</time>
      </trkpt>
      <trkpt lat="42.727642" lon="-70.995142">
        <ele>27.405174</ele>
        <time>2026-06-21T14:32:54.000Z</time>
      </trkpt>
      <trkpt lat="42.727545" lon="-70.995080">
        <ele>27.312372</ele>
        <time>2026-06-21T14:32:56.000Z</time>
      </trkpt>
      <trkpt lat="42.727460" lon="-70.994977">
        <ele>27.213821</ele>
        <time>2026-06-21T14:33:00.000Z</time>
      </trkpt>
      <trkpt lat="42.727270" lon="-70.994824">
        <ele>27.170036</ele>
        <time>2026-06-21T14:33:03.000Z</time>
      </trkpt>
      <trkpt lat="42.727171" lon="-70.994758">
        <ele>27.158552</ele>
        <time>2026-06-21T14:33:05.000Z</time>
      </trkpt>
      <trkpt lat="42.727072" lon="-70.994682">
        <ele>27.146711</ele>
        <time>2026-06-21T14:33:07.000Z</time>
      </trkpt>
      <trkpt lat="42.726983" lon="-70.994605">
        <ele>27.135725</ele>
        <time>2026-06-21T14:33:09.000Z</time>
      </trkpt>
      <trkpt lat="42.726891" lon="-70.994532">
        <ele>27.124632</ele>
        <time>2026-06-21T14:33:11.000Z</time>
      </trkpt>
      <trkpt lat="42.726807" lon="-70.994457">
        <ele>27.114166</ele>
        <time>2026-06-21T14:33:13.000Z</time>
      </trkpt>
      <trkpt lat="42.726719" lon="-70.994398">
        <ele>27.103947</ele>
        <time>2026-06-21T14:33:15.000Z</time>
      </trkpt>
      <trkpt lat="42.726642" lon="-70.994322">
        <ele>27.094039</ele>
        <time>2026-06-21T14:33:17.000Z</time>
      </trkpt>
      <trkpt lat="42.726558" lon="-70.994260">
        <ele>27.084084</ele>
        <time>2026-06-21T14:33:19.000Z</time>
      </trkpt>
      <trkpt lat="42.726472" lon="-70.994192">
        <ele>27.073723</ele>
        <time>2026-06-21T14:33:21.000Z</time>
      </trkpt>
      <trkpt lat="42.726395" lon="-70.994120">
        <ele>27.063992</ele>
        <time>2026-06-21T14:33:23.000Z</time>
      </trkpt>
      <trkpt lat="42.726307" lon="-70.994067">
        <ele>27.053967</ele>
        <time>2026-06-21T14:33:25.000Z</time>
      </trkpt>
      <trkpt lat="42.726211" lon="-70.993957">
        <ele>27.040894</ele>
        <time>2026-06-21T14:33:28.000Z</time>
      </trkpt>
      <trkpt lat="42.726029" lon="-70.993794">
        <ele>27.018199</ele>
        <time>2026-06-21T14:33:32.000Z</time>
      </trkpt>
      <trkpt lat="42.725944" lon="-70.993709">
        <ele>27.007211</ele>
        <time>2026-06-21T14:33:34.000Z</time>
      </trkpt>
      <trkpt lat="42.725864" lon="-70.993617">
        <ele>26.967808</ele>
        <time>2026-06-21T14:33:36.000Z</time>
      </trkpt>
      <trkpt lat="42.725791" lon="-70.993513">
        <ele>26.908630</ele>
        <time>2026-06-21T14:33:38.000Z</time>
      </trkpt>
      <trkpt lat="42.725707" lon="-70.993407">
        <ele>26.844484</ele>
        <time>2026-06-21T14:33:40.000Z</time>
      </trkpt>
      <trkpt lat="42.725630" lon="-70.993301">
        <ele>26.783154</ele>
        <time>2026-06-21T14:33:42.000Z</time>
      </trkpt>
      <trkpt lat="42.725550" lon="-70.993189">
        <ele>26.718886</ele>
        <time>2026-06-21T14:33:44.000Z</time>
      </trkpt>
      <trkpt lat="42.725468" lon="-70.993080">
        <ele>26.654700</ele>
        <time>2026-06-21T14:33:46.000Z</time>
      </trkpt>
      <trkpt lat="42.725387" lon="-70.992963">
        <ele>26.588559</ele>
        <time>2026-06-21T14:33:48.000Z</time>
      </trkpt>
      <trkpt lat="42.725300" lon="-70.992880">
        <ele>26.529061</ele>
        <time>2026-06-21T14:33:50.000Z</time>
      </trkpt>
      <trkpt lat="42.725224" lon="-70.992784">
        <ele>26.470997</ele>
        <time>2026-06-21T14:33:52.000Z</time>
      </trkpt>
      <trkpt lat="42.725145" lon="-70.992694">
        <ele>26.413305</ele>
        <time>2026-06-21T14:33:54.000Z</time>
      </trkpt>
      <trkpt lat="42.725073" lon="-70.992605">
        <ele>26.358839</ele>
        <time>2026-06-21T14:33:56.000Z</time>
      </trkpt>
      <trkpt lat="42.724914" lon="-70.992369">
        <ele>26.227097</ele>
        <time>2026-06-21T14:34:01.000Z</time>
      </trkpt>
      <trkpt lat="42.724839" lon="-70.992265">
        <ele>26.167139</ele>
        <time>2026-06-21T14:34:03.000Z</time>
      </trkpt>
      <trkpt lat="42.724772" lon="-70.992162">
        <ele>26.110539</ele>
        <time>2026-06-21T14:34:05.000Z</time>
      </trkpt>
      <trkpt lat="42.724708" lon="-70.992060">
        <ele>26.055352</ele>
        <time>2026-06-21T14:34:07.000Z</time>
      </trkpt>
      <trkpt lat="42.724639" lon="-70.991971">
        <ele>26.002117</ele>
        <time>2026-06-21T14:34:09.000Z</time>
      </trkpt>
      <trkpt lat="42.724545" lon="-70.991895">
        <ele>26.138189</ele>
        <time>2026-06-21T14:34:12.000Z</time>
      </trkpt>
      <trkpt lat="42.724412" lon="-70.991990">
        <ele>26.357887</ele>
        <time>2026-06-21T14:34:17.000Z</time>
      </trkpt>
      <trkpt lat="42.724299" lon="-70.992066">
        <ele>26.542248</ele>
        <time>2026-06-21T14:34:20.000Z</time>
      </trkpt>
      <trkpt lat="42.724218" lon="-70.992130">
        <ele>26.679241</ele>
        <time>2026-06-21T14:34:23.000Z</time>
      </trkpt>
      <trkpt lat="42.724130" lon="-70.992163">
        <ele>26.812755</ele>
        <time>2026-06-21T14:34:27.000Z</time>
      </trkpt>
      <trkpt lat="42.723920" lon="-70.992192">
        <ele>27.121503</ele>
        <time>2026-06-21T14:35:00.000Z</time>
      </trkpt>
      <trkpt lat="42.723797" lon="-70.992243">
        <ele>27.309579</ele>
        <time>2026-06-21T14:35:03.000Z</time>
      </trkpt>
      <trkpt lat="42.723678" lon="-70.992311">
        <ele>27.498358</ele>
        <time>2026-06-21T14:35:06.000Z</time>
      </trkpt>
      <trkpt lat="42.723566" lon="-70.992396">
        <ele>27.685924</ele>
        <time>2026-06-21T14:35:09.000Z</time>
      </trkpt>
      <trkpt lat="42.723489" lon="-70.992467">
        <ele>27.821961</ele>
        <time>2026-06-21T14:35:11.000Z</time>
      </trkpt>
      <trkpt lat="42.723421" lon="-70.992551">
        <ele>27.956277</ele>
        <time>2026-06-21T14:35:13.000Z</time>
      </trkpt>
      <trkpt lat="42.723326" lon="-70.992682">
        <ele>28.154078</ele>
        <time>2026-06-21T14:35:16.000Z</time>
      </trkpt>
      <trkpt lat="42.723248" lon="-70.992819">
        <ele>28.340329</ele>
        <time>2026-06-21T14:35:19.000Z</time>
      </trkpt>
      <trkpt lat="42.723175" lon="-70.992958">
        <ele>28.523937</ele>
        <time>2026-06-21T14:35:22.000Z</time>
      </trkpt>
      <trkpt lat="42.723075" lon="-70.993209">
        <ele>28.593519</ele>
        <time>2026-06-21T14:35:59.000Z</time>
      </trkpt>
      <trkpt lat="42.723041" lon="-70.993329">
        <ele>28.571264</ele>
        <time>2026-06-21T14:36:02.000Z</time>
      </trkpt>
      <trkpt lat="42.722998" lon="-70.993462">
        <ele>28.546120</ele>
        <time>2026-06-21T14:36:05.000Z</time>
      </trkpt>
      <trkpt lat="42.722963" lon="-70.993611">
        <ele>28.519052</ele>
        <time>2026-06-21T14:36:08.000Z</time>
      </trkpt>
      <trkpt lat="42.722927" lon="-70.993754">
        <ele>28.492895</ele>
        <time>2026-06-21T14:36:11.000Z</time>
      </trkpt>
      <trkpt lat="42.722893" lon="-70.993869">
        <ele>28.471445</ele>
        <time>2026-06-21T14:36:14.000Z</time>
      </trkpt>
      <trkpt lat="42.722853" lon="-70.994031">
        <ele>28.441872</ele>
        <time>2026-06-21T14:36:17.000Z</time>
      </trkpt>
      <trkpt lat="42.722823" lon="-70.994178">
        <ele>28.415472</ele>
        <time>2026-06-21T14:36:20.000Z</time>
      </trkpt>
      <trkpt lat="42.722795" lon="-70.994296">
        <ele>28.394015</ele>
        <time>2026-06-21T14:36:23.000Z</time>
      </trkpt>
      <trkpt lat="42.722756" lon="-70.994152">
        <ele>28.367458</ele>
        <time>2026-06-21T14:37:42.000Z</time>
      </trkpt>
      <trkpt lat="42.722782" lon="-70.994007">
        <ele>28.341631</ele>
        <time>2026-06-21T14:37:45.000Z</time>
      </trkpt>
      <trkpt lat="42.722833" lon="-70.993837">
        <ele>28.309857</ele>
        <time>2026-06-21T14:37:48.000Z</time>
      </trkpt>
      <trkpt lat="42.722863" lon="-70.993716">
        <ele>28.287759</ele>
        <time>2026-06-21T14:37:50.000Z</time>
      </trkpt>
      <trkpt lat="42.722891" lon="-70.993565">
        <ele>28.260811</ele>
        <time>2026-06-21T14:37:52.000Z</time>
      </trkpt>
      <trkpt lat="42.722931" lon="-70.993401">
        <ele>28.230910</ele>
        <time>2026-06-21T14:37:54.000Z</time>
      </trkpt>
      <trkpt lat="42.722974" lon="-70.993242">
        <ele>28.197531</ele>
        <time>2026-06-21T14:37:56.000Z</time>
      </trkpt>
      <trkpt lat="42.723010" lon="-70.993091">
        <ele>28.075650</ele>
        <time>2026-06-21T14:37:58.000Z</time>
      </trkpt>
      <trkpt lat="42.723036" lon="-70.992936">
        <ele>27.953587</ele>
        <time>2026-06-21T14:38:00.000Z</time>
      </trkpt>
      <trkpt lat="42.723057" lon="-70.992808">
        <ele>27.852896</ele>
        <time>2026-06-21T14:38:02.000Z</time>
      </trkpt>
      <trkpt lat="42.723056" lon="-70.992676">
        <ele>27.751548</ele>
        <time>2026-06-21T14:38:04.000Z</time>
      </trkpt>
      <trkpt lat="42.723045" lon="-70.992517">
        <ele>27.628937</ele>
        <time>2026-06-21T14:38:07.000Z</time>
      </trkpt>
      <trkpt lat="42.723008" lon="-70.992376">
        <ele>27.513987</ele>
        <time>2026-06-21T14:38:10.000Z</time>
      </trkpt>
      <trkpt lat="42.722891" lon="-70.992372">
        <ele>27.391677</ele>
        <time>2026-06-21T14:38:13.000Z</time>
      </trkpt>
      <trkpt lat="42.722792" lon="-70.992373">
        <ele>27.288214</ele>
        <time>2026-06-21T14:38:15.000Z</time>
      </trkpt>
      <trkpt lat="42.722697" lon="-70.992383">
        <ele>27.188637</ele>
        <time>2026-06-21T14:38:17.000Z</time>
      </trkpt>
      <trkpt lat="42.722591" lon="-70.992412">
        <ele>27.075646</ele>
        <time>2026-06-21T14:38:19.000Z</time>
      </trkpt>
      <trkpt lat="42.722483" lon="-70.992434">
        <ele>26.961523</ele>
        <time>2026-06-21T14:38:21.000Z</time>
      </trkpt>
      <trkpt lat="42.722381" lon="-70.992444">
        <ele>26.854651</ele>
        <time>2026-06-21T14:38:23.000Z</time>
      </trkpt>
      <trkpt lat="42.722275" lon="-70.992461">
        <ele>26.743109</ele>
        <time>2026-06-21T14:38:25.000Z</time>
      </trkpt>
      <trkpt lat="42.722170" lon="-70.992469">
        <ele>26.633207</ele>
        <time>2026-06-21T14:38:27.000Z</time>
      </trkpt>
      <trkpt lat="42.722073" lon="-70.992481">
        <ele>26.531418</ele>
        <time>2026-06-21T14:38:29.000Z</time>
      </trkpt>
      <trkpt lat="42.721955" lon="-70.992515">
        <ele>26.405369</ele>
        <time>2026-06-21T14:38:31.000Z</time>
      </trkpt>
      <trkpt lat="42.721847" lon="-70.992526">
        <ele>26.343038</ele>
        <time>2026-06-21T14:38:33.000Z</time>
      </trkpt>
      <trkpt lat="42.721644" lon="-70.992540">
        <ele>26.480134</ele>
        <time>2026-06-21T14:38:37.000Z</time>
      </trkpt>
      <trkpt lat="42.721544" lon="-70.992543">
        <ele>26.547599</ele>
        <time>2026-06-21T14:38:39.000Z</time>
      </trkpt>
      <trkpt lat="42.721440" lon="-70.992551">
        <ele>26.617858</ele>
        <time>2026-06-21T14:38:41.000Z</time>
      </trkpt>
      <trkpt lat="42.721339" lon="-70.992556">
        <ele>26.686026</ele>
        <time>2026-06-21T14:38:43.000Z</time>
      </trkpt>
      <trkpt lat="42.721235" lon="-70.992564">
        <ele>26.756284</ele>
        <time>2026-06-21T14:38:45.000Z</time>
      </trkpt>
      <trkpt lat="42.721134" lon="-70.992564">
        <ele>26.824407</ele>
        <time>2026-06-21T14:38:47.000Z</time>
      </trkpt>
      <trkpt lat="42.721041" lon="-70.992564">
        <ele>26.887134</ele>
        <time>2026-06-21T14:38:49.000Z</time>
      </trkpt>
      <trkpt lat="42.720947" lon="-70.992563">
        <ele>26.950537</ele>
        <time>2026-06-21T14:38:51.000Z</time>
      </trkpt>
      <trkpt lat="42.720856" lon="-70.992570">
        <ele>27.012014</ele>
        <time>2026-06-21T14:38:53.000Z</time>
      </trkpt>
      <trkpt lat="42.720765" lon="-70.992565">
        <ele>27.073442</ele>
        <time>2026-06-21T14:38:55.000Z</time>
      </trkpt>
      <trkpt lat="42.720673" lon="-70.992554">
        <ele>27.135733</ele>
        <time>2026-06-21T14:38:58.000Z</time>
      </trkpt>
      <trkpt lat="42.720536" lon="-70.992551">
        <ele>27.228150</ele>
        <time>2026-06-21T14:39:01.000Z</time>
      </trkpt>
      <trkpt lat="42.720403" lon="-70.992591">
        <ele>27.320020</ele>
        <time>2026-06-21T14:39:03.000Z</time>
      </trkpt>
      <trkpt lat="42.720292" lon="-70.992600">
        <ele>27.395020</ele>
        <time>2026-06-21T14:39:05.000Z</time>
      </trkpt>
      <trkpt lat="42.720187" lon="-70.992610">
        <ele>27.466014</ele>
        <time>2026-06-21T14:39:07.000Z</time>
      </trkpt>
      <trkpt lat="42.720081" lon="-70.992616">
        <ele>27.535690</ele>
        <time>2026-06-21T14:39:09.000Z</time>
      </trkpt>
      <trkpt lat="42.719971" lon="-70.992611">
        <ele>27.504250</ele>
        <time>2026-06-21T14:39:11.000Z</time>
      </trkpt>
      <trkpt lat="42.719867" lon="-70.992599">
        <ele>27.474436</ele>
        <time>2026-06-21T14:39:13.000Z</time>
      </trkpt>
      <trkpt lat="42.719763" lon="-70.992599">
        <ele>27.444727</ele>
        <time>2026-06-21T14:39:15.000Z</time>
      </trkpt>
      <trkpt lat="42.719655" lon="-70.992591">
        <ele>27.413831</ele>
        <time>2026-06-21T14:39:17.000Z</time>
      </trkpt>
      <trkpt lat="42.719545" lon="-70.992599">
        <ele>27.382364</ele>
        <time>2026-06-21T14:39:19.000Z</time>
      </trkpt>
      <trkpt lat="42.719431" lon="-70.992609">
        <ele>27.349731</ele>
        <time>2026-06-21T14:39:21.000Z</time>
      </trkpt>
      <trkpt lat="42.719313" lon="-70.992609">
        <ele>27.316024</ele>
        <time>2026-06-21T14:39:23.000Z</time>
      </trkpt>
      <trkpt lat="42.719202" lon="-70.992591">
        <ele>27.284091</ele>
        <time>2026-06-21T14:39:25.000Z</time>
      </trkpt>
      <trkpt lat="42.719087" lon="-70.992592">
        <ele>27.251240</ele>
        <time>2026-06-21T14:39:27.000Z</time>
      </trkpt>
      <trkpt lat="42.718980" lon="-70.992592">
        <ele>27.220675</ele>
        <time>2026-06-21T14:39:29.000Z</time>
      </trkpt>
      <trkpt lat="42.718870" lon="-70.992596">
        <ele>27.189241</ele>
        <time>2026-06-21T14:39:31.000Z</time>
      </trkpt>
      <trkpt lat="42.718749" lon="-70.992591">
        <ele>27.154661</ele>
        <time>2026-06-21T14:39:33.000Z</time>
      </trkpt>
      <trkpt lat="42.718626" lon="-70.992595">
        <ele>27.119515</ele>
        <time>2026-06-21T14:39:35.000Z</time>
      </trkpt>
      <trkpt lat="42.718504" lon="-70.992596">
        <ele>27.084664</ele>
        <time>2026-06-21T14:39:37.000Z</time>
      </trkpt>
      <trkpt lat="42.718383" lon="-70.992595">
        <ele>27.050099</ele>
        <time>2026-06-21T14:39:39.000Z</time>
      </trkpt>
      <trkpt lat="42.718262" lon="-70.992602">
        <ele>27.026638</ele>
        <time>2026-06-21T14:39:41.000Z</time>
      </trkpt>
      <trkpt lat="42.718149" lon="-70.992599">
        <ele>27.046070</ele>
        <time>2026-06-21T14:39:43.000Z</time>
      </trkpt>
      <trkpt lat="42.718010" lon="-70.992595">
        <ele>27.069972</ele>
        <time>2026-06-21T14:39:45.000Z</time>
      </trkpt>
      <trkpt lat="42.717893" lon="-70.992597">
        <ele>27.090089</ele>
        <time>2026-06-21T14:39:47.000Z</time>
      </trkpt>
      <trkpt lat="42.717777" lon="-70.992594">
        <ele>27.110036</ele>
        <time>2026-06-21T14:39:49.000Z</time>
      </trkpt>
      <trkpt lat="42.717664" lon="-70.992594">
        <ele>27.129463</ele>
        <time>2026-06-21T14:39:51.000Z</time>
      </trkpt>
      <trkpt lat="42.717562" lon="-70.992588">
        <ele>27.147016</ele>
        <time>2026-06-21T14:39:53.000Z</time>
      </trkpt>
      <trkpt lat="42.717445" lon="-70.992580">
        <ele>27.167156</ele>
        <time>2026-06-21T14:39:55.000Z</time>
      </trkpt>
      <trkpt lat="42.717337" lon="-70.992571">
        <ele>27.185759</ele>
        <time>2026-06-21T14:39:57.000Z</time>
      </trkpt>
      <trkpt lat="42.717229" lon="-70.992581">
        <ele>27.204369</ele>
        <time>2026-06-21T14:39:59.000Z</time>
      </trkpt>
      <trkpt lat="42.717118" lon="-70.992577">
        <ele>27.223460</ele>
        <time>2026-06-21T14:40:01.000Z</time>
      </trkpt>
      <trkpt lat="42.717009" lon="-70.992578">
        <ele>27.242200</ele>
        <time>2026-06-21T14:40:03.000Z</time>
      </trkpt>
      <trkpt lat="42.716903" lon="-70.992575">
        <ele>27.260428</ele>
        <time>2026-06-21T14:40:05.000Z</time>
      </trkpt>
      <trkpt lat="42.716798" lon="-70.992576">
        <ele>27.278480</ele>
        <time>2026-06-21T14:40:07.000Z</time>
      </trkpt>
      <trkpt lat="42.716699" lon="-70.992563">
        <ele>27.295580</ele>
        <time>2026-06-21T14:40:09.000Z</time>
      </trkpt>
      <trkpt lat="42.716602" lon="-70.992557">
        <ele>27.312273</ele>
        <time>2026-06-21T14:40:11.000Z</time>
      </trkpt>
      <trkpt lat="42.716487" lon="-70.992553">
        <ele>27.333892</ele>
        <time>2026-06-21T14:40:14.000Z</time>
      </trkpt>
      <trkpt lat="42.716353" lon="-70.992553">
        <ele>27.472570</ele>
        <time>2026-06-21T14:40:17.000Z</time>
      </trkpt>
      <trkpt lat="42.716260" lon="-70.992546">
        <ele>27.568964</ele>
        <time>2026-06-21T14:40:19.000Z</time>
      </trkpt>
      <trkpt lat="42.716166" lon="-70.992538">
        <ele>27.666436</ele>
        <time>2026-06-21T14:40:21.000Z</time>
      </trkpt>
      <trkpt lat="42.716075" lon="-70.992540">
        <ele>27.760626</ele>
        <time>2026-06-21T14:40:23.000Z</time>
      </trkpt>
      <trkpt lat="42.715932" lon="-70.992531">
        <ele>27.908776</ele>
        <time>2026-06-21T14:40:26.000Z</time>
      </trkpt>
      <trkpt lat="42.715832" lon="-70.992532">
        <ele>28.012271</ele>
        <time>2026-06-21T14:40:28.000Z</time>
      </trkpt>
      <trkpt lat="42.715712" lon="-70.992517">
        <ele>28.136983</ele>
        <time>2026-06-21T14:40:31.000Z</time>
      </trkpt>
      <trkpt lat="42.715600" lon="-70.992511">
        <ele>28.252983</ele>
        <time>2026-06-21T14:40:34.000Z</time>
      </trkpt>
      <trkpt lat="42.715484" lon="-70.992501">
        <ele>28.373273</ele>
        <time>2026-06-21T14:40:37.000Z</time>
      </trkpt>
      <trkpt lat="42.715378" lon="-70.992496">
        <ele>28.483040</ele>
        <time>2026-06-21T14:40:40.000Z</time>
      </trkpt>
      <trkpt lat="42.715254" lon="-70.992508">
        <ele>28.611693</ele>
        <time>2026-06-21T14:40:43.000Z</time>
      </trkpt>
      <trkpt lat="42.715152" lon="-70.992484">
        <ele>28.718820</ele>
        <time>2026-06-21T14:40:45.000Z</time>
      </trkpt>
      <trkpt lat="42.715030" lon="-70.992458">
        <ele>28.846618</ele>
        <time>2026-06-21T14:40:47.000Z</time>
      </trkpt>
      <trkpt lat="42.714886" lon="-70.992438">
        <ele>28.996420</ele>
        <time>2026-06-21T14:40:49.000Z</time>
      </trkpt>
      <trkpt lat="42.714782" lon="-70.992417">
        <ele>29.105229</ele>
        <time>2026-06-21T14:40:50.000Z</time>
      </trkpt>
      <trkpt lat="42.714671" lon="-70.992396">
        <ele>29.183266</ele>
        <time>2026-06-21T14:40:52.000Z</time>
      </trkpt>
      <trkpt lat="42.714508" lon="-70.992366">
        <ele>29.123513</ele>
        <time>2026-06-21T14:40:55.000Z</time>
      </trkpt>
      <trkpt lat="42.714384" lon="-70.992339">
        <ele>29.077894</ele>
        <time>2026-06-21T14:40:57.000Z</time>
      </trkpt>
      <trkpt lat="42.714275" lon="-70.992325">
        <ele>29.038121</ele>
        <time>2026-06-21T14:40:59.000Z</time>
      </trkpt>
      <trkpt lat="42.714173" lon="-70.992300">
        <ele>29.000470</ele>
        <time>2026-06-21T14:41:01.000Z</time>
      </trkpt>
      <trkpt lat="42.714067" lon="-70.992280">
        <ele>28.961595</ele>
        <time>2026-06-21T14:41:03.000Z</time>
      </trkpt>
      <trkpt lat="42.713868" lon="-70.992242">
        <ele>28.888595</ele>
        <time>2026-06-21T14:41:07.000Z</time>
      </trkpt>
      <trkpt lat="42.713766" lon="-70.992215">
        <ele>28.850846</ele>
        <time>2026-06-21T14:41:09.000Z</time>
      </trkpt>
      <trkpt lat="42.713671" lon="-70.992205">
        <ele>28.816231</ele>
        <time>2026-06-21T14:41:11.000Z</time>
      </trkpt>
      <trkpt lat="42.713572" lon="-70.992184">
        <ele>28.779833</ele>
        <time>2026-06-21T14:41:13.000Z</time>
      </trkpt>
      <trkpt lat="42.713468" lon="-70.992167">
        <ele>28.741780</ele>
        <time>2026-06-21T14:41:15.000Z</time>
      </trkpt>
      <trkpt lat="42.713368" lon="-70.992140">
        <ele>28.704745</ele>
        <time>2026-06-21T14:41:17.000Z</time>
      </trkpt>
      <trkpt lat="42.713248" lon="-70.992115">
        <ele>28.660644</ele>
        <time>2026-06-21T14:41:19.000Z</time>
      </trkpt>
      <trkpt lat="42.713139" lon="-70.992082">
        <ele>28.620079</ele>
        <time>2026-06-21T14:41:21.000Z</time>
      </trkpt>
      <trkpt lat="42.713025" lon="-70.992042">
        <ele>28.577311</ele>
        <time>2026-06-21T14:41:23.000Z</time>
      </trkpt>
      <trkpt lat="42.712912" lon="-70.992008">
        <ele>28.542294</ele>
        <time>2026-06-21T14:41:25.000Z</time>
      </trkpt>
      <trkpt lat="42.712802" lon="-70.991969">
        <ele>28.566200</ele>
        <time>2026-06-21T14:41:27.000Z</time>
      </trkpt>
      <trkpt lat="42.712677" lon="-70.992042">
        <ele>28.594807</ele>
        <time>2026-06-21T14:41:30.000Z</time>
      </trkpt>
      <trkpt lat="42.712618" lon="-70.992171">
        <ele>28.618288</ele>
        <time>2026-06-21T14:41:32.000Z</time>
      </trkpt>
      <trkpt lat="42.712518" lon="-70.992250">
        <ele>28.642605</ele>
        <time>2026-06-21T14:41:34.000Z</time>
      </trkpt>
      <trkpt lat="42.712423" lon="-70.992291">
        <ele>28.663565</ele>
        <time>2026-06-21T14:41:36.000Z</time>
      </trkpt>
      <trkpt lat="42.712315" lon="-70.992323">
        <ele>28.686811</ele>
        <time>2026-06-21T14:41:38.000Z</time>
      </trkpt>
      <trkpt lat="42.712209" lon="-70.992351">
        <ele>28.709520</ele>
        <time>2026-06-21T14:41:40.000Z</time>
      </trkpt>
      <trkpt lat="42.712107" lon="-70.992354">
        <ele>28.730977</ele>
        <time>2026-06-21T14:41:42.000Z</time>
      </trkpt>
      <trkpt lat="42.712001" lon="-70.992347">
        <ele>28.753296</ele>
        <time>2026-06-21T14:41:44.000Z</time>
      </trkpt>
      <trkpt lat="42.711900" lon="-70.992361">
        <ele>28.774648</ele>
        <time>2026-06-21T14:41:46.000Z</time>
      </trkpt>
      <trkpt lat="42.711808" lon="-70.992358">
        <ele>28.794002</ele>
        <time>2026-06-21T14:41:48.000Z</time>
      </trkpt>
      <trkpt lat="42.711708" lon="-70.992408">
        <ele>28.816407</ele>
        <time>2026-06-21T14:41:51.000Z</time>
      </trkpt>
      <trkpt lat="42.711705" lon="-70.992258">
        <ele>28.839596</ele>
        <time>2026-06-21T14:41:55.000Z</time>
      </trkpt>
      <trkpt lat="42.711808" lon="-70.992234">
        <ele>28.861573</ele>
        <time>2026-06-21T14:41:57.000Z</time>
      </trkpt>
      <trkpt lat="42.711908" lon="-70.992301">
        <ele>28.885014</ele>
        <time>2026-06-21T14:42:00.000Z</time>
      </trkpt>
      <trkpt lat="42.712025" lon="-70.992301">
        <ele>28.909621</ele>
        <time>2026-06-21T14:42:03.000Z</time>
      </trkpt>
      <trkpt lat="42.712145" lon="-70.992314">
        <ele>28.836390</ele>
        <time>2026-06-21T14:42:06.000Z</time>
      </trkpt>
      <trkpt lat="42.712283" lon="-70.992293">
        <ele>28.695749</ele>
        <time>2026-06-21T14:42:09.000Z</time>
      </trkpt>
      <trkpt lat="42.712389" lon="-70.992278">
        <ele>28.587811</ele>
        <time>2026-06-21T14:42:11.000Z</time>
      </trkpt>
      <trkpt lat="42.712483" lon="-70.992257">
        <ele>28.491331</ele>
        <time>2026-06-21T14:42:13.000Z</time>
      </trkpt>
      <trkpt lat="42.712564" lon="-70.992185">
        <ele>28.393344</ele>
        <time>2026-06-21T14:42:15.000Z</time>
      </trkpt>
      <trkpt lat="42.712655" lon="-70.992078">
        <ele>28.271543</ele>
        <time>2026-06-21T14:42:18.000Z</time>
      </trkpt>
      <trkpt lat="42.712679" lon="-70.991945">
        <ele>28.169625</ele>
        <time>2026-06-21T14:42:21.000Z</time>
      </trkpt>
      <trkpt lat="42.712589" lon="-70.991868">
        <ele>28.061955</ele>
        <time>2026-06-21T14:42:24.000Z</time>
      </trkpt>
      <trkpt lat="42.712481" lon="-70.991859">
        <ele>27.952365</ele>
        <time>2026-06-21T14:42:26.000Z</time>
      </trkpt>
      <trkpt lat="42.712364" lon="-70.991825">
        <ele>27.831193</ele>
        <time>2026-06-21T14:42:28.000Z</time>
      </trkpt>
      <trkpt lat="42.712264" lon="-70.991775">
        <ele>27.723292</ele>
        <time>2026-06-21T14:42:30.000Z</time>
      </trkpt>
      <trkpt lat="42.712164" lon="-70.991733">
        <ele>27.617296</ele>
        <time>2026-06-21T14:42:32.000Z</time>
      </trkpt>
      <trkpt lat="42.712058" lon="-70.991697">
        <ele>27.506644</ele>
        <time>2026-06-21T14:42:34.000Z</time>
      </trkpt>
      <trkpt lat="42.711968" lon="-70.991654">
        <ele>27.410035</ele>
        <time>2026-06-21T14:42:36.000Z</time>
      </trkpt>
      <trkpt lat="42.711867" lon="-70.991619">
        <ele>27.304476</ele>
        <time>2026-06-21T14:42:38.000Z</time>
      </trkpt>
      <trkpt lat="42.711736" lon="-70.991554">
        <ele>27.163253</ele>
        <time>2026-06-21T14:42:42.000Z</time>
      </trkpt>
      <trkpt lat="42.711646" lon="-70.991515">
        <ele>27.145680</ele>
        <time>2026-06-21T14:42:44.000Z</time>
      </trkpt>
      <trkpt lat="42.711547" lon="-70.991489">
        <ele>27.321521</ele>
        <time>2026-06-21T14:42:47.000Z</time>
      </trkpt>
      <trkpt lat="42.711459" lon="-70.991448">
        <ele>27.483737</ele>
        <time>2026-06-21T14:42:48.000Z</time>
      </trkpt>
      <trkpt lat="42.711341" lon="-70.991371">
        <ele>27.711961</ele>
        <time>2026-06-21T14:42:50.000Z</time>
      </trkpt>
      <trkpt lat="42.711229" lon="-70.991302">
        <ele>27.926369</ele>
        <time>2026-06-21T14:42:52.000Z</time>
      </trkpt>
      <trkpt lat="42.711126" lon="-70.991255">
        <ele>28.115828</ele>
        <time>2026-06-21T14:42:54.000Z</time>
      </trkpt>
      <trkpt lat="42.710984" lon="-70.991193">
        <ele>28.375908</ele>
        <time>2026-06-21T14:42:57.000Z</time>
      </trkpt>
      <trkpt lat="42.710895" lon="-70.991147">
        <ele>28.541940</ele>
        <time>2026-06-21T14:42:59.000Z</time>
      </trkpt>
      <trkpt lat="42.710806" lon="-70.991106">
        <ele>28.705807</ele>
        <time>2026-06-21T14:43:02.000Z</time>
      </trkpt>
      <trkpt lat="42.710708" lon="-70.991071">
        <ele>28.882505</ele>
        <time>2026-06-21T14:43:04.000Z</time>
      </trkpt>
      <trkpt lat="42.710562" lon="-70.990999">
        <ele>29.153330</ele>
        <time>2026-06-21T14:43:06.000Z</time>
      </trkpt>
      <trkpt lat="42.710469" lon="-70.990966">
        <ele>29.320943</ele>
        <time>2026-06-21T14:43:08.000Z</time>
      </trkpt>
      <trkpt lat="42.710374" lon="-70.990930">
        <ele>29.492926</ele>
        <time>2026-06-21T14:43:10.000Z</time>
      </trkpt>
      <trkpt lat="42.710287" lon="-70.990884">
        <ele>29.655702</ele>
        <time>2026-06-21T14:43:12.000Z</time>
      </trkpt>
      <trkpt lat="42.710182" lon="-70.990853">
        <ele>29.843081</ele>
        <time>2026-06-21T14:43:14.000Z</time>
      </trkpt>
      <trkpt lat="42.710080" lon="-70.990813">
        <ele>30.028206</ele>
        <time>2026-06-21T14:43:16.000Z</time>
      </trkpt>
      <trkpt lat="42.709975" lon="-70.990778">
        <ele>30.216738</ele>
        <time>2026-06-21T14:43:18.000Z</time>
      </trkpt>
      <trkpt lat="42.709861" lon="-70.990758">
        <ele>30.292882</ele>
        <time>2026-06-21T14:43:20.000Z</time>
      </trkpt>
      <trkpt lat="42.709767" lon="-70.990721">
        <ele>30.348297</ele>
        <time>2026-06-21T14:43:22.000Z</time>
      </trkpt>
      <trkpt lat="42.709678" lon="-70.990677">
        <ele>30.401921</ele>
        <time>2026-06-21T14:43:24.000Z</time>
      </trkpt>
      <trkpt lat="42.709580" lon="-70.990631">
        <ele>30.460628</ele>
        <time>2026-06-21T14:43:26.000Z</time>
      </trkpt>
      <trkpt lat="42.709463" lon="-70.990611">
        <ele>30.527407</ele>
        <time>2026-06-21T14:43:28.000Z</time>
      </trkpt>
      <trkpt lat="42.709271" lon="-70.990503">
        <ele>30.645061</ele>
        <time>2026-06-21T14:43:32.000Z</time>
      </trkpt>
      <trkpt lat="42.709172" lon="-70.990460">
        <ele>30.703912</ele>
        <time>2026-06-21T14:43:34.000Z</time>
      </trkpt>
      <trkpt lat="42.709062" lon="-70.990424">
        <ele>30.767982</ele>
        <time>2026-06-21T14:43:36.000Z</time>
      </trkpt>
      <trkpt lat="42.708954" lon="-70.990387">
        <ele>30.831052</ele>
        <time>2026-06-21T14:43:38.000Z</time>
      </trkpt>
      <trkpt lat="42.708852" lon="-70.990351">
        <ele>30.890727</ele>
        <time>2026-06-21T14:43:40.000Z</time>
      </trkpt>
      <trkpt lat="42.708746" lon="-70.990321">
        <ele>30.952041</ele>
        <time>2026-06-21T14:43:42.000Z</time>
      </trkpt>
      <trkpt lat="42.708641" lon="-70.990295">
        <ele>31.012480</ele>
        <time>2026-06-21T14:43:44.000Z</time>
      </trkpt>
      <trkpt lat="42.708534" lon="-70.990245">
        <ele>31.076548</ele>
        <time>2026-06-21T14:43:46.000Z</time>
      </trkpt>
      <trkpt lat="42.708431" lon="-70.990208">
        <ele>31.136876</ele>
        <time>2026-06-21T14:43:48.000Z</time>
      </trkpt>
      <trkpt lat="42.708322" lon="-70.990178">
        <ele>31.199853</ele>
        <time>2026-06-21T14:43:50.000Z</time>
      </trkpt>
      <trkpt lat="42.708223" lon="-70.990132">
        <ele>31.266197</ele>
        <time>2026-06-21T14:43:52.000Z</time>
      </trkpt>
      <trkpt lat="42.708124" lon="-70.990099">
        <ele>31.379293</ele>
        <time>2026-06-21T14:43:54.000Z</time>
      </trkpt>
      <trkpt lat="42.708010" lon="-70.990039">
        <ele>31.514917</ele>
        <time>2026-06-21T14:43:57.000Z</time>
      </trkpt>
      <trkpt lat="42.707917" lon="-70.990012">
        <ele>31.620431</ele>
        <time>2026-06-21T14:43:59.000Z</time>
      </trkpt>
      <trkpt lat="42.707824" lon="-70.989976">
        <ele>31.727716</ele>
        <time>2026-06-21T14:44:01.000Z</time>
      </trkpt>
      <trkpt lat="42.707717" lon="-70.989948">
        <ele>31.848617</ele>
        <time>2026-06-21T14:44:03.000Z</time>
      </trkpt>
      <trkpt lat="42.707626" lon="-70.989897">
        <ele>31.957817</ele>
        <time>2026-06-21T14:44:05.000Z</time>
      </trkpt>
      <trkpt lat="42.707529" lon="-70.989856">
        <ele>32.070519</ele>
        <time>2026-06-21T14:44:07.000Z</time>
      </trkpt>
      <trkpt lat="42.707440" lon="-70.989822">
        <ele>32.173090</ele>
        <time>2026-06-21T14:44:09.000Z</time>
      </trkpt>
      <trkpt lat="42.707350" lon="-70.989794">
        <ele>32.275529</ele>
        <time>2026-06-21T14:44:11.000Z</time>
      </trkpt>
      <trkpt lat="42.707223" lon="-70.989744">
        <ele>32.422225</ele>
        <time>2026-06-21T14:44:14.000Z</time>
      </trkpt>
      <trkpt lat="42.707095" lon="-70.989703">
        <ele>32.568134</ele>
        <time>2026-06-21T14:44:17.000Z</time>
      </trkpt>
      <trkpt lat="42.706999" lon="-70.989681">
        <ele>32.676154</ele>
        <time>2026-06-21T14:44:19.000Z</time>
      </trkpt>
      <trkpt lat="42.706902" lon="-70.989651">
        <ele>32.786529</ele>
        <time>2026-06-21T14:44:21.000Z</time>
      </trkpt>
      <trkpt lat="42.706798" lon="-70.989640">
        <ele>32.902274</ele>
        <time>2026-06-21T14:44:23.000Z</time>
      </trkpt>
      <trkpt lat="42.706702" lon="-70.989628">
        <ele>33.009243</ele>
        <time>2026-06-21T14:44:25.000Z</time>
      </trkpt>
      <trkpt lat="42.706599" lon="-70.989616">
        <ele>33.123949</ele>
        <time>2026-06-21T14:44:27.000Z</time>
      </trkpt>
      <trkpt lat="42.706509" lon="-70.989607">
        <ele>33.224081</ele>
        <time>2026-06-21T14:44:30.000Z</time>
      </trkpt>
      <trkpt lat="42.706351" lon="-70.989602">
        <ele>33.304802</ele>
        <time>2026-06-21T14:44:31.000Z</time>
      </trkpt>
      <trkpt lat="42.706244" lon="-70.989620">
        <ele>33.349942</ele>
        <time>2026-06-21T14:44:33.000Z</time>
      </trkpt>
      <trkpt lat="42.706144" lon="-70.989634">
        <ele>33.392031</ele>
        <time>2026-06-21T14:44:35.000Z</time>
      </trkpt>
      <trkpt lat="42.706046" lon="-70.989651">
        <ele>33.433394</ele>
        <time>2026-06-21T14:44:37.000Z</time>
      </trkpt>
      <trkpt lat="42.705949" lon="-70.989661">
        <ele>33.474123</ele>
        <time>2026-06-21T14:44:39.000Z</time>
      </trkpt>
      <trkpt lat="42.705850" lon="-70.989658">
        <ele>33.515583</ele>
        <time>2026-06-21T14:44:41.000Z</time>
      </trkpt>
      <trkpt lat="42.705751" lon="-70.989652">
        <ele>33.557074</ele>
        <time>2026-06-21T14:44:43.000Z</time>
      </trkpt>
      <trkpt lat="42.705653" lon="-70.989643">
        <ele>33.598198</ele>
        <time>2026-06-21T14:44:45.000Z</time>
      </trkpt>
      <trkpt lat="42.705555" lon="-70.989636">
        <ele>33.639286</ele>
        <time>2026-06-21T14:44:47.000Z</time>
      </trkpt>
      <trkpt lat="42.705465" lon="-70.989616">
        <ele>33.677466</ele>
        <time>2026-06-21T14:44:49.000Z</time>
      </trkpt>
      <trkpt lat="42.705375" lon="-70.989607">
        <ele>33.715249</ele>
        <time>2026-06-21T14:44:51.000Z</time>
      </trkpt>
      <trkpt lat="42.705283" lon="-70.989621">
        <ele>33.754008</ele>
        <time>2026-06-21T14:44:53.000Z</time>
      </trkpt>
      <trkpt lat="42.705180" lon="-70.989604">
        <ele>33.797449</ele>
        <time>2026-06-21T14:44:57.000Z</time>
      </trkpt>
      <trkpt lat="42.705072" lon="-70.989586">
        <ele>33.843005</ele>
        <time>2026-06-21T14:44:58.000Z</time>
      </trkpt>
      <trkpt lat="42.704945" lon="-70.989557">
        <ele>33.896921</ele>
        <time>2026-06-21T14:45:01.000Z</time>
      </trkpt>
      <trkpt lat="42.704856" lon="-70.989517">
        <ele>33.936163</ele>
        <time>2026-06-21T14:45:03.000Z</time>
      </trkpt>
      <trkpt lat="42.704765" lon="-70.989489">
        <ele>33.975225</ele>
        <time>2026-06-21T14:45:05.000Z</time>
      </trkpt>
      <trkpt lat="42.704665" lon="-70.989453">
        <ele>33.817425</ele>
        <time>2026-06-21T14:45:07.000Z</time>
      </trkpt>
      <trkpt lat="42.704570" lon="-70.989403">
        <ele>33.384179</ele>
        <time>2026-06-21T14:45:09.000Z</time>
      </trkpt>
      <trkpt lat="42.704466" lon="-70.989341">
        <ele>32.901236</ele>
        <time>2026-06-21T14:45:11.000Z</time>
      </trkpt>
      <trkpt lat="42.704354" lon="-70.989267">
        <ele>32.371669</ele>
        <time>2026-06-21T14:45:13.000Z</time>
      </trkpt>
      <trkpt lat="42.704241" lon="-70.989182">
        <ele>31.822488</ele>
        <time>2026-06-21T14:45:15.000Z</time>
      </trkpt>
      <trkpt lat="42.704121" lon="-70.989076">
        <ele>31.213970</ele>
        <time>2026-06-21T14:45:17.000Z</time>
      </trkpt>
      <trkpt lat="42.704012" lon="-70.988935">
        <ele>30.574295</ele>
        <time>2026-06-21T14:45:19.000Z</time>
      </trkpt>
      <trkpt lat="42.703908" lon="-70.988761">
        <ele>29.873241</ele>
        <time>2026-06-21T14:45:21.000Z</time>
      </trkpt>
      <trkpt lat="42.703805" lon="-70.988568">
        <ele>29.127682</ele>
        <time>2026-06-21T14:45:23.000Z</time>
      </trkpt>
      <trkpt lat="42.703716" lon="-70.988360">
        <ele>28.375354</ele>
        <time>2026-06-21T14:45:25.000Z</time>
      </trkpt>
      <trkpt lat="42.703679" lon="-70.988246">
        <ele>27.985816</ele>
        <time>2026-06-21T14:45:26.000Z</time>
      </trkpt>
      <trkpt lat="42.703633" lon="-70.988135">
        <ele>27.587495</ele>
        <time>2026-06-21T14:45:27.000Z</time>
      </trkpt>
      <trkpt lat="42.703592" lon="-70.988021">
        <ele>27.190778</ele>
        <time>2026-06-21T14:45:28.000Z</time>
      </trkpt>
      <trkpt lat="42.703546" lon="-70.987912">
        <ele>26.797889</ele>
        <time>2026-06-21T14:45:29.000Z</time>
      </trkpt>
      <trkpt lat="42.703507" lon="-70.987799">
        <ele>26.407668</ele>
        <time>2026-06-21T14:45:30.000Z</time>
      </trkpt>
      <trkpt lat="42.703433" lon="-70.987594">
        <ele>26.378049</ele>
        <time>2026-06-21T14:45:32.000Z</time>
      </trkpt>
      <trkpt lat="42.703367" lon="-70.987398">
        <ele>26.406725</ele>
        <time>2026-06-21T14:45:34.000Z</time>
      </trkpt>
      <trkpt lat="42.703286" lon="-70.987229">
        <ele>26.433562</ele>
        <time>2026-06-21T14:45:36.000Z</time>
      </trkpt>
      <trkpt lat="42.703195" lon="-70.987077">
        <ele>26.459640</ele>
        <time>2026-06-21T14:45:38.000Z</time>
      </trkpt>
      <trkpt lat="42.703116" lon="-70.986952">
        <ele>26.481569</ele>
        <time>2026-06-21T14:45:40.000Z</time>
      </trkpt>
      <trkpt lat="42.703034" lon="-70.986828">
        <ele>26.503757</ele>
        <time>2026-06-21T14:45:42.000Z</time>
      </trkpt>
      <trkpt lat="42.702942" lon="-70.986713">
        <ele>26.526368</ele>
        <time>2026-06-21T14:45:44.000Z</time>
      </trkpt>
      <trkpt lat="42.702843" lon="-70.986600">
        <ele>26.549756</ele>
        <time>2026-06-21T14:45:46.000Z</time>
      </trkpt>
      <trkpt lat="42.702727" lon="-70.986505">
        <ele>26.574261</ele>
        <time>2026-06-21T14:45:48.000Z</time>
      </trkpt>
      <trkpt lat="42.702608" lon="-70.986425">
        <ele>26.598285</ele>
        <time>2026-06-21T14:45:50.000Z</time>
      </trkpt>
      <trkpt lat="42.702495" lon="-70.986345">
        <ele>26.621340</ele>
        <time>2026-06-21T14:45:52.000Z</time>
      </trkpt>
      <trkpt lat="42.702380" lon="-70.986276">
        <ele>26.644089</ele>
        <time>2026-06-21T14:45:54.000Z</time>
      </trkpt>
      <trkpt lat="42.702269" lon="-70.986213">
        <ele>26.665857</ele>
        <time>2026-06-21T14:45:56.000Z</time>
      </trkpt>
      <trkpt lat="42.702158" lon="-70.986165">
        <ele>26.814515</ele>
        <time>2026-06-21T14:45:58.000Z</time>
      </trkpt>
      <trkpt lat="42.702048" lon="-70.986133">
        <ele>27.065362</ele>
        <time>2026-06-21T14:46:00.000Z</time>
      </trkpt>
      <trkpt lat="42.701935" lon="-70.986113">
        <ele>27.319479</ele>
        <time>2026-06-21T14:46:02.000Z</time>
      </trkpt>
      <trkpt lat="42.701833" lon="-70.986100">
        <ele>27.547938</ele>
        <time>2026-06-21T14:46:04.000Z</time>
      </trkpt>
      <trkpt lat="42.701732" lon="-70.986096">
        <ele>27.773267</ele>
        <time>2026-06-21T14:46:06.000Z</time>
      </trkpt>
      <trkpt lat="42.701640" lon="-70.986083">
        <ele>27.979534</ele>
        <time>2026-06-21T14:46:08.000Z</time>
      </trkpt>
      <trkpt lat="42.701527" lon="-70.986098">
        <ele>28.232724</ele>
        <time>2026-06-21T14:46:11.000Z</time>
      </trkpt>
      <trkpt lat="42.701392" lon="-70.986137">
        <ele>28.540489</ele>
        <time>2026-06-21T14:46:14.000Z</time>
      </trkpt>
      <trkpt lat="42.701299" lon="-70.986169">
        <ele>28.754410</ele>
        <time>2026-06-21T14:46:16.000Z</time>
      </trkpt>
      <trkpt lat="42.701180" lon="-70.986205">
        <ele>29.026264</ele>
        <time>2026-06-21T14:46:19.000Z</time>
      </trkpt>
      <trkpt lat="42.701085" lon="-70.986233">
        <ele>29.243030</ele>
        <time>2026-06-21T14:46:21.000Z</time>
      </trkpt>
      <trkpt lat="42.700845" lon="-70.986330">
        <ele>29.801349</ele>
        <time>2026-06-21T14:46:24.000Z</time>
      </trkpt>
      <trkpt lat="42.700746" lon="-70.986359">
        <ele>30.027180</ele>
        <time>2026-06-21T14:46:26.000Z</time>
      </trkpt>
      <trkpt lat="42.700651" lon="-70.986393">
        <ele>30.246239</ele>
        <time>2026-06-21T14:46:28.000Z</time>
      </trkpt>
      <trkpt lat="42.700560" lon="-70.986422">
        <ele>30.454663</ele>
        <time>2026-06-21T14:46:30.000Z</time>
      </trkpt>
      <trkpt lat="42.700464" lon="-70.986462">
        <ele>30.678559</ele>
        <time>2026-06-21T14:46:32.000Z</time>
      </trkpt>
      <trkpt lat="42.700366" lon="-70.986508">
        <ele>30.699392</ele>
        <time>2026-06-21T14:46:34.000Z</time>
      </trkpt>
      <trkpt lat="42.700262" lon="-70.986551">
        <ele>30.713176</ele>
        <time>2026-06-21T14:46:36.000Z</time>
      </trkpt>
      <trkpt lat="42.700164" lon="-70.986583">
        <ele>30.725957</ele>
        <time>2026-06-21T14:46:38.000Z</time>
      </trkpt>
      <trkpt lat="42.700064" lon="-70.986622">
        <ele>30.739150</ele>
        <time>2026-06-21T14:46:40.000Z</time>
      </trkpt>
      <trkpt lat="42.699945" lon="-70.986669">
        <ele>30.754864</ele>
        <time>2026-06-21T14:46:42.000Z</time>
      </trkpt>
      <trkpt lat="42.699848" lon="-70.986677">
        <ele>30.767188</ele>
        <time>2026-06-21T14:46:44.000Z</time>
      </trkpt>
      <trkpt lat="42.699730" lon="-70.986671">
        <ele>30.782163</ele>
        <time>2026-06-21T14:46:49.000Z</time>
      </trkpt>
      <trkpt lat="42.699600" lon="-70.986664">
        <ele>30.798662</ele>
        <time>2026-06-21T14:46:52.000Z</time>
      </trkpt>
      <trkpt lat="42.699390" lon="-70.986683">
        <ele>30.825353</ele>
        <time>2026-06-21T14:46:55.000Z</time>
      </trkpt>
      <trkpt lat="42.699272" lon="-70.986858">
        <ele>30.847488</ele>
        <time>2026-06-21T14:47:47.000Z</time>
      </trkpt>
      <trkpt lat="42.699177" lon="-70.986901">
        <ele>30.860184</ele>
        <time>2026-06-21T14:47:52.000Z</time>
      </trkpt>
      <trkpt lat="42.699069" lon="-70.986956">
        <ele>30.874809</ele>
        <time>2026-06-21T14:47:56.000Z</time>
      </trkpt>
      <trkpt lat="42.698949" lon="-70.987035">
        <ele>30.891714</ele>
        <time>2026-06-21T14:47:59.000Z</time>
      </trkpt>
      <trkpt lat="42.698831" lon="-70.987106">
        <ele>30.908077</ele>
        <time>2026-06-21T14:48:02.000Z</time>
      </trkpt>
      <trkpt lat="42.698714" lon="-70.987181">
        <ele>30.950132</ele>
        <time>2026-06-21T14:48:05.000Z</time>
      </trkpt>
      <trkpt lat="42.698601" lon="-70.987253">
        <ele>31.007935</ele>
        <time>2026-06-21T14:48:08.000Z</time>
      </trkpt>
      <trkpt lat="42.698486" lon="-70.987325">
        <ele>31.066578</ele>
        <time>2026-06-21T14:48:11.000Z</time>
      </trkpt>
      <trkpt lat="42.698388" lon="-70.987376">
        <ele>31.115184</ele>
        <time>2026-06-21T14:48:13.000Z</time>
      </trkpt>
      <trkpt lat="42.698177" lon="-70.987511">
        <ele>31.223198</ele>
        <time>2026-06-21T14:48:17.000Z</time>
      </trkpt>
      <trkpt lat="42.698074" lon="-70.987577">
        <ele>31.275939</ele>
        <time>2026-06-21T14:48:19.000Z</time>
      </trkpt>
      <trkpt lat="42.697980" lon="-70.987648">
        <ele>31.325745</ele>
        <time>2026-06-21T14:48:21.000Z</time>
      </trkpt>
      <trkpt lat="42.697885" lon="-70.987709">
        <ele>31.374408</ele>
        <time>2026-06-21T14:48:23.000Z</time>
      </trkpt>
      <trkpt lat="42.697792" lon="-70.987761">
        <ele>31.420987</ele>
        <time>2026-06-21T14:48:25.000Z</time>
      </trkpt>
      <trkpt lat="42.697697" lon="-70.987821">
        <ele>31.469506</ele>
        <time>2026-06-21T14:48:27.000Z</time>
      </trkpt>
      <trkpt lat="42.697613" lon="-70.987887">
        <ele>31.514441</ele>
        <time>2026-06-21T14:48:29.000Z</time>
      </trkpt>
      <trkpt lat="42.697533" lon="-70.987945">
        <ele>31.556434</ele>
        <time>2026-06-21T14:48:31.000Z</time>
      </trkpt>
      <trkpt lat="42.697454" lon="-70.988003">
        <ele>31.598019</ele>
        <time>2026-06-21T14:48:33.000Z</time>
      </trkpt>
      <trkpt lat="42.697367" lon="-70.988056">
        <ele>31.642177</ele>
        <time>2026-06-21T14:48:35.000Z</time>
      </trkpt>
      <trkpt lat="42.697277" lon="-70.988108">
        <ele>31.687473</ele>
        <time>2026-06-21T14:48:37.000Z</time>
      </trkpt>
      <trkpt lat="42.697177" lon="-70.988166">
        <ele>31.737832</ele>
        <time>2026-06-21T14:48:40.000Z</time>
      </trkpt>
      <trkpt lat="42.697062" lon="-70.988247">
        <ele>32.049398</ele>
        <time>2026-06-21T14:48:42.000Z</time>
      </trkpt>
      <trkpt lat="42.696956" lon="-70.988302">
        <ele>32.367533</ele>
        <time>2026-06-21T14:48:46.000Z</time>
      </trkpt>
      <trkpt lat="42.696862" lon="-70.988365">
        <ele>32.661380</ele>
        <time>2026-06-21T14:48:49.000Z</time>
      </trkpt>
      <trkpt lat="42.696755" lon="-70.988423">
        <ele>32.984374</ele>
        <time>2026-06-21T14:48:52.000Z</time>
      </trkpt>
      <trkpt lat="42.696671" lon="-70.988472">
        <ele>33.240670</ele>
        <time>2026-06-21T14:48:55.000Z</time>
      </trkpt>
      <trkpt lat="42.696580" lon="-70.988522">
        <ele>33.515883</ele>
        <time>2026-06-21T14:48:57.000Z</time>
      </trkpt>
      <trkpt lat="42.696493" lon="-70.988584">
        <ele>33.791295</ele>
        <time>2026-06-21T14:48:59.000Z</time>
      </trkpt>
      <trkpt lat="42.696408" lon="-70.988643">
        <ele>34.058885</ele>
        <time>2026-06-21T14:49:01.000Z</time>
      </trkpt>
      <trkpt lat="42.696311" lon="-70.988699">
        <ele>34.354375</ele>
        <time>2026-06-21T14:49:03.000Z</time>
      </trkpt>
      <trkpt lat="42.696228" lon="-70.988787">
        <ele>34.649453</ele>
        <time>2026-06-21T14:49:05.000Z</time>
      </trkpt>
      <trkpt lat="42.696140" lon="-70.988868">
        <ele>34.947395</ele>
        <time>2026-06-21T14:49:07.000Z</time>
      </trkpt>
      <trkpt lat="42.696046" lon="-70.988936">
        <ele>35.245940</ele>
        <time>2026-06-21T14:49:09.000Z</time>
      </trkpt>
      <trkpt lat="42.695930" lon="-70.988995">
        <ele>35.593223</ele>
        <time>2026-06-21T14:49:11.000Z</time>
      </trkpt>
      <trkpt lat="42.695811" lon="-70.989069">
        <ele>35.960136</ele>
        <time>2026-06-21T14:49:13.000Z</time>
      </trkpt>
      <trkpt lat="42.695714" lon="-70.989131">
        <ele>36.260672</ele>
        <time>2026-06-21T14:49:15.000Z</time>
      </trkpt>
      <trkpt lat="42.695618" lon="-70.989189">
        <ele>36.555231</ele>
        <time>2026-06-21T14:49:17.000Z</time>
      </trkpt>
      <trkpt lat="42.695520" lon="-70.989251">
        <ele>36.748836</ele>
        <time>2026-06-21T14:49:19.000Z</time>
      </trkpt>
      <trkpt lat="42.695405" lon="-70.989311">
        <ele>36.524355</ele>
        <time>2026-06-21T14:49:21.000Z</time>
      </trkpt>
      <trkpt lat="42.695251" lon="-70.989394">
        <ele>36.222455</ele>
        <time>2026-06-21T14:49:23.000Z</time>
      </trkpt>
      <trkpt lat="42.695110" lon="-70.989458">
        <ele>35.951545</ele>
        <time>2026-06-21T14:49:25.000Z</time>
      </trkpt>
      <trkpt lat="42.694972" lon="-70.989516">
        <ele>35.688299</ele>
        <time>2026-06-21T14:49:27.000Z</time>
      </trkpt>
      <trkpt lat="42.694851" lon="-70.989592">
        <ele>35.445400</ele>
        <time>2026-06-21T14:49:29.000Z</time>
      </trkpt>
      <trkpt lat="42.694745" lon="-70.989670">
        <ele>35.225759</ele>
        <time>2026-06-21T14:49:31.000Z</time>
      </trkpt>
      <trkpt lat="42.694641" lon="-70.989737">
        <ele>35.016034</ele>
        <time>2026-06-21T14:49:33.000Z</time>
      </trkpt>
      <trkpt lat="42.694550" lon="-70.989781">
        <ele>34.840015</ele>
        <time>2026-06-21T14:49:35.000Z</time>
      </trkpt>
      <trkpt lat="42.694459" lon="-70.989840">
        <ele>34.656290</ele>
        <time>2026-06-21T14:49:37.000Z</time>
      </trkpt>
      <trkpt lat="42.694368" lon="-70.989902">
        <ele>34.470800</ele>
        <time>2026-06-21T14:49:39.000Z</time>
      </trkpt>
      <trkpt lat="42.694277" lon="-70.989949">
        <ele>34.293395</ele>
        <time>2026-06-21T14:49:41.000Z</time>
      </trkpt>
      <trkpt lat="42.694190" lon="-70.989999">
        <ele>34.121263</ele>
        <time>2026-06-21T14:49:43.000Z</time>
      </trkpt>
      <trkpt lat="42.694102" lon="-70.990066">
        <ele>33.937469</ele>
        <time>2026-06-21T14:49:45.000Z</time>
      </trkpt>
      <trkpt lat="42.694004" lon="-70.990121">
        <ele>33.744255</ele>
        <time>2026-06-21T14:49:47.000Z</time>
      </trkpt>
      <trkpt lat="42.693908" lon="-70.990186">
        <ele>33.548817</ele>
        <time>2026-06-21T14:49:51.000Z</time>
      </trkpt>
      <trkpt lat="42.693810" lon="-70.990238">
        <ele>33.623606</ele>
        <time>2026-06-21T14:49:54.000Z</time>
      </trkpt>
      <trkpt lat="42.693716" lon="-70.990288">
        <ele>33.752613</ele>
        <time>2026-06-21T14:49:57.000Z</time>
      </trkpt>
      <trkpt lat="42.693640" lon="-70.990376">
        <ele>33.880173</ele>
        <time>2026-06-21T14:50:00.000Z</time>
      </trkpt>
      <trkpt lat="42.693540" lon="-70.990449">
        <ele>34.025230</ele>
        <time>2026-06-21T14:50:04.000Z</time>
      </trkpt>
      <trkpt lat="42.692953" lon="-70.990751">
        <ele>34.827387</ele>
        <time>2026-06-21T14:50:08.000Z</time>
      </trkpt>
      <trkpt lat="42.692852" lon="-70.990810">
        <ele>34.967882</ele>
        <time>2026-06-21T14:50:10.000Z</time>
      </trkpt>
      <trkpt lat="42.692756" lon="-70.990878">
        <ele>35.106224</ele>
        <time>2026-06-21T14:50:12.000Z</time>
      </trkpt>
      <trkpt lat="42.692654" lon="-70.990929">
        <ele>35.245126</ele>
        <time>2026-06-21T14:50:14.000Z</time>
      </trkpt>
      <trkpt lat="42.692555" lon="-70.990992">
        <ele>35.384826</ele>
        <time>2026-06-21T14:50:16.000Z</time>
      </trkpt>
      <trkpt lat="42.692456" lon="-70.991042">
        <ele>35.519805</ele>
        <time>2026-06-21T14:50:18.000Z</time>
      </trkpt>
      <trkpt lat="42.692332" lon="-70.991105">
        <ele>35.688993</ele>
        <time>2026-06-21T14:50:21.000Z</time>
      </trkpt>
      <trkpt lat="42.692211" lon="-70.991175">
        <ele>35.774291</ele>
        <time>2026-06-21T14:50:24.000Z</time>
      </trkpt>
      <trkpt lat="42.692120" lon="-70.991207">
        <ele>35.669858</ele>
        <time>2026-06-21T14:50:27.000Z</time>
      </trkpt>
      <trkpt lat="42.691989" lon="-70.991217">
        <ele>35.524075</ele>
        <time>2026-06-21T14:50:33.000Z</time>
      </trkpt>
      <trkpt lat="42.691894" lon="-70.991199">
        <ele>35.417502</ele>
        <time>2026-06-21T14:50:36.000Z</time>
      </trkpt>
      <trkpt lat="42.691824" lon="-70.991119">
        <ele>35.315926</ele>
        <time>2026-06-21T14:50:38.000Z</time>
      </trkpt>
      <trkpt lat="42.691765" lon="-70.991024">
        <ele>35.214354</ele>
        <time>2026-06-21T14:50:41.000Z</time>
      </trkpt>
      <trkpt lat="42.691611" lon="-70.990730">
        <ele>34.919520</ele>
        <time>2026-06-21T14:50:45.000Z</time>
      </trkpt>
      <trkpt lat="42.691564" lon="-70.990574">
        <ele>34.781831</ele>
        <time>2026-06-21T14:50:47.000Z</time>
      </trkpt>
      <trkpt lat="42.691494" lon="-70.990413">
        <ele>34.629065</ele>
        <time>2026-06-21T14:50:49.000Z</time>
      </trkpt>
      <trkpt lat="42.691420" lon="-70.990287">
        <ele>34.497349</ele>
        <time>2026-06-21T14:50:51.000Z</time>
      </trkpt>
      <trkpt lat="42.691351" lon="-70.990180">
        <ele>34.381100</ele>
        <time>2026-06-21T14:50:53.000Z</time>
      </trkpt>
      <trkpt lat="42.691284" lon="-70.990079">
        <ele>34.269990</ele>
        <time>2026-06-21T14:50:55.000Z</time>
      </trkpt>
      <trkpt lat="42.691202" lon="-70.990004">
        <ele>34.160205</ele>
        <time>2026-06-21T14:50:57.000Z</time>
      </trkpt>
      <trkpt lat="42.691087" lon="-70.989908">
        <ele>34.010293</ele>
        <time>2026-06-21T14:51:00.000Z</time>
      </trkpt>
      <trkpt lat="42.690978" lon="-70.989811">
        <ele>33.865575</ele>
        <time>2026-06-21T14:51:03.000Z</time>
      </trkpt>
      <trkpt lat="42.690876" lon="-70.989766">
        <ele>33.876207</ele>
        <time>2026-06-21T14:51:07.000Z</time>
      </trkpt>
      <trkpt lat="42.690769" lon="-70.989723">
        <ele>33.989267</ele>
        <time>2026-06-21T14:51:11.000Z</time>
      </trkpt>
      <trkpt lat="42.690683" lon="-70.989685">
        <ele>34.080897</ele>
        <time>2026-06-21T14:51:14.000Z</time>
      </trkpt>
      <trkpt lat="42.690575" lon="-70.989619">
        <ele>34.200873</ele>
        <time>2026-06-21T14:51:17.000Z</time>
      </trkpt>
      <trkpt lat="42.690474" lon="-70.989568">
        <ele>34.310043</ele>
        <time>2026-06-21T14:51:19.000Z</time>
      </trkpt>
      <trkpt lat="42.690363" lon="-70.989547">
        <ele>34.423608</ele>
        <time>2026-06-21T14:51:20.000Z</time>
      </trkpt>
      <trkpt lat="42.690262" lon="-70.989515">
        <ele>34.528695</ele>
        <time>2026-06-21T14:51:21.000Z</time>
      </trkpt>
      <trkpt lat="42.690164" lon="-70.989501">
        <ele>34.628550</ele>
        <time>2026-06-21T14:51:22.000Z</time>
      </trkpt>
      <trkpt lat="42.690068" lon="-70.989501">
        <ele>34.725832</ele>
        <time>2026-06-21T14:51:23.000Z</time>
      </trkpt>
      <trkpt lat="42.689902" lon="-70.989498">
        <ele>34.894063</ele>
        <time>2026-06-21T14:51:25.000Z</time>
      </trkpt>
      <trkpt lat="42.689734" lon="-70.989487">
        <ele>35.064503</ele>
        <time>2026-06-21T14:51:27.000Z</time>
      </trkpt>
      <trkpt lat="42.689595" lon="-70.989485">
        <ele>35.205367</ele>
        <time>2026-06-21T14:51:29.000Z</time>
      </trkpt>
      <trkpt lat="42.689468" lon="-70.989488">
        <ele>35.334082</ele>
        <time>2026-06-21T14:51:31.000Z</time>
      </trkpt>
      <trkpt lat="42.689358" lon="-70.989508">
        <ele>35.446542</ele>
        <time>2026-06-21T14:51:33.000Z</time>
      </trkpt>
      <trkpt lat="42.689262" lon="-70.989542">
        <ele>35.547066</ele>
        <time>2026-06-21T14:51:35.000Z</time>
      </trkpt>
      <trkpt lat="42.689164" lon="-70.989591">
        <ele>35.613492</ele>
        <time>2026-06-21T14:51:37.000Z</time>
      </trkpt>
      <trkpt lat="42.688950" lon="-70.989664">
        <ele>35.283513</ele>
        <time>2026-06-21T14:51:40.000Z</time>
      </trkpt>
      <trkpt lat="42.688802" lon="-70.989750">
        <ele>35.042809</ele>
        <time>2026-06-21T14:51:42.000Z</time>
      </trkpt>
      <trkpt lat="42.688673" lon="-70.989838">
        <ele>34.826972</ele>
        <time>2026-06-21T14:51:44.000Z</time>
      </trkpt>
      <trkpt lat="42.688567" lon="-70.989905">
        <ele>34.652157</ele>
        <time>2026-06-21T14:51:46.000Z</time>
      </trkpt>
      <trkpt lat="42.688494" lon="-70.989992">
        <ele>34.507005</ele>
        <time>2026-06-21T14:51:48.000Z</time>
      </trkpt>
      <trkpt lat="42.688401" lon="-70.990061">
        <ele>34.348568</ele>
        <time>2026-06-21T14:51:50.000Z</time>
      </trkpt>
      <trkpt lat="42.688299" lon="-70.990153">
        <ele>34.165528</ele>
        <time>2026-06-21T14:51:52.000Z</time>
      </trkpt>
      <trkpt lat="42.688202" lon="-70.990249">
        <ele>33.986121</ele>
        <time>2026-06-21T14:51:54.000Z</time>
      </trkpt>
      <trkpt lat="42.688093" lon="-70.990317">
        <ele>33.806770</ele>
        <time>2026-06-21T14:51:56.000Z</time>
      </trkpt>
      <trkpt lat="42.687998" lon="-70.990417">
        <ele>33.627116</ele>
        <time>2026-06-21T14:51:58.000Z</time>
      </trkpt>
      <trkpt lat="42.687891" lon="-70.990481">
        <ele>33.452296</ele>
        <time>2026-06-21T14:52:00.000Z</time>
      </trkpt>
      <trkpt lat="42.687787" lon="-70.990558">
        <ele>33.275204</ele>
        <time>2026-06-21T14:52:02.000Z</time>
      </trkpt>
      <trkpt lat="42.687668" lon="-70.990594">
        <ele>33.092873</ele>
        <time>2026-06-21T14:52:04.000Z</time>
      </trkpt>
      <trkpt lat="42.687559" lon="-70.990644">
        <ele>32.939752</ele>
        <time>2026-06-21T14:52:06.000Z</time>
      </trkpt>
      <trkpt lat="42.687435" lon="-70.990702">
        <ele>32.886484</ele>
        <time>2026-06-21T14:52:08.000Z</time>
      </trkpt>
      <trkpt lat="42.687325" lon="-70.990777">
        <ele>32.836499</ele>
        <time>2026-06-21T14:52:10.000Z</time>
      </trkpt>
      <trkpt lat="42.687216" lon="-70.990835">
        <ele>32.788952</ele>
        <time>2026-06-21T14:52:12.000Z</time>
      </trkpt>
      <trkpt lat="42.687115" lon="-70.990892">
        <ele>32.744531</ele>
        <time>2026-06-21T14:52:14.000Z</time>
      </trkpt>
      <trkpt lat="42.687017" lon="-70.990945">
        <ele>32.701689</ele>
        <time>2026-06-21T14:52:16.000Z</time>
      </trkpt>
      <trkpt lat="42.686890" lon="-70.990971">
        <ele>32.649515</ele>
        <time>2026-06-21T14:52:19.000Z</time>
      </trkpt>
      <trkpt lat="42.686775" lon="-70.990980">
        <ele>32.602720</ele>
        <time>2026-06-21T14:52:23.000Z</time>
      </trkpt>
      <trkpt lat="42.686638" lon="-70.990961">
        <ele>32.546776</ele>
        <time>2026-06-21T14:52:26.000Z</time>
      </trkpt>
      <trkpt lat="42.686532" lon="-70.990953">
        <ele>32.503648</ele>
        <time>2026-06-21T14:52:27.000Z</time>
      </trkpt>
      <trkpt lat="42.686383" lon="-70.990885">
        <ele>32.439803</ele>
        <time>2026-06-21T14:52:29.000Z</time>
      </trkpt>
      <trkpt lat="42.686260" lon="-70.990788">
        <ele>32.382047</ele>
        <time>2026-06-21T14:52:31.000Z</time>
      </trkpt>
      <trkpt lat="42.686153" lon="-70.990656">
        <ele>32.323368</ele>
        <time>2026-06-21T14:52:33.000Z</time>
      </trkpt>
      <trkpt lat="42.686043" lon="-70.990513">
        <ele>32.261558</ele>
        <time>2026-06-21T14:52:35.000Z</time>
      </trkpt>
      <trkpt lat="42.685938" lon="-70.990379">
        <ele>32.204367</ele>
        <time>2026-06-21T14:52:37.000Z</time>
      </trkpt>
      <trkpt lat="42.685832" lon="-70.990241">
        <ele>32.150681</ele>
        <time>2026-06-21T14:52:39.000Z</time>
      </trkpt>
      <trkpt lat="42.685736" lon="-70.990110">
        <ele>32.100927</ele>
        <time>2026-06-21T14:52:41.000Z</time>
      </trkpt>
      <trkpt lat="42.685641" lon="-70.989969">
        <ele>32.049480</ele>
        <time>2026-06-21T14:52:43.000Z</time>
      </trkpt>
      <trkpt lat="42.685546" lon="-70.989885">
        <ele>32.008021</ele>
        <time>2026-06-21T14:52:45.000Z</time>
      </trkpt>
      <trkpt lat="42.685480" lon="-70.989778">
        <ele>31.970450</ele>
        <time>2026-06-21T14:52:47.000Z</time>
      </trkpt>
      <trkpt lat="42.685395" lon="-70.989668">
        <ele>31.927523</ele>
        <time>2026-06-21T14:52:51.000Z</time>
      </trkpt>
      <trkpt lat="42.685285" lon="-70.989566">
        <ele>31.878811</ele>
        <time>2026-06-21T14:52:54.000Z</time>
      </trkpt>
      <trkpt lat="42.685219" lon="-70.989475">
        <ele>31.844426</ele>
        <time>2026-06-21T14:52:56.000Z</time>
      </trkpt>
      <trkpt lat="42.685106" lon="-70.989346">
        <ele>31.790448</ele>
        <time>2026-06-21T14:52:58.000Z</time>
      </trkpt>
      <trkpt lat="42.685009" lon="-70.989239">
        <ele>31.744752</ele>
        <time>2026-06-21T14:53:00.000Z</time>
      </trkpt>
      <trkpt lat="42.684925" lon="-70.989127">
        <ele>31.701713</ele>
        <time>2026-06-21T14:53:02.000Z</time>
      </trkpt>
      <trkpt lat="42.684861" lon="-70.988991">
        <ele>31.658278</ele>
        <time>2026-06-21T14:53:04.000Z</time>
      </trkpt>
      <trkpt lat="42.684798" lon="-70.988864">
        <ele>31.617067</ele>
        <time>2026-06-21T14:53:06.000Z</time>
      </trkpt>
      <trkpt lat="42.684755" lon="-70.988721">
        <ele>31.575509</ele>
        <time>2026-06-21T14:53:08.000Z</time>
      </trkpt>
      <trkpt lat="42.684718" lon="-70.988576">
        <ele>31.709065</ele>
        <time>2026-06-21T14:53:10.000Z</time>
      </trkpt>
      <trkpt lat="42.684671" lon="-70.988435">
        <ele>31.973936</ele>
        <time>2026-06-21T14:53:12.000Z</time>
      </trkpt>
      <trkpt lat="42.684622" lon="-70.988296">
        <ele>32.237674</ele>
        <time>2026-06-21T14:53:14.000Z</time>
      </trkpt>
      <trkpt lat="42.684561" lon="-70.988161">
        <ele>32.508783</ele>
        <time>2026-06-21T14:53:16.000Z</time>
      </trkpt>
      <trkpt lat="42.684498" lon="-70.988039">
        <ele>32.763860</ele>
        <time>2026-06-21T14:53:18.000Z</time>
      </trkpt>
      <trkpt lat="42.684417" lon="-70.987940">
        <ele>33.017289</ele>
        <time>2026-06-21T14:53:20.000Z</time>
      </trkpt>
      <trkpt lat="42.684337" lon="-70.987855">
        <ele>33.253540</ele>
        <time>2026-06-21T14:53:22.000Z</time>
      </trkpt>
      <trkpt lat="42.684216" lon="-70.987772">
        <ele>33.568928</ele>
        <time>2026-06-21T14:53:25.000Z</time>
      </trkpt>
      <trkpt lat="42.684011" lon="-70.987679">
        <ele>34.071871</ele>
        <time>2026-06-21T14:53:28.000Z</time>
      </trkpt>
      <trkpt lat="42.683903" lon="-70.987646">
        <ele>34.329490</ele>
        <time>2026-06-21T14:53:30.000Z</time>
      </trkpt>
      <trkpt lat="42.683802" lon="-70.987606">
        <ele>34.574314</ele>
        <time>2026-06-21T14:53:32.000Z</time>
      </trkpt>
      <trkpt lat="42.683695" lon="-70.987552">
        <ele>34.839929</ele>
        <time>2026-06-21T14:53:34.000Z</time>
      </trkpt>
      <trkpt lat="42.683603" lon="-70.987494">
        <ele>35.075923</ele>
        <time>2026-06-21T14:53:36.000Z</time>
      </trkpt>
      <trkpt lat="42.683524" lon="-70.987408">
        <ele>35.311410</ele>
        <time>2026-06-21T14:53:38.000Z</time>
      </trkpt>
      <trkpt lat="42.683434" lon="-70.987335">
        <ele>35.555282</ele>
        <time>2026-06-21T14:53:40.000Z</time>
      </trkpt>
      <trkpt lat="42.683339" lon="-70.987260">
        <ele>35.685981</ele>
        <time>2026-06-21T14:53:42.000Z</time>
      </trkpt>
      <trkpt lat="42.683243" lon="-70.987195">
        <ele>35.468940</ele>
        <time>2026-06-21T14:53:44.000Z</time>
      </trkpt>
      <trkpt lat="42.683145" lon="-70.987123">
        <ele>35.243509</ele>
        <time>2026-06-21T14:53:46.000Z</time>
      </trkpt>
      <trkpt lat="42.683064" lon="-70.987049">
        <ele>35.046025</ele>
        <time>2026-06-21T14:53:50.000Z</time>
      </trkpt>
      <trkpt lat="42.682956" lon="-70.986999">
        <ele>34.815121</ele>
        <time>2026-06-21T14:53:53.000Z</time>
      </trkpt>
      <trkpt lat="42.682655" lon="-70.986773">
        <ele>34.119261</ele>
        <time>2026-06-21T14:53:57.000Z</time>
      </trkpt>
      <trkpt lat="42.682547" lon="-70.986667">
        <ele>33.849713</ele>
        <time>2026-06-21T14:54:00.000Z</time>
      </trkpt>
      <trkpt lat="42.682471" lon="-70.986603">
        <ele>33.668801</ele>
        <time>2026-06-21T14:54:02.000Z</time>
      </trkpt>
      <trkpt lat="42.682361" lon="-70.986505">
        <ele>33.402663</ele>
        <time>2026-06-21T14:54:05.000Z</time>
      </trkpt>
      <trkpt lat="42.682279" lon="-70.986443">
        <ele>33.212781</ele>
        <time>2026-06-21T14:54:07.000Z</time>
      </trkpt>
      <trkpt lat="42.682149" lon="-70.986453">
        <ele>32.949242</ele>
        <time>2026-06-21T14:54:10.000Z</time>
      </trkpt>
      <trkpt lat="42.682058" lon="-70.986562">
        <ele>32.703832</ele>
        <time>2026-06-21T14:54:12.000Z</time>
      </trkpt>
      <trkpt lat="42.681982" lon="-70.986685">
        <ele>32.464762</ele>
        <time>2026-06-21T14:54:14.000Z</time>
      </trkpt>
      <trkpt lat="42.681900" lon="-70.986820">
        <ele>32.204201</ele>
        <time>2026-06-21T14:54:16.000Z</time>
      </trkpt>
      <trkpt lat="42.681822" lon="-70.986918">
        <ele>32.148736</ele>
        <time>2026-06-21T14:54:18.000Z</time>
      </trkpt>
      <trkpt lat="42.681751" lon="-70.987018">
        <ele>32.230279</ele>
        <time>2026-06-21T14:54:20.000Z</time>
      </trkpt>
      <trkpt lat="42.681665" lon="-70.987097">
        <ele>32.313075</ele>
        <time>2026-06-21T14:54:22.000Z</time>
      </trkpt>
      <trkpt lat="42.681601" lon="-70.987192">
        <ele>32.388654</ele>
        <time>2026-06-21T14:54:24.000Z</time>
      </trkpt>
      <trkpt lat="42.681514" lon="-70.987275">
        <ele>32.473437</ele>
        <time>2026-06-21T14:54:26.000Z</time>
      </trkpt>
      <trkpt lat="42.681447" lon="-70.987364">
        <ele>32.548154</ele>
        <time>2026-06-21T14:54:28.000Z</time>
      </trkpt>
      <trkpt lat="42.681372" lon="-70.987456">
        <ele>32.628730</ele>
        <time>2026-06-21T14:54:30.000Z</time>
      </trkpt>
      <trkpt lat="42.681299" lon="-70.987547">
        <ele>32.707732</ele>
        <time>2026-06-21T14:54:32.000Z</time>
      </trkpt>
      <trkpt lat="42.681197" lon="-70.987654">
        <ele>32.810502</ele>
        <time>2026-06-21T14:54:35.000Z</time>
      </trkpt>
      <trkpt lat="42.681124" lon="-70.987740">
        <ele>32.887552</ele>
        <time>2026-06-21T14:54:38.000Z</time>
      </trkpt>
      <trkpt lat="42.681013" lon="-70.987690">
        <ele>32.980844</ele>
        <time>2026-06-21T14:54:42.000Z</time>
      </trkpt>
      <trkpt lat="42.680950" lon="-70.987590">
        <ele>33.058089</ele>
        <time>2026-06-21T14:54:44.000Z</time>
      </trkpt>
      <trkpt lat="42.680896" lon="-70.987469">
        <ele>33.141114</ele>
        <time>2026-06-21T14:54:46.000Z</time>
      </trkpt>
      <trkpt lat="42.680851" lon="-70.987349">
        <ele>33.220127</ele>
        <time>2026-06-21T14:54:49.000Z</time>
      </trkpt>
      <trkpt lat="42.680768" lon="-70.987298">
        <ele>33.292792</ele>
        <time>2026-06-21T14:55:14.000Z</time>
      </trkpt>
      <trkpt lat="42.680689" lon="-70.987193">
        <ele>33.380916</ele>
        <time>2026-06-21T14:55:18.000Z</time>
      </trkpt>
      <trkpt lat="42.680615" lon="-70.987091">
        <ele>33.464971</ele>
        <time>2026-06-21T14:55:21.000Z</time>
      </trkpt>
      <trkpt lat="42.680538" lon="-70.987004">
        <ele>33.535800</ele>
        <time>2026-06-21T14:55:24.000Z</time>
      </trkpt>
      <trkpt lat="42.680455" lon="-70.986887">
        <ele>33.490290</ele>
        <time>2026-06-21T14:55:27.000Z</time>
      </trkpt>
      <trkpt lat="42.680375" lon="-70.986753">
        <ele>33.441972</ele>
        <time>2026-06-21T14:55:30.000Z</time>
      </trkpt>
      <trkpt lat="42.680290" lon="-70.986618">
        <ele>33.392219</ele>
        <time>2026-06-21T14:55:33.000Z</time>
      </trkpt>
      <trkpt lat="42.680227" lon="-70.986530">
        <ele>33.357837</ele>
        <time>2026-06-21T14:55:35.000Z</time>
      </trkpt>
      <trkpt lat="42.680157" lon="-70.986430">
        <ele>33.319187</ele>
        <time>2026-06-21T14:55:37.000Z</time>
      </trkpt>
      <trkpt lat="42.680085" lon="-70.986327">
        <ele>33.279403</ele>
        <time>2026-06-21T14:55:39.000Z</time>
      </trkpt>
      <trkpt lat="42.680017" lon="-70.986235">
        <ele>33.242886</ele>
        <time>2026-06-21T14:55:41.000Z</time>
      </trkpt>
      <trkpt lat="42.679944" lon="-70.986128">
        <ele>33.202026</ele>
        <time>2026-06-21T14:55:43.000Z</time>
      </trkpt>
      <trkpt lat="42.679868" lon="-70.986025">
        <ele>33.161178</ele>
        <time>2026-06-21T14:55:45.000Z</time>
      </trkpt>
      <trkpt lat="42.679787" lon="-70.985920">
        <ele>33.118575</ele>
        <time>2026-06-21T14:55:47.000Z</time>
      </trkpt>
      <trkpt lat="42.679708" lon="-70.985815">
        <ele>33.076521</ele>
        <time>2026-06-21T14:55:49.000Z</time>
      </trkpt>
      <trkpt lat="42.679613" lon="-70.985699">
        <ele>33.027914</ele>
        <time>2026-06-21T14:55:51.000Z</time>
      </trkpt>
      <trkpt lat="42.679514" lon="-70.985578">
        <ele>32.977239</ele>
        <time>2026-06-21T14:55:53.000Z</time>
      </trkpt>
      <trkpt lat="42.679416" lon="-70.985459">
        <ele>32.927220</ele>
        <time>2026-06-21T14:55:55.000Z</time>
      </trkpt>
      <trkpt lat="42.679328" lon="-70.985339">
        <ele>32.879777</ele>
        <time>2026-06-21T14:55:57.000Z</time>
      </trkpt>
      <trkpt lat="42.679240" lon="-70.985216">
        <ele>32.680713</ele>
        <time>2026-06-21T14:55:59.000Z</time>
      </trkpt>
      <trkpt lat="42.679148" lon="-70.985090">
        <ele>32.292078</ele>
        <time>2026-06-21T14:56:01.000Z</time>
      </trkpt>
      <trkpt lat="42.679065" lon="-70.984992">
        <ele>31.964905</ele>
        <time>2026-06-21T14:56:03.000Z</time>
      </trkpt>
      <trkpt lat="42.679001" lon="-70.984862">
        <ele>31.622509</ele>
        <time>2026-06-21T14:56:05.000Z</time>
      </trkpt>
      <trkpt lat="42.678975" lon="-70.984721">
        <ele>31.304380</ele>
        <time>2026-06-21T14:56:07.000Z</time>
      </trkpt>
      <trkpt lat="42.678938" lon="-70.984601">
        <ele>31.019605</ele>
        <time>2026-06-21T14:56:09.000Z</time>
      </trkpt>
      <trkpt lat="42.678894" lon="-70.984437">
        <ele>30.637547</ele>
        <time>2026-06-21T14:56:12.000Z</time>
      </trkpt>
      <trkpt lat="42.678852" lon="-70.984280">
        <ele>30.271920</ele>
        <time>2026-06-21T14:56:14.000Z</time>
      </trkpt>
      <trkpt lat="42.678799" lon="-70.984092">
        <ele>29.831279</ele>
        <time>2026-06-21T14:56:16.000Z</time>
      </trkpt>
      <trkpt lat="42.678722" lon="-70.983870">
        <ele>29.294087</ele>
        <time>2026-06-21T14:56:18.000Z</time>
      </trkpt>
      <trkpt lat="42.678694" lon="-70.983749">
        <ele>29.016476</ele>
        <time>2026-06-21T14:56:19.000Z</time>
      </trkpt>
      <trkpt lat="42.678631" lon="-70.983541">
        <ele>28.524159</ele>
        <time>2026-06-21T14:56:21.000Z</time>
      </trkpt>
      <trkpt lat="42.678558" lon="-70.983336">
        <ele>28.025667</ele>
        <time>2026-06-21T14:56:23.000Z</time>
      </trkpt>
      <trkpt lat="42.678498" lon="-70.983149">
        <ele>27.579147</ele>
        <time>2026-06-21T14:56:25.000Z</time>
      </trkpt>
      <trkpt lat="42.678434" lon="-70.982981">
        <ele>27.745571</ele>
        <time>2026-06-21T14:56:27.000Z</time>
      </trkpt>
      <trkpt lat="42.678378" lon="-70.982820">
        <ele>28.032029</ele>
        <time>2026-06-21T14:56:29.000Z</time>
      </trkpt>
      <trkpt lat="42.678327" lon="-70.982676">
        <ele>28.289100</ele>
        <time>2026-06-21T14:56:31.000Z</time>
      </trkpt>
      <trkpt lat="42.678278" lon="-70.982554">
        <ele>28.512688</ele>
        <time>2026-06-21T14:56:33.000Z</time>
      </trkpt>
      <trkpt lat="42.678230" lon="-70.982436">
        <ele>28.729584</ele>
        <time>2026-06-21T14:56:35.000Z</time>
      </trkpt>
      <trkpt lat="42.678170" lon="-70.982330">
        <ele>28.944743</ele>
        <time>2026-06-21T14:56:37.000Z</time>
      </trkpt>
      <trkpt lat="42.678039" lon="-70.982219">
        <ele>29.282386</ele>
        <time>2026-06-21T14:56:40.000Z</time>
      </trkpt>
      <trkpt lat="42.677923" lon="-70.982167">
        <ele>29.549583</ele>
        <time>2026-06-21T14:56:42.000Z</time>
      </trkpt>
      <trkpt lat="42.677811" lon="-70.982125">
        <ele>29.803744</ele>
        <time>2026-06-21T14:56:44.000Z</time>
      </trkpt>
      <trkpt lat="42.677687" lon="-70.982088">
        <ele>30.081466</ele>
        <time>2026-06-21T14:56:46.000Z</time>
      </trkpt>
      <trkpt lat="42.677563" lon="-70.982032">
        <ele>30.367300</ele>
        <time>2026-06-21T14:56:48.000Z</time>
      </trkpt>
      <trkpt lat="42.677455" lon="-70.981994">
        <ele>30.611346</ele>
        <time>2026-06-21T14:56:50.000Z</time>
      </trkpt>
      <trkpt lat="42.677363" lon="-70.981961">
        <ele>30.819493</ele>
        <time>2026-06-21T14:56:52.000Z</time>
      </trkpt>
      <trkpt lat="42.677264" lon="-70.981925">
        <ele>31.043679</ele>
        <time>2026-06-21T14:56:54.000Z</time>
      </trkpt>
      <trkpt lat="42.677166" lon="-70.981887">
        <ele>31.266613</ele>
        <time>2026-06-21T14:56:56.000Z</time>
      </trkpt>
      <trkpt lat="42.677073" lon="-70.981845">
        <ele>31.466829</ele>
        <time>2026-06-21T14:57:00.000Z</time>
      </trkpt>
      <trkpt lat="42.676970" lon="-70.981797">
        <ele>31.632442</ele>
        <time>2026-06-21T14:57:03.000Z</time>
      </trkpt>
      <trkpt lat="42.676863" lon="-70.981743">
        <ele>31.806040</ele>
        <time>2026-06-21T14:57:06.000Z</time>
      </trkpt>
      <trkpt lat="42.676764" lon="-70.981716">
        <ele>31.959625</ele>
        <time>2026-06-21T14:57:09.000Z</time>
      </trkpt>
      <trkpt lat="42.676687" lon="-70.981641">
        <ele>32.103682</ele>
        <time>2026-06-21T14:57:12.000Z</time>
      </trkpt>
      <trkpt lat="42.676616" lon="-70.981557">
        <ele>32.246817</ele>
        <time>2026-06-21T14:57:15.000Z</time>
      </trkpt>
      <trkpt lat="42.676517" lon="-70.981447">
        <ele>32.441261</ele>
        <time>2026-06-21T14:57:18.000Z</time>
      </trkpt>
      <trkpt lat="42.676454" lon="-70.981331">
        <ele>32.602540</ele>
        <time>2026-06-21T14:57:22.000Z</time>
      </trkpt>
      <trkpt lat="42.676309" lon="-70.981218">
        <ele>32.856734</ele>
        <time>2026-06-21T14:57:26.000Z</time>
      </trkpt>
      <trkpt lat="42.676209" lon="-70.981146">
        <ele>33.028839</ele>
        <time>2026-06-21T14:57:29.000Z</time>
      </trkpt>
      <trkpt lat="42.676128" lon="-70.981085">
        <ele>33.169671</ele>
        <time>2026-06-21T14:57:32.000Z</time>
      </trkpt>
      <trkpt lat="42.675379" lon="-70.980588">
        <ele>34.200508</ele>
        <time>2026-06-21T14:57:34.000Z</time>
      </trkpt>
      <trkpt lat="42.675292" lon="-70.980476">
        <ele>34.221052</ele>
        <time>2026-06-21T14:57:36.000Z</time>
      </trkpt>
      <trkpt lat="42.675210" lon="-70.980362">
        <ele>34.241161</ele>
        <time>2026-06-21T14:57:38.000Z</time>
      </trkpt>
      <trkpt lat="42.675129" lon="-70.980248">
        <ele>34.261150</ele>
        <time>2026-06-21T14:57:40.000Z</time>
      </trkpt>
      <trkpt lat="42.675046" lon="-70.980121">
        <ele>34.282575</ele>
        <time>2026-06-21T14:57:42.000Z</time>
      </trkpt>
      <trkpt lat="42.674968" lon="-70.980003">
        <ele>34.302583</ele>
        <time>2026-06-21T14:57:44.000Z</time>
      </trkpt>
      <trkpt lat="42.674895" lon="-70.979920">
        <ele>34.318900</ele>
        <time>2026-06-21T14:57:46.000Z</time>
      </trkpt>
      <trkpt lat="42.674771" lon="-70.979893">
        <ele>34.340437</ele>
        <time>2026-06-21T14:57:48.000Z</time>
      </trkpt>
      <trkpt lat="42.674654" lon="-70.979930">
        <ele>34.361037</ele>
        <time>2026-06-21T14:57:50.000Z</time>
      </trkpt>
      <trkpt lat="42.674856" lon="-70.979886">
        <ele>34.396121</ele>
        <time>2026-06-21T14:57:52.000Z</time>
      </trkpt>
      <trkpt lat="42.674715" lon="-70.979964">
        <ele>34.422226</ele>
        <time>2026-06-21T14:57:53.000Z</time>
      </trkpt>
      <trkpt lat="42.674625" lon="-70.980064">
        <ele>34.442156</ele>
        <time>2026-06-21T14:57:54.000Z</time>
      </trkpt>
      <trkpt lat="42.674472" lon="-70.980221">
        <ele>34.475025</ele>
        <time>2026-06-21T14:57:56.000Z</time>
      </trkpt>
      <trkpt lat="42.674392" lon="-70.980295">
        <ele>34.698491</ele>
        <time>2026-06-21T14:57:57.000Z</time>
      </trkpt>
      <trkpt lat="42.674494" lon="-70.980281">
        <ele>35.001644</ele>
        <time>2026-06-21T14:57:58.000Z</time>
      </trkpt>
      <trkpt lat="42.674408" lon="-70.980461">
        <ele>35.468352</ele>
        <time>2026-06-21T14:58:00.000Z</time>
      </trkpt>
      <trkpt lat="42.674304" lon="-70.980627">
        <ele>35.942510</ele>
        <time>2026-06-21T14:58:02.000Z</time>
      </trkpt>
      <trkpt lat="42.674222" lon="-70.980776">
        <ele>36.347150</ele>
        <time>2026-06-21T14:58:04.000Z</time>
      </trkpt>
      <trkpt lat="42.674166" lon="-70.980910">
        <ele>36.682254</ele>
        <time>2026-06-21T14:58:06.000Z</time>
      </trkpt>
      <trkpt lat="42.674092" lon="-70.981035">
        <ele>37.031164</ele>
        <time>2026-06-21T14:58:08.000Z</time>
      </trkpt>
      <trkpt lat="42.674012" lon="-70.981144">
        <ele>37.366009</ele>
        <time>2026-06-21T14:58:10.000Z</time>
      </trkpt>
      <trkpt lat="42.673967" lon="-70.981308">
        <ele>37.746584</ele>
        <time>2026-06-21T14:58:14.000Z</time>
      </trkpt>
      <trkpt lat="42.673919" lon="-70.981454">
        <ele>38.094293</ele>
        <time>2026-06-21T14:58:18.000Z</time>
      </trkpt>
      <trkpt lat="42.673876" lon="-70.981568">
        <ele>38.372855</ele>
        <time>2026-06-21T14:58:21.000Z</time>
      </trkpt>
      <trkpt lat="42.673821" lon="-70.981676">
        <ele>38.658484</ele>
        <time>2026-06-21T14:58:24.000Z</time>
      </trkpt>
      <trkpt lat="42.673760" lon="-70.981818">
        <ele>39.016042</ele>
        <time>2026-06-21T14:58:27.000Z</time>
      </trkpt>
      <trkpt lat="42.673717" lon="-70.981950">
        <ele>39.329933</ele>
        <time>2026-06-21T14:58:30.000Z</time>
      </trkpt>
      <trkpt lat="42.673666" lon="-70.982053">
        <ele>39.599914</ele>
        <time>2026-06-21T14:58:32.000Z</time>
      </trkpt>
      <trkpt lat="42.673614" lon="-70.982194">
        <ele>39.861109</ele>
        <time>2026-06-21T14:58:35.000Z</time>
      </trkpt>
      <trkpt lat="42.673569" lon="-70.982339">
        <ele>40.010716</ele>
        <time>2026-06-21T14:58:38.000Z</time>
      </trkpt>
      <trkpt lat="42.673515" lon="-70.982509">
        <ele>40.186748</ele>
        <time>2026-06-21T14:58:41.000Z</time>
      </trkpt>
      <trkpt lat="42.673472" lon="-70.982647">
        <ele>40.329219</ele>
        <time>2026-06-21T14:58:44.000Z</time>
      </trkpt>
      <trkpt lat="42.673426" lon="-70.982804">
        <ele>40.489871</ele>
        <time>2026-06-21T14:58:47.000Z</time>
      </trkpt>
      <trkpt lat="42.673386" lon="-70.982933">
        <ele>40.622952</ele>
        <time>2026-06-21T14:58:50.000Z</time>
      </trkpt>
      <trkpt lat="42.673341" lon="-70.983051">
        <ele>40.749309</ele>
        <time>2026-06-21T14:58:53.000Z</time>
      </trkpt>
      <trkpt lat="42.673291" lon="-70.983209">
        <ele>40.912819</ele>
        <time>2026-06-21T14:58:57.000Z</time>
      </trkpt>
      <trkpt lat="42.673250" lon="-70.983318">
        <ele>41.029203</ele>
        <time>2026-06-21T14:59:00.000Z</time>
      </trkpt>
      <trkpt lat="42.673205" lon="-70.983437">
        <ele>41.156405</ele>
        <time>2026-06-21T14:59:03.000Z</time>
      </trkpt>
      <trkpt lat="42.673157" lon="-70.983556">
        <ele>41.285427</ele>
        <time>2026-06-21T14:59:06.000Z</time>
      </trkpt>
      <trkpt lat="42.673106" lon="-70.983679">
        <ele>41.419657</ele>
        <time>2026-06-21T14:59:09.000Z</time>
      </trkpt>
      <trkpt lat="42.673054" lon="-70.983796">
        <ele>41.549614</ele>
        <time>2026-06-21T14:59:12.000Z</time>
      </trkpt>
      <trkpt lat="42.672993" lon="-70.983903">
        <ele>41.678318</ele>
        <time>2026-06-21T14:59:15.000Z</time>
      </trkpt>
      <trkpt lat="42.672942" lon="-70.984028">
        <ele>41.814208</ele>
        <time>2026-06-21T14:59:18.000Z</time>
      </trkpt>
      <trkpt lat="42.672895" lon="-70.984165">
        <ele>41.957915</ele>
        <time>2026-06-21T14:59:21.000Z</time>
      </trkpt>
      <trkpt lat="42.672842" lon="-70.984284">
        <ele>42.090169</ele>
        <time>2026-06-21T14:59:24.000Z</time>
      </trkpt>
      <trkpt lat="42.672791" lon="-70.984396">
        <ele>42.327208</ele>
        <time>2026-06-21T14:59:27.000Z</time>
      </trkpt>
      <trkpt lat="42.672744" lon="-70.984501">
        <ele>42.585487</ele>
        <time>2026-06-21T14:59:30.000Z</time>
      </trkpt>
      <trkpt lat="42.672684" lon="-70.984634">
        <ele>42.913337</ele>
        <time>2026-06-21T14:59:32.000Z</time>
      </trkpt>
      <trkpt lat="42.672626" lon="-70.984764">
        <ele>43.232829</ele>
        <time>2026-06-21T14:59:35.000Z</time>
      </trkpt>
      <trkpt lat="42.672468" lon="-70.985139">
        <ele>44.140929</ele>
        <time>2026-06-21T14:59:39.000Z</time>
      </trkpt>
      <trkpt lat="42.672404" lon="-70.985300">
        <ele>44.525476</ele>
        <time>2026-06-21T14:59:42.000Z</time>
      </trkpt>
      <trkpt lat="42.672359" lon="-70.985410">
        <ele>44.789960</ele>
        <time>2026-06-21T14:59:44.000Z</time>
      </trkpt>
      <trkpt lat="42.672308" lon="-70.985533">
        <ele>45.086654</ele>
        <time>2026-06-21T14:59:46.000Z</time>
      </trkpt>
      <trkpt lat="42.672259" lon="-70.985649">
        <ele>45.367739</ele>
        <time>2026-06-21T14:59:48.000Z</time>
      </trkpt>
      <trkpt lat="42.672213" lon="-70.985756">
        <ele>45.628164</ele>
        <time>2026-06-21T14:59:50.000Z</time>
      </trkpt>
      <trkpt lat="42.672167" lon="-70.985864">
        <ele>45.890406</ele>
        <time>2026-06-21T14:59:52.000Z</time>
      </trkpt>
      <trkpt lat="42.672100" lon="-70.986021">
        <ele>46.271813</ele>
        <time>2026-06-21T14:59:55.000Z</time>
      </trkpt>
      <trkpt lat="42.672049" lon="-70.986142">
        <ele>46.564855</ele>
        <time>2026-06-21T14:59:57.000Z</time>
      </trkpt>
      <trkpt lat="42.671995" lon="-70.986271">
        <ele>46.876744</ele>
        <time>2026-06-21T15:00:00.000Z</time>
      </trkpt>
      <trkpt lat="42.671940" lon="-70.986400">
        <ele>47.190058</ele>
        <time>2026-06-21T15:00:04.000Z</time>
      </trkpt>
      <trkpt lat="42.671890" lon="-70.986517">
        <ele>47.117869</ele>
        <time>2026-06-21T15:00:07.000Z</time>
      </trkpt>
      <trkpt lat="42.671838" lon="-70.986642">
        <ele>46.910883</ele>
        <time>2026-06-21T15:00:09.000Z</time>
      </trkpt>
      <trkpt lat="42.671784" lon="-70.986769">
        <ele>46.699449</ele>
        <time>2026-06-21T15:00:12.000Z</time>
      </trkpt>
      <trkpt lat="42.671736" lon="-70.986902">
        <ele>46.485923</ele>
        <time>2026-06-21T15:00:15.000Z</time>
      </trkpt>
      <trkpt lat="42.671577" lon="-70.987258">
        <ele>45.885613</ele>
        <time>2026-06-21T15:00:16.000Z</time>
      </trkpt>
      <trkpt lat="42.671516" lon="-70.987405">
        <ele>45.642344</ele>
        <time>2026-06-21T15:00:18.000Z</time>
      </trkpt>
      <trkpt lat="42.671456" lon="-70.987547">
        <ele>45.406306</ele>
        <time>2026-06-21T15:00:20.000Z</time>
      </trkpt>
      <trkpt lat="42.671398" lon="-70.987685">
        <ele>45.177219</ele>
        <time>2026-06-21T15:00:22.000Z</time>
      </trkpt>
      <trkpt lat="42.671345" lon="-70.987813">
        <ele>44.965503</ele>
        <time>2026-06-21T15:00:24.000Z</time>
      </trkpt>
      <trkpt lat="42.671296" lon="-70.987926">
        <ele>44.776434</ele>
        <time>2026-06-21T15:00:26.000Z</time>
      </trkpt>
      <trkpt lat="42.671238" lon="-70.988053">
        <ele>44.560966</ele>
        <time>2026-06-21T15:00:28.000Z</time>
      </trkpt>
      <trkpt lat="42.671177" lon="-70.988185">
        <ele>44.336271</ele>
        <time>2026-06-21T15:00:30.000Z</time>
      </trkpt>
      <trkpt lat="42.671101" lon="-70.988320">
        <ele>44.091225</ele>
        <time>2026-06-21T15:00:32.000Z</time>
      </trkpt>
      <trkpt lat="42.671033" lon="-70.988455">
        <ele>43.855384</ele>
        <time>2026-06-21T15:00:34.000Z</time>
      </trkpt>
      <trkpt lat="42.670937" lon="-70.988583">
        <ele>43.614153</ele>
        <time>2026-06-21T15:00:36.000Z</time>
      </trkpt>
      <trkpt lat="42.670862" lon="-70.988683">
        <ele>43.439826</ele>
        <time>2026-06-21T15:00:38.000Z</time>
      </trkpt>
      <trkpt lat="42.670799" lon="-70.988776">
        <ele>43.285502</ele>
        <time>2026-06-21T15:00:40.000Z</time>
      </trkpt>
      <trkpt lat="42.670670" lon="-70.988926">
        <ele>43.003801</ele>
        <time>2026-06-21T15:00:43.000Z</time>
      </trkpt>
      <trkpt lat="42.670574" lon="-70.989027">
        <ele>42.802349</ele>
        <time>2026-06-21T15:00:46.000Z</time>
      </trkpt>
      <trkpt lat="42.670493" lon="-70.989133">
        <ele>42.615775</ele>
        <time>2026-06-21T15:00:49.000Z</time>
      </trkpt>
      <trkpt lat="42.670372" lon="-70.989252">
        <ele>42.367932</ele>
        <time>2026-06-21T15:00:51.000Z</time>
      </trkpt>
      <trkpt lat="42.670235" lon="-70.989329">
        <ele>42.121887</ele>
        <time>2026-06-21T15:00:53.000Z</time>
      </trkpt>
      <trkpt lat="42.670099" lon="-70.989405">
        <ele>41.877841</ele>
        <time>2026-06-21T15:00:55.000Z</time>
      </trkpt>
      <trkpt lat="42.669976" lon="-70.989458">
        <ele>41.663683</ele>
        <time>2026-06-21T15:00:57.000Z</time>
      </trkpt>
      <trkpt lat="42.669854" lon="-70.989528">
        <ele>41.443904</ele>
        <time>2026-06-21T15:00:59.000Z</time>
      </trkpt>
      <trkpt lat="42.669729" lon="-70.989626">
        <ele>41.204425</ele>
        <time>2026-06-21T15:01:01.000Z</time>
      </trkpt>
      <trkpt lat="42.669620" lon="-70.989719">
        <ele>40.990852</ele>
        <time>2026-06-21T15:01:03.000Z</time>
      </trkpt>
      <trkpt lat="42.669519" lon="-70.989785">
        <ele>40.804865</ele>
        <time>2026-06-21T15:01:05.000Z</time>
      </trkpt>
      <trkpt lat="42.669420" lon="-70.989863">
        <ele>40.584478</ele>
        <time>2026-06-21T15:01:08.000Z</time>
      </trkpt>
      <trkpt lat="42.669271" lon="-70.989944">
        <ele>40.258859</ele>
        <time>2026-06-21T15:01:10.000Z</time>
      </trkpt>
      <trkpt lat="42.669154" lon="-70.990001">
        <ele>40.006662</ele>
        <time>2026-06-21T15:01:12.000Z</time>
      </trkpt>
      <trkpt lat="42.669045" lon="-70.990058">
        <ele>39.769685</ele>
        <time>2026-06-21T15:01:14.000Z</time>
      </trkpt>
      <trkpt lat="42.668913" lon="-70.990107">
        <ele>39.492024</ele>
        <time>2026-06-21T15:01:16.000Z</time>
      </trkpt>
      <trkpt lat="42.668790" lon="-70.990151">
        <ele>39.233936</ele>
        <time>2026-06-21T15:01:18.000Z</time>
      </trkpt>
      <trkpt lat="42.668668" lon="-70.990186">
        <ele>38.980918</ele>
        <time>2026-06-21T15:01:20.000Z</time>
      </trkpt>
      <trkpt lat="42.668558" lon="-70.990212">
        <ele>38.754353</ele>
        <time>2026-06-21T15:01:22.000Z</time>
      </trkpt>
      <trkpt lat="42.668448" lon="-70.990232">
        <ele>38.529148</ele>
        <time>2026-06-21T15:01:24.000Z</time>
      </trkpt>
      <trkpt lat="42.668339" lon="-70.990238">
        <ele>38.307778</ele>
        <time>2026-06-21T15:01:26.000Z</time>
      </trkpt>
      <trkpt lat="42.668215" lon="-70.990249">
        <ele>38.055615</ele>
        <time>2026-06-21T15:01:28.000Z</time>
      </trkpt>
      <trkpt lat="42.668096" lon="-70.990264">
        <ele>37.813098</ele>
        <time>2026-06-21T15:01:30.000Z</time>
      </trkpt>
      <trkpt lat="42.667981" lon="-70.990289">
        <ele>37.576770</ele>
        <time>2026-06-21T15:01:32.000Z</time>
      </trkpt>
      <trkpt lat="42.667861" lon="-70.990319">
        <ele>37.329179</ele>
        <time>2026-06-21T15:01:34.000Z</time>
      </trkpt>
      <trkpt lat="42.667725" lon="-70.990348">
        <ele>37.046113</ele>
        <time>2026-06-21T15:01:36.000Z</time>
      </trkpt>
      <trkpt lat="42.667564" lon="-70.990417">
        <ele>36.679174</ele>
        <time>2026-06-21T15:01:38.000Z</time>
      </trkpt>
      <trkpt lat="42.667431" lon="-70.990443">
        <ele>36.387095</ele>
        <time>2026-06-21T15:01:40.000Z</time>
      </trkpt>
      <trkpt lat="42.667271" lon="-70.990497">
        <ele>36.028746</ele>
        <time>2026-06-21T15:01:42.000Z</time>
      </trkpt>
      <trkpt lat="42.667130" lon="-70.990565">
        <ele>35.703547</ele>
        <time>2026-06-21T15:01:44.000Z</time>
      </trkpt>
      <trkpt lat="42.667005" lon="-70.990659">
        <ele>35.393056</ele>
        <time>2026-06-21T15:01:46.000Z</time>
      </trkpt>
      <trkpt lat="42.666879" lon="-70.990773">
        <ele>35.064090</ele>
        <time>2026-06-21T15:01:48.000Z</time>
      </trkpt>
      <trkpt lat="42.666767" lon="-70.990880">
        <ele>34.766563</ele>
        <time>2026-06-21T15:01:50.000Z</time>
      </trkpt>
      <trkpt lat="42.666648" lon="-70.990972">
        <ele>34.469012</ele>
        <time>2026-06-21T15:01:52.000Z</time>
      </trkpt>
      <trkpt lat="42.666547" lon="-70.991061">
        <ele>34.207405</ele>
        <time>2026-06-21T15:01:54.000Z</time>
      </trkpt>
      <trkpt lat="42.666433" lon="-70.991167">
        <ele>33.907215</ele>
        <time>2026-06-21T15:01:56.000Z</time>
      </trkpt>
      <trkpt lat="42.666326" lon="-70.991261">
        <ele>33.630317</ele>
        <time>2026-06-21T15:01:58.000Z</time>
      </trkpt>
      <trkpt lat="42.666222" lon="-70.991352">
        <ele>33.361497</ele>
        <time>2026-06-21T15:02:00.000Z</time>
      </trkpt>
      <trkpt lat="42.666109" lon="-70.991451">
        <ele>33.194281</ele>
        <time>2026-06-21T15:02:02.000Z</time>
      </trkpt>
      <trkpt lat="42.665994" lon="-70.991552">
        <ele>33.199304</ele>
        <time>2026-06-21T15:02:04.000Z</time>
      </trkpt>
      <trkpt lat="42.665884" lon="-70.991658">
        <ele>33.204250</ele>
        <time>2026-06-21T15:02:06.000Z</time>
      </trkpt>
      <trkpt lat="42.665774" lon="-70.991772">
        <ele>33.209325</ele>
        <time>2026-06-21T15:02:08.000Z</time>
      </trkpt>
      <trkpt lat="42.665668" lon="-70.991882">
        <ele>33.214217</ele>
        <time>2026-06-21T15:02:10.000Z</time>
      </trkpt>
      <trkpt lat="42.665573" lon="-70.992001">
        <ele>33.218956</ele>
        <time>2026-06-21T15:02:12.000Z</time>
      </trkpt>
      <trkpt lat="42.665499" lon="-70.992140">
        <ele>33.223586</ele>
        <time>2026-06-21T15:02:14.000Z</time>
      </trkpt>
      <trkpt lat="42.665426" lon="-70.992277">
        <ele>33.228151</ele>
        <time>2026-06-21T15:02:16.000Z</time>
      </trkpt>
      <trkpt lat="42.665369" lon="-70.992417">
        <ele>33.232468</ele>
        <time>2026-06-21T15:02:18.000Z</time>
      </trkpt>
      <trkpt lat="42.665330" lon="-70.992549">
        <ele>33.236306</ele>
        <time>2026-06-21T15:02:20.000Z</time>
      </trkpt>
      <trkpt lat="42.665274" lon="-70.992697">
        <ele>33.240797</ele>
        <time>2026-06-21T15:02:22.000Z</time>
      </trkpt>
      <trkpt lat="42.665232" lon="-70.992863">
        <ele>33.245533</ele>
        <time>2026-06-21T15:02:24.000Z</time>
      </trkpt>
      <trkpt lat="42.665192" lon="-70.993028">
        <ele>33.250221</ele>
        <time>2026-06-21T15:02:26.000Z</time>
      </trkpt>
      <trkpt lat="42.665148" lon="-70.993231">
        <ele>33.255931</ele>
        <time>2026-06-21T15:02:28.000Z</time>
      </trkpt>
      <trkpt lat="42.665115" lon="-70.993405">
        <ele>33.305991</ele>
        <time>2026-06-21T15:02:30.000Z</time>
      </trkpt>
      <trkpt lat="42.665081" lon="-70.993568">
        <ele>33.390736</ele>
        <time>2026-06-21T15:02:32.000Z</time>
      </trkpt>
      <trkpt lat="42.665044" lon="-70.993756">
        <ele>33.488079</ele>
        <time>2026-06-21T15:02:34.000Z</time>
      </trkpt>
      <trkpt lat="42.665009" lon="-70.993932">
        <ele>33.579272</ele>
        <time>2026-06-21T15:02:36.000Z</time>
      </trkpt>
      <trkpt lat="42.664976" lon="-70.994096">
        <ele>33.664317</ele>
        <time>2026-06-21T15:02:38.000Z</time>
      </trkpt>
      <trkpt lat="42.664945" lon="-70.994255">
        <ele>33.746593</ele>
        <time>2026-06-21T15:02:40.000Z</time>
      </trkpt>
      <trkpt lat="42.664913" lon="-70.994410">
        <ele>33.827117</ele>
        <time>2026-06-21T15:02:42.000Z</time>
      </trkpt>
      <trkpt lat="42.664883" lon="-70.994553">
        <ele>33.901497</ele>
        <time>2026-06-21T15:02:44.000Z</time>
      </trkpt>
      <trkpt lat="42.664849" lon="-70.994710">
        <ele>33.983359</ele>
        <time>2026-06-21T15:02:46.000Z</time>
      </trkpt>
      <trkpt lat="42.664813" lon="-70.994870">
        <ele>34.067050</ele>
        <time>2026-06-21T15:02:49.000Z</time>
      </trkpt>
      <trkpt lat="42.664775" lon="-70.995014">
        <ele>34.143573</ele>
        <time>2026-06-21T15:02:51.000Z</time>
      </trkpt>
      <trkpt lat="42.664735" lon="-70.995148">
        <ele>34.215909</ele>
        <time>2026-06-21T15:02:53.000Z</time>
      </trkpt>
      <trkpt lat="42.664679" lon="-70.995324">
        <ele>34.311828</ele>
        <time>2026-06-21T15:02:55.000Z</time>
      </trkpt>
      <trkpt lat="42.664615" lon="-70.995480">
        <ele>34.401178</ele>
        <time>2026-06-21T15:02:57.000Z</time>
      </trkpt>
      <trkpt lat="42.664571" lon="-70.995631">
        <ele>34.479383</ele>
        <time>2026-06-21T15:02:59.000Z</time>
      </trkpt>
      <trkpt lat="42.664524" lon="-70.995802">
        <ele>34.210547</ele>
        <time>2026-06-21T15:03:01.000Z</time>
      </trkpt>
      <trkpt lat="42.664480" lon="-70.995936">
        <ele>33.994433</ele>
        <time>2026-06-21T15:03:03.000Z</time>
      </trkpt>
      <trkpt lat="42.664424" lon="-70.996107">
        <ele>33.718768</ele>
        <time>2026-06-21T15:03:05.000Z</time>
      </trkpt>
      <trkpt lat="42.664373" lon="-70.996267">
        <ele>33.461962</ele>
        <time>2026-06-21T15:03:07.000Z</time>
      </trkpt>
      <trkpt lat="42.664331" lon="-70.996400">
        <ele>33.248804</ele>
        <time>2026-06-21T15:03:09.000Z</time>
      </trkpt>
      <trkpt lat="42.664289" lon="-70.996535">
        <ele>33.032936</ele>
        <time>2026-06-21T15:03:11.000Z</time>
      </trkpt>
      <trkpt lat="42.664247" lon="-70.996669">
        <ele>32.818424</ele>
        <time>2026-06-21T15:03:13.000Z</time>
      </trkpt>
      <trkpt lat="42.664203" lon="-70.996812">
        <ele>32.590144</ele>
        <time>2026-06-21T15:03:15.000Z</time>
      </trkpt>
      <trkpt lat="42.664159" lon="-70.996951">
        <ele>32.367286</ele>
        <time>2026-06-21T15:03:17.000Z</time>
      </trkpt>
      <trkpt lat="42.664116" lon="-70.997084">
        <ele>32.153329</ele>
        <time>2026-06-21T15:03:19.000Z</time>
      </trkpt>
      <trkpt lat="42.664069" lon="-70.997231">
        <ele>31.917273</ele>
        <time>2026-06-21T15:03:21.000Z</time>
      </trkpt>
      <trkpt lat="42.664010" lon="-70.997413">
        <ele>31.624362</ele>
        <time>2026-06-21T15:03:23.000Z</time>
      </trkpt>
      <trkpt lat="42.663961" lon="-70.997570">
        <ele>31.373194</ele>
        <time>2026-06-21T15:03:25.000Z</time>
      </trkpt>
      <trkpt lat="42.663923" lon="-70.997685">
        <ele>31.187526</ele>
        <time>2026-06-21T15:03:27.000Z</time>
      </trkpt>
      <trkpt lat="42.663877" lon="-70.997830">
        <ele>30.954968</ele>
        <time>2026-06-21T15:03:30.000Z</time>
      </trkpt>
      <trkpt lat="42.663810" lon="-70.997953">
        <ele>30.776681</ele>
        <time>2026-06-21T15:03:33.000Z</time>
      </trkpt>
      <trkpt lat="42.663690" lon="-70.998013">
        <ele>30.601082</ele>
        <time>2026-06-21T15:03:35.000Z</time>
      </trkpt>
      <trkpt lat="42.663583" lon="-70.998050">
        <ele>30.449449</ele>
        <time>2026-06-21T15:03:37.000Z</time>
      </trkpt>
      <trkpt lat="42.663470" lon="-70.998079">
        <ele>30.291512</ele>
        <time>2026-06-21T15:03:40.000Z</time>
      </trkpt>
      <trkpt lat="42.663380" lon="-70.998194">
        <ele>30.121899</ele>
        <time>2026-06-21T15:03:44.000Z</time>
      </trkpt>
      <trkpt lat="42.663359" lon="-70.998353">
        <ele>29.958747</ele>
        <time>2026-06-21T15:03:45.000Z</time>
      </trkpt>
      <trkpt lat="42.663376" lon="-70.998211">
        <ele>29.813446</ele>
        <time>2026-06-21T15:04:15.000Z</time>
      </trkpt>
      <trkpt lat="42.663416" lon="-70.998102">
        <ele>29.690415</ele>
        <time>2026-06-21T15:04:17.000Z</time>
      </trkpt>
      <trkpt lat="42.663344" lon="-70.998027">
        <ele>29.565852</ele>
        <time>2026-06-21T15:04:22.000Z</time>
      </trkpt>
      <trkpt lat="42.663165" lon="-70.997956">
        <ele>29.309764</ele>
        <time>2026-06-21T15:04:24.000Z</time>
      </trkpt>
      <trkpt lat="42.663057" lon="-70.997936">
        <ele>29.160064</ele>
        <time>2026-06-21T15:04:26.000Z</time>
      </trkpt>
      <trkpt lat="42.662939" lon="-70.997919">
        <ele>28.997093</ele>
        <time>2026-06-21T15:04:28.000Z</time>
      </trkpt>
      <trkpt lat="42.662825" lon="-70.997895">
        <ele>28.838657</ele>
        <time>2026-06-21T15:04:30.000Z</time>
      </trkpt>
      <trkpt lat="42.662708" lon="-70.997870">
        <ele>28.675994</ele>
        <time>2026-06-21T15:04:32.000Z</time>
      </trkpt>
      <trkpt lat="42.662598" lon="-70.997852">
        <ele>28.523827</ele>
        <time>2026-06-21T15:04:34.000Z</time>
      </trkpt>
      <trkpt lat="42.662479" lon="-70.997826">
        <ele>28.369530</ele>
        <time>2026-06-21T15:04:36.000Z</time>
      </trkpt>
      <trkpt lat="42.662361" lon="-70.997806">
        <ele>28.242230</ele>
        <time>2026-06-21T15:04:38.000Z</time>
      </trkpt>
      <trkpt lat="42.662243" lon="-70.997778">
        <ele>28.113999</ele>
        <time>2026-06-21T15:04:40.000Z</time>
      </trkpt>
      <trkpt lat="42.662136" lon="-70.997748">
        <ele>27.997043</ele>
        <time>2026-06-21T15:04:42.000Z</time>
      </trkpt>
      <trkpt lat="42.662029" lon="-70.997729">
        <ele>27.881524</ele>
        <time>2026-06-21T15:04:44.000Z</time>
      </trkpt>
      <trkpt lat="42.661921" lon="-70.997697">
        <ele>27.763194</ele>
        <time>2026-06-21T15:04:46.000Z</time>
      </trkpt>
      <trkpt lat="42.661805" lon="-70.997670">
        <ele>27.637207</ele>
        <time>2026-06-21T15:04:48.000Z</time>
      </trkpt>
      <trkpt lat="42.661686" lon="-70.997648">
        <ele>27.508642</ele>
        <time>2026-06-21T15:04:50.000Z</time>
      </trkpt>
      <trkpt lat="42.661569" lon="-70.997619">
        <ele>27.381326</ele>
        <time>2026-06-21T15:04:52.000Z</time>
      </trkpt>
      <trkpt lat="42.661452" lon="-70.997578">
        <ele>27.251982</ele>
        <time>2026-06-21T15:04:54.000Z</time>
      </trkpt>
      <trkpt lat="42.661340" lon="-70.997559">
        <ele>27.131154</ele>
        <time>2026-06-21T15:04:56.000Z</time>
      </trkpt>
      <trkpt lat="42.661231" lon="-70.997528">
        <ele>27.011941</ele>
        <time>2026-06-21T15:04:58.000Z</time>
      </trkpt>
      <trkpt lat="42.661123" lon="-70.997503">
        <ele>26.894661</ele>
        <time>2026-06-21T15:05:00.000Z</time>
      </trkpt>
      <trkpt lat="42.661005" lon="-70.997479">
        <ele>26.766933</ele>
        <time>2026-06-21T15:05:02.000Z</time>
      </trkpt>
      <trkpt lat="42.660889" lon="-70.997458">
        <ele>26.641656</ele>
        <time>2026-06-21T15:05:04.000Z</time>
      </trkpt>
      <trkpt lat="42.660786" lon="-70.997428">
        <ele>26.528891</ele>
        <time>2026-06-21T15:05:06.000Z</time>
      </trkpt>
      <trkpt lat="42.660677" lon="-70.997391">
        <ele>26.488045</ele>
        <time>2026-06-21T15:05:08.000Z</time>
      </trkpt>
      <trkpt lat="42.660564" lon="-70.997360">
        <ele>26.495109</ele>
        <time>2026-06-21T15:05:10.000Z</time>
      </trkpt>
      <trkpt lat="42.660434" lon="-70.997337">
        <ele>26.503143</ele>
        <time>2026-06-21T15:05:12.000Z</time>
      </trkpt>
      <trkpt lat="42.660316" lon="-70.997302">
        <ele>26.510544</ele>
        <time>2026-06-21T15:05:14.000Z</time>
      </trkpt>
      <trkpt lat="42.660206" lon="-70.997266">
        <ele>26.517477</ele>
        <time>2026-06-21T15:05:16.000Z</time>
      </trkpt>
      <trkpt lat="42.660090" lon="-70.997229">
        <ele>26.524778</ele>
        <time>2026-06-21T15:05:18.000Z</time>
      </trkpt>
      <trkpt lat="42.659982" lon="-70.997207">
        <ele>26.531470</ele>
        <time>2026-06-21T15:05:20.000Z</time>
      </trkpt>
      <trkpt lat="42.659867" lon="-70.997196">
        <ele>26.538535</ele>
        <time>2026-06-21T15:05:22.000Z</time>
      </trkpt>
      <trkpt lat="42.659752" lon="-70.997194">
        <ele>26.545582</ele>
        <time>2026-06-21T15:05:24.000Z</time>
      </trkpt>
      <trkpt lat="42.659630" lon="-70.997227">
        <ele>26.553205</ele>
        <time>2026-06-21T15:05:26.000Z</time>
      </trkpt>
      <trkpt lat="42.659516" lon="-70.997293">
        <ele>26.560797</ele>
        <time>2026-06-21T15:05:28.000Z</time>
      </trkpt>
      <trkpt lat="42.659418" lon="-70.997400">
        <ele>26.568499</ele>
        <time>2026-06-21T15:05:30.000Z</time>
      </trkpt>
      <trkpt lat="42.659340" lon="-70.997517">
        <ele>26.575616</ele>
        <time>2026-06-21T15:05:32.000Z</time>
      </trkpt>
      <trkpt lat="42.659295" lon="-70.997660">
        <ele>26.582625</ele>
        <time>2026-06-21T15:05:34.000Z</time>
      </trkpt>
      <trkpt lat="42.659265" lon="-70.997803">
        <ele>26.589326</ele>
        <time>2026-06-21T15:05:36.000Z</time>
      </trkpt>
      <trkpt lat="42.659249" lon="-70.997930">
        <ele>26.593768</ele>
        <time>2026-06-21T15:05:38.000Z</time>
      </trkpt>
      <trkpt lat="42.659216" lon="-70.998093">
        <ele>26.592485</ele>
        <time>2026-06-21T15:05:40.000Z</time>
      </trkpt>
      <trkpt lat="42.659189" lon="-70.998255">
        <ele>26.591225</ele>
        <time>2026-06-21T15:05:42.000Z</time>
      </trkpt>
      <trkpt lat="42.659159" lon="-70.998395">
        <ele>26.590119</ele>
        <time>2026-06-21T15:05:44.000Z</time>
      </trkpt>
      <trkpt lat="42.659121" lon="-70.998509">
        <ele>26.589170</ele>
        <time>2026-06-21T15:05:46.000Z</time>
      </trkpt>
      <trkpt lat="42.659088" lon="-70.998641">
        <ele>26.588112</ele>
        <time>2026-06-21T15:05:48.000Z</time>
      </trkpt>
      <trkpt lat="42.659064" lon="-70.998800">
        <ele>26.586881</ele>
        <time>2026-06-21T15:05:50.000Z</time>
      </trkpt>
      <trkpt lat="42.659032" lon="-70.998958">
        <ele>26.585638</ele>
        <time>2026-06-21T15:05:52.000Z</time>
      </trkpt>
      <trkpt lat="42.659018" lon="-70.999115">
        <ele>26.584438</ele>
        <time>2026-06-21T15:05:54.000Z</time>
      </trkpt>
      <trkpt lat="42.659003" lon="-70.999270">
        <ele>26.583252</ele>
        <time>2026-06-21T15:05:56.000Z</time>
      </trkpt>
      <trkpt lat="42.658998" lon="-70.999431">
        <ele>26.582030</ele>
        <time>2026-06-21T15:05:58.000Z</time>
      </trkpt>
      <trkpt lat="42.658996" lon="-70.999579">
        <ele>26.580907</ele>
        <time>2026-06-21T15:06:00.000Z</time>
      </trkpt>
      <trkpt lat="42.658990" lon="-70.999721">
        <ele>26.579828</ele>
        <time>2026-06-21T15:06:02.000Z</time>
      </trkpt>
      <trkpt lat="42.658985" lon="-70.999861">
        <ele>26.578765</ele>
        <time>2026-06-21T15:06:04.000Z</time>
      </trkpt>
      <trkpt lat="42.658983" lon="-71.000000">
        <ele>26.577710</ele>
        <time>2026-06-21T15:06:06.000Z</time>
      </trkpt>
      <trkpt lat="42.658986" lon="-71.000146">
        <ele>26.576602</ele>
        <time>2026-06-21T15:06:08.000Z</time>
      </trkpt>
      <trkpt lat="42.658984" lon="-71.000308">
        <ele>26.577458</ele>
        <time>2026-06-21T15:06:10.000Z</time>
      </trkpt>
      <trkpt lat="42.658981" lon="-71.000452">
        <ele>26.635694</ele>
        <time>2026-06-21T15:06:12.000Z</time>
      </trkpt>
      <trkpt lat="42.658985" lon="-71.000597">
        <ele>26.694352</ele>
        <time>2026-06-21T15:06:14.000Z</time>
      </trkpt>
      <trkpt lat="42.658972" lon="-71.000735">
        <ele>26.750595</ele>
        <time>2026-06-21T15:06:17.000Z</time>
      </trkpt>
      <trkpt lat="42.658967" lon="-71.000878">
        <ele>26.808469</ele>
        <time>2026-06-21T15:06:20.000Z</time>
      </trkpt>
      <trkpt lat="42.658945" lon="-71.001249">
        <ele>26.958935</ele>
        <time>2026-06-21T15:06:24.000Z</time>
      </trkpt>
      <trkpt lat="42.658944" lon="-71.001394">
        <ele>27.017554</ele>
        <time>2026-06-21T15:06:26.000Z</time>
      </trkpt>
      <trkpt lat="42.658961" lon="-71.001547">
        <ele>27.080107</ele>
        <time>2026-06-21T15:06:28.000Z</time>
      </trkpt>
      <trkpt lat="42.658956" lon="-71.001694">
        <ele>27.139596</ele>
        <time>2026-06-21T15:06:30.000Z</time>
      </trkpt>
      <trkpt lat="42.659000" lon="-71.001814">
        <ele>27.193803</ele>
        <time>2026-06-21T15:06:32.000Z</time>
      </trkpt>
      <trkpt lat="42.659102" lon="-71.001857">
        <ele>27.252506</ele>
        <time>2026-06-21T15:06:34.000Z</time>
      </trkpt>
      <trkpt lat="42.659219" lon="-71.001853">
        <ele>27.316842</ele>
        <time>2026-06-21T15:06:36.000Z</time>
      </trkpt>
      <trkpt lat="42.659317" lon="-71.001843">
        <ele>27.370865</ele>
        <time>2026-06-21T15:06:38.000Z</time>
      </trkpt>
      <trkpt lat="42.659409" lon="-71.001845">
        <ele>27.421444</ele>
        <time>2026-06-21T15:06:40.000Z</time>
      </trkpt>
      <trkpt lat="42.659527" lon="-71.001865">
        <ele>27.486812</ele>
        <time>2026-06-21T15:06:43.000Z</time>
      </trkpt>
      <trkpt lat="42.659634" lon="-71.001958">
        <ele>27.556619</ele>
        <time>2026-06-21T15:06:46.000Z</time>
      </trkpt>
      <trkpt lat="42.659741" lon="-71.002067">
        <ele>27.564140</ele>
        <time>2026-06-21T15:06:49.000Z</time>
      </trkpt>
      <trkpt lat="42.659845" lon="-71.002165">
        <ele>27.564140</ele>
        <time>2026-06-21T15:06:52.000Z</time>
      </trkpt>
      <trkpt lat="42.659927" lon="-71.002239">
        <ele>27.564140</ele>
        <time>2026-06-21T15:06:54.000Z</time>
      </trkpt>
      <trkpt lat="42.659997" lon="-71.002322">
        <ele>27.564140</ele>
        <time>2026-06-21T15:06:56.000Z</time>
      </trkpt>
      <trkpt lat="42.660097" lon="-71.002434">
        <ele>27.564140</ele>
        <time>2026-06-21T15:06:59.000Z</time>
      </trkpt>
      <trkpt lat="42.660196" lon="-71.002527">
        <ele>27.564140</ele>
        <time>2026-06-21T15:07:02.000Z</time>
      </trkpt>
      <trkpt lat="42.660257" lon="-71.002656">
        <ele>27.564140</ele>
        <time>2026-06-21T15:07:06.000Z</time>
      </trkpt>
      <trkpt lat="42.660367" lon="-71.002646">
        <ele>27.564140</ele>
        <time>2026-06-21T15:07:11.000Z</time>
      </trkpt>
      <trkpt lat="42.660417" lon="-71.002518">
        <ele>27.564140</ele>
        <time>2026-06-21T15:07:14.000Z</time>
      </trkpt>
    </trkseg>
  </trk>
</gpx>