<?xml version="1.0" encoding="UTF-8"?>
<gpx xmlns:xsi="http://www.w3.org/2001/XMLSchema-instance" xsi:schemaLocation="http://www.topografix.com/GPX/1/1 http://www.topografix.com/GPX/1/1/gpx.xsd" creator="StravaGPX" version="1.1" xmlns="http://www.topografix.com/GPX/1/1">
 <metadata>
  <time>2025-07-04T18:11:54Z</time>
 </metadata>
 <trk>
  <name>Spontaneous Brojures — Robert White Dudley Trail 100%</name>
  <type>cycling</type>
  <trkseg>
   <trkpt lat="42.3656760" lon="-71.0640640">
    <ele>5.0</ele>
    <time>2025-07-04T18:11:54Z</time>
   </trkpt>
   <trkpt lat="42.3656910" lon="-71.0640340">
    <ele>5.0</ele>
    <time>2025-07-04T18:11:55Z</time>
   </trkpt>
   <trkpt lat="42.3657060" lon="-71.0640060">
    <ele>5.0</ele>
    <time>2025-07-04T18:11:56Z</time>
   </trkpt>
   <trkpt lat="42.3657330" lon="-71.0639610">
    <ele>5.0</ele>
    <time>2025-07-04T18:11:57Z</time>
   </trkpt>
   <trkpt lat="42.3657520" lon="-71.0639210">
    <ele>5.0</ele>
    <time>2025-07-04T18:11:58Z</time>
   </trkpt>
   <trkpt lat="42.3657600" lon="-71.0639050">
    <ele>5.0</ele>
    <time>2025-07-04T18:11:59Z</time>
   </trkpt>
   <trkpt lat="42.3657360" lon="-71.0638580">
    <ele>5.0</ele>
    <time>2025-07-04T18:12:00Z</time>
   </trkpt>
   <trkpt lat="42.3657360" lon="-71.0638210">
    <ele>5.0</ele>
    <time>2025-07-04T18:12:01Z</time>
   </trkpt>
   <trkpt lat="42.3657490" lon="-71.0638140">
    <ele>5.0</ele>
    <time>2025-07-04T18:12:02Z</time>
   </trkpt>
   <trkpt lat="42.3658010" lon="-71.0638120">
    <ele>5.1</ele>
    <time>2025-07-04T18:12:03Z</time>
   </trkpt>
   <trkpt lat="42.3658500" lon="-71.0638240">
    <ele>5.1</ele>
    <time>2025-07-04T18:12:04Z</time>
   </trkpt>
   <trkpt lat="42.3659000" lon="-71.0638360">
    <ele>5.1</ele>
    <time>2025-07-04T18:13:22Z</time>
   </trkpt>
   <trkpt lat="42.3659490" lon="-71.0638480">
    <ele>5.1</ele>
    <time>2025-07-04T18:13:23Z</time>
   </trkpt>
   <trkpt lat="42.3659820" lon="-71.0638630">
    <ele>5.2</ele>
    <time>2025-07-04T18:13:24Z</time>
   </trkpt>
   <trkpt lat="42.3659900" lon="-71.0638740">
    <ele>5.2</ele>
    <time>2025-07-04T18:13:25Z</time>
   </trkpt>
   <trkpt lat="42.3660100" lon="-71.0638840">
    <ele>5.2</ele>
    <time>2025-07-04T18:13:26Z</time>
   </trkpt>
   <trkpt lat="42.3660340" lon="-71.0639170">
    <ele>5.2</ele>
    <time>2025-07-04T18:13:27Z</time>
   </trkpt>
   <trkpt lat="42.3660370" lon="-71.0639290">
    <ele>5.2</ele>
    <time>2025-07-04T18:13:28Z</time>
   </trkpt>
   <trkpt lat="42.3660730" lon="-71.0639540">
    <ele>5.2</ele>
    <time>2025-07-04T18:13:29Z</time>
   </trkpt>
   <trkpt lat="42.3660860" lon="-71.0639520">
    <ele>5.2</ele>
    <time>2025-07-04T18:13:30Z</time>
   </trkpt>
   <trkpt lat="42.3660950" lon="-71.0639240">
    <ele>5.2</ele>
    <time>2025-07-04T18:13:31Z</time>
   </trkpt>
   <trkpt lat="42.3660950" lon="-71.0639000">
    <ele>5.2</ele>
    <time>2025-07-04T18:13:32Z</time>
   </trkpt>
   <trkpt lat="42.3661110" lon="-71.0638870">
    <ele>5.2</ele>
    <time>2025-07-04T18:13:33Z</time>
   </trkpt>
   <trkpt lat="42.3661390" lon="-71.0638680">
    <ele>5.2</ele>
    <time>2025-07-04T18:13:34Z</time>
   </trkpt>
   <trkpt lat="42.3661440" lon="-71.0638630">
    <ele>5.2</ele>
    <time>2025-07-04T18:13:35Z</time>
   </trkpt>
   <trkpt lat="42.3661500" lon="-71.0638640">
    <ele>5.2</ele>
    <time>2025-07-04T18:13:36Z</time>
   </trkpt>
   <trkpt lat="42.3661570" lon="-71.0638630">
    <ele>5.2</ele>
    <time>2025-07-04T18:13:37Z</time>
   </trkpt>
   <trkpt lat="42.3661620" lon="-71.0638600">
    <ele>5.2</ele>
    <time>2025-07-04T18:13:38Z</time>
   </trkpt>
   <trkpt lat="42.3661630" lon="-71.0638550">
    <ele>5.2</ele>
    <time>2025-07-04T18:13:39Z</time>
   </trkpt>
   <trkpt lat="42.3661780" lon="-71.0638470">
    <ele>5.2</ele>
    <time>2025-07-04T18:13:40Z</time>
   </trkpt>
   <trkpt lat="42.3661850" lon="-71.0638570">
    <ele>5.2</ele>
    <time>2025-07-04T18:13:41Z</time>
   </trkpt>
   <trkpt lat="42.3661850" lon="-71.0638720">
    <ele>5.2</ele>
    <time>2025-07-04T18:13:42Z</time>
   </trkpt>
   <trkpt lat="42.3661850" lon="-71.0638880">
    <ele>5.2</ele>
    <time>2025-07-04T18:13:43Z</time>
   </trkpt>
   <trkpt lat="42.3661850" lon="-71.0639030">
    <ele>5.2</ele>
    <time>2025-07-04T18:13:44Z</time>
   </trkpt>
   <trkpt lat="42.3661850" lon="-71.0639180">
    <ele>5.2</ele>
    <time>2025-07-04T18:13:45Z</time>
   </trkpt>
   <trkpt lat="42.3662190" lon="-71.0639500">
    <ele>5.1</ele>
    <time>2025-07-04T18:13:46Z</time>
   </trkpt>
   <trkpt lat="42.3662350" lon="-71.0639610">
    <ele>5.1</ele>
    <time>2025-07-04T18:13:47Z</time>
   </trkpt>
   <trkpt lat="42.3662900" lon="-71.0640030">
    <ele>5.1</ele>
    <time>2025-07-04T18:13:48Z</time>
   </trkpt>
   <trkpt lat="42.3663140" lon="-71.0639870">
    <ele>5.1</ele>
    <time>2025-07-04T18:13:49Z</time>
   </trkpt>
   <trkpt lat="42.3663710" lon="-71.0639980">
    <ele>5.1</ele>
    <time>2025-07-04T18:13:50Z</time>
   </trkpt>
   <trkpt lat="42.3664460" lon="-71.0640350">
    <ele>5.0</ele>
    <time>2025-07-04T18:13:51Z</time>
   </trkpt>
   <trkpt lat="42.3665280" lon="-71.0640700">
    <ele>4.9</ele>
    <time>2025-07-04T18:13:52Z</time>
   </trkpt>
   <trkpt lat="42.3665850" lon="-71.0641060">
    <ele>4.8</ele>
    <time>2025-07-04T18:13:53Z</time>
   </trkpt>
   <trkpt lat="42.3666120" lon="-71.0641360">
    <ele>4.8</ele>
    <time>2025-07-04T18:13:54Z</time>
   </trkpt>
   <trkpt lat="42.3666490" lon="-71.0641900">
    <ele>4.7</ele>
    <time>2025-07-04T18:13:55Z</time>
   </trkpt>
   <trkpt lat="42.3666870" lon="-71.0642360">
    <ele>4.6</ele>
    <time>2025-07-04T18:13:56Z</time>
   </trkpt>
   <trkpt lat="42.3667290" lon="-71.0642890">
    <ele>4.6</ele>
    <time>2025-07-04T18:13:57Z</time>
   </trkpt>
   <trkpt lat="42.3667770" lon="-71.0643360">
    <ele>4.6</ele>
    <time>2025-07-04T18:13:58Z</time>
   </trkpt>
   <trkpt lat="42.3668310" lon="-71.0644020">
    <ele>4.5</ele>
    <time>2025-07-04T18:13:59Z</time>
   </trkpt>
   <trkpt lat="42.3668730" lon="-71.0644520">
    <ele>4.5</ele>
    <time>2025-07-04T18:14:00Z</time>
   </trkpt>
   <trkpt lat="42.3669120" lon="-71.0645040">
    <ele>4.5</ele>
    <time>2025-07-04T18:14:01Z</time>
   </trkpt>
   <trkpt lat="42.3669500" lon="-71.0645490">
    <ele>4.5</ele>
    <time>2025-07-04T18:14:02Z</time>
   </trkpt>
   <trkpt lat="42.3669760" lon="-71.0645770">
    <ele>4.5</ele>
    <time>2025-07-04T18:14:03Z</time>
   </trkpt>
   <trkpt lat="42.3670010" lon="-71.0646110">
    <ele>4.6</ele>
    <time>2025-07-04T18:14:04Z</time>
   </trkpt>
   <trkpt lat="42.3670330" lon="-71.0646550">
    <ele>4.6</ele>
    <time>2025-07-04T18:14:05Z</time>
   </trkpt>
   <trkpt lat="42.3670530" lon="-71.0646820">
    <ele>4.6</ele>
    <time>2025-07-04T18:14:06Z</time>
   </trkpt>
   <trkpt lat="42.3670650" lon="-71.0646870">
    <ele>4.6</ele>
    <time>2025-07-04T18:14:07Z</time>
   </trkpt>
   <trkpt lat="42.3671140" lon="-71.0647390">
    <ele>4.7</ele>
    <time>2025-07-04T18:14:08Z</time>
   </trkpt>
   <trkpt lat="42.3671520" lon="-71.0647750">
    <ele>4.7</ele>
    <time>2025-07-04T18:14:09Z</time>
   </trkpt>
   <trkpt lat="42.3672030" lon="-71.0648240">
    <ele>4.8</ele>
    <time>2025-07-04T18:14:10Z</time>
   </trkpt>
   <trkpt lat="42.3672460" lon="-71.0648660">
    <ele>4.8</ele>
    <time>2025-07-04T18:14:11Z</time>
   </trkpt>
   <trkpt lat="42.3672760" lon="-71.0649030">
    <ele>4.8</ele>
    <time>2025-07-04T18:14:12Z</time>
   </trkpt>
   <trkpt lat="42.3673050" lon="-71.0649430">
    <ele>4.9</ele>
    <time>2025-07-04T18:14:13Z</time>
   </trkpt>
   <trkpt lat="42.3673340" lon="-71.0649710">
    <ele>4.9</ele>
    <time>2025-07-04T18:14:14Z</time>
   </trkpt>
   <trkpt lat="42.3673660" lon="-71.0649860">
    <ele>4.9</ele>
    <time>2025-07-04T18:14:15Z</time>
   </trkpt>
   <trkpt lat="42.3673960" lon="-71.0650130">
    <ele>4.9</ele>
    <time>2025-07-04T18:14:16Z</time>
   </trkpt>
   <trkpt lat="42.3674060" lon="-71.0650230">
    <ele>4.9</ele>
    <time>2025-07-04T18:14:17Z</time>
   </trkpt>
   <trkpt lat="42.3674250" lon="-71.0650510">
    <ele>4.9</ele>
    <time>2025-07-04T18:14:18Z</time>
   </trkpt>
   <trkpt lat="42.3674520" lon="-71.0650810">
    <ele>4.9</ele>
    <time>2025-07-04T18:14:19Z</time>
   </trkpt>
   <trkpt lat="42.3674850" lon="-71.0650720">
    <ele>4.9</ele>
    <time>2025-07-04T18:14:20Z</time>
   </trkpt>
   <trkpt lat="42.3674930" lon="-71.0650710">
    <ele>4.9</ele>
    <time>2025-07-04T18:14:21Z</time>
   </trkpt>
   <trkpt lat="42.3675270" lon="-71.0651070">
    <ele>4.9</ele>
    <time>2025-07-04T18:14:22Z</time>
   </trkpt>
   <trkpt lat="42.3675580" lon="-71.0651090">
    <ele>4.9</ele>
    <time>2025-07-04T18:14:23Z</time>
   </trkpt>
   <trkpt lat="42.3675870" lon="-71.0651330">
    <ele>4.9</ele>
    <time>2025-07-04T18:14:24Z</time>
   </trkpt>
   <trkpt lat="42.3675950" lon="-71.0651460">
    <ele>4.9</ele>
    <time>2025-07-04T18:14:25Z</time>
   </trkpt>
   <trkpt lat="42.3676340" lon="-71.0651770">
    <ele>4.9</ele>
    <time>2025-07-04T18:14:26Z</time>
   </trkpt>
   <trkpt lat="42.3676600" lon="-71.0652320">
    <ele>4.9</ele>
    <time>2025-07-04T18:14:27Z</time>
   </trkpt>
   <trkpt lat="42.3676910" lon="-71.0652720">
    <ele>4.9</ele>
    <time>2025-07-04T18:14:28Z</time>
   </trkpt>
   <trkpt lat="42.3676980" lon="-71.0653280">
    <ele>4.8</ele>
    <time>2025-07-04T18:14:29Z</time>
   </trkpt>
   <trkpt lat="42.3677000" lon="-71.0653820">
    <ele>4.8</ele>
    <time>2025-07-04T18:14:30Z</time>
   </trkpt>
   <trkpt lat="42.3677180" lon="-71.0654260">
    <ele>4.7</ele>
    <time>2025-07-04T18:14:31Z</time>
   </trkpt>
   <trkpt lat="42.3677450" lon="-71.0654580">
    <ele>4.7</ele>
    <time>2025-07-04T18:14:32Z</time>
   </trkpt>
   <trkpt lat="42.3677690" lon="-71.0654980">
    <ele>4.6</ele>
    <time>2025-07-04T18:14:33Z</time>
   </trkpt>
   <trkpt lat="42.3677820" lon="-71.0655130">
    <ele>4.6</ele>
    <time>2025-07-04T18:14:34Z</time>
   </trkpt>
   <trkpt lat="42.3678110" lon="-71.0655390">
    <ele>4.6</ele>
    <time>2025-07-04T18:14:35Z</time>
   </trkpt>
   <trkpt lat="42.3678420" lon="-71.0655570">
    <ele>4.6</ele>
    <time>2025-07-04T18:14:36Z</time>
   </trkpt>
   <trkpt lat="42.3678630" lon="-71.0655630">
    <ele>4.5</ele>
    <time>2025-07-04T18:14:37Z</time>
   </trkpt>
   <trkpt lat="42.3678750" lon="-71.0655640">
    <ele>4.5</ele>
    <time>2025-07-04T18:14:38Z</time>
   </trkpt>
   <trkpt lat="42.3679210" lon="-71.0656020">
    <ele>4.5</ele>
    <time>2025-07-04T18:14:39Z</time>
   </trkpt>
   <trkpt lat="42.3679440" lon="-71.0656320">
    <ele>4.5</ele>
    <time>2025-07-04T18:14:40Z</time>
   </trkpt>
   <trkpt lat="42.3679800" lon="-71.0656940">
    <ele>4.4</ele>
    <time>2025-07-04T18:14:41Z</time>
   </trkpt>
   <trkpt lat="42.3679930" lon="-71.0657390">
    <ele>4.4</ele>
    <time>2025-07-04T18:14:42Z</time>
   </trkpt>
   <trkpt lat="42.3680090" lon="-71.0658160">
    <ele>4.4</ele>
    <time>2025-07-04T18:14:43Z</time>
   </trkpt>
   <trkpt lat="42.3680230" lon="-71.0658730">
    <ele>4.2</ele>
    <time>2025-07-04T18:14:44Z</time>
   </trkpt>
   <trkpt lat="42.3680260" lon="-71.0659330">
    <ele>4.0</ele>
    <time>2025-07-04T18:14:45Z</time>
   </trkpt>
   <trkpt lat="42.3680210" lon="-71.0659940">
    <ele>3.8</ele>
    <time>2025-07-04T18:14:46Z</time>
   </trkpt>
   <trkpt lat="42.3680120" lon="-71.0660650">
    <ele>3.7</ele>
    <time>2025-07-04T18:14:47Z</time>
   </trkpt>
   <trkpt lat="42.3680130" lon="-71.0661210">
    <ele>3.7</ele>
    <time>2025-07-04T18:14:48Z</time>
   </trkpt>
   <trkpt lat="42.3680050" lon="-71.0661950">
    <ele>3.6</ele>
    <time>2025-07-04T18:14:49Z</time>
   </trkpt>
   <trkpt lat="42.3679960" lon="-71.0662790">
    <ele>3.4</ele>
    <time>2025-07-04T18:14:50Z</time>
   </trkpt>
   <trkpt lat="42.3680040" lon="-71.0663620">
    <ele>3.3</ele>
    <time>2025-07-04T18:14:51Z</time>
   </trkpt>
   <trkpt lat="42.3680010" lon="-71.0664320">
    <ele>3.2</ele>
    <time>2025-07-04T18:14:52Z</time>
   </trkpt>
   <trkpt lat="42.3679760" lon="-71.0665170">
    <ele>3.2</ele>
    <time>2025-07-04T18:14:53Z</time>
   </trkpt>
   <trkpt lat="42.3679430" lon="-71.0665730">
    <ele>3.1</ele>
    <time>2025-07-04T18:14:54Z</time>
   </trkpt>
   <trkpt lat="42.3679290" lon="-71.0666210">
    <ele>3.1</ele>
    <time>2025-07-04T18:14:55Z</time>
   </trkpt>
   <trkpt lat="42.3679170" lon="-71.0666640">
    <ele>3.0</ele>
    <time>2025-07-04T18:14:56Z</time>
   </trkpt>
   <trkpt lat="42.3678980" lon="-71.0666920">
    <ele>3.0</ele>
    <time>2025-07-04T18:14:57Z</time>
   </trkpt>
   <trkpt lat="42.3678780" lon="-71.0667280">
    <ele>3.0</ele>
    <time>2025-07-04T18:14:58Z</time>
   </trkpt>
   <trkpt lat="42.3678670" lon="-71.0667860">
    <ele>3.0</ele>
    <time>2025-07-04T18:14:59Z</time>
   </trkpt>
   <trkpt lat="42.3678610" lon="-71.0668430">
    <ele>2.9</ele>
    <time>2025-07-04T18:15:00Z</time>
   </trkpt>
   <trkpt lat="42.3678500" lon="-71.0669170">
    <ele>2.9</ele>
    <time>2025-07-04T18:15:01Z</time>
   </trkpt>
   <trkpt lat="42.3678280" lon="-71.0669760">
    <ele>2.8</ele>
    <time>2025-07-04T18:15:02Z</time>
   </trkpt>
   <trkpt lat="42.3678070" lon="-71.0670370">
    <ele>2.8</ele>
    <time>2025-07-04T18:15:03Z</time>
   </trkpt>
   <trkpt lat="42.3677860" lon="-71.0671020">
    <ele>2.8</ele>
    <time>2025-07-04T18:15:04Z</time>
   </trkpt>
   <trkpt lat="42.3677570" lon="-71.0671580">
    <ele>2.8</ele>
    <time>2025-07-04T18:15:05Z</time>
   </trkpt>
   <trkpt lat="42.3677380" lon="-71.0672190">
    <ele>2.8</ele>
    <time>2025-07-04T18:15:06Z</time>
   </trkpt>
   <trkpt lat="42.3677030" lon="-71.0672800">
    <ele>2.8</ele>
    <time>2025-07-04T18:15:07Z</time>
   </trkpt>
   <trkpt lat="42.3676690" lon="-71.0673370">
    <ele>2.8</ele>
    <time>2025-07-04T18:15:08Z</time>
   </trkpt>
   <trkpt lat="42.3676370" lon="-71.0674060">
    <ele>2.8</ele>
    <time>2025-07-04T18:15:09Z</time>
   </trkpt>
   <trkpt lat="42.3676110" lon="-71.0674470">
    <ele>2.8</ele>
    <time>2025-07-04T18:15:10Z</time>
   </trkpt>
   <trkpt lat="42.3675880" lon="-71.0675010">
    <ele>2.9</ele>
    <time>2025-07-04T18:15:11Z</time>
   </trkpt>
   <trkpt lat="42.3675690" lon="-71.0675440">
    <ele>3.0</ele>
    <time>2025-07-04T18:15:12Z</time>
   </trkpt>
   <trkpt lat="42.3675600" lon="-71.0675870">
    <ele>3.0</ele>
    <time>2025-07-04T18:15:13Z</time>
   </trkpt>
   <trkpt lat="42.3675440" lon="-71.0676270">
    <ele>3.1</ele>
    <time>2025-07-04T18:15:14Z</time>
   </trkpt>
   <trkpt lat="42.3675420" lon="-71.0676750">
    <ele>3.1</ele>
    <time>2025-07-04T18:15:15Z</time>
   </trkpt>
   <trkpt lat="42.3675450" lon="-71.0677050">
    <ele>3.2</ele>
    <time>2025-07-04T18:15:16Z</time>
   </trkpt>
   <trkpt lat="42.3675500" lon="-71.0677190">
    <ele>3.2</ele>
    <time>2025-07-04T18:15:17Z</time>
   </trkpt>
   <trkpt lat="42.3675270" lon="-71.0677390">
    <ele>3.2</ele>
    <time>2025-07-04T18:15:18Z</time>
   </trkpt>
   <trkpt lat="42.3675160" lon="-71.0677420">
    <ele>3.2</ele>
    <time>2025-07-04T18:15:19Z</time>
   </trkpt>
   <trkpt lat="42.3674870" lon="-71.0677390">
    <ele>3.3</ele>
    <time>2025-07-04T18:15:20Z</time>
   </trkpt>
   <trkpt lat="42.3674740" lon="-71.0677400">
    <ele>3.3</ele>
    <time>2025-07-04T18:15:21Z</time>
   </trkpt>
   <trkpt lat="42.3674700" lon="-71.0677410">
    <ele>3.3</ele>
    <time>2025-07-04T18:15:22Z</time>
   </trkpt>
   <trkpt lat="42.3674690" lon="-71.0677410">
    <ele>3.3</ele>
    <time>2025-07-04T18:15:23Z</time>
   </trkpt>
   <trkpt lat="42.3674610" lon="-71.0677370">
    <ele>3.3</ele>
    <time>2025-07-04T18:15:24Z</time>
   </trkpt>
   <trkpt lat="42.3674610" lon="-71.0677370">
    <ele>3.3</ele>
    <time>2025-07-04T18:15:25Z</time>
   </trkpt>
   <trkpt lat="42.3674610" lon="-71.0677370">
    <ele>3.3</ele>
    <time>2025-07-04T18:15:26Z</time>
   </trkpt>
   <trkpt lat="42.3674610" lon="-71.0677370">
    <ele>3.3</ele>
    <time>2025-07-04T18:15:27Z</time>
   </trkpt>
   <trkpt lat="42.3674610" lon="-71.0677370">
    <ele>3.3</ele>
    <time>2025-07-04T18:15:28Z</time>
   </trkpt>
   <trkpt lat="42.3674610" lon="-71.0677370">
    <ele>3.3</ele>
    <time>2025-07-04T18:15:29Z</time>
   </trkpt>
   <trkpt lat="42.3674320" lon="-71.0678160">
    <ele>3.4</ele>
    <time>2025-07-04T18:15:59Z</time>
   </trkpt>
   <trkpt lat="42.3674150" lon="-71.0678580">
    <ele>3.5</ele>
    <time>2025-07-04T18:16:00Z</time>
   </trkpt>
   <trkpt lat="42.3674140" lon="-71.0678990">
    <ele>3.5</ele>
    <time>2025-07-04T18:16:01Z</time>
   </trkpt>
   <trkpt lat="42.3674000" lon="-71.0679420">
    <ele>3.6</ele>
    <time>2025-07-04T18:16:02Z</time>
   </trkpt>
   <trkpt lat="42.3673820" lon="-71.0679910">
    <ele>3.6</ele>
    <time>2025-07-04T18:16:03Z</time>
   </trkpt>
   <trkpt lat="42.3673720" lon="-71.0680390">
    <ele>3.7</ele>
    <time>2025-07-04T18:16:04Z</time>
   </trkpt>
   <trkpt lat="42.3673640" lon="-71.0680550">
    <ele>3.7</ele>
    <time>2025-07-04T18:16:05Z</time>
   </trkpt>
   <trkpt lat="42.3673380" lon="-71.0680900">
    <ele>3.8</ele>
    <time>2025-07-04T18:16:06Z</time>
   </trkpt>
   <trkpt lat="42.3673180" lon="-71.0681260">
    <ele>3.8</ele>
    <time>2025-07-04T18:16:07Z</time>
   </trkpt>
   <trkpt lat="42.3672970" lon="-71.0681580">
    <ele>3.9</ele>
    <time>2025-07-04T18:16:08Z</time>
   </trkpt>
   <trkpt lat="42.3672650" lon="-71.0681840">
    <ele>4.0</ele>
    <time>2025-07-04T18:16:09Z</time>
   </trkpt>
   <trkpt lat="42.3672300" lon="-71.0681950">
    <ele>4.0</ele>
    <time>2025-07-04T18:16:10Z</time>
   </trkpt>
   <trkpt lat="42.3672020" lon="-71.0682110">
    <ele>4.1</ele>
    <time>2025-07-04T18:16:11Z</time>
   </trkpt>
   <trkpt lat="42.3671850" lon="-71.0682300">
    <ele>4.1</ele>
    <time>2025-07-04T18:16:12Z</time>
   </trkpt>
   <trkpt lat="42.3671750" lon="-71.0682230">
    <ele>4.2</ele>
    <time>2025-07-04T18:16:13Z</time>
   </trkpt>
   <trkpt lat="42.3671660" lon="-71.0682160">
    <ele>4.2</ele>
    <time>2025-07-04T18:16:14Z</time>
   </trkpt>
   <trkpt lat="42.3671600" lon="-71.0682170">
    <ele>4.2</ele>
    <time>2025-07-04T18:16:15Z</time>
   </trkpt>
   <trkpt lat="42.3671460" lon="-71.0682250">
    <ele>4.2</ele>
    <time>2025-07-04T18:16:16Z</time>
   </trkpt>
   <trkpt lat="42.3671070" lon="-71.0682480">
    <ele>4.4</ele>
    <time>2025-07-04T18:16:17Z</time>
   </trkpt>
   <trkpt lat="42.3670870" lon="-71.0682570">
    <ele>4.4</ele>
    <time>2025-07-04T18:16:18Z</time>
   </trkpt>
   <trkpt lat="42.3670460" lon="-71.0682680">
    <ele>4.5</ele>
    <time>2025-07-04T18:16:19Z</time>
   </trkpt>
   <trkpt lat="42.3670230" lon="-71.0682680">
    <ele>4.6</ele>
    <time>2025-07-04T18:16:20Z</time>
   </trkpt>
   <trkpt lat="42.3669790" lon="-71.0682590">
    <ele>4.7</ele>
    <time>2025-07-04T18:16:21Z</time>
   </trkpt>
   <trkpt lat="42.3669420" lon="-71.0682480">
    <ele>4.8</ele>
    <time>2025-07-04T18:16:22Z</time>
   </trkpt>
   <trkpt lat="42.3669350" lon="-71.0682340">
    <ele>4.8</ele>
    <time>2025-07-04T18:16:23Z</time>
   </trkpt>
   <trkpt lat="42.3669180" lon="-71.0682500">
    <ele>4.8</ele>
    <time>2025-07-04T18:16:24Z</time>
   </trkpt>
   <trkpt lat="42.3669160" lon="-71.0682590">
    <ele>4.8</ele>
    <time>2025-07-04T18:16:25Z</time>
   </trkpt>
   <trkpt lat="42.3669110" lon="-71.0682590">
    <ele>4.8</ele>
    <time>2025-07-04T18:16:26Z</time>
   </trkpt>
   <trkpt lat="42.3669190" lon="-71.0682630">
    <ele>4.8</ele>
    <time>2025-07-04T18:16:27Z</time>
   </trkpt>
   <trkpt lat="42.3669170" lon="-71.0682630">
    <ele>4.8</ele>
    <time>2025-07-04T18:16:28Z</time>
   </trkpt>
   <trkpt lat="42.3669140" lon="-71.0682640">
    <ele>4.8</ele>
    <time>2025-07-04T18:16:29Z</time>
   </trkpt>
   <trkpt lat="42.3669140" lon="-71.0682640">
    <ele>4.8</ele>
    <time>2025-07-04T18:16:30Z</time>
   </trkpt>
   <trkpt lat="42.3669140" lon="-71.0682640">
    <ele>4.8</ele>
    <time>2025-07-04T18:16:31Z</time>
   </trkpt>
   <trkpt lat="42.3669000" lon="-71.0682620">
    <ele>4.8</ele>
    <time>2025-07-04T18:16:32Z</time>
   </trkpt>
   <trkpt lat="42.3669000" lon="-71.0682620">
    <ele>4.8</ele>
    <time>2025-07-04T18:16:33Z</time>
   </trkpt>
   <trkpt lat="42.3668380" lon="-71.0683870">
    <ele>4.8</ele>
    <time>2025-07-04T18:17:19Z</time>
   </trkpt>
   <trkpt lat="42.3668600" lon="-71.0684190">
    <ele>4.8</ele>
    <time>2025-07-04T18:17:20Z</time>
   </trkpt>
   <trkpt lat="42.3668630" lon="-71.0684430">
    <ele>4.8</ele>
    <time>2025-07-04T18:17:21Z</time>
   </trkpt>
   <trkpt lat="42.3668840" lon="-71.0684570">
    <ele>4.8</ele>
    <time>2025-07-04T18:17:22Z</time>
   </trkpt>
   <trkpt lat="42.3668500" lon="-71.0684870">
    <ele>4.8</ele>
    <time>2025-07-04T18:17:23Z</time>
   </trkpt>
   <trkpt lat="42.3668390" lon="-71.0685010">
    <ele>4.8</ele>
    <time>2025-07-04T18:17:24Z</time>
   </trkpt>
   <trkpt lat="42.3668120" lon="-71.0685470">
    <ele>4.8</ele>
    <time>2025-07-04T18:17:25Z</time>
   </trkpt>
   <trkpt lat="42.3667980" lon="-71.0685670">
    <ele>4.8</ele>
    <time>2025-07-04T18:17:26Z</time>
   </trkpt>
   <trkpt lat="42.3667790" lon="-71.0686010">
    <ele>4.7</ele>
    <time>2025-07-04T18:17:27Z</time>
   </trkpt>
   <trkpt lat="42.3667600" lon="-71.0686360">
    <ele>4.7</ele>
    <time>2025-07-04T18:17:28Z</time>
   </trkpt>
   <trkpt lat="42.3667270" lon="-71.0686700">
    <ele>4.6</ele>
    <time>2025-07-04T18:17:29Z</time>
   </trkpt>
   <trkpt lat="42.3667000" lon="-71.0686950">
    <ele>4.5</ele>
    <time>2025-07-04T18:17:30Z</time>
   </trkpt>
   <trkpt lat="42.3666720" lon="-71.0687190">
    <ele>4.4</ele>
    <time>2025-07-04T18:17:31Z</time>
   </trkpt>
   <trkpt lat="42.3666480" lon="-71.0687520">
    <ele>4.4</ele>
    <time>2025-07-04T18:17:32Z</time>
   </trkpt>
   <trkpt lat="42.3666080" lon="-71.0687970">
    <ele>4.3</ele>
    <time>2025-07-04T18:17:33Z</time>
   </trkpt>
   <trkpt lat="42.3665680" lon="-71.0688320">
    <ele>4.2</ele>
    <time>2025-07-04T18:17:34Z</time>
   </trkpt>
   <trkpt lat="42.3665230" lon="-71.0688770">
    <ele>4.1</ele>
    <time>2025-07-04T18:17:35Z</time>
   </trkpt>
   <trkpt lat="42.3664760" lon="-71.0689230">
    <ele>3.9</ele>
    <time>2025-07-04T18:17:36Z</time>
   </trkpt>
   <trkpt lat="42.3664410" lon="-71.0689720">
    <ele>3.8</ele>
    <time>2025-07-04T18:17:37Z</time>
   </trkpt>
   <trkpt lat="42.3664010" lon="-71.0690060">
    <ele>3.8</ele>
    <time>2025-07-04T18:17:38Z</time>
   </trkpt>
   <trkpt lat="42.3663610" lon="-71.0690490">
    <ele>3.7</ele>
    <time>2025-07-04T18:17:39Z</time>
   </trkpt>
   <trkpt lat="42.3663230" lon="-71.0690950">
    <ele>3.7</ele>
    <time>2025-07-04T18:17:40Z</time>
   </trkpt>
   <trkpt lat="42.3662840" lon="-71.0691400">
    <ele>3.7</ele>
    <time>2025-07-04T18:17:41Z</time>
   </trkpt>
   <trkpt lat="42.3662390" lon="-71.0691650">
    <ele>3.7</ele>
    <time>2025-07-04T18:17:42Z</time>
   </trkpt>
   <trkpt lat="42.3662190" lon="-71.0692040">
    <ele>3.7</ele>
    <time>2025-07-04T18:17:43Z</time>
   </trkpt>
   <trkpt lat="42.3661940" lon="-71.0692440">
    <ele>3.7</ele>
    <time>2025-07-04T18:17:44Z</time>
   </trkpt>
   <trkpt lat="42.3661690" lon="-71.0692820">
    <ele>3.7</ele>
    <time>2025-07-04T18:17:45Z</time>
   </trkpt>
   <trkpt lat="42.3661410" lon="-71.0693160">
    <ele>3.7</ele>
    <time>2025-07-04T18:17:46Z</time>
   </trkpt>
   <trkpt lat="42.3661140" lon="-71.0693470">
    <ele>3.7</ele>
    <time>2025-07-04T18:17:47Z</time>
   </trkpt>
   <trkpt lat="42.3660710" lon="-71.0693760">
    <ele>3.7</ele>
    <time>2025-07-04T18:17:48Z</time>
   </trkpt>
   <trkpt lat="42.3660310" lon="-71.0694120">
    <ele>3.7</ele>
    <time>2025-07-04T18:17:49Z</time>
   </trkpt>
   <trkpt lat="42.3659980" lon="-71.0694360">
    <ele>3.7</ele>
    <time>2025-07-04T18:17:50Z</time>
   </trkpt>
   <trkpt lat="42.3659680" lon="-71.0694660">
    <ele>3.6</ele>
    <time>2025-07-04T18:17:51Z</time>
   </trkpt>
   <trkpt lat="42.3659330" lon="-71.0695080">
    <ele>3.6</ele>
    <time>2025-07-04T18:17:52Z</time>
   </trkpt>
   <trkpt lat="42.3659010" lon="-71.0695410">
    <ele>3.6</ele>
    <time>2025-07-04T18:17:53Z</time>
   </trkpt>
   <trkpt lat="42.3658680" lon="-71.0695570">
    <ele>3.6</ele>
    <time>2025-07-04T18:17:54Z</time>
   </trkpt>
   <trkpt lat="42.3658410" lon="-71.0695740">
    <ele>3.6</ele>
    <time>2025-07-04T18:17:55Z</time>
   </trkpt>
   <trkpt lat="42.3658330" lon="-71.0695810">
    <ele>3.6</ele>
    <time>2025-07-04T18:17:56Z</time>
   </trkpt>
   <trkpt lat="42.3657980" lon="-71.0696080">
    <ele>3.6</ele>
    <time>2025-07-04T18:17:57Z</time>
   </trkpt>
   <trkpt lat="42.3657820" lon="-71.0696210">
    <ele>3.6</ele>
    <time>2025-07-04T18:17:58Z</time>
   </trkpt>
   <trkpt lat="42.3657430" lon="-71.0696450">
    <ele>3.6</ele>
    <time>2025-07-04T18:17:59Z</time>
   </trkpt>
   <trkpt lat="42.3656950" lon="-71.0696730">
    <ele>3.6</ele>
    <time>2025-07-04T18:18:00Z</time>
   </trkpt>
   <trkpt lat="42.3656600" lon="-71.0696870">
    <ele>3.6</ele>
    <time>2025-07-04T18:18:01Z</time>
   </trkpt>
   <trkpt lat="42.3656060" lon="-71.0696950">
    <ele>3.6</ele>
    <time>2025-07-04T18:18:02Z</time>
   </trkpt>
   <trkpt lat="42.3655760" lon="-71.0697140">
    <ele>3.6</ele>
    <time>2025-07-04T18:18:03Z</time>
   </trkpt>
   <trkpt lat="42.3655450" lon="-71.0697050">
    <ele>3.6</ele>
    <time>2025-07-04T18:18:04Z</time>
   </trkpt>
   <trkpt lat="42.3655130" lon="-71.0697190">
    <ele>3.6</ele>
    <time>2025-07-04T18:18:05Z</time>
   </trkpt>
   <trkpt lat="42.3654800" lon="-71.0697350">
    <ele>3.7</ele>
    <time>2025-07-04T18:18:06Z</time>
   </trkpt>
   <trkpt lat="42.3654700" lon="-71.0697400">
    <ele>3.7</ele>
    <time>2025-07-04T18:18:07Z</time>
   </trkpt>
   <trkpt lat="42.3654410" lon="-71.0697520">
    <ele>3.7</ele>
    <time>2025-07-04T18:18:08Z</time>
   </trkpt>
   <trkpt lat="42.3654150" lon="-71.0697620">
    <ele>3.7</ele>
    <time>2025-07-04T18:18:09Z</time>
   </trkpt>
   <trkpt lat="42.3653830" lon="-71.0697700">
    <ele>3.7</ele>
    <time>2025-07-04T18:18:10Z</time>
   </trkpt>
   <trkpt lat="42.3653510" lon="-71.0697830">
    <ele>3.7</ele>
    <time>2025-07-04T18:18:11Z</time>
   </trkpt>
   <trkpt lat="42.3653160" lon="-71.0698000">
    <ele>3.7</ele>
    <time>2025-07-04T18:18:12Z</time>
   </trkpt>
   <trkpt lat="42.3653050" lon="-71.0698080">
    <ele>3.7</ele>
    <time>2025-07-04T18:18:13Z</time>
   </trkpt>
   <trkpt lat="42.3652760" lon="-71.0698240">
    <ele>3.7</ele>
    <time>2025-07-04T18:18:14Z</time>
   </trkpt>
   <trkpt lat="42.3652650" lon="-71.0698290">
    <ele>3.7</ele>
    <time>2025-07-04T18:18:15Z</time>
   </trkpt>
   <trkpt lat="42.3652280" lon="-71.0698400">
    <ele>3.7</ele>
    <time>2025-07-04T18:18:16Z</time>
   </trkpt>
   <trkpt lat="42.3651910" lon="-71.0698560">
    <ele>3.7</ele>
    <time>2025-07-04T18:18:17Z</time>
   </trkpt>
   <trkpt lat="42.3651630" lon="-71.0698730">
    <ele>3.7</ele>
    <time>2025-07-04T18:18:18Z</time>
   </trkpt>
   <trkpt lat="42.3651390" lon="-71.0698860">
    <ele>3.7</ele>
    <time>2025-07-04T18:18:19Z</time>
   </trkpt>
   <trkpt lat="42.3651340" lon="-71.0698990">
    <ele>3.7</ele>
    <time>2025-07-04T18:18:20Z</time>
   </trkpt>
   <trkpt lat="42.3651110" lon="-71.0699360">
    <ele>3.8</ele>
    <time>2025-07-04T18:18:21Z</time>
   </trkpt>
   <trkpt lat="42.3651020" lon="-71.0699420">
    <ele>3.8</ele>
    <time>2025-07-04T18:18:22Z</time>
   </trkpt>
   <trkpt lat="42.3650730" lon="-71.0699500">
    <ele>3.8</ele>
    <time>2025-07-04T18:18:23Z</time>
   </trkpt>
   <trkpt lat="42.3650470" lon="-71.0699580">
    <ele>3.8</ele>
    <time>2025-07-04T18:18:24Z</time>
   </trkpt>
   <trkpt lat="42.3650330" lon="-71.0699670">
    <ele>3.8</ele>
    <time>2025-07-04T18:18:25Z</time>
   </trkpt>
   <trkpt lat="42.3650220" lon="-71.0699700">
    <ele>3.8</ele>
    <time>2025-07-04T18:18:26Z</time>
   </trkpt>
   <trkpt lat="42.3650100" lon="-71.0699730">
    <ele>3.8</ele>
    <time>2025-07-04T18:18:27Z</time>
   </trkpt>
   <trkpt lat="42.3649730" lon="-71.0699880">
    <ele>3.8</ele>
    <time>2025-07-04T18:18:28Z</time>
   </trkpt>
   <trkpt lat="42.3649350" lon="-71.0700250">
    <ele>3.8</ele>
    <time>2025-07-04T18:18:29Z</time>
   </trkpt>
   <trkpt lat="42.3649150" lon="-71.0700380">
    <ele>3.8</ele>
    <time>2025-07-04T18:18:30Z</time>
   </trkpt>
   <trkpt lat="42.3648780" lon="-71.0700460">
    <ele>3.9</ele>
    <time>2025-07-04T18:18:31Z</time>
   </trkpt>
   <trkpt lat="42.3648440" lon="-71.0700620">
    <ele>3.9</ele>
    <time>2025-07-04T18:18:32Z</time>
   </trkpt>
   <trkpt lat="42.3648330" lon="-71.0700660">
    <ele>3.9</ele>
    <time>2025-07-04T18:18:33Z</time>
   </trkpt>
   <trkpt lat="42.3648210" lon="-71.0700840">
    <ele>3.9</ele>
    <time>2025-07-04T18:18:34Z</time>
   </trkpt>
   <trkpt lat="42.3648130" lon="-71.0700930">
    <ele>3.9</ele>
    <time>2025-07-04T18:18:35Z</time>
   </trkpt>
   <trkpt lat="42.3648050" lon="-71.0701030">
    <ele>3.9</ele>
    <time>2025-07-04T18:18:36Z</time>
   </trkpt>
   <trkpt lat="42.3647780" lon="-71.0701320">
    <ele>3.9</ele>
    <time>2025-07-04T18:18:37Z</time>
   </trkpt>
   <trkpt lat="42.3647710" lon="-71.0701400">
    <ele>3.9</ele>
    <time>2025-07-04T18:18:38Z</time>
   </trkpt>
   <trkpt lat="42.3647510" lon="-71.0701600">
    <ele>4.0</ele>
    <time>2025-07-04T18:18:39Z</time>
   </trkpt>
   <trkpt lat="42.3647490" lon="-71.0701710">
    <ele>4.0</ele>
    <time>2025-07-04T18:18:40Z</time>
   </trkpt>
   <trkpt lat="42.3647460" lon="-71.0701810">
    <ele>4.0</ele>
    <time>2025-07-04T18:18:41Z</time>
   </trkpt>
   <trkpt lat="42.3647220" lon="-71.0701970">
    <ele>4.0</ele>
    <time>2025-07-04T18:18:42Z</time>
   </trkpt>
   <trkpt lat="42.3647100" lon="-71.0701970">
    <ele>4.0</ele>
    <time>2025-07-04T18:18:43Z</time>
   </trkpt>
   <trkpt lat="42.3646830" lon="-71.0701920">
    <ele>4.0</ele>
    <time>2025-07-04T18:18:44Z</time>
   </trkpt>
   <trkpt lat="42.3646720" lon="-71.0701900">
    <ele>4.0</ele>
    <time>2025-07-04T18:18:45Z</time>
   </trkpt>
   <trkpt lat="42.3646640" lon="-71.0701930">
    <ele>4.0</ele>
    <time>2025-07-04T18:18:46Z</time>
   </trkpt>
   <trkpt lat="42.3646360" lon="-71.0701910">
    <ele>4.0</ele>
    <time>2025-07-04T18:18:47Z</time>
   </trkpt>
   <trkpt lat="42.3646080" lon="-71.0701900">
    <ele>4.0</ele>
    <time>2025-07-04T18:18:48Z</time>
   </trkpt>
   <trkpt lat="42.3645980" lon="-71.0701890">
    <ele>4.0</ele>
    <time>2025-07-04T18:18:49Z</time>
   </trkpt>
   <trkpt lat="42.3645730" lon="-71.0701850">
    <ele>4.0</ele>
    <time>2025-07-04T18:18:50Z</time>
   </trkpt>
   <trkpt lat="42.3645460" lon="-71.0701800">
    <ele>4.0</ele>
    <time>2025-07-04T18:18:51Z</time>
   </trkpt>
   <trkpt lat="42.3645200" lon="-71.0701760">
    <ele>4.0</ele>
    <time>2025-07-04T18:18:52Z</time>
   </trkpt>
   <trkpt lat="42.3644930" lon="-71.0701710">
    <ele>4.0</ele>
    <time>2025-07-04T18:18:53Z</time>
   </trkpt>
   <trkpt lat="42.3644670" lon="-71.0701670">
    <ele>4.0</ele>
    <time>2025-07-04T18:18:54Z</time>
   </trkpt>
   <trkpt lat="42.3644400" lon="-71.0701630">
    <ele>4.0</ele>
    <time>2025-07-04T18:19:04Z</time>
   </trkpt>
   <trkpt lat="42.3644140" lon="-71.0701580">
    <ele>4.0</ele>
    <time>2025-07-04T18:19:05Z</time>
   </trkpt>
   <trkpt lat="42.3643870" lon="-71.0701540">
    <ele>4.0</ele>
    <time>2025-07-04T18:19:06Z</time>
   </trkpt>
   <trkpt lat="42.3643610" lon="-71.0701630">
    <ele>4.0</ele>
    <time>2025-07-04T18:19:07Z</time>
   </trkpt>
   <trkpt lat="42.3643480" lon="-71.0701570">
    <ele>4.0</ele>
    <time>2025-07-04T18:19:08Z</time>
   </trkpt>
   <trkpt lat="42.3643350" lon="-71.0701500">
    <ele>4.0</ele>
    <time>2025-07-04T18:19:09Z</time>
   </trkpt>
   <trkpt lat="42.3643080" lon="-71.0701450">
    <ele>4.0</ele>
    <time>2025-07-04T18:19:10Z</time>
   </trkpt>
   <trkpt lat="42.3642990" lon="-71.0701430">
    <ele>4.0</ele>
    <time>2025-07-04T18:19:11Z</time>
   </trkpt>
   <trkpt lat="42.3642720" lon="-71.0701380">
    <ele>4.0</ele>
    <time>2025-07-04T18:19:12Z</time>
   </trkpt>
   <trkpt lat="42.3642610" lon="-71.0701410">
    <ele>4.0</ele>
    <time>2025-07-04T18:19:13Z</time>
   </trkpt>
   <trkpt lat="42.3642490" lon="-71.0701430">
    <ele>4.0</ele>
    <time>2025-07-04T18:19:14Z</time>
   </trkpt>
   <trkpt lat="42.3642230" lon="-71.0701640">
    <ele>4.0</ele>
    <time>2025-07-04T18:19:15Z</time>
   </trkpt>
   <trkpt lat="42.3642130" lon="-71.0701680">
    <ele>4.0</ele>
    <time>2025-07-04T18:19:16Z</time>
   </trkpt>
   <trkpt lat="42.3642040" lon="-71.0701830">
    <ele>4.0</ele>
    <time>2025-07-04T18:19:17Z</time>
   </trkpt>
   <trkpt lat="42.3641850" lon="-71.0701750">
    <ele>4.0</ele>
    <time>2025-07-04T18:19:18Z</time>
   </trkpt>
   <trkpt lat="42.3641550" lon="-71.0701720">
    <ele>4.0</ele>
    <time>2025-07-04T18:19:19Z</time>
   </trkpt>
   <trkpt lat="42.3641440" lon="-71.0701730">
    <ele>4.0</ele>
    <time>2025-07-04T18:19:20Z</time>
   </trkpt>
   <trkpt lat="42.3641040" lon="-71.0701770">
    <ele>4.0</ele>
    <time>2025-07-04T18:19:21Z</time>
   </trkpt>
   <trkpt lat="42.3640880" lon="-71.0701780">
    <ele>4.0</ele>
    <time>2025-07-04T18:19:22Z</time>
   </trkpt>
   <trkpt lat="42.3640510" lon="-71.0701800">
    <ele>4.0</ele>
    <time>2025-07-04T18:19:23Z</time>
   </trkpt>
   <trkpt lat="42.3640140" lon="-71.0701920">
    <ele>3.9</ele>
    <time>2025-07-04T18:19:24Z</time>
   </trkpt>
   <trkpt lat="42.3640080" lon="-71.0702300">
    <ele>3.9</ele>
    <time>2025-07-04T18:19:25Z</time>
   </trkpt>
   <trkpt lat="42.3639900" lon="-71.0702660">
    <ele>3.9</ele>
    <time>2025-07-04T18:19:26Z</time>
   </trkpt>
   <trkpt lat="42.3639650" lon="-71.0702950">
    <ele>3.9</ele>
    <time>2025-07-04T18:19:27Z</time>
   </trkpt>
   <trkpt lat="42.3639330" lon="-71.0703140">
    <ele>3.9</ele>
    <time>2025-07-04T18:19:28Z</time>
   </trkpt>
   <trkpt lat="42.3639020" lon="-71.0703320">
    <ele>3.9</ele>
    <time>2025-07-04T18:19:29Z</time>
   </trkpt>
   <trkpt lat="42.3638740" lon="-71.0703480">
    <ele>3.9</ele>
    <time>2025-07-04T18:19:30Z</time>
   </trkpt>
   <trkpt lat="42.3638400" lon="-71.0703620">
    <ele>3.9</ele>
    <time>2025-07-04T18:19:31Z</time>
   </trkpt>
   <trkpt lat="42.3638250" lon="-71.0703600">
    <ele>3.9</ele>
    <time>2025-07-04T18:19:32Z</time>
   </trkpt>
   <trkpt lat="42.3638240" lon="-71.0703400">
    <ele>3.9</ele>
    <time>2025-07-04T18:19:33Z</time>
   </trkpt>
   <trkpt lat="42.3638260" lon="-71.0703330">
    <ele>3.9</ele>
    <time>2025-07-04T18:19:34Z</time>
   </trkpt>
   <trkpt lat="42.3638200" lon="-71.0703280">
    <ele>3.9</ele>
    <time>2025-07-04T18:19:35Z</time>
   </trkpt>
   <trkpt lat="42.3638220" lon="-71.0703360">
    <ele>3.9</ele>
    <time>2025-07-04T18:19:36Z</time>
   </trkpt>
   <trkpt lat="42.3638120" lon="-71.0703310">
    <ele>3.9</ele>
    <time>2025-07-04T18:19:37Z</time>
   </trkpt>
   <trkpt lat="42.3638070" lon="-71.0703280">
    <ele>3.9</ele>
    <time>2025-07-04T18:19:38Z</time>
   </trkpt>
   <trkpt lat="42.3638000" lon="-71.0703400">
    <ele>3.9</ele>
    <time>2025-07-04T18:19:39Z</time>
   </trkpt>
   <trkpt lat="42.3637930" lon="-71.0703480">
    <ele>3.9</ele>
    <time>2025-07-04T18:19:40Z</time>
   </trkpt>
   <trkpt lat="42.3637850" lon="-71.0703570">
    <ele>3.9</ele>
    <time>2025-07-04T18:19:41Z</time>
   </trkpt>
   <trkpt lat="42.3637780" lon="-71.0703650">
    <ele>3.9</ele>
    <time>2025-07-04T18:19:42Z</time>
   </trkpt>
   <trkpt lat="42.3637700" lon="-71.0703740">
    <ele>3.9</ele>
    <time>2025-07-04T18:19:43Z</time>
   </trkpt>
   <trkpt lat="42.3637630" lon="-71.0703820">
    <ele>4.0</ele>
    <time>2025-07-04T18:19:45Z</time>
   </trkpt>
   <trkpt lat="42.3637550" lon="-71.0703910">
    <ele>4.0</ele>
    <time>2025-07-04T18:19:46Z</time>
   </trkpt>
   <trkpt lat="42.3637570" lon="-71.0704320">
    <ele>4.0</ele>
    <time>2025-07-04T18:19:47Z</time>
   </trkpt>
   <trkpt lat="42.3637600" lon="-71.0704490">
    <ele>4.0</ele>
    <time>2025-07-04T18:19:48Z</time>
   </trkpt>
   <trkpt lat="42.3637680" lon="-71.0704580">
    <ele>4.0</ele>
    <time>2025-07-04T18:19:49Z</time>
   </trkpt>
   <trkpt lat="42.3637730" lon="-71.0704760">
    <ele>4.0</ele>
    <time>2025-07-04T18:19:50Z</time>
   </trkpt>
   <trkpt lat="42.3637720" lon="-71.0704880">
    <ele>4.0</ele>
    <time>2025-07-04T18:19:51Z</time>
   </trkpt>
   <trkpt lat="42.3637760" lon="-71.0705200">
    <ele>4.0</ele>
    <time>2025-07-04T18:19:52Z</time>
   </trkpt>
   <trkpt lat="42.3637620" lon="-71.0705350">
    <ele>4.0</ele>
    <time>2025-07-04T18:19:53Z</time>
   </trkpt>
   <trkpt lat="42.3637460" lon="-71.0705600">
    <ele>4.0</ele>
    <time>2025-07-04T18:19:54Z</time>
   </trkpt>
   <trkpt lat="42.3637400" lon="-71.0705690">
    <ele>4.0</ele>
    <time>2025-07-04T18:19:55Z</time>
   </trkpt>
   <trkpt lat="42.3637340" lon="-71.0705770">
    <ele>4.0</ele>
    <time>2025-07-04T18:19:56Z</time>
   </trkpt>
   <trkpt lat="42.3637170" lon="-71.0705940">
    <ele>4.0</ele>
    <time>2025-07-04T18:19:57Z</time>
   </trkpt>
   <trkpt lat="42.3637110" lon="-71.0706040">
    <ele>4.0</ele>
    <time>2025-07-04T18:19:58Z</time>
   </trkpt>
   <trkpt lat="42.3637050" lon="-71.0706130">
    <ele>4.0</ele>
    <time>2025-07-04T18:19:59Z</time>
   </trkpt>
   <trkpt lat="42.3636940" lon="-71.0706280">
    <ele>4.0</ele>
    <time>2025-07-04T18:20:00Z</time>
   </trkpt>
   <trkpt lat="42.3636810" lon="-71.0706360">
    <ele>4.0</ele>
    <time>2025-07-04T18:20:01Z</time>
   </trkpt>
   <trkpt lat="42.3636690" lon="-71.0706450">
    <ele>4.0</ele>
    <time>2025-07-04T18:20:02Z</time>
   </trkpt>
   <trkpt lat="42.3636420" lon="-71.0706820">
    <ele>4.0</ele>
    <time>2025-07-04T18:20:03Z</time>
   </trkpt>
   <trkpt lat="42.3636320" lon="-71.0706950">
    <ele>4.0</ele>
    <time>2025-07-04T18:20:04Z</time>
   </trkpt>
   <trkpt lat="42.3636120" lon="-71.0707240">
    <ele>4.0</ele>
    <time>2025-07-04T18:20:05Z</time>
   </trkpt>
   <trkpt lat="42.3636090" lon="-71.0707400">
    <ele>4.0</ele>
    <time>2025-07-04T18:20:06Z</time>
   </trkpt>
   <trkpt lat="42.3635960" lon="-71.0707600">
    <ele>4.0</ele>
    <time>2025-07-04T18:20:07Z</time>
   </trkpt>
   <trkpt lat="42.3635930" lon="-71.0708120">
    <ele>4.0</ele>
    <time>2025-07-04T18:20:08Z</time>
   </trkpt>
   <trkpt lat="42.3636100" lon="-71.0708600">
    <ele>4.0</ele>
    <time>2025-07-04T18:20:09Z</time>
   </trkpt>
   <trkpt lat="42.3636000" lon="-71.0708990">
    <ele>4.0</ele>
    <time>2025-07-04T18:20:10Z</time>
   </trkpt>
   <trkpt lat="42.3635920" lon="-71.0709090">
    <ele>4.0</ele>
    <time>2025-07-04T18:20:11Z</time>
   </trkpt>
   <trkpt lat="42.3635730" lon="-71.0709500">
    <ele>4.0</ele>
    <time>2025-07-04T18:20:12Z</time>
   </trkpt>
   <trkpt lat="42.3635490" lon="-71.0709750">
    <ele>4.0</ele>
    <time>2025-07-04T18:20:13Z</time>
   </trkpt>
   <trkpt lat="42.3635380" lon="-71.0709940">
    <ele>4.0</ele>
    <time>2025-07-04T18:20:14Z</time>
   </trkpt>
   <trkpt lat="42.3634970" lon="-71.0710390">
    <ele>4.0</ele>
    <time>2025-07-04T18:20:15Z</time>
   </trkpt>
   <trkpt lat="42.3634640" lon="-71.0710990">
    <ele>4.0</ele>
    <time>2025-07-04T18:20:16Z</time>
   </trkpt>
   <trkpt lat="42.3634500" lon="-71.0711400">
    <ele>4.0</ele>
    <time>2025-07-04T18:20:17Z</time>
   </trkpt>
   <trkpt lat="42.3634270" lon="-71.0711680">
    <ele>3.9</ele>
    <time>2025-07-04T18:20:18Z</time>
   </trkpt>
   <trkpt lat="42.3633990" lon="-71.0711960">
    <ele>3.9</ele>
    <time>2025-07-04T18:20:19Z</time>
   </trkpt>
   <trkpt lat="42.3633820" lon="-71.0712280">
    <ele>3.9</ele>
    <time>2025-07-04T18:20:20Z</time>
   </trkpt>
   <trkpt lat="42.3633480" lon="-71.0712650">
    <ele>3.9</ele>
    <time>2025-07-04T18:20:21Z</time>
   </trkpt>
   <trkpt lat="42.3633310" lon="-71.0712770">
    <ele>3.8</ele>
    <time>2025-07-04T18:20:22Z</time>
   </trkpt>
   <trkpt lat="42.3632920" lon="-71.0713080">
    <ele>3.8</ele>
    <time>2025-07-04T18:20:23Z</time>
   </trkpt>
   <trkpt lat="42.3632640" lon="-71.0713450">
    <ele>3.7</ele>
    <time>2025-07-04T18:20:24Z</time>
   </trkpt>
   <trkpt lat="42.3632390" lon="-71.0713940">
    <ele>3.7</ele>
    <time>2025-07-04T18:20:25Z</time>
   </trkpt>
   <trkpt lat="42.3632220" lon="-71.0714390">
    <ele>3.7</ele>
    <time>2025-07-04T18:20:26Z</time>
   </trkpt>
   <trkpt lat="42.3631950" lon="-71.0715000">
    <ele>3.6</ele>
    <time>2025-07-04T18:20:27Z</time>
   </trkpt>
   <trkpt lat="42.3631740" lon="-71.0715490">
    <ele>3.6</ele>
    <time>2025-07-04T18:20:28Z</time>
   </trkpt>
   <trkpt lat="42.3631390" lon="-71.0715880">
    <ele>3.5</ele>
    <time>2025-07-04T18:20:29Z</time>
   </trkpt>
   <trkpt lat="42.3631020" lon="-71.0716530">
    <ele>3.4</ele>
    <time>2025-07-04T18:20:30Z</time>
   </trkpt>
   <trkpt lat="42.3630660" lon="-71.0717020">
    <ele>3.4</ele>
    <time>2025-07-04T18:20:31Z</time>
   </trkpt>
   <trkpt lat="42.3630460" lon="-71.0717440">
    <ele>3.3</ele>
    <time>2025-07-04T18:20:32Z</time>
   </trkpt>
   <trkpt lat="42.3630470" lon="-71.0717830">
    <ele>3.3</ele>
    <time>2025-07-04T18:20:33Z</time>
   </trkpt>
   <trkpt lat="42.3630300" lon="-71.0718360">
    <ele>3.2</ele>
    <time>2025-07-04T18:20:34Z</time>
   </trkpt>
   <trkpt lat="42.3629900" lon="-71.0718610">
    <ele>3.2</ele>
    <time>2025-07-04T18:20:35Z</time>
   </trkpt>
   <trkpt lat="42.3629690" lon="-71.0718930">
    <ele>3.1</ele>
    <time>2025-07-04T18:20:36Z</time>
   </trkpt>
   <trkpt lat="42.3629350" lon="-71.0719300">
    <ele>3.1</ele>
    <time>2025-07-04T18:20:37Z</time>
   </trkpt>
   <trkpt lat="42.3628840" lon="-71.0719870">
    <ele>3.0</ele>
    <time>2025-07-04T18:20:38Z</time>
   </trkpt>
   <trkpt lat="42.3628520" lon="-71.0720190">
    <ele>3.0</ele>
    <time>2025-07-04T18:20:39Z</time>
   </trkpt>
   <trkpt lat="42.3628200" lon="-71.0720520">
    <ele>2.9</ele>
    <time>2025-07-04T18:20:40Z</time>
   </trkpt>
   <trkpt lat="42.3627820" lon="-71.0720870">
    <ele>2.9</ele>
    <time>2025-07-04T18:20:41Z</time>
   </trkpt>
   <trkpt lat="42.3627520" lon="-71.0721130">
    <ele>2.8</ele>
    <time>2025-07-04T18:20:42Z</time>
   </trkpt>
   <trkpt lat="42.3627090" lon="-71.0721390">
    <ele>2.8</ele>
    <time>2025-07-04T18:20:43Z</time>
   </trkpt>
   <trkpt lat="42.3626830" lon="-71.0721710">
    <ele>2.7</ele>
    <time>2025-07-04T18:20:44Z</time>
   </trkpt>
   <trkpt lat="42.3626510" lon="-71.0721920">
    <ele>2.7</ele>
    <time>2025-07-04T18:20:45Z</time>
   </trkpt>
   <trkpt lat="42.3626210" lon="-71.0722300">
    <ele>2.7</ele>
    <time>2025-07-04T18:20:46Z</time>
   </trkpt>
   <trkpt lat="42.3626050" lon="-71.0722450">
    <ele>2.7</ele>
    <time>2025-07-04T18:20:47Z</time>
   </trkpt>
   <trkpt lat="42.3625870" lon="-71.0722820">
    <ele>2.6</ele>
    <time>2025-07-04T18:20:48Z</time>
   </trkpt>
   <trkpt lat="42.3625590" lon="-71.0723100">
    <ele>2.6</ele>
    <time>2025-07-04T18:20:49Z</time>
   </trkpt>
   <trkpt lat="42.3625500" lon="-71.0723170">
    <ele>2.6</ele>
    <time>2025-07-04T18:20:50Z</time>
   </trkpt>
   <trkpt lat="42.3625250" lon="-71.0723470">
    <ele>2.6</ele>
    <time>2025-07-04T18:20:51Z</time>
   </trkpt>
   <trkpt lat="42.3625090" lon="-71.0723590">
    <ele>2.6</ele>
    <time>2025-07-04T18:20:52Z</time>
   </trkpt>
   <trkpt lat="42.3624400" lon="-71.0723200">
    <ele>2.5</ele>
    <time>2025-07-04T18:20:53Z</time>
   </trkpt>
   <trkpt lat="42.3623980" lon="-71.0723570">
    <ele>2.5</ele>
    <time>2025-07-04T18:20:54Z</time>
   </trkpt>
   <trkpt lat="42.3623640" lon="-71.0724050">
    <ele>2.5</ele>
    <time>2025-07-04T18:20:55Z</time>
   </trkpt>
   <trkpt lat="42.3623330" lon="-71.0724500">
    <ele>2.5</ele>
    <time>2025-07-04T18:20:56Z</time>
   </trkpt>
   <trkpt lat="42.3623040" lon="-71.0724860">
    <ele>2.5</ele>
    <time>2025-07-04T18:20:57Z</time>
   </trkpt>
   <trkpt lat="42.3622790" lon="-71.0725220">
    <ele>2.5</ele>
    <time>2025-07-04T18:20:58Z</time>
   </trkpt>
   <trkpt lat="42.3622700" lon="-71.0725330">
    <ele>2.5</ele>
    <time>2025-07-04T18:20:59Z</time>
   </trkpt>
   <trkpt lat="42.3622430" lon="-71.0725540">
    <ele>2.5</ele>
    <time>2025-07-04T18:21:00Z</time>
   </trkpt>
   <trkpt lat="42.3622160" lon="-71.0725840">
    <ele>2.5</ele>
    <time>2025-07-04T18:21:01Z</time>
   </trkpt>
   <trkpt lat="42.3621930" lon="-71.0726110">
    <ele>2.6</ele>
    <time>2025-07-04T18:21:02Z</time>
   </trkpt>
   <trkpt lat="42.3621880" lon="-71.0726180">
    <ele>2.6</ele>
    <time>2025-07-04T18:21:03Z</time>
   </trkpt>
   <trkpt lat="42.3621740" lon="-71.0726290">
    <ele>2.6</ele>
    <time>2025-07-04T18:21:04Z</time>
   </trkpt>
   <trkpt lat="42.3621570" lon="-71.0726370">
    <ele>2.6</ele>
    <time>2025-07-04T18:21:05Z</time>
   </trkpt>
   <trkpt lat="42.3621260" lon="-71.0726640">
    <ele>2.6</ele>
    <time>2025-07-04T18:21:06Z</time>
   </trkpt>
   <trkpt lat="42.3621140" lon="-71.0726730">
    <ele>2.6</ele>
    <time>2025-07-04T18:21:07Z</time>
   </trkpt>
   <trkpt lat="42.3620890" lon="-71.0726970">
    <ele>2.5</ele>
    <time>2025-07-04T18:21:08Z</time>
   </trkpt>
   <trkpt lat="42.3620580" lon="-71.0727130">
    <ele>2.5</ele>
    <time>2025-07-04T18:21:09Z</time>
   </trkpt>
   <trkpt lat="42.3620250" lon="-71.0727380">
    <ele>2.5</ele>
    <time>2025-07-04T18:21:10Z</time>
   </trkpt>
   <trkpt lat="42.3620140" lon="-71.0727430">
    <ele>2.5</ele>
    <time>2025-07-04T18:21:11Z</time>
   </trkpt>
   <trkpt lat="42.3619820" lon="-71.0727600">
    <ele>2.5</ele>
    <time>2025-07-04T18:21:12Z</time>
   </trkpt>
   <trkpt lat="42.3619460" lon="-71.0727720">
    <ele>2.5</ele>
    <time>2025-07-04T18:21:13Z</time>
   </trkpt>
   <trkpt lat="42.3619090" lon="-71.0727870">
    <ele>2.5</ele>
    <time>2025-07-04T18:21:14Z</time>
   </trkpt>
   <trkpt lat="42.3618720" lon="-71.0728020">
    <ele>2.5</ele>
    <time>2025-07-04T18:21:15Z</time>
   </trkpt>
   <trkpt lat="42.3618610" lon="-71.0728070">
    <ele>2.5</ele>
    <time>2025-07-04T18:21:16Z</time>
   </trkpt>
   <trkpt lat="42.3618160" lon="-71.0728060">
    <ele>2.5</ele>
    <time>2025-07-04T18:21:17Z</time>
   </trkpt>
   <trkpt lat="42.3617790" lon="-71.0728180">
    <ele>2.5</ele>
    <time>2025-07-04T18:21:18Z</time>
   </trkpt>
   <trkpt lat="42.3617470" lon="-71.0728220">
    <ele>2.5</ele>
    <time>2025-07-04T18:21:19Z</time>
   </trkpt>
   <trkpt lat="42.3617010" lon="-71.0728400">
    <ele>2.5</ele>
    <time>2025-07-04T18:21:20Z</time>
   </trkpt>
   <trkpt lat="42.3616780" lon="-71.0728430">
    <ele>2.5</ele>
    <time>2025-07-04T18:21:21Z</time>
   </trkpt>
   <trkpt lat="42.3616490" lon="-71.0728610">
    <ele>2.4</ele>
    <time>2025-07-04T18:21:22Z</time>
   </trkpt>
   <trkpt lat="42.3616470" lon="-71.0728710">
    <ele>2.4</ele>
    <time>2025-07-04T18:21:23Z</time>
   </trkpt>
   <trkpt lat="42.3616290" lon="-71.0728770">
    <ele>2.4</ele>
    <time>2025-07-04T18:21:24Z</time>
   </trkpt>
   <trkpt lat="42.3616250" lon="-71.0728710">
    <ele>2.4</ele>
    <time>2025-07-04T18:21:25Z</time>
   </trkpt>
   <trkpt lat="42.3616230" lon="-71.0728760">
    <ele>2.4</ele>
    <time>2025-07-04T18:21:26Z</time>
   </trkpt>
   <trkpt lat="42.3616140" lon="-71.0728740">
    <ele>2.4</ele>
    <time>2025-07-04T18:21:27Z</time>
   </trkpt>
   <trkpt lat="42.3616030" lon="-71.0728740">
    <ele>2.4</ele>
    <time>2025-07-04T18:21:28Z</time>
   </trkpt>
   <trkpt lat="42.3615950" lon="-71.0728740">
    <ele>2.4</ele>
    <time>2025-07-04T18:21:29Z</time>
   </trkpt>
   <trkpt lat="42.3615670" lon="-71.0728800">
    <ele>2.4</ele>
    <time>2025-07-04T18:21:30Z</time>
   </trkpt>
   <trkpt lat="42.3615420" lon="-71.0728940">
    <ele>2.4</ele>
    <time>2025-07-04T18:21:31Z</time>
   </trkpt>
   <trkpt lat="42.3614980" lon="-71.0729420">
    <ele>2.4</ele>
    <time>2025-07-04T18:21:32Z</time>
   </trkpt>
   <trkpt lat="42.3614490" lon="-71.0729580">
    <ele>2.4</ele>
    <time>2025-07-04T18:21:33Z</time>
   </trkpt>
   <trkpt lat="42.3614270" lon="-71.0729840">
    <ele>2.4</ele>
    <time>2025-07-04T18:21:34Z</time>
   </trkpt>
   <trkpt lat="42.3613980" lon="-71.0729890">
    <ele>2.4</ele>
    <time>2025-07-04T18:21:35Z</time>
   </trkpt>
   <trkpt lat="42.3613700" lon="-71.0729950">
    <ele>2.4</ele>
    <time>2025-07-04T18:21:36Z</time>
   </trkpt>
   <trkpt lat="42.3613360" lon="-71.0730280">
    <ele>2.4</ele>
    <time>2025-07-04T18:21:37Z</time>
   </trkpt>
   <trkpt lat="42.3613180" lon="-71.0730390">
    <ele>2.4</ele>
    <time>2025-07-04T18:21:38Z</time>
   </trkpt>
   <trkpt lat="42.3612840" lon="-71.0730510">
    <ele>2.4</ele>
    <time>2025-07-04T18:21:39Z</time>
   </trkpt>
   <trkpt lat="42.3612650" lon="-71.0730600">
    <ele>2.4</ele>
    <time>2025-07-04T18:21:40Z</time>
   </trkpt>
   <trkpt lat="42.3612210" lon="-71.0730850">
    <ele>2.4</ele>
    <time>2025-07-04T18:21:41Z</time>
   </trkpt>
   <trkpt lat="42.3611990" lon="-71.0730950">
    <ele>2.4</ele>
    <time>2025-07-04T18:21:42Z</time>
   </trkpt>
   <trkpt lat="42.3611540" lon="-71.0731090">
    <ele>2.4</ele>
    <time>2025-07-04T18:21:43Z</time>
   </trkpt>
   <trkpt lat="42.3610920" lon="-71.0731130">
    <ele>2.3</ele>
    <time>2025-07-04T18:21:44Z</time>
   </trkpt>
   <trkpt lat="42.3610320" lon="-71.0731100">
    <ele>2.3</ele>
    <time>2025-07-04T18:21:45Z</time>
   </trkpt>
   <trkpt lat="42.3609890" lon="-71.0731080">
    <ele>2.3</ele>
    <time>2025-07-04T18:21:46Z</time>
   </trkpt>
   <trkpt lat="42.3609480" lon="-71.0731260">
    <ele>2.2</ele>
    <time>2025-07-04T18:21:47Z</time>
   </trkpt>
   <trkpt lat="42.3609110" lon="-71.0731440">
    <ele>2.2</ele>
    <time>2025-07-04T18:21:48Z</time>
   </trkpt>
   <trkpt lat="42.3608950" lon="-71.0731490">
    <ele>2.2</ele>
    <time>2025-07-04T18:21:49Z</time>
   </trkpt>
   <trkpt lat="42.3608570" lon="-71.0731570">
    <ele>2.1</ele>
    <time>2025-07-04T18:21:50Z</time>
   </trkpt>
   <trkpt lat="42.3608140" lon="-71.0731670">
    <ele>2.1</ele>
    <time>2025-07-04T18:21:51Z</time>
   </trkpt>
   <trkpt lat="42.3607680" lon="-71.0731650">
    <ele>2.1</ele>
    <time>2025-07-04T18:21:52Z</time>
   </trkpt>
   <trkpt lat="42.3607320" lon="-71.0731510">
    <ele>2.1</ele>
    <time>2025-07-04T18:21:53Z</time>
   </trkpt>
   <trkpt lat="42.3606920" lon="-71.0731420">
    <ele>2.1</ele>
    <time>2025-07-04T18:21:54Z</time>
   </trkpt>
   <trkpt lat="42.3606450" lon="-71.0731260">
    <ele>2.0</ele>
    <time>2025-07-04T18:21:55Z</time>
   </trkpt>
   <trkpt lat="42.3606090" lon="-71.0731000">
    <ele>2.0</ele>
    <time>2025-07-04T18:21:56Z</time>
   </trkpt>
   <trkpt lat="42.3605750" lon="-71.0730810">
    <ele>2.0</ele>
    <time>2025-07-04T18:21:57Z</time>
   </trkpt>
   <trkpt lat="42.3605470" lon="-71.0730690">
    <ele>2.0</ele>
    <time>2025-07-04T18:21:58Z</time>
   </trkpt>
   <trkpt lat="42.3605060" lon="-71.0730630">
    <ele>2.0</ele>
    <time>2025-07-04T18:21:59Z</time>
   </trkpt>
   <trkpt lat="42.3604630" lon="-71.0730660">
    <ele>2.0</ele>
    <time>2025-07-04T18:22:00Z</time>
   </trkpt>
   <trkpt lat="42.3604260" lon="-71.0730750">
    <ele>2.0</ele>
    <time>2025-07-04T18:22:01Z</time>
   </trkpt>
   <trkpt lat="42.3603940" lon="-71.0730900">
    <ele>2.0</ele>
    <time>2025-07-04T18:22:02Z</time>
   </trkpt>
   <trkpt lat="42.3603540" lon="-71.0730920">
    <ele>2.0</ele>
    <time>2025-07-04T18:22:03Z</time>
   </trkpt>
   <trkpt lat="42.3603390" lon="-71.0730890">
    <ele>2.0</ele>
    <time>2025-07-04T18:22:04Z</time>
   </trkpt>
   <trkpt lat="42.3603100" lon="-71.0730920">
    <ele>2.0</ele>
    <time>2025-07-04T18:22:05Z</time>
   </trkpt>
   <trkpt lat="42.3602690" lon="-71.0730830">
    <ele>2.0</ele>
    <time>2025-07-04T18:22:06Z</time>
   </trkpt>
   <trkpt lat="42.3602370" lon="-71.0730960">
    <ele>1.9</ele>
    <time>2025-07-04T18:22:07Z</time>
   </trkpt>
   <trkpt lat="42.3602280" lon="-71.0730980">
    <ele>1.9</ele>
    <time>2025-07-04T18:22:08Z</time>
   </trkpt>
   <trkpt lat="42.3601940" lon="-71.0730700">
    <ele>1.9</ele>
    <time>2025-07-04T18:22:09Z</time>
   </trkpt>
   <trkpt lat="42.3601570" lon="-71.0730520">
    <ele>2.0</ele>
    <time>2025-07-04T18:22:10Z</time>
   </trkpt>
   <trkpt lat="42.3601160" lon="-71.0730300">
    <ele>2.0</ele>
    <time>2025-07-04T18:22:11Z</time>
   </trkpt>
   <trkpt lat="42.3600800" lon="-71.0729900">
    <ele>2.0</ele>
    <time>2025-07-04T18:22:12Z</time>
   </trkpt>
   <trkpt lat="42.3600660" lon="-71.0729700">
    <ele>2.0</ele>
    <time>2025-07-04T18:22:13Z</time>
   </trkpt>
   <trkpt lat="42.3600490" lon="-71.0729290">
    <ele>2.0</ele>
    <time>2025-07-04T18:22:14Z</time>
   </trkpt>
   <trkpt lat="42.3600350" lon="-71.0728960">
    <ele>2.0</ele>
    <time>2025-07-04T18:22:15Z</time>
   </trkpt>
   <trkpt lat="42.3599930" lon="-71.0728800">
    <ele>2.1</ele>
    <time>2025-07-04T18:22:16Z</time>
   </trkpt>
   <trkpt lat="42.3599570" lon="-71.0728530">
    <ele>2.1</ele>
    <time>2025-07-04T18:22:17Z</time>
   </trkpt>
   <trkpt lat="42.3599060" lon="-71.0728430">
    <ele>2.1</ele>
    <time>2025-07-04T18:22:18Z</time>
   </trkpt>
   <trkpt lat="42.3598650" lon="-71.0728530">
    <ele>2.1</ele>
    <time>2025-07-04T18:22:19Z</time>
   </trkpt>
   <trkpt lat="42.3598330" lon="-71.0728700">
    <ele>2.1</ele>
    <time>2025-07-04T18:22:20Z</time>
   </trkpt>
   <trkpt lat="42.3597980" lon="-71.0728690">
    <ele>2.0</ele>
    <time>2025-07-04T18:22:21Z</time>
   </trkpt>
   <trkpt lat="42.3597610" lon="-71.0728770">
    <ele>2.0</ele>
    <time>2025-07-04T18:22:22Z</time>
   </trkpt>
   <trkpt lat="42.3597300" lon="-71.0728870">
    <ele>2.0</ele>
    <time>2025-07-04T18:22:23Z</time>
   </trkpt>
   <trkpt lat="42.3597240" lon="-71.0728900">
    <ele>2.0</ele>
    <time>2025-07-04T18:22:24Z</time>
   </trkpt>
   <trkpt lat="42.3597070" lon="-71.0728910">
    <ele>2.0</ele>
    <time>2025-07-04T18:22:25Z</time>
   </trkpt>
   <trkpt lat="42.3597030" lon="-71.0728900">
    <ele>2.0</ele>
    <time>2025-07-04T18:22:26Z</time>
   </trkpt>
   <trkpt lat="42.3596910" lon="-71.0728850">
    <ele>2.0</ele>
    <time>2025-07-04T18:22:27Z</time>
   </trkpt>
   <trkpt lat="42.3596770" lon="-71.0728860">
    <ele>2.0</ele>
    <time>2025-07-04T18:22:28Z</time>
   </trkpt>
   <trkpt lat="42.3596670" lon="-71.0728940">
    <ele>2.0</ele>
    <time>2025-07-04T18:22:29Z</time>
   </trkpt>
   <trkpt lat="42.3596560" lon="-71.0728920">
    <ele>2.0</ele>
    <time>2025-07-04T18:22:30Z</time>
   </trkpt>
   <trkpt lat="42.3596390" lon="-71.0728970">
    <ele>2.1</ele>
    <time>2025-07-04T18:22:31Z</time>
   </trkpt>
   <trkpt lat="42.3596250" lon="-71.0729020">
    <ele>2.1</ele>
    <time>2025-07-04T18:22:32Z</time>
   </trkpt>
   <trkpt lat="42.3596120" lon="-71.0729060">
    <ele>2.1</ele>
    <time>2025-07-04T18:22:33Z</time>
   </trkpt>
   <trkpt lat="42.3595780" lon="-71.0729040">
    <ele>2.1</ele>
    <time>2025-07-04T18:22:34Z</time>
   </trkpt>
   <trkpt lat="42.3595630" lon="-71.0729030">
    <ele>2.1</ele>
    <time>2025-07-04T18:22:35Z</time>
   </trkpt>
   <trkpt lat="42.3595320" lon="-71.0728850">
    <ele>2.1</ele>
    <time>2025-07-04T18:22:36Z</time>
   </trkpt>
   <trkpt lat="42.3595200" lon="-71.0728800">
    <ele>2.1</ele>
    <time>2025-07-04T18:22:37Z</time>
   </trkpt>
   <trkpt lat="42.3595030" lon="-71.0728700">
    <ele>2.2</ele>
    <time>2025-07-04T18:22:38Z</time>
   </trkpt>
   <trkpt lat="42.3594930" lon="-71.0728630">
    <ele>2.3</ele>
    <time>2025-07-04T18:22:39Z</time>
   </trkpt>
   <trkpt lat="42.3594960" lon="-71.0728230">
    <ele>2.4</ele>
    <time>2025-07-04T18:22:40Z</time>
   </trkpt>
   <trkpt lat="42.3594950" lon="-71.0728080">
    <ele>2.4</ele>
    <time>2025-07-04T18:22:41Z</time>
   </trkpt>
   <trkpt lat="42.3595080" lon="-71.0727650">
    <ele>2.5</ele>
    <time>2025-07-04T18:22:42Z</time>
   </trkpt>
   <trkpt lat="42.3595090" lon="-71.0727480">
    <ele>2.5</ele>
    <time>2025-07-04T18:22:43Z</time>
   </trkpt>
   <trkpt lat="42.3595110" lon="-71.0727260">
    <ele>2.6</ele>
    <time>2025-07-04T18:22:44Z</time>
   </trkpt>
   <trkpt lat="42.3595210" lon="-71.0727020">
    <ele>2.7</ele>
    <time>2025-07-04T18:22:45Z</time>
   </trkpt>
   <trkpt lat="42.3595230" lon="-71.0726730">
    <ele>2.7</ele>
    <time>2025-07-04T18:22:46Z</time>
   </trkpt>
   <trkpt lat="42.3595170" lon="-71.0726590">
    <ele>2.8</ele>
    <time>2025-07-04T18:22:47Z</time>
   </trkpt>
   <trkpt lat="42.3595110" lon="-71.0726450">
    <ele>2.8</ele>
    <time>2025-07-04T18:22:48Z</time>
   </trkpt>
   <trkpt lat="42.3594970" lon="-71.0726130">
    <ele>2.9</ele>
    <time>2025-07-04T18:22:49Z</time>
   </trkpt>
   <trkpt lat="42.3594690" lon="-71.0726050">
    <ele>3.0</ele>
    <time>2025-07-04T18:22:50Z</time>
   </trkpt>
   <trkpt lat="42.3594550" lon="-71.0726020">
    <ele>3.0</ele>
    <time>2025-07-04T18:22:51Z</time>
   </trkpt>
   <trkpt lat="42.3594370" lon="-71.0726130">
    <ele>3.0</ele>
    <time>2025-07-04T18:22:52Z</time>
   </trkpt>
   <trkpt lat="42.3594200" lon="-71.0726070">
    <ele>3.0</ele>
    <time>2025-07-04T18:22:53Z</time>
   </trkpt>
   <trkpt lat="42.3593930" lon="-71.0725880">
    <ele>3.0</ele>
    <time>2025-07-04T18:22:54Z</time>
   </trkpt>
   <trkpt lat="42.3593890" lon="-71.0725860">
    <ele>3.0</ele>
    <time>2025-07-04T18:22:55Z</time>
   </trkpt>
   <trkpt lat="42.3593850" lon="-71.0725830">
    <ele>3.0</ele>
    <time>2025-07-04T18:22:56Z</time>
   </trkpt>
   <trkpt lat="42.3593770" lon="-71.0725760">
    <ele>3.0</ele>
    <time>2025-07-04T18:22:57Z</time>
   </trkpt>
   <trkpt lat="42.3593670" lon="-71.0725640">
    <ele>3.1</ele>
    <time>2025-07-04T18:22:58Z</time>
   </trkpt>
   <trkpt lat="42.3593600" lon="-71.0725610">
    <ele>3.1</ele>
    <time>2025-07-04T18:22:59Z</time>
   </trkpt>
   <trkpt lat="42.3593430" lon="-71.0725580">
    <ele>3.1</ele>
    <time>2025-07-04T18:23:00Z</time>
   </trkpt>
   <trkpt lat="42.3593330" lon="-71.0725610">
    <ele>3.1</ele>
    <time>2025-07-04T18:23:01Z</time>
   </trkpt>
   <trkpt lat="42.3593230" lon="-71.0725630">
    <ele>3.1</ele>
    <time>2025-07-04T18:23:02Z</time>
   </trkpt>
   <trkpt lat="42.3592960" lon="-71.0725620">
    <ele>3.1</ele>
    <time>2025-07-04T18:23:03Z</time>
   </trkpt>
   <trkpt lat="42.3592870" lon="-71.0725620">
    <ele>3.1</ele>
    <time>2025-07-04T18:23:04Z</time>
   </trkpt>
   <trkpt lat="42.3592600" lon="-71.0725430">
    <ele>3.1</ele>
    <time>2025-07-04T18:23:05Z</time>
   </trkpt>
   <trkpt lat="42.3592370" lon="-71.0725140">
    <ele>3.2</ele>
    <time>2025-07-04T18:23:06Z</time>
   </trkpt>
   <trkpt lat="42.3592160" lon="-71.0724810">
    <ele>3.3</ele>
    <time>2025-07-04T18:23:07Z</time>
   </trkpt>
   <trkpt lat="42.3591810" lon="-71.0724640">
    <ele>3.3</ele>
    <time>2025-07-04T18:23:08Z</time>
   </trkpt>
   <trkpt lat="42.3591690" lon="-71.0724630">
    <ele>3.3</ele>
    <time>2025-07-04T18:23:09Z</time>
   </trkpt>
   <trkpt lat="42.3591430" lon="-71.0724520">
    <ele>3.3</ele>
    <time>2025-07-04T18:23:10Z</time>
   </trkpt>
   <trkpt lat="42.3591320" lon="-71.0724490">
    <ele>3.3</ele>
    <time>2025-07-04T18:23:11Z</time>
   </trkpt>
   <trkpt lat="42.3591180" lon="-71.0724430">
    <ele>3.3</ele>
    <time>2025-07-04T18:23:12Z</time>
   </trkpt>
   <trkpt lat="42.3591090" lon="-71.0724270">
    <ele>3.4</ele>
    <time>2025-07-04T18:23:13Z</time>
   </trkpt>
   <trkpt lat="42.3590990" lon="-71.0724070">
    <ele>3.4</ele>
    <time>2025-07-04T18:23:14Z</time>
   </trkpt>
   <trkpt lat="42.3590890" lon="-71.0723910">
    <ele>3.4</ele>
    <time>2025-07-04T18:23:15Z</time>
   </trkpt>
   <trkpt lat="42.3590850" lon="-71.0723930">
    <ele>3.4</ele>
    <time>2025-07-04T18:23:16Z</time>
   </trkpt>
   <trkpt lat="42.3590790" lon="-71.0723780">
    <ele>3.4</ele>
    <time>2025-07-04T18:23:17Z</time>
   </trkpt>
   <trkpt lat="42.3590740" lon="-71.0723570">
    <ele>3.5</ele>
    <time>2025-07-04T18:23:18Z</time>
   </trkpt>
   <trkpt lat="42.3590620" lon="-71.0723330">
    <ele>3.5</ele>
    <time>2025-07-04T18:23:19Z</time>
   </trkpt>
   <trkpt lat="42.3590540" lon="-71.0723220">
    <ele>3.5</ele>
    <time>2025-07-04T18:23:20Z</time>
   </trkpt>
   <trkpt lat="42.3590460" lon="-71.0723120">
    <ele>3.6</ele>
    <time>2025-07-04T18:23:21Z</time>
   </trkpt>
   <trkpt lat="42.3590480" lon="-71.0723080">
    <ele>3.6</ele>
    <time>2025-07-04T18:23:22Z</time>
   </trkpt>
   <trkpt lat="42.3590450" lon="-71.0723140">
    <ele>3.6</ele>
    <time>2025-07-04T18:23:23Z</time>
   </trkpt>
   <trkpt lat="42.3590440" lon="-71.0723000">
    <ele>3.6</ele>
    <time>2025-07-04T18:23:24Z</time>
   </trkpt>
   <trkpt lat="42.3590340" lon="-71.0722950">
    <ele>3.6</ele>
    <time>2025-07-04T18:23:25Z</time>
   </trkpt>
   <trkpt lat="42.3590190" lon="-71.0722940">
    <ele>3.6</ele>
    <time>2025-07-04T18:23:26Z</time>
   </trkpt>
   <trkpt lat="42.3590160" lon="-71.0723050">
    <ele>3.6</ele>
    <time>2025-07-04T18:23:27Z</time>
   </trkpt>
   <trkpt lat="42.3590020" lon="-71.0723010">
    <ele>3.5</ele>
    <time>2025-07-04T18:23:28Z</time>
   </trkpt>
   <trkpt lat="42.3589900" lon="-71.0722910">
    <ele>3.5</ele>
    <time>2025-07-04T18:23:29Z</time>
   </trkpt>
   <trkpt lat="42.3589870" lon="-71.0722920">
    <ele>3.5</ele>
    <time>2025-07-04T18:23:30Z</time>
   </trkpt>
   <trkpt lat="42.3589770" lon="-71.0722960">
    <ele>3.5</ele>
    <time>2025-07-04T18:23:31Z</time>
   </trkpt>
   <trkpt lat="42.3589580" lon="-71.0722970">
    <ele>3.5</ele>
    <time>2025-07-04T18:23:32Z</time>
   </trkpt>
   <trkpt lat="42.3589450" lon="-71.0722890">
    <ele>3.5</ele>
    <time>2025-07-04T18:23:33Z</time>
   </trkpt>
   <trkpt lat="42.3589310" lon="-71.0722860">
    <ele>3.5</ele>
    <time>2025-07-04T18:23:34Z</time>
   </trkpt>
   <trkpt lat="42.3589270" lon="-71.0722870">
    <ele>3.5</ele>
    <time>2025-07-04T18:23:35Z</time>
   </trkpt>
   <trkpt lat="42.3589180" lon="-71.0722900">
    <ele>3.5</ele>
    <time>2025-07-04T18:23:36Z</time>
   </trkpt>
   <trkpt lat="42.3589020" lon="-71.0723010">
    <ele>3.5</ele>
    <time>2025-07-04T18:23:37Z</time>
   </trkpt>
   <trkpt lat="42.3588920" lon="-71.0723130">
    <ele>3.5</ele>
    <time>2025-07-04T18:23:38Z</time>
   </trkpt>
   <trkpt lat="42.3588810" lon="-71.0723210">
    <ele>3.5</ele>
    <time>2025-07-04T18:23:39Z</time>
   </trkpt>
   <trkpt lat="42.3588720" lon="-71.0723210">
    <ele>3.5</ele>
    <time>2025-07-04T18:23:40Z</time>
   </trkpt>
   <trkpt lat="42.3588590" lon="-71.0723180">
    <ele>3.5</ele>
    <time>2025-07-04T18:23:41Z</time>
   </trkpt>
   <trkpt lat="42.3588600" lon="-71.0723260">
    <ele>3.5</ele>
    <time>2025-07-04T18:23:42Z</time>
   </trkpt>
   <trkpt lat="42.3588410" lon="-71.0723240">
    <ele>3.5</ele>
    <time>2025-07-04T18:23:43Z</time>
   </trkpt>
   <trkpt lat="42.3588410" lon="-71.0723190">
    <ele>3.5</ele>
    <time>2025-07-04T18:23:44Z</time>
   </trkpt>
   <trkpt lat="42.3588320" lon="-71.0723200">
    <ele>3.5</ele>
    <time>2025-07-04T18:23:45Z</time>
   </trkpt>
   <trkpt lat="42.3588210" lon="-71.0723160">
    <ele>3.5</ele>
    <time>2025-07-04T18:23:46Z</time>
   </trkpt>
   <trkpt lat="42.3588080" lon="-71.0723130">
    <ele>3.5</ele>
    <time>2025-07-04T18:23:47Z</time>
   </trkpt>
   <trkpt lat="42.3587950" lon="-71.0723160">
    <ele>3.5</ele>
    <time>2025-07-04T18:23:48Z</time>
   </trkpt>
   <trkpt lat="42.3587880" lon="-71.0723180">
    <ele>3.5</ele>
    <time>2025-07-04T18:23:49Z</time>
   </trkpt>
   <trkpt lat="42.3587820" lon="-71.0723210">
    <ele>3.5</ele>
    <time>2025-07-04T18:23:50Z</time>
   </trkpt>
   <trkpt lat="42.3587750" lon="-71.0723230">
    <ele>3.5</ele>
    <time>2025-07-04T18:23:51Z</time>
   </trkpt>
   <trkpt lat="42.3587680" lon="-71.0723250">
    <ele>3.5</ele>
    <time>2025-07-04T18:23:52Z</time>
   </trkpt>
   <trkpt lat="42.3587480" lon="-71.0723270">
    <ele>3.5</ele>
    <time>2025-07-04T18:23:53Z</time>
   </trkpt>
   <trkpt lat="42.3587340" lon="-71.0723330">
    <ele>3.5</ele>
    <time>2025-07-04T18:23:54Z</time>
   </trkpt>
   <trkpt lat="42.3587200" lon="-71.0723400">
    <ele>3.5</ele>
    <time>2025-07-04T18:23:55Z</time>
   </trkpt>
   <trkpt lat="42.3587280" lon="-71.0723510">
    <ele>3.5</ele>
    <time>2025-07-04T18:23:56Z</time>
   </trkpt>
   <trkpt lat="42.3587140" lon="-71.0723510">
    <ele>3.5</ele>
    <time>2025-07-04T18:23:57Z</time>
   </trkpt>
   <trkpt lat="42.3587050" lon="-71.0723590">
    <ele>3.5</ele>
    <time>2025-07-04T18:23:58Z</time>
   </trkpt>
   <trkpt lat="42.3586960" lon="-71.0723590">
    <ele>3.5</ele>
    <time>2025-07-04T18:23:59Z</time>
   </trkpt>
   <trkpt lat="42.3586860" lon="-71.0723490">
    <ele>3.5</ele>
    <time>2025-07-04T18:24:00Z</time>
   </trkpt>
   <trkpt lat="42.3586770" lon="-71.0723500">
    <ele>3.5</ele>
    <time>2025-07-04T18:24:01Z</time>
   </trkpt>
   <trkpt lat="42.3586710" lon="-71.0723580">
    <ele>3.5</ele>
    <time>2025-07-04T18:24:02Z</time>
   </trkpt>
   <trkpt lat="42.3586660" lon="-71.0723610">
    <ele>3.5</ele>
    <time>2025-07-04T18:24:03Z</time>
   </trkpt>
   <trkpt lat="42.3586620" lon="-71.0723570">
    <ele>3.5</ele>
    <time>2025-07-04T18:24:04Z</time>
   </trkpt>
   <trkpt lat="42.3586460" lon="-71.0723650">
    <ele>3.5</ele>
    <time>2025-07-04T18:24:05Z</time>
   </trkpt>
   <trkpt lat="42.3586370" lon="-71.0723730">
    <ele>3.5</ele>
    <time>2025-07-04T18:24:06Z</time>
   </trkpt>
   <trkpt lat="42.3586310" lon="-71.0723760">
    <ele>3.5</ele>
    <time>2025-07-04T18:24:07Z</time>
   </trkpt>
   <trkpt lat="42.3586170" lon="-71.0723740">
    <ele>3.5</ele>
    <time>2025-07-04T18:24:08Z</time>
   </trkpt>
   <trkpt lat="42.3586070" lon="-71.0723740">
    <ele>3.5</ele>
    <time>2025-07-04T18:24:09Z</time>
   </trkpt>
   <trkpt lat="42.3585880" lon="-71.0723920">
    <ele>3.5</ele>
    <time>2025-07-04T18:24:10Z</time>
   </trkpt>
   <trkpt lat="42.3585620" lon="-71.0724060">
    <ele>3.4</ele>
    <time>2025-07-04T18:24:11Z</time>
   </trkpt>
   <trkpt lat="42.3585530" lon="-71.0724130">
    <ele>3.4</ele>
    <time>2025-07-04T18:24:12Z</time>
   </trkpt>
   <trkpt lat="42.3585470" lon="-71.0724320">
    <ele>3.4</ele>
    <time>2025-07-04T18:24:13Z</time>
   </trkpt>
   <trkpt lat="42.3585290" lon="-71.0724410">
    <ele>3.4</ele>
    <time>2025-07-04T18:24:14Z</time>
   </trkpt>
   <trkpt lat="42.3585040" lon="-71.0724620">
    <ele>3.4</ele>
    <time>2025-07-04T18:24:15Z</time>
   </trkpt>
   <trkpt lat="42.3584950" lon="-71.0724720">
    <ele>3.4</ele>
    <time>2025-07-04T18:24:16Z</time>
   </trkpt>
   <trkpt lat="42.3584810" lon="-71.0724790">
    <ele>3.4</ele>
    <time>2025-07-04T18:24:17Z</time>
   </trkpt>
   <trkpt lat="42.3584670" lon="-71.0724900">
    <ele>3.4</ele>
    <time>2025-07-04T18:24:18Z</time>
   </trkpt>
   <trkpt lat="42.3584470" lon="-71.0724930">
    <ele>3.4</ele>
    <time>2025-07-04T18:24:19Z</time>
   </trkpt>
   <trkpt lat="42.3584340" lon="-71.0724950">
    <ele>3.4</ele>
    <time>2025-07-04T18:24:20Z</time>
   </trkpt>
   <trkpt lat="42.3584210" lon="-71.0724850">
    <ele>3.4</ele>
    <time>2025-07-04T18:24:21Z</time>
   </trkpt>
   <trkpt lat="42.3584120" lon="-71.0724840">
    <ele>3.4</ele>
    <time>2025-07-04T18:24:22Z</time>
   </trkpt>
   <trkpt lat="42.3584020" lon="-71.0724920">
    <ele>3.4</ele>
    <time>2025-07-04T18:24:23Z</time>
   </trkpt>
   <trkpt lat="42.3583710" lon="-71.0724940">
    <ele>3.4</ele>
    <time>2025-07-04T18:24:24Z</time>
   </trkpt>
   <trkpt lat="42.3583650" lon="-71.0724940">
    <ele>3.4</ele>
    <time>2025-07-04T18:24:25Z</time>
   </trkpt>
   <trkpt lat="42.3583510" lon="-71.0724970">
    <ele>3.4</ele>
    <time>2025-07-04T18:24:26Z</time>
   </trkpt>
   <trkpt lat="42.3583430" lon="-71.0725020">
    <ele>3.4</ele>
    <time>2025-07-04T18:24:27Z</time>
   </trkpt>
   <trkpt lat="42.3583320" lon="-71.0725010">
    <ele>3.4</ele>
    <time>2025-07-04T18:24:28Z</time>
   </trkpt>
   <trkpt lat="42.3583130" lon="-71.0724940">
    <ele>3.4</ele>
    <time>2025-07-04T18:24:29Z</time>
   </trkpt>
   <trkpt lat="42.3582990" lon="-71.0724910">
    <ele>3.4</ele>
    <time>2025-07-04T18:24:30Z</time>
   </trkpt>
   <trkpt lat="42.3582710" lon="-71.0724960">
    <ele>3.4</ele>
    <time>2025-07-04T18:24:31Z</time>
   </trkpt>
   <trkpt lat="42.3582620" lon="-71.0724970">
    <ele>3.3</ele>
    <time>2025-07-04T18:24:32Z</time>
   </trkpt>
   <trkpt lat="42.3582350" lon="-71.0724960">
    <ele>3.3</ele>
    <time>2025-07-04T18:24:33Z</time>
   </trkpt>
   <trkpt lat="42.3582250" lon="-71.0724940">
    <ele>3.3</ele>
    <time>2025-07-04T18:24:34Z</time>
   </trkpt>
   <trkpt lat="42.3582120" lon="-71.0724810">
    <ele>3.3</ele>
    <time>2025-07-04T18:24:35Z</time>
   </trkpt>
   <trkpt lat="42.3582030" lon="-71.0724780">
    <ele>3.3</ele>
    <time>2025-07-04T18:24:36Z</time>
   </trkpt>
   <trkpt lat="42.3581920" lon="-71.0724830">
    <ele>3.3</ele>
    <time>2025-07-04T18:24:37Z</time>
   </trkpt>
   <trkpt lat="42.3581860" lon="-71.0724940">
    <ele>3.3</ele>
    <time>2025-07-04T18:24:38Z</time>
   </trkpt>
   <trkpt lat="42.3581630" lon="-71.0724920">
    <ele>3.3</ele>
    <time>2025-07-04T18:24:39Z</time>
   </trkpt>
   <trkpt lat="42.3581530" lon="-71.0725070">
    <ele>3.3</ele>
    <time>2025-07-04T18:24:40Z</time>
   </trkpt>
   <trkpt lat="42.3581340" lon="-71.0725040">
    <ele>3.3</ele>
    <time>2025-07-04T18:24:41Z</time>
   </trkpt>
   <trkpt lat="42.3581130" lon="-71.0725030">
    <ele>3.3</ele>
    <time>2025-07-04T18:24:42Z</time>
   </trkpt>
   <trkpt lat="42.3581010" lon="-71.0725060">
    <ele>3.3</ele>
    <time>2025-07-04T18:24:43Z</time>
   </trkpt>
   <trkpt lat="42.3580900" lon="-71.0725100">
    <ele>3.3</ele>
    <time>2025-07-04T18:24:44Z</time>
   </trkpt>
   <trkpt lat="42.3580750" lon="-71.0725090">
    <ele>3.3</ele>
    <time>2025-07-04T18:24:45Z</time>
   </trkpt>
   <trkpt lat="42.3580630" lon="-71.0725140">
    <ele>3.3</ele>
    <time>2025-07-04T18:24:46Z</time>
   </trkpt>
   <trkpt lat="42.3580510" lon="-71.0725130">
    <ele>3.3</ele>
    <time>2025-07-04T18:24:47Z</time>
   </trkpt>
   <trkpt lat="42.3580390" lon="-71.0725110">
    <ele>3.3</ele>
    <time>2025-07-04T18:24:48Z</time>
   </trkpt>
   <trkpt lat="42.3580300" lon="-71.0725090">
    <ele>3.3</ele>
    <time>2025-07-04T18:24:49Z</time>
   </trkpt>
   <trkpt lat="42.3580190" lon="-71.0725180">
    <ele>3.3</ele>
    <time>2025-07-04T18:24:50Z</time>
   </trkpt>
   <trkpt lat="42.3580070" lon="-71.0725290">
    <ele>3.3</ele>
    <time>2025-07-04T18:24:51Z</time>
   </trkpt>
   <trkpt lat="42.3579970" lon="-71.0725310">
    <ele>3.3</ele>
    <time>2025-07-04T18:24:52Z</time>
   </trkpt>
   <trkpt lat="42.3579880" lon="-71.0725340">
    <ele>3.3</ele>
    <time>2025-07-04T18:24:53Z</time>
   </trkpt>
   <trkpt lat="42.3579800" lon="-71.0725360">
    <ele>3.3</ele>
    <time>2025-07-04T18:24:54Z</time>
   </trkpt>
   <trkpt lat="42.3579710" lon="-71.0725390">
    <ele>3.3</ele>
    <time>2025-07-04T18:24:55Z</time>
   </trkpt>
   <trkpt lat="42.3579550" lon="-71.0725470">
    <ele>3.3</ele>
    <time>2025-07-04T18:24:56Z</time>
   </trkpt>
   <trkpt lat="42.3579440" lon="-71.0725540">
    <ele>3.3</ele>
    <time>2025-07-04T18:24:57Z</time>
   </trkpt>
   <trkpt lat="42.3579340" lon="-71.0725610">
    <ele>3.3</ele>
    <time>2025-07-04T18:24:58Z</time>
   </trkpt>
   <trkpt lat="42.3579190" lon="-71.0725660">
    <ele>3.3</ele>
    <time>2025-07-04T18:24:59Z</time>
   </trkpt>
   <trkpt lat="42.3579110" lon="-71.0725640">
    <ele>3.3</ele>
    <time>2025-07-04T18:25:00Z</time>
   </trkpt>
   <trkpt lat="42.3579020" lon="-71.0725620">
    <ele>3.3</ele>
    <time>2025-07-04T18:25:01Z</time>
   </trkpt>
   <trkpt lat="42.3578940" lon="-71.0725600">
    <ele>3.3</ele>
    <time>2025-07-04T18:25:02Z</time>
   </trkpt>
   <trkpt lat="42.3578810" lon="-71.0725650">
    <ele>3.3</ele>
    <time>2025-07-04T18:25:03Z</time>
   </trkpt>
   <trkpt lat="42.3578760" lon="-71.0725700">
    <ele>3.3</ele>
    <time>2025-07-04T18:25:04Z</time>
   </trkpt>
   <trkpt lat="42.3578700" lon="-71.0725750">
    <ele>3.3</ele>
    <time>2025-07-04T18:25:05Z</time>
   </trkpt>
   <trkpt lat="42.3578650" lon="-71.0725800">
    <ele>3.3</ele>
    <time>2025-07-04T18:25:06Z</time>
   </trkpt>
   <trkpt lat="42.3578600" lon="-71.0725850">
    <ele>3.3</ele>
    <time>2025-07-04T18:25:07Z</time>
   </trkpt>
   <trkpt lat="42.3578430" lon="-71.0725780">
    <ele>3.3</ele>
    <time>2025-07-04T18:25:08Z</time>
   </trkpt>
   <trkpt lat="42.3578270" lon="-71.0725680">
    <ele>3.3</ele>
    <time>2025-07-04T18:25:09Z</time>
   </trkpt>
   <trkpt lat="42.3578050" lon="-71.0725730">
    <ele>3.3</ele>
    <time>2025-07-04T18:25:10Z</time>
   </trkpt>
   <trkpt lat="42.3577980" lon="-71.0725720">
    <ele>3.3</ele>
    <time>2025-07-04T18:25:11Z</time>
   </trkpt>
   <trkpt lat="42.3577700" lon="-71.0725670">
    <ele>3.3</ele>
    <time>2025-07-04T18:25:12Z</time>
   </trkpt>
   <trkpt lat="42.3577590" lon="-71.0725660">
    <ele>3.3</ele>
    <time>2025-07-04T18:25:13Z</time>
   </trkpt>
   <trkpt lat="42.3577510" lon="-71.0725750">
    <ele>3.3</ele>
    <time>2025-07-04T18:25:14Z</time>
   </trkpt>
   <trkpt lat="42.3577360" lon="-71.0725780">
    <ele>3.3</ele>
    <time>2025-07-04T18:25:15Z</time>
   </trkpt>
   <trkpt lat="42.3577250" lon="-71.0725800">
    <ele>3.3</ele>
    <time>2025-07-04T18:25:16Z</time>
   </trkpt>
   <trkpt lat="42.3577060" lon="-71.0725800">
    <ele>3.3</ele>
    <time>2025-07-04T18:25:17Z</time>
   </trkpt>
   <trkpt lat="42.3576940" lon="-71.0725830">
    <ele>3.3</ele>
    <time>2025-07-04T18:25:18Z</time>
   </trkpt>
   <trkpt lat="42.3576820" lon="-71.0725920">
    <ele>3.3</ele>
    <time>2025-07-04T18:25:19Z</time>
   </trkpt>
   <trkpt lat="42.3576650" lon="-71.0725910">
    <ele>3.3</ele>
    <time>2025-07-04T18:25:20Z</time>
   </trkpt>
   <trkpt lat="42.3576550" lon="-71.0725900">
    <ele>3.3</ele>
    <time>2025-07-04T18:25:21Z</time>
   </trkpt>
   <trkpt lat="42.3576360" lon="-71.0725950">
    <ele>3.3</ele>
    <time>2025-07-04T18:25:22Z</time>
   </trkpt>
   <trkpt lat="42.3576190" lon="-71.0725990">
    <ele>3.3</ele>
    <time>2025-07-04T18:25:23Z</time>
   </trkpt>
   <trkpt lat="42.3576050" lon="-71.0725990">
    <ele>3.3</ele>
    <time>2025-07-04T18:25:24Z</time>
   </trkpt>
   <trkpt lat="42.3575830" lon="-71.0726070">
    <ele>3.3</ele>
    <time>2025-07-04T18:25:25Z</time>
   </trkpt>
   <trkpt lat="42.3575750" lon="-71.0726100">
    <ele>3.3</ele>
    <time>2025-07-04T18:25:26Z</time>
   </trkpt>
   <trkpt lat="42.3575670" lon="-71.0726120">
    <ele>3.3</ele>
    <time>2025-07-04T18:25:27Z</time>
   </trkpt>
   <trkpt lat="42.3575370" lon="-71.0726070">
    <ele>3.3</ele>
    <time>2025-07-04T18:25:28Z</time>
   </trkpt>
   <trkpt lat="42.3575270" lon="-71.0726050">
    <ele>3.3</ele>
    <time>2025-07-04T18:25:29Z</time>
   </trkpt>
   <trkpt lat="42.3575060" lon="-71.0725930">
    <ele>3.3</ele>
    <time>2025-07-04T18:25:30Z</time>
   </trkpt>
   <trkpt lat="42.3574960" lon="-71.0725900">
    <ele>3.3</ele>
    <time>2025-07-04T18:25:31Z</time>
   </trkpt>
   <trkpt lat="42.3574870" lon="-71.0725880">
    <ele>3.3</ele>
    <time>2025-07-04T18:25:32Z</time>
   </trkpt>
   <trkpt lat="42.3574740" lon="-71.0725800">
    <ele>3.3</ele>
    <time>2025-07-04T18:25:33Z</time>
   </trkpt>
   <trkpt lat="42.3574570" lon="-71.0725840">
    <ele>3.3</ele>
    <time>2025-07-04T18:25:34Z</time>
   </trkpt>
   <trkpt lat="42.3574430" lon="-71.0725910">
    <ele>3.3</ele>
    <time>2025-07-04T18:25:35Z</time>
   </trkpt>
   <trkpt lat="42.3574350" lon="-71.0725990">
    <ele>3.3</ele>
    <time>2025-07-04T18:25:36Z</time>
   </trkpt>
   <trkpt lat="42.3574240" lon="-71.0725940">
    <ele>3.3</ele>
    <time>2025-07-04T18:25:37Z</time>
   </trkpt>
   <trkpt lat="42.3574010" lon="-71.0725980">
    <ele>3.3</ele>
    <time>2025-07-04T18:25:38Z</time>
   </trkpt>
   <trkpt lat="42.3573930" lon="-71.0725990">
    <ele>3.3</ele>
    <time>2025-07-04T18:25:39Z</time>
   </trkpt>
   <trkpt lat="42.3573850" lon="-71.0726010">
    <ele>3.3</ele>
    <time>2025-07-04T18:25:40Z</time>
   </trkpt>
   <trkpt lat="42.3573570" lon="-71.0726150">
    <ele>3.3</ele>
    <time>2025-07-04T18:25:41Z</time>
   </trkpt>
   <trkpt lat="42.3573460" lon="-71.0726190">
    <ele>3.3</ele>
    <time>2025-07-04T18:25:42Z</time>
   </trkpt>
   <trkpt lat="42.3573320" lon="-71.0726300">
    <ele>3.3</ele>
    <time>2025-07-04T18:25:43Z</time>
   </trkpt>
   <trkpt lat="42.3573180" lon="-71.0726370">
    <ele>3.3</ele>
    <time>2025-07-04T18:25:44Z</time>
   </trkpt>
   <trkpt lat="42.3573030" lon="-71.0726400">
    <ele>3.3</ele>
    <time>2025-07-04T18:25:45Z</time>
   </trkpt>
   <trkpt lat="42.3572890" lon="-71.0726480">
    <ele>3.3</ele>
    <time>2025-07-04T18:25:46Z</time>
   </trkpt>
   <trkpt lat="42.3572690" lon="-71.0726520">
    <ele>3.3</ele>
    <time>2025-07-04T18:25:47Z</time>
   </trkpt>
   <trkpt lat="42.3572610" lon="-71.0726550">
    <ele>3.3</ele>
    <time>2025-07-04T18:25:48Z</time>
   </trkpt>
   <trkpt lat="42.3572520" lon="-71.0726590">
    <ele>3.3</ele>
    <time>2025-07-04T18:25:49Z</time>
   </trkpt>
   <trkpt lat="42.3572460" lon="-71.0726600">
    <ele>3.3</ele>
    <time>2025-07-04T18:25:50Z</time>
   </trkpt>
   <trkpt lat="42.3572380" lon="-71.0726640">
    <ele>3.3</ele>
    <time>2025-07-04T18:25:51Z</time>
   </trkpt>
   <trkpt lat="42.3572220" lon="-71.0726690">
    <ele>3.3</ele>
    <time>2025-07-04T18:25:52Z</time>
   </trkpt>
   <trkpt lat="42.3572040" lon="-71.0726820">
    <ele>3.3</ele>
    <time>2025-07-04T18:25:53Z</time>
   </trkpt>
   <trkpt lat="42.3571990" lon="-71.0726860">
    <ele>3.3</ele>
    <time>2025-07-04T18:25:54Z</time>
   </trkpt>
   <trkpt lat="42.3571930" lon="-71.0726890">
    <ele>3.3</ele>
    <time>2025-07-04T18:25:55Z</time>
   </trkpt>
   <trkpt lat="42.3571870" lon="-71.0726930">
    <ele>3.3</ele>
    <time>2025-07-04T18:25:56Z</time>
   </trkpt>
   <trkpt lat="42.3571780" lon="-71.0726900">
    <ele>3.4</ele>
    <time>2025-07-04T18:25:57Z</time>
   </trkpt>
   <trkpt lat="42.3571670" lon="-71.0726960">
    <ele>3.4</ele>
    <time>2025-07-04T18:25:58Z</time>
   </trkpt>
   <trkpt lat="42.3571520" lon="-71.0726980">
    <ele>3.4</ele>
    <time>2025-07-04T18:25:59Z</time>
   </trkpt>
   <trkpt lat="42.3571350" lon="-71.0726950">
    <ele>3.4</ele>
    <time>2025-07-04T18:26:00Z</time>
   </trkpt>
   <trkpt lat="42.3571270" lon="-71.0726940">
    <ele>3.4</ele>
    <time>2025-07-04T18:26:01Z</time>
   </trkpt>
   <trkpt lat="42.3571200" lon="-71.0726930">
    <ele>3.4</ele>
    <time>2025-07-04T18:26:02Z</time>
   </trkpt>
   <trkpt lat="42.3571120" lon="-71.0726920">
    <ele>3.4</ele>
    <time>2025-07-04T18:26:03Z</time>
   </trkpt>
   <trkpt lat="42.3571000" lon="-71.0726860">
    <ele>3.4</ele>
    <time>2025-07-04T18:26:04Z</time>
   </trkpt>
   <trkpt lat="42.3570900" lon="-71.0726900">
    <ele>3.4</ele>
    <time>2025-07-04T18:26:05Z</time>
   </trkpt>
   <trkpt lat="42.3570780" lon="-71.0726980">
    <ele>3.4</ele>
    <time>2025-07-04T18:26:06Z</time>
   </trkpt>
   <trkpt lat="42.3570620" lon="-71.0727050">
    <ele>3.4</ele>
    <time>2025-07-04T18:26:07Z</time>
   </trkpt>
   <trkpt lat="42.3570530" lon="-71.0727190">
    <ele>3.4</ele>
    <time>2025-07-04T18:26:08Z</time>
   </trkpt>
   <trkpt lat="42.3570460" lon="-71.0727170">
    <ele>3.4</ele>
    <time>2025-07-04T18:26:09Z</time>
   </trkpt>
   <trkpt lat="42.3570370" lon="-71.0727230">
    <ele>3.4</ele>
    <time>2025-07-04T18:26:10Z</time>
   </trkpt>
   <trkpt lat="42.3570170" lon="-71.0727240">
    <ele>3.4</ele>
    <time>2025-07-04T18:26:11Z</time>
   </trkpt>
   <trkpt lat="42.3570130" lon="-71.0727210">
    <ele>3.4</ele>
    <time>2025-07-04T18:26:12Z</time>
   </trkpt>
   <trkpt lat="42.3569970" lon="-71.0727240">
    <ele>3.4</ele>
    <time>2025-07-04T18:26:13Z</time>
   </trkpt>
   <trkpt lat="42.3569920" lon="-71.0727270">
    <ele>3.4</ele>
    <time>2025-07-04T18:26:14Z</time>
   </trkpt>
   <trkpt lat="42.3569830" lon="-71.0727200">
    <ele>3.4</ele>
    <time>2025-07-04T18:26:15Z</time>
   </trkpt>
   <trkpt lat="42.3569650" lon="-71.0727300">
    <ele>3.4</ele>
    <time>2025-07-04T18:26:16Z</time>
   </trkpt>
   <trkpt lat="42.3569570" lon="-71.0727370">
    <ele>3.4</ele>
    <time>2025-07-04T18:26:17Z</time>
   </trkpt>
   <trkpt lat="42.3569500" lon="-71.0727450">
    <ele>3.4</ele>
    <time>2025-07-04T18:26:18Z</time>
   </trkpt>
   <trkpt lat="42.3569410" lon="-71.0727370">
    <ele>3.4</ele>
    <time>2025-07-04T18:26:19Z</time>
   </trkpt>
   <trkpt lat="42.3569300" lon="-71.0727380">
    <ele>3.4</ele>
    <time>2025-07-04T18:26:20Z</time>
   </trkpt>
   <trkpt lat="42.3569170" lon="-71.0727370">
    <ele>3.4</ele>
    <time>2025-07-04T18:26:21Z</time>
   </trkpt>
   <trkpt lat="42.3569000" lon="-71.0727460">
    <ele>3.4</ele>
    <time>2025-07-04T18:26:22Z</time>
   </trkpt>
   <trkpt lat="42.3568870" lon="-71.0727520">
    <ele>3.4</ele>
    <time>2025-07-04T18:26:23Z</time>
   </trkpt>
   <trkpt lat="42.3568770" lon="-71.0727460">
    <ele>3.4</ele>
    <time>2025-07-04T18:26:24Z</time>
   </trkpt>
   <trkpt lat="42.3568630" lon="-71.0727460">
    <ele>3.4</ele>
    <time>2025-07-04T18:26:25Z</time>
   </trkpt>
   <trkpt lat="42.3568560" lon="-71.0727370">
    <ele>3.4</ele>
    <time>2025-07-04T18:26:26Z</time>
   </trkpt>
   <trkpt lat="42.3568440" lon="-71.0727490">
    <ele>3.4</ele>
    <time>2025-07-04T18:26:27Z</time>
   </trkpt>
   <trkpt lat="42.3568290" lon="-71.0727530">
    <ele>3.4</ele>
    <time>2025-07-04T18:26:28Z</time>
   </trkpt>
   <trkpt lat="42.3568140" lon="-71.0727560">
    <ele>3.4</ele>
    <time>2025-07-04T18:26:29Z</time>
   </trkpt>
   <trkpt lat="42.3567950" lon="-71.0727560">
    <ele>3.4</ele>
    <time>2025-07-04T18:26:30Z</time>
   </trkpt>
   <trkpt lat="42.3567820" lon="-71.0727650">
    <ele>3.4</ele>
    <time>2025-07-04T18:26:31Z</time>
   </trkpt>
   <trkpt lat="42.3567680" lon="-71.0727650">
    <ele>3.5</ele>
    <time>2025-07-04T18:26:32Z</time>
   </trkpt>
   <trkpt lat="42.3567550" lon="-71.0727670">
    <ele>3.5</ele>
    <time>2025-07-04T18:26:33Z</time>
   </trkpt>
   <trkpt lat="42.3567570" lon="-71.0727580">
    <ele>3.5</ele>
    <time>2025-07-04T18:26:34Z</time>
   </trkpt>
   <trkpt lat="42.3567500" lon="-71.0727550">
    <ele>3.5</ele>
    <time>2025-07-04T18:26:35Z</time>
   </trkpt>
   <trkpt lat="42.3567390" lon="-71.0727500">
    <ele>3.5</ele>
    <time>2025-07-04T18:26:36Z</time>
   </trkpt>
   <trkpt lat="42.3567330" lon="-71.0727650">
    <ele>3.5</ele>
    <time>2025-07-04T18:26:37Z</time>
   </trkpt>
   <trkpt lat="42.3567210" lon="-71.0727720">
    <ele>3.5</ele>
    <time>2025-07-04T18:26:38Z</time>
   </trkpt>
   <trkpt lat="42.3567090" lon="-71.0727590">
    <ele>3.5</ele>
    <time>2025-07-04T18:26:39Z</time>
   </trkpt>
   <trkpt lat="42.3566990" lon="-71.0727590">
    <ele>3.5</ele>
    <time>2025-07-04T18:26:40Z</time>
   </trkpt>
   <trkpt lat="42.3566910" lon="-71.0727560">
    <ele>3.5</ele>
    <time>2025-07-04T18:26:41Z</time>
   </trkpt>
   <trkpt lat="42.3566780" lon="-71.0727590">
    <ele>3.5</ele>
    <time>2025-07-04T18:26:42Z</time>
   </trkpt>
   <trkpt lat="42.3566770" lon="-71.0727600">
    <ele>3.5</ele>
    <time>2025-07-04T18:26:43Z</time>
   </trkpt>
   <trkpt lat="42.3566580" lon="-71.0727540">
    <ele>3.5</ele>
    <time>2025-07-04T18:26:44Z</time>
   </trkpt>
   <trkpt lat="42.3566430" lon="-71.0727620">
    <ele>3.5</ele>
    <time>2025-07-04T18:26:45Z</time>
   </trkpt>
   <trkpt lat="42.3566390" lon="-71.0727650">
    <ele>3.5</ele>
    <time>2025-07-04T18:26:46Z</time>
   </trkpt>
   <trkpt lat="42.3566170" lon="-71.0727780">
    <ele>3.5</ele>
    <time>2025-07-04T18:26:47Z</time>
   </trkpt>
   <trkpt lat="42.3566090" lon="-71.0727880">
    <ele>3.5</ele>
    <time>2025-07-04T18:26:48Z</time>
   </trkpt>
   <trkpt lat="42.3565990" lon="-71.0727850">
    <ele>3.5</ele>
    <time>2025-07-04T18:26:49Z</time>
   </trkpt>
   <trkpt lat="42.3565880" lon="-71.0727890">
    <ele>3.5</ele>
    <time>2025-07-04T18:26:50Z</time>
   </trkpt>
   <trkpt lat="42.3565770" lon="-71.0727900">
    <ele>3.5</ele>
    <time>2025-07-04T18:26:51Z</time>
   </trkpt>
   <trkpt lat="42.3565720" lon="-71.0727990">
    <ele>3.5</ele>
    <time>2025-07-04T18:26:52Z</time>
   </trkpt>
   <trkpt lat="42.3565560" lon="-71.0728010">
    <ele>3.5</ele>
    <time>2025-07-04T18:26:53Z</time>
   </trkpt>
   <trkpt lat="42.3565420" lon="-71.0728060">
    <ele>3.5</ele>
    <time>2025-07-04T18:26:54Z</time>
   </trkpt>
   <trkpt lat="42.3565360" lon="-71.0728090">
    <ele>3.5</ele>
    <time>2025-07-04T18:26:55Z</time>
   </trkpt>
   <trkpt lat="42.3565250" lon="-71.0728190">
    <ele>3.5</ele>
    <time>2025-07-04T18:26:56Z</time>
   </trkpt>
   <trkpt lat="42.3565140" lon="-71.0728250">
    <ele>3.5</ele>
    <time>2025-07-04T18:26:57Z</time>
   </trkpt>
   <trkpt lat="42.3564990" lon="-71.0728420">
    <ele>3.5</ele>
    <time>2025-07-04T18:26:58Z</time>
   </trkpt>
   <trkpt lat="42.3564870" lon="-71.0728360">
    <ele>3.5</ele>
    <time>2025-07-04T18:26:59Z</time>
   </trkpt>
   <trkpt lat="42.3564770" lon="-71.0728390">
    <ele>3.5</ele>
    <time>2025-07-04T18:27:00Z</time>
   </trkpt>
   <trkpt lat="42.3564640" lon="-71.0728430">
    <ele>3.5</ele>
    <time>2025-07-04T18:27:01Z</time>
   </trkpt>
   <trkpt lat="42.3564600" lon="-71.0728490">
    <ele>3.5</ele>
    <time>2025-07-04T18:27:02Z</time>
   </trkpt>
   <trkpt lat="42.3564360" lon="-71.0728520">
    <ele>3.5</ele>
    <time>2025-07-04T18:27:03Z</time>
   </trkpt>
   <trkpt lat="42.3564280" lon="-71.0728560">
    <ele>3.5</ele>
    <time>2025-07-04T18:27:04Z</time>
   </trkpt>
   <trkpt lat="42.3564200" lon="-71.0728640">
    <ele>3.5</ele>
    <time>2025-07-04T18:27:05Z</time>
   </trkpt>
   <trkpt lat="42.3564060" lon="-71.0728720">
    <ele>3.5</ele>
    <time>2025-07-04T18:27:06Z</time>
   </trkpt>
   <trkpt lat="42.3563950" lon="-71.0728760">
    <ele>3.5</ele>
    <time>2025-07-04T18:27:07Z</time>
   </trkpt>
   <trkpt lat="42.3563860" lon="-71.0728810">
    <ele>3.5</ele>
    <time>2025-07-04T18:27:08Z</time>
   </trkpt>
   <trkpt lat="42.3563710" lon="-71.0728780">
    <ele>3.5</ele>
    <time>2025-07-04T18:27:09Z</time>
   </trkpt>
   <trkpt lat="42.3563470" lon="-71.0728830">
    <ele>3.5</ele>
    <time>2025-07-04T18:27:10Z</time>
   </trkpt>
   <trkpt lat="42.3563390" lon="-71.0728850">
    <ele>3.5</ele>
    <time>2025-07-04T18:27:11Z</time>
   </trkpt>
   <trkpt lat="42.3563310" lon="-71.0728880">
    <ele>3.5</ele>
    <time>2025-07-04T18:27:12Z</time>
   </trkpt>
   <trkpt lat="42.3563220" lon="-71.0728890">
    <ele>3.5</ele>
    <time>2025-07-04T18:27:13Z</time>
   </trkpt>
   <trkpt lat="42.3563110" lon="-71.0728770">
    <ele>3.6</ele>
    <time>2025-07-04T18:27:14Z</time>
   </trkpt>
   <trkpt lat="42.3563030" lon="-71.0728760">
    <ele>3.6</ele>
    <time>2025-07-04T18:27:15Z</time>
   </trkpt>
   <trkpt lat="42.3562890" lon="-71.0728770">
    <ele>3.6</ele>
    <time>2025-07-04T18:27:16Z</time>
   </trkpt>
   <trkpt lat="42.3562780" lon="-71.0728670">
    <ele>3.6</ele>
    <time>2025-07-04T18:27:17Z</time>
   </trkpt>
   <trkpt lat="42.3562680" lon="-71.0728560">
    <ele>3.6</ele>
    <time>2025-07-04T18:27:18Z</time>
   </trkpt>
   <trkpt lat="42.3562590" lon="-71.0728530">
    <ele>3.6</ele>
    <time>2025-07-04T18:27:19Z</time>
   </trkpt>
   <trkpt lat="42.3562500" lon="-71.0728570">
    <ele>3.6</ele>
    <time>2025-07-04T18:27:20Z</time>
   </trkpt>
   <trkpt lat="42.3562410" lon="-71.0728660">
    <ele>3.6</ele>
    <time>2025-07-04T18:27:21Z</time>
   </trkpt>
   <trkpt lat="42.3562290" lon="-71.0728620">
    <ele>3.6</ele>
    <time>2025-07-04T18:27:22Z</time>
   </trkpt>
   <trkpt lat="42.3562170" lon="-71.0728660">
    <ele>3.6</ele>
    <time>2025-07-04T18:27:23Z</time>
   </trkpt>
   <trkpt lat="42.3562120" lon="-71.0728640">
    <ele>3.6</ele>
    <time>2025-07-04T18:27:24Z</time>
   </trkpt>
   <trkpt lat="42.3561970" lon="-71.0728680">
    <ele>3.6</ele>
    <time>2025-07-04T18:27:25Z</time>
   </trkpt>
   <trkpt lat="42.3561910" lon="-71.0728650">
    <ele>3.6</ele>
    <time>2025-07-04T18:27:26Z</time>
   </trkpt>
   <trkpt lat="42.3561810" lon="-71.0728620">
    <ele>3.6</ele>
    <time>2025-07-04T18:27:27Z</time>
   </trkpt>
   <trkpt lat="42.3561740" lon="-71.0728680">
    <ele>3.6</ele>
    <time>2025-07-04T18:27:28Z</time>
   </trkpt>
   <trkpt lat="42.3561580" lon="-71.0728630">
    <ele>3.6</ele>
    <time>2025-07-04T18:27:29Z</time>
   </trkpt>
   <trkpt lat="42.3561460" lon="-71.0728670">
    <ele>3.6</ele>
    <time>2025-07-04T18:27:30Z</time>
   </trkpt>
   <trkpt lat="42.3561390" lon="-71.0728570">
    <ele>3.6</ele>
    <time>2025-07-04T18:27:31Z</time>
   </trkpt>
   <trkpt lat="42.3561250" lon="-71.0728670">
    <ele>3.6</ele>
    <time>2025-07-04T18:27:32Z</time>
   </trkpt>
   <trkpt lat="42.3561140" lon="-71.0728840">
    <ele>3.6</ele>
    <time>2025-07-04T18:27:33Z</time>
   </trkpt>
   <trkpt lat="42.3561040" lon="-71.0728960">
    <ele>3.6</ele>
    <time>2025-07-04T18:27:34Z</time>
   </trkpt>
   <trkpt lat="42.3560860" lon="-71.0729000">
    <ele>3.6</ele>
    <time>2025-07-04T18:27:35Z</time>
   </trkpt>
   <trkpt lat="42.3560850" lon="-71.0729030">
    <ele>3.6</ele>
    <time>2025-07-04T18:27:36Z</time>
   </trkpt>
   <trkpt lat="42.3560660" lon="-71.0728930">
    <ele>3.6</ele>
    <time>2025-07-04T18:27:37Z</time>
   </trkpt>
   <trkpt lat="42.3560550" lon="-71.0729090">
    <ele>3.6</ele>
    <time>2025-07-04T18:27:38Z</time>
   </trkpt>
   <trkpt lat="42.3560410" lon="-71.0729250">
    <ele>3.6</ele>
    <time>2025-07-04T18:27:39Z</time>
   </trkpt>
   <trkpt lat="42.3560330" lon="-71.0729360">
    <ele>3.6</ele>
    <time>2025-07-04T18:27:40Z</time>
   </trkpt>
   <trkpt lat="42.3560260" lon="-71.0729460">
    <ele>3.6</ele>
    <time>2025-07-04T18:27:41Z</time>
   </trkpt>
   <trkpt lat="42.3560180" lon="-71.0729560">
    <ele>3.7</ele>
    <time>2025-07-04T18:27:42Z</time>
   </trkpt>
   <trkpt lat="42.3559880" lon="-71.0729720">
    <ele>3.7</ele>
    <time>2025-07-04T18:27:43Z</time>
   </trkpt>
   <trkpt lat="42.3559780" lon="-71.0729760">
    <ele>3.7</ele>
    <time>2025-07-04T18:27:44Z</time>
   </trkpt>
   <trkpt lat="42.3559630" lon="-71.0729740">
    <ele>3.7</ele>
    <time>2025-07-04T18:27:45Z</time>
   </trkpt>
   <trkpt lat="42.3559480" lon="-71.0729620">
    <ele>3.7</ele>
    <time>2025-07-04T18:27:46Z</time>
   </trkpt>
   <trkpt lat="42.3559310" lon="-71.0729510">
    <ele>3.7</ele>
    <time>2025-07-04T18:27:47Z</time>
   </trkpt>
   <trkpt lat="42.3559210" lon="-71.0729460">
    <ele>3.7</ele>
    <time>2025-07-04T18:27:48Z</time>
   </trkpt>
   <trkpt lat="42.3559140" lon="-71.0729480">
    <ele>3.7</ele>
    <time>2025-07-04T18:27:49Z</time>
   </trkpt>
   <trkpt lat="42.3559100" lon="-71.0729480">
    <ele>3.7</ele>
    <time>2025-07-04T18:27:50Z</time>
   </trkpt>
   <trkpt lat="42.3558900" lon="-71.0729380">
    <ele>3.7</ele>
    <time>2025-07-04T18:27:51Z</time>
   </trkpt>
   <trkpt lat="42.3558830" lon="-71.0729250">
    <ele>3.7</ele>
    <time>2025-07-04T18:27:52Z</time>
   </trkpt>
   <trkpt lat="42.3558770" lon="-71.0729240">
    <ele>3.7</ele>
    <time>2025-07-04T18:27:53Z</time>
   </trkpt>
   <trkpt lat="42.3558620" lon="-71.0729200">
    <ele>3.7</ele>
    <time>2025-07-04T18:27:54Z</time>
   </trkpt>
   <trkpt lat="42.3558550" lon="-71.0729120">
    <ele>3.7</ele>
    <time>2025-07-04T18:27:55Z</time>
   </trkpt>
   <trkpt lat="42.3558470" lon="-71.0729110">
    <ele>3.7</ele>
    <time>2025-07-04T18:27:56Z</time>
   </trkpt>
   <trkpt lat="42.3558280" lon="-71.0729070">
    <ele>3.7</ele>
    <time>2025-07-04T18:27:57Z</time>
   </trkpt>
   <trkpt lat="42.3558090" lon="-71.0729080">
    <ele>3.7</ele>
    <time>2025-07-04T18:27:58Z</time>
   </trkpt>
   <trkpt lat="42.3558020" lon="-71.0729090">
    <ele>3.8</ele>
    <time>2025-07-04T18:27:59Z</time>
   </trkpt>
   <trkpt lat="42.3557960" lon="-71.0729060">
    <ele>3.8</ele>
    <time>2025-07-04T18:28:00Z</time>
   </trkpt>
   <trkpt lat="42.3557890" lon="-71.0729000">
    <ele>3.8</ele>
    <time>2025-07-04T18:28:01Z</time>
   </trkpt>
   <trkpt lat="42.3557710" lon="-71.0728870">
    <ele>3.8</ele>
    <time>2025-07-04T18:28:02Z</time>
   </trkpt>
   <trkpt lat="42.3557620" lon="-71.0728950">
    <ele>3.8</ele>
    <time>2025-07-04T18:28:03Z</time>
   </trkpt>
   <trkpt lat="42.3557520" lon="-71.0728860">
    <ele>3.8</ele>
    <time>2025-07-04T18:28:04Z</time>
   </trkpt>
   <trkpt lat="42.3557420" lon="-71.0728730">
    <ele>3.8</ele>
    <time>2025-07-04T18:28:05Z</time>
   </trkpt>
   <trkpt lat="42.3557320" lon="-71.0728820">
    <ele>3.8</ele>
    <time>2025-07-04T18:28:06Z</time>
   </trkpt>
   <trkpt lat="42.3557260" lon="-71.0728880">
    <ele>3.8</ele>
    <time>2025-07-04T18:28:07Z</time>
   </trkpt>
   <trkpt lat="42.3557200" lon="-71.0728920">
    <ele>3.8</ele>
    <time>2025-07-04T18:28:08Z</time>
   </trkpt>
   <trkpt lat="42.3557120" lon="-71.0728990">
    <ele>3.8</ele>
    <time>2025-07-04T18:28:09Z</time>
   </trkpt>
   <trkpt lat="42.3557000" lon="-71.0728950">
    <ele>3.8</ele>
    <time>2025-07-04T18:28:10Z</time>
   </trkpt>
   <trkpt lat="42.3556920" lon="-71.0728980">
    <ele>3.8</ele>
    <time>2025-07-04T18:28:11Z</time>
   </trkpt>
   <trkpt lat="42.3556870" lon="-71.0729000">
    <ele>3.8</ele>
    <time>2025-07-04T18:28:12Z</time>
   </trkpt>
   <trkpt lat="42.3556750" lon="-71.0729070">
    <ele>3.8</ele>
    <time>2025-07-04T18:28:13Z</time>
   </trkpt>
   <trkpt lat="42.3556720" lon="-71.0729090">
    <ele>3.8</ele>
    <time>2025-07-04T18:28:14Z</time>
   </trkpt>
   <trkpt lat="42.3556610" lon="-71.0729160">
    <ele>3.8</ele>
    <time>2025-07-04T18:28:15Z</time>
   </trkpt>
   <trkpt lat="42.3556550" lon="-71.0729140">
    <ele>3.8</ele>
    <time>2025-07-04T18:28:16Z</time>
   </trkpt>
   <trkpt lat="42.3556410" lon="-71.0729190">
    <ele>3.8</ele>
    <time>2025-07-04T18:28:17Z</time>
   </trkpt>
   <trkpt lat="42.3556250" lon="-71.0729160">
    <ele>3.8</ele>
    <time>2025-07-04T18:28:18Z</time>
   </trkpt>
   <trkpt lat="42.3556150" lon="-71.0729150">
    <ele>3.8</ele>
    <time>2025-07-04T18:28:19Z</time>
   </trkpt>
   <trkpt lat="42.3556040" lon="-71.0729150">
    <ele>3.8</ele>
    <time>2025-07-04T18:28:20Z</time>
   </trkpt>
   <trkpt lat="42.3555940" lon="-71.0729140">
    <ele>3.8</ele>
    <time>2025-07-04T18:28:21Z</time>
   </trkpt>
   <trkpt lat="42.3555750" lon="-71.0729150">
    <ele>3.8</ele>
    <time>2025-07-04T18:28:22Z</time>
   </trkpt>
   <trkpt lat="42.3555670" lon="-71.0729170">
    <ele>3.8</ele>
    <time>2025-07-04T18:28:23Z</time>
   </trkpt>
   <trkpt lat="42.3555580" lon="-71.0729180">
    <ele>3.8</ele>
    <time>2025-07-04T18:28:24Z</time>
   </trkpt>
   <trkpt lat="42.3555350" lon="-71.0729130">
    <ele>3.9</ele>
    <time>2025-07-04T18:28:25Z</time>
   </trkpt>
   <trkpt lat="42.3555260" lon="-71.0729220">
    <ele>3.9</ele>
    <time>2025-07-04T18:28:26Z</time>
   </trkpt>
   <trkpt lat="42.3555120" lon="-71.0729200">
    <ele>3.9</ele>
    <time>2025-07-04T18:28:27Z</time>
   </trkpt>
   <trkpt lat="42.3554980" lon="-71.0729220">
    <ele>3.9</ele>
    <time>2025-07-04T18:28:28Z</time>
   </trkpt>
   <trkpt lat="42.3554730" lon="-71.0729150">
    <ele>3.9</ele>
    <time>2025-07-04T18:28:29Z</time>
   </trkpt>
   <trkpt lat="42.3554620" lon="-71.0729100">
    <ele>3.9</ele>
    <time>2025-07-04T18:28:30Z</time>
   </trkpt>
   <trkpt lat="42.3554490" lon="-71.0729120">
    <ele>3.9</ele>
    <time>2025-07-04T18:28:31Z</time>
   </trkpt>
   <trkpt lat="42.3554380" lon="-71.0729220">
    <ele>3.9</ele>
    <time>2025-07-04T18:28:32Z</time>
   </trkpt>
   <trkpt lat="42.3554340" lon="-71.0729360">
    <ele>3.9</ele>
    <time>2025-07-04T18:28:33Z</time>
   </trkpt>
   <trkpt lat="42.3554310" lon="-71.0729500">
    <ele>3.9</ele>
    <time>2025-07-04T18:28:34Z</time>
   </trkpt>
   <trkpt lat="42.3554260" lon="-71.0729600">
    <ele>3.9</ele>
    <time>2025-07-04T18:28:35Z</time>
   </trkpt>
   <trkpt lat="42.3554290" lon="-71.0729760">
    <ele>4.0</ele>
    <time>2025-07-04T18:28:36Z</time>
   </trkpt>
   <trkpt lat="42.3554310" lon="-71.0729930">
    <ele>4.0</ele>
    <time>2025-07-04T18:28:37Z</time>
   </trkpt>
   <trkpt lat="42.3554280" lon="-71.0730050">
    <ele>4.0</ele>
    <time>2025-07-04T18:28:38Z</time>
   </trkpt>
   <trkpt lat="42.3554240" lon="-71.0730220">
    <ele>4.0</ele>
    <time>2025-07-04T18:28:39Z</time>
   </trkpt>
   <trkpt lat="42.3554090" lon="-71.0730420">
    <ele>4.0</ele>
    <time>2025-07-04T18:28:40Z</time>
   </trkpt>
   <trkpt lat="42.3554020" lon="-71.0730570">
    <ele>4.0</ele>
    <time>2025-07-04T18:28:41Z</time>
   </trkpt>
   <trkpt lat="42.3553960" lon="-71.0730830">
    <ele>4.0</ele>
    <time>2025-07-04T18:28:42Z</time>
   </trkpt>
   <trkpt lat="42.3553950" lon="-71.0730960">
    <ele>4.0</ele>
    <time>2025-07-04T18:28:43Z</time>
   </trkpt>
   <trkpt lat="42.3553940" lon="-71.0731090">
    <ele>4.0</ele>
    <time>2025-07-04T18:28:44Z</time>
   </trkpt>
   <trkpt lat="42.3553840" lon="-71.0731360">
    <ele>4.0</ele>
    <time>2025-07-04T18:28:45Z</time>
   </trkpt>
   <trkpt lat="42.3553860" lon="-71.0731470">
    <ele>4.0</ele>
    <time>2025-07-04T18:28:46Z</time>
   </trkpt>
   <trkpt lat="42.3553870" lon="-71.0731570">
    <ele>4.0</ele>
    <time>2025-07-04T18:28:47Z</time>
   </trkpt>
   <trkpt lat="42.3553810" lon="-71.0731730">
    <ele>4.0</ele>
    <time>2025-07-04T18:28:48Z</time>
   </trkpt>
   <trkpt lat="42.3553740" lon="-71.0731920">
    <ele>4.0</ele>
    <time>2025-07-04T18:28:49Z</time>
   </trkpt>
   <trkpt lat="42.3553710" lon="-71.0732060">
    <ele>4.0</ele>
    <time>2025-07-04T18:28:50Z</time>
   </trkpt>
   <trkpt lat="42.3553670" lon="-71.0732240">
    <ele>4.0</ele>
    <time>2025-07-04T18:28:51Z</time>
   </trkpt>
   <trkpt lat="42.3553690" lon="-71.0732390">
    <ele>4.0</ele>
    <time>2025-07-04T18:28:52Z</time>
   </trkpt>
   <trkpt lat="42.3553720" lon="-71.0732530">
    <ele>4.0</ele>
    <time>2025-07-04T18:28:53Z</time>
   </trkpt>
   <trkpt lat="42.3553600" lon="-71.0732700">
    <ele>4.0</ele>
    <time>2025-07-04T18:28:54Z</time>
   </trkpt>
   <trkpt lat="42.3553540" lon="-71.0732840">
    <ele>4.0</ele>
    <time>2025-07-04T18:28:55Z</time>
   </trkpt>
   <trkpt lat="42.3553460" lon="-71.0733010">
    <ele>4.0</ele>
    <time>2025-07-04T18:28:56Z</time>
   </trkpt>
   <trkpt lat="42.3553430" lon="-71.0733190">
    <ele>4.0</ele>
    <time>2025-07-04T18:28:57Z</time>
   </trkpt>
   <trkpt lat="42.3553320" lon="-71.0733320">
    <ele>4.0</ele>
    <time>2025-07-04T18:28:58Z</time>
   </trkpt>
   <trkpt lat="42.3553190" lon="-71.0733390">
    <ele>4.0</ele>
    <time>2025-07-04T18:28:59Z</time>
   </trkpt>
   <trkpt lat="42.3553110" lon="-71.0733570">
    <ele>4.0</ele>
    <time>2025-07-04T18:29:00Z</time>
   </trkpt>
   <trkpt lat="42.3553060" lon="-71.0733620">
    <ele>4.0</ele>
    <time>2025-07-04T18:29:01Z</time>
   </trkpt>
   <trkpt lat="42.3553000" lon="-71.0733680">
    <ele>4.0</ele>
    <time>2025-07-04T18:29:02Z</time>
   </trkpt>
   <trkpt lat="42.3552950" lon="-71.0733730">
    <ele>4.0</ele>
    <time>2025-07-04T18:29:03Z</time>
   </trkpt>
   <trkpt lat="42.3552890" lon="-71.0733790">
    <ele>4.0</ele>
    <time>2025-07-04T18:29:04Z</time>
   </trkpt>
   <trkpt lat="42.3552870" lon="-71.0733880">
    <ele>4.0</ele>
    <time>2025-07-04T18:29:05Z</time>
   </trkpt>
   <trkpt lat="42.3552760" lon="-71.0734010">
    <ele>4.1</ele>
    <time>2025-07-04T18:29:06Z</time>
   </trkpt>
   <trkpt lat="42.3552640" lon="-71.0734080">
    <ele>4.1</ele>
    <time>2025-07-04T18:29:07Z</time>
   </trkpt>
   <trkpt lat="42.3552550" lon="-71.0734060">
    <ele>4.1</ele>
    <time>2025-07-04T18:29:08Z</time>
   </trkpt>
   <trkpt lat="42.3552500" lon="-71.0734140">
    <ele>4.1</ele>
    <time>2025-07-04T18:29:09Z</time>
   </trkpt>
   <trkpt lat="42.3552380" lon="-71.0734340">
    <ele>4.1</ele>
    <time>2025-07-04T18:29:10Z</time>
   </trkpt>
   <trkpt lat="42.3552210" lon="-71.0734510">
    <ele>4.1</ele>
    <time>2025-07-04T18:29:11Z</time>
   </trkpt>
   <trkpt lat="42.3552110" lon="-71.0734630">
    <ele>4.1</ele>
    <time>2025-07-04T18:29:12Z</time>
   </trkpt>
   <trkpt lat="42.3551870" lon="-71.0734750">
    <ele>4.1</ele>
    <time>2025-07-04T18:29:13Z</time>
   </trkpt>
   <trkpt lat="42.3551800" lon="-71.0734800">
    <ele>4.1</ele>
    <time>2025-07-04T18:29:14Z</time>
   </trkpt>
   <trkpt lat="42.3551730" lon="-71.0734860">
    <ele>4.1</ele>
    <time>2025-07-04T18:29:15Z</time>
   </trkpt>
   <trkpt lat="42.3551620" lon="-71.0735040">
    <ele>4.1</ele>
    <time>2025-07-04T18:29:16Z</time>
   </trkpt>
   <trkpt lat="42.3551570" lon="-71.0735260">
    <ele>4.1</ele>
    <time>2025-07-04T18:29:17Z</time>
   </trkpt>
   <trkpt lat="42.3551490" lon="-71.0735320">
    <ele>4.1</ele>
    <time>2025-07-04T18:29:18Z</time>
   </trkpt>
   <trkpt lat="42.3551390" lon="-71.0735450">
    <ele>4.1</ele>
    <time>2025-07-04T18:29:19Z</time>
   </trkpt>
   <trkpt lat="42.3551330" lon="-71.0735550">
    <ele>4.1</ele>
    <time>2025-07-04T18:29:20Z</time>
   </trkpt>
   <trkpt lat="42.3551250" lon="-71.0735750">
    <ele>4.1</ele>
    <time>2025-07-04T18:29:21Z</time>
   </trkpt>
   <trkpt lat="42.3551180" lon="-71.0735890">
    <ele>4.1</ele>
    <time>2025-07-04T18:29:22Z</time>
   </trkpt>
   <trkpt lat="42.3551110" lon="-71.0736040">
    <ele>4.1</ele>
    <time>2025-07-04T18:29:23Z</time>
   </trkpt>
   <trkpt lat="42.3551080" lon="-71.0736110">
    <ele>4.1</ele>
    <time>2025-07-04T18:29:24Z</time>
   </trkpt>
   <trkpt lat="42.3551030" lon="-71.0736280">
    <ele>4.1</ele>
    <time>2025-07-04T18:29:25Z</time>
   </trkpt>
   <trkpt lat="42.3550980" lon="-71.0736290">
    <ele>4.1</ele>
    <time>2025-07-04T18:29:26Z</time>
   </trkpt>
   <trkpt lat="42.3550820" lon="-71.0736340">
    <ele>4.1</ele>
    <time>2025-07-04T18:29:27Z</time>
   </trkpt>
   <trkpt lat="42.3550850" lon="-71.0736450">
    <ele>4.1</ele>
    <time>2025-07-04T18:29:28Z</time>
   </trkpt>
   <trkpt lat="42.3550900" lon="-71.0736770">
    <ele>4.1</ele>
    <time>2025-07-04T18:29:29Z</time>
   </trkpt>
   <trkpt lat="42.3550870" lon="-71.0737110">
    <ele>4.1</ele>
    <time>2025-07-04T18:29:30Z</time>
   </trkpt>
   <trkpt lat="42.3550850" lon="-71.0737300">
    <ele>4.1</ele>
    <time>2025-07-04T18:29:31Z</time>
   </trkpt>
   <trkpt lat="42.3550820" lon="-71.0737500">
    <ele>4.1</ele>
    <time>2025-07-04T18:29:32Z</time>
   </trkpt>
   <trkpt lat="42.3551000" lon="-71.0737910">
    <ele>4.1</ele>
    <time>2025-07-04T18:29:33Z</time>
   </trkpt>
   <trkpt lat="42.3550980" lon="-71.0738370">
    <ele>4.1</ele>
    <time>2025-07-04T18:29:34Z</time>
   </trkpt>
   <trkpt lat="42.3550960" lon="-71.0738520">
    <ele>4.1</ele>
    <time>2025-07-04T18:29:35Z</time>
   </trkpt>
   <trkpt lat="42.3551000" lon="-71.0739030">
    <ele>4.1</ele>
    <time>2025-07-04T18:29:36Z</time>
   </trkpt>
   <trkpt lat="42.3550960" lon="-71.0739200">
    <ele>4.1</ele>
    <time>2025-07-04T18:29:37Z</time>
   </trkpt>
   <trkpt lat="42.3551070" lon="-71.0739710">
    <ele>4.1</ele>
    <time>2025-07-04T18:29:38Z</time>
   </trkpt>
   <trkpt lat="42.3551100" lon="-71.0739890">
    <ele>4.1</ele>
    <time>2025-07-04T18:29:39Z</time>
   </trkpt>
   <trkpt lat="42.3550970" lon="-71.0740230">
    <ele>4.1</ele>
    <time>2025-07-04T18:29:40Z</time>
   </trkpt>
   <trkpt lat="42.3550800" lon="-71.0740630">
    <ele>4.1</ele>
    <time>2025-07-04T18:29:41Z</time>
   </trkpt>
   <trkpt lat="42.3550570" lon="-71.0740870">
    <ele>4.1</ele>
    <time>2025-07-04T18:29:42Z</time>
   </trkpt>
   <trkpt lat="42.3550490" lon="-71.0741260">
    <ele>4.1</ele>
    <time>2025-07-04T18:29:43Z</time>
   </trkpt>
   <trkpt lat="42.3550510" lon="-71.0741650">
    <ele>4.1</ele>
    <time>2025-07-04T18:29:44Z</time>
   </trkpt>
   <trkpt lat="42.3550430" lon="-71.0742150">
    <ele>4.1</ele>
    <time>2025-07-04T18:29:45Z</time>
   </trkpt>
   <trkpt lat="42.3550390" lon="-71.0742330">
    <ele>4.1</ele>
    <time>2025-07-04T18:29:46Z</time>
   </trkpt>
   <trkpt lat="42.3550320" lon="-71.0742710">
    <ele>4.1</ele>
    <time>2025-07-04T18:29:47Z</time>
   </trkpt>
   <trkpt lat="42.3550270" lon="-71.0743080">
    <ele>4.1</ele>
    <time>2025-07-04T18:29:48Z</time>
   </trkpt>
   <trkpt lat="42.3550110" lon="-71.0743570">
    <ele>4.1</ele>
    <time>2025-07-04T18:29:49Z</time>
   </trkpt>
   <trkpt lat="42.3550010" lon="-71.0743710">
    <ele>4.1</ele>
    <time>2025-07-04T18:29:50Z</time>
   </trkpt>
   <trkpt lat="42.3550040" lon="-71.0744230">
    <ele>4.1</ele>
    <time>2025-07-04T18:29:51Z</time>
   </trkpt>
   <trkpt lat="42.3550050" lon="-71.0744400">
    <ele>4.1</ele>
    <time>2025-07-04T18:29:52Z</time>
   </trkpt>
   <trkpt lat="42.3549990" lon="-71.0744790">
    <ele>4.1</ele>
    <time>2025-07-04T18:29:53Z</time>
   </trkpt>
   <trkpt lat="42.3549960" lon="-71.0744920">
    <ele>4.1</ele>
    <time>2025-07-04T18:29:54Z</time>
   </trkpt>
   <trkpt lat="42.3549940" lon="-71.0745170">
    <ele>4.0</ele>
    <time>2025-07-04T18:29:55Z</time>
   </trkpt>
   <trkpt lat="42.3549890" lon="-71.0745320">
    <ele>4.0</ele>
    <time>2025-07-04T18:29:56Z</time>
   </trkpt>
   <trkpt lat="42.3549840" lon="-71.0745530">
    <ele>4.0</ele>
    <time>2025-07-04T18:29:57Z</time>
   </trkpt>
   <trkpt lat="42.3549720" lon="-71.0745680">
    <ele>4.0</ele>
    <time>2025-07-04T18:29:58Z</time>
   </trkpt>
   <trkpt lat="42.3549680" lon="-71.0745790">
    <ele>4.0</ele>
    <time>2025-07-04T18:29:59Z</time>
   </trkpt>
   <trkpt lat="42.3549680" lon="-71.0745950">
    <ele>4.0</ele>
    <time>2025-07-04T18:30:00Z</time>
   </trkpt>
   <trkpt lat="42.3549730" lon="-71.0746080">
    <ele>4.0</ele>
    <time>2025-07-04T18:30:01Z</time>
   </trkpt>
   <trkpt lat="42.3549710" lon="-71.0746190">
    <ele>4.0</ele>
    <time>2025-07-04T18:30:02Z</time>
   </trkpt>
   <trkpt lat="42.3549700" lon="-71.0746180">
    <ele>4.0</ele>
    <time>2025-07-04T18:30:03Z</time>
   </trkpt>
   <trkpt lat="42.3549710" lon="-71.0746270">
    <ele>4.0</ele>
    <time>2025-07-04T18:30:04Z</time>
   </trkpt>
   <trkpt lat="42.3549710" lon="-71.0746270">
    <ele>4.0</ele>
    <time>2025-07-04T18:30:05Z</time>
   </trkpt>
   <trkpt lat="42.3549670" lon="-71.0746400">
    <ele>4.0</ele>
    <time>2025-07-04T18:30:06Z</time>
   </trkpt>
   <trkpt lat="42.3549650" lon="-71.0746450">
    <ele>4.0</ele>
    <time>2025-07-04T18:30:07Z</time>
   </trkpt>
   <trkpt lat="42.3549600" lon="-71.0746400">
    <ele>4.0</ele>
    <time>2025-07-04T18:30:08Z</time>
   </trkpt>
   <trkpt lat="42.3549580" lon="-71.0746390">
    <ele>4.0</ele>
    <time>2025-07-04T18:30:09Z</time>
   </trkpt>
   <trkpt lat="42.3549470" lon="-71.0746380">
    <ele>4.0</ele>
    <time>2025-07-04T18:30:10Z</time>
   </trkpt>
   <trkpt lat="42.3549400" lon="-71.0746420">
    <ele>4.0</ele>
    <time>2025-07-04T18:30:11Z</time>
   </trkpt>
   <trkpt lat="42.3549350" lon="-71.0746470">
    <ele>4.0</ele>
    <time>2025-07-04T18:30:12Z</time>
   </trkpt>
   <trkpt lat="42.3549300" lon="-71.0746530">
    <ele>4.0</ele>
    <time>2025-07-04T18:30:13Z</time>
   </trkpt>
   <trkpt lat="42.3549260" lon="-71.0746620">
    <ele>4.0</ele>
    <time>2025-07-04T18:30:14Z</time>
   </trkpt>
   <trkpt lat="42.3549260" lon="-71.0746710">
    <ele>4.0</ele>
    <time>2025-07-04T18:30:15Z</time>
   </trkpt>
   <trkpt lat="42.3549220" lon="-71.0746750">
    <ele>4.0</ele>
    <time>2025-07-04T18:30:16Z</time>
   </trkpt>
   <trkpt lat="42.3549300" lon="-71.0746770">
    <ele>4.0</ele>
    <time>2025-07-04T18:30:17Z</time>
   </trkpt>
   <trkpt lat="42.3549390" lon="-71.0746830">
    <ele>3.9</ele>
    <time>2025-07-04T18:30:18Z</time>
   </trkpt>
   <trkpt lat="42.3549390" lon="-71.0746830">
    <ele>3.9</ele>
    <time>2025-07-04T18:30:19Z</time>
   </trkpt>
   <trkpt lat="42.3549420" lon="-71.0746880">
    <ele>3.9</ele>
    <time>2025-07-04T18:30:20Z</time>
   </trkpt>
   <trkpt lat="42.3549460" lon="-71.0746940">
    <ele>3.9</ele>
    <time>2025-07-04T18:30:21Z</time>
   </trkpt>
   <trkpt lat="42.3549490" lon="-71.0746990">
    <ele>3.9</ele>
    <time>2025-07-04T18:30:22Z</time>
   </trkpt>
   <trkpt lat="42.3549530" lon="-71.0747050">
    <ele>3.9</ele>
    <time>2025-07-04T18:30:23Z</time>
   </trkpt>
   <trkpt lat="42.3549560" lon="-71.0747110">
    <ele>3.9</ele>
    <time>2025-07-04T18:30:24Z</time>
   </trkpt>
   <trkpt lat="42.3549600" lon="-71.0747160">
    <ele>3.9</ele>
    <time>2025-07-04T18:30:25Z</time>
   </trkpt>
   <trkpt lat="42.3549630" lon="-71.0747220">
    <ele>3.9</ele>
    <time>2025-07-04T18:30:26Z</time>
   </trkpt>
   <trkpt lat="42.3549880" lon="-71.0747480">
    <ele>3.8</ele>
    <time>2025-07-04T18:30:27Z</time>
   </trkpt>
   <trkpt lat="42.3549990" lon="-71.0747510">
    <ele>3.8</ele>
    <time>2025-07-04T18:30:28Z</time>
   </trkpt>
   <trkpt lat="42.3550290" lon="-71.0747580">
    <ele>3.8</ele>
    <time>2025-07-04T18:30:29Z</time>
   </trkpt>
   <trkpt lat="42.3550490" lon="-71.0747610">
    <ele>3.8</ele>
    <time>2025-07-04T18:30:30Z</time>
   </trkpt>
   <trkpt lat="42.3550790" lon="-71.0747680">
    <ele>3.7</ele>
    <time>2025-07-04T18:30:31Z</time>
   </trkpt>
   <trkpt lat="42.3551110" lon="-71.0747580">
    <ele>3.7</ele>
    <time>2025-07-04T18:30:32Z</time>
   </trkpt>
   <trkpt lat="42.3551390" lon="-71.0747630">
    <ele>3.6</ele>
    <time>2025-07-04T18:30:33Z</time>
   </trkpt>
   <trkpt lat="42.3551450" lon="-71.0747590">
    <ele>3.6</ele>
    <time>2025-07-04T18:30:34Z</time>
   </trkpt>
   <trkpt lat="42.3551660" lon="-71.0747790">
    <ele>3.6</ele>
    <time>2025-07-04T18:30:35Z</time>
   </trkpt>
   <trkpt lat="42.3551850" lon="-71.0748020">
    <ele>3.5</ele>
    <time>2025-07-04T18:30:36Z</time>
   </trkpt>
   <trkpt lat="42.3551980" lon="-71.0748130">
    <ele>3.5</ele>
    <time>2025-07-04T18:30:37Z</time>
   </trkpt>
   <trkpt lat="42.3552140" lon="-71.0748310">
    <ele>3.5</ele>
    <time>2025-07-04T18:30:38Z</time>
   </trkpt>
   <trkpt lat="42.3552240" lon="-71.0748400">
    <ele>3.5</ele>
    <time>2025-07-04T18:30:39Z</time>
   </trkpt>
   <trkpt lat="42.3552330" lon="-71.0748560">
    <ele>3.5</ele>
    <time>2025-07-04T18:30:40Z</time>
   </trkpt>
   <trkpt lat="42.3552310" lon="-71.0748660">
    <ele>3.5</ele>
    <time>2025-07-04T18:30:41Z</time>
   </trkpt>
   <trkpt lat="42.3552340" lon="-71.0748720">
    <ele>3.5</ele>
    <time>2025-07-04T18:30:42Z</time>
   </trkpt>
   <trkpt lat="42.3552440" lon="-71.0748770">
    <ele>3.5</ele>
    <time>2025-07-04T18:30:43Z</time>
   </trkpt>
   <trkpt lat="42.3552650" lon="-71.0749010">
    <ele>3.4</ele>
    <time>2025-07-04T18:30:44Z</time>
   </trkpt>
   <trkpt lat="42.3552800" lon="-71.0749170">
    <ele>3.4</ele>
    <time>2025-07-04T18:30:45Z</time>
   </trkpt>
   <trkpt lat="42.3553090" lon="-71.0749510">
    <ele>3.4</ele>
    <time>2025-07-04T18:30:46Z</time>
   </trkpt>
   <trkpt lat="42.3553180" lon="-71.0749670">
    <ele>3.4</ele>
    <time>2025-07-04T18:30:47Z</time>
   </trkpt>
   <trkpt lat="42.3553390" lon="-71.0749930">
    <ele>3.3</ele>
    <time>2025-07-04T18:30:48Z</time>
   </trkpt>
   <trkpt lat="42.3553650" lon="-71.0750360">
    <ele>3.3</ele>
    <time>2025-07-04T18:30:49Z</time>
   </trkpt>
   <trkpt lat="42.3553880" lon="-71.0750800">
    <ele>3.3</ele>
    <time>2025-07-04T18:30:50Z</time>
   </trkpt>
   <trkpt lat="42.3554030" lon="-71.0751220">
    <ele>3.3</ele>
    <time>2025-07-04T18:30:51Z</time>
   </trkpt>
   <trkpt lat="42.3554090" lon="-71.0751680">
    <ele>3.2</ele>
    <time>2025-07-04T18:30:52Z</time>
   </trkpt>
   <trkpt lat="42.3554170" lon="-71.0752340">
    <ele>3.2</ele>
    <time>2025-07-04T18:30:53Z</time>
   </trkpt>
   <trkpt lat="42.3554110" lon="-71.0752870">
    <ele>3.2</ele>
    <time>2025-07-04T18:30:54Z</time>
   </trkpt>
   <trkpt lat="42.3553930" lon="-71.0753430">
    <ele>3.1</ele>
    <time>2025-07-04T18:30:55Z</time>
   </trkpt>
   <trkpt lat="42.3553950" lon="-71.0753860">
    <ele>3.1</ele>
    <time>2025-07-04T18:30:56Z</time>
   </trkpt>
   <trkpt lat="42.3553980" lon="-71.0754240">
    <ele>3.1</ele>
    <time>2025-07-04T18:30:57Z</time>
   </trkpt>
   <trkpt lat="42.3554000" lon="-71.0754810">
    <ele>3.1</ele>
    <time>2025-07-04T18:30:58Z</time>
   </trkpt>
   <trkpt lat="42.3554030" lon="-71.0755310">
    <ele>3.1</ele>
    <time>2025-07-04T18:30:59Z</time>
   </trkpt>
   <trkpt lat="42.3553990" lon="-71.0755890">
    <ele>3.1</ele>
    <time>2025-07-04T18:31:00Z</time>
   </trkpt>
   <trkpt lat="42.3554110" lon="-71.0756390">
    <ele>3.1</ele>
    <time>2025-07-04T18:31:01Z</time>
   </trkpt>
   <trkpt lat="42.3554180" lon="-71.0756780">
    <ele>3.1</ele>
    <time>2025-07-04T18:31:02Z</time>
   </trkpt>
   <trkpt lat="42.3554170" lon="-71.0757160">
    <ele>3.1</ele>
    <time>2025-07-04T18:31:03Z</time>
   </trkpt>
   <trkpt lat="42.3554220" lon="-71.0757640">
    <ele>3.0</ele>
    <time>2025-07-04T18:31:04Z</time>
   </trkpt>
   <trkpt lat="42.3554310" lon="-71.0758190">
    <ele>3.0</ele>
    <time>2025-07-04T18:31:05Z</time>
   </trkpt>
   <trkpt lat="42.3554420" lon="-71.0758740">
    <ele>3.0</ele>
    <time>2025-07-04T18:31:06Z</time>
   </trkpt>
   <trkpt lat="42.3554470" lon="-71.0759150">
    <ele>3.0</ele>
    <time>2025-07-04T18:31:07Z</time>
   </trkpt>
   <trkpt lat="42.3554440" lon="-71.0759550">
    <ele>3.0</ele>
    <time>2025-07-04T18:31:08Z</time>
   </trkpt>
   <trkpt lat="42.3554510" lon="-71.0760030">
    <ele>3.0</ele>
    <time>2025-07-04T18:31:09Z</time>
   </trkpt>
   <trkpt lat="42.3554530" lon="-71.0760210">
    <ele>3.0</ele>
    <time>2025-07-04T18:31:10Z</time>
   </trkpt>
   <trkpt lat="42.3554560" lon="-71.0760680">
    <ele>3.0</ele>
    <time>2025-07-04T18:31:11Z</time>
   </trkpt>
   <trkpt lat="42.3554440" lon="-71.0761110">
    <ele>3.0</ele>
    <time>2025-07-04T18:31:12Z</time>
   </trkpt>
   <trkpt lat="42.3554360" lon="-71.0761300">
    <ele>2.9</ele>
    <time>2025-07-04T18:31:13Z</time>
   </trkpt>
   <trkpt lat="42.3554410" lon="-71.0761770">
    <ele>2.9</ele>
    <time>2025-07-04T18:31:14Z</time>
   </trkpt>
   <trkpt lat="42.3554390" lon="-71.0762030">
    <ele>2.9</ele>
    <time>2025-07-04T18:31:15Z</time>
   </trkpt>
   <trkpt lat="42.3554290" lon="-71.0762560">
    <ele>2.9</ele>
    <time>2025-07-04T18:31:16Z</time>
   </trkpt>
   <trkpt lat="42.3554250" lon="-71.0762760">
    <ele>2.9</ele>
    <time>2025-07-04T18:31:17Z</time>
   </trkpt>
   <trkpt lat="42.3554110" lon="-71.0763270">
    <ele>2.9</ele>
    <time>2025-07-04T18:31:18Z</time>
   </trkpt>
   <trkpt lat="42.3554030" lon="-71.0763480">
    <ele>2.9</ele>
    <time>2025-07-04T18:31:19Z</time>
   </trkpt>
   <trkpt lat="42.3553970" lon="-71.0763940">
    <ele>2.9</ele>
    <time>2025-07-04T18:31:20Z</time>
   </trkpt>
   <trkpt lat="42.3554020" lon="-71.0764490">
    <ele>2.9</ele>
    <time>2025-07-04T18:31:21Z</time>
   </trkpt>
   <trkpt lat="42.3554010" lon="-71.0764710">
    <ele>2.9</ele>
    <time>2025-07-04T18:31:22Z</time>
   </trkpt>
   <trkpt lat="42.3553910" lon="-71.0765060">
    <ele>2.9</ele>
    <time>2025-07-04T18:31:23Z</time>
   </trkpt>
   <trkpt lat="42.3553850" lon="-71.0765570">
    <ele>2.9</ele>
    <time>2025-07-04T18:31:24Z</time>
   </trkpt>
   <trkpt lat="42.3553850" lon="-71.0766050">
    <ele>2.9</ele>
    <time>2025-07-04T18:31:25Z</time>
   </trkpt>
   <trkpt lat="42.3553740" lon="-71.0766490">
    <ele>2.9</ele>
    <time>2025-07-04T18:31:26Z</time>
   </trkpt>
   <trkpt lat="42.3553660" lon="-71.0766860">
    <ele>2.9</ele>
    <time>2025-07-04T18:31:27Z</time>
   </trkpt>
   <trkpt lat="42.3553570" lon="-71.0767420">
    <ele>2.9</ele>
    <time>2025-07-04T18:31:28Z</time>
   </trkpt>
   <trkpt lat="42.3553530" lon="-71.0767640">
    <ele>2.9</ele>
    <time>2025-07-04T18:31:29Z</time>
   </trkpt>
   <trkpt lat="42.3553440" lon="-71.0767980">
    <ele>2.9</ele>
    <time>2025-07-04T18:31:30Z</time>
   </trkpt>
   <trkpt lat="42.3553320" lon="-71.0768380">
    <ele>2.9</ele>
    <time>2025-07-04T18:31:31Z</time>
   </trkpt>
   <trkpt lat="42.3553250" lon="-71.0768890">
    <ele>2.9</ele>
    <time>2025-07-04T18:31:32Z</time>
   </trkpt>
   <trkpt lat="42.3553230" lon="-71.0769050">
    <ele>2.9</ele>
    <time>2025-07-04T18:31:33Z</time>
   </trkpt>
   <trkpt lat="42.3553130" lon="-71.0769470">
    <ele>2.9</ele>
    <time>2025-07-04T18:31:34Z</time>
   </trkpt>
   <trkpt lat="42.3553060" lon="-71.0769600">
    <ele>2.9</ele>
    <time>2025-07-04T18:31:35Z</time>
   </trkpt>
   <trkpt lat="42.3552900" lon="-71.0769930">
    <ele>2.9</ele>
    <time>2025-07-04T18:31:36Z</time>
   </trkpt>
   <trkpt lat="42.3552740" lon="-71.0770270">
    <ele>2.8</ele>
    <time>2025-07-04T18:31:37Z</time>
   </trkpt>
   <trkpt lat="42.3552640" lon="-71.0770630">
    <ele>2.8</ele>
    <time>2025-07-04T18:31:38Z</time>
   </trkpt>
   <trkpt lat="42.3552480" lon="-71.0771030">
    <ele>2.8</ele>
    <time>2025-07-04T18:31:39Z</time>
   </trkpt>
   <trkpt lat="42.3552400" lon="-71.0771170">
    <ele>2.8</ele>
    <time>2025-07-04T18:31:40Z</time>
   </trkpt>
   <trkpt lat="42.3552240" lon="-71.0771580">
    <ele>2.8</ele>
    <time>2025-07-04T18:31:41Z</time>
   </trkpt>
   <trkpt lat="42.3552210" lon="-71.0771680">
    <ele>2.8</ele>
    <time>2025-07-04T18:31:42Z</time>
   </trkpt>
   <trkpt lat="42.3552030" lon="-71.0772060">
    <ele>2.8</ele>
    <time>2025-07-04T18:31:43Z</time>
   </trkpt>
   <trkpt lat="42.3551960" lon="-71.0772230">
    <ele>2.8</ele>
    <time>2025-07-04T18:31:44Z</time>
   </trkpt>
   <trkpt lat="42.3551820" lon="-71.0772550">
    <ele>2.7</ele>
    <time>2025-07-04T18:31:45Z</time>
   </trkpt>
   <trkpt lat="42.3551430" lon="-71.0772680">
    <ele>2.8</ele>
    <time>2025-07-04T18:31:46Z</time>
   </trkpt>
   <trkpt lat="42.3550920" lon="-71.0772740">
    <ele>2.8</ele>
    <time>2025-07-04T18:31:47Z</time>
   </trkpt>
   <trkpt lat="42.3550520" lon="-71.0772780">
    <ele>2.9</ele>
    <time>2025-07-04T18:31:48Z</time>
   </trkpt>
   <trkpt lat="42.3550150" lon="-71.0772800">
    <ele>3.0</ele>
    <time>2025-07-04T18:31:49Z</time>
   </trkpt>
   <trkpt lat="42.3549740" lon="-71.0772740">
    <ele>3.0</ele>
    <time>2025-07-04T18:31:50Z</time>
   </trkpt>
   <trkpt lat="42.3549390" lon="-71.0772830">
    <ele>3.1</ele>
    <time>2025-07-04T18:31:51Z</time>
   </trkpt>
   <trkpt lat="42.3549290" lon="-71.0772830">
    <ele>3.1</ele>
    <time>2025-07-04T18:31:52Z</time>
   </trkpt>
   <trkpt lat="42.3548910" lon="-71.0772550">
    <ele>3.2</ele>
    <time>2025-07-04T18:31:53Z</time>
   </trkpt>
   <trkpt lat="42.3548640" lon="-71.0772430">
    <ele>3.3</ele>
    <time>2025-07-04T18:31:54Z</time>
   </trkpt>
   <trkpt lat="42.3548280" lon="-71.0772500">
    <ele>3.3</ele>
    <time>2025-07-04T18:31:55Z</time>
   </trkpt>
   <trkpt lat="42.3548180" lon="-71.0772600">
    <ele>3.3</ele>
    <time>2025-07-04T18:31:56Z</time>
   </trkpt>
   <trkpt lat="42.3547960" lon="-71.0773100">
    <ele>3.4</ele>
    <time>2025-07-04T18:31:57Z</time>
   </trkpt>
   <trkpt lat="42.3547880" lon="-71.0773400">
    <ele>3.4</ele>
    <time>2025-07-04T18:31:58Z</time>
   </trkpt>
   <trkpt lat="42.3548040" lon="-71.0773870">
    <ele>3.3</ele>
    <time>2025-07-04T18:31:59Z</time>
   </trkpt>
   <trkpt lat="42.3548200" lon="-71.0774340">
    <ele>3.3</ele>
    <time>2025-07-04T18:32:00Z</time>
   </trkpt>
   <trkpt lat="42.3548250" lon="-71.0774810">
    <ele>3.3</ele>
    <time>2025-07-04T18:32:01Z</time>
   </trkpt>
   <trkpt lat="42.3548310" lon="-71.0775250">
    <ele>3.3</ele>
    <time>2025-07-04T18:32:02Z</time>
   </trkpt>
   <trkpt lat="42.3548420" lon="-71.0775630">
    <ele>3.3</ele>
    <time>2025-07-04T18:32:03Z</time>
   </trkpt>
   <trkpt lat="42.3548420" lon="-71.0776200">
    <ele>3.3</ele>
    <time>2025-07-04T18:32:04Z</time>
   </trkpt>
   <trkpt lat="42.3548310" lon="-71.0776810">
    <ele>3.3</ele>
    <time>2025-07-04T18:32:05Z</time>
   </trkpt>
   <trkpt lat="42.3548190" lon="-71.0777350">
    <ele>3.3</ele>
    <time>2025-07-04T18:32:06Z</time>
   </trkpt>
   <trkpt lat="42.3548290" lon="-71.0777740">
    <ele>3.3</ele>
    <time>2025-07-04T18:32:07Z</time>
   </trkpt>
   <trkpt lat="42.3548560" lon="-71.0777890">
    <ele>3.3</ele>
    <time>2025-07-04T18:32:08Z</time>
   </trkpt>
   <trkpt lat="42.3548820" lon="-71.0778330">
    <ele>3.3</ele>
    <time>2025-07-04T18:32:09Z</time>
   </trkpt>
   <trkpt lat="42.3548790" lon="-71.0778860">
    <ele>3.3</ele>
    <time>2025-07-04T18:32:10Z</time>
   </trkpt>
   <trkpt lat="42.3548630" lon="-71.0779430">
    <ele>3.3</ele>
    <time>2025-07-04T18:32:11Z</time>
   </trkpt>
   <trkpt lat="42.3548390" lon="-71.0779950">
    <ele>3.4</ele>
    <time>2025-07-04T18:32:12Z</time>
   </trkpt>
   <trkpt lat="42.3548130" lon="-71.0780430">
    <ele>3.4</ele>
    <time>2025-07-04T18:32:13Z</time>
   </trkpt>
   <trkpt lat="42.3547970" lon="-71.0780880">
    <ele>3.4</ele>
    <time>2025-07-04T18:32:14Z</time>
   </trkpt>
   <trkpt lat="42.3547830" lon="-71.0781320">
    <ele>3.5</ele>
    <time>2025-07-04T18:32:15Z</time>
   </trkpt>
   <trkpt lat="42.3547300" lon="-71.0781860">
    <ele>3.5</ele>
    <time>2025-07-04T18:32:16Z</time>
   </trkpt>
   <trkpt lat="42.3547000" lon="-71.0782370">
    <ele>3.6</ele>
    <time>2025-07-04T18:32:17Z</time>
   </trkpt>
   <trkpt lat="42.3546720" lon="-71.0782930">
    <ele>3.6</ele>
    <time>2025-07-04T18:32:18Z</time>
   </trkpt>
   <trkpt lat="42.3546480" lon="-71.0783380">
    <ele>3.6</ele>
    <time>2025-07-04T18:32:19Z</time>
   </trkpt>
   <trkpt lat="42.3546210" lon="-71.0783730">
    <ele>3.7</ele>
    <time>2025-07-04T18:32:20Z</time>
   </trkpt>
   <trkpt lat="42.3546000" lon="-71.0784130">
    <ele>3.7</ele>
    <time>2025-07-04T18:32:21Z</time>
   </trkpt>
   <trkpt lat="42.3545850" lon="-71.0784470">
    <ele>3.8</ele>
    <time>2025-07-04T18:32:22Z</time>
   </trkpt>
   <trkpt lat="42.3545650" lon="-71.0784900">
    <ele>3.8</ele>
    <time>2025-07-04T18:32:23Z</time>
   </trkpt>
   <trkpt lat="42.3545620" lon="-71.0785320">
    <ele>3.8</ele>
    <time>2025-07-04T18:32:24Z</time>
   </trkpt>
   <trkpt lat="42.3545520" lon="-71.0785820">
    <ele>3.8</ele>
    <time>2025-07-04T18:32:25Z</time>
   </trkpt>
   <trkpt lat="42.3545260" lon="-71.0786220">
    <ele>3.9</ele>
    <time>2025-07-04T18:32:26Z</time>
   </trkpt>
   <trkpt lat="42.3544940" lon="-71.0786610">
    <ele>3.9</ele>
    <time>2025-07-04T18:32:27Z</time>
   </trkpt>
   <trkpt lat="42.3544820" lon="-71.0787020">
    <ele>4.0</ele>
    <time>2025-07-04T18:32:28Z</time>
   </trkpt>
   <trkpt lat="42.3544570" lon="-71.0787420">
    <ele>4.0</ele>
    <time>2025-07-04T18:32:29Z</time>
   </trkpt>
   <trkpt lat="42.3544370" lon="-71.0787930">
    <ele>4.1</ele>
    <time>2025-07-04T18:32:30Z</time>
   </trkpt>
   <trkpt lat="42.3544110" lon="-71.0788360">
    <ele>4.1</ele>
    <time>2025-07-04T18:32:31Z</time>
   </trkpt>
   <trkpt lat="42.3543940" lon="-71.0788760">
    <ele>4.1</ele>
    <time>2025-07-04T18:32:32Z</time>
   </trkpt>
   <trkpt lat="42.3543980" lon="-71.0789230">
    <ele>4.0</ele>
    <time>2025-07-04T18:32:33Z</time>
   </trkpt>
   <trkpt lat="42.3543950" lon="-71.0789430">
    <ele>3.9</ele>
    <time>2025-07-04T18:32:34Z</time>
   </trkpt>
   <trkpt lat="42.3543770" lon="-71.0789770">
    <ele>3.8</ele>
    <time>2025-07-04T18:32:35Z</time>
   </trkpt>
   <trkpt lat="42.3543540" lon="-71.0790250">
    <ele>3.6</ele>
    <time>2025-07-04T18:32:36Z</time>
   </trkpt>
   <trkpt lat="42.3543390" lon="-71.0790380">
    <ele>3.5</ele>
    <time>2025-07-04T18:32:37Z</time>
   </trkpt>
   <trkpt lat="42.3543380" lon="-71.0790800">
    <ele>3.4</ele>
    <time>2025-07-04T18:32:38Z</time>
   </trkpt>
   <trkpt lat="42.3543360" lon="-71.0790910">
    <ele>3.3</ele>
    <time>2025-07-04T18:32:39Z</time>
   </trkpt>
   <trkpt lat="42.3543200" lon="-71.0791120">
    <ele>3.3</ele>
    <time>2025-07-04T18:32:40Z</time>
   </trkpt>
   <trkpt lat="42.3543200" lon="-71.0791250">
    <ele>3.2</ele>
    <time>2025-07-04T18:32:41Z</time>
   </trkpt>
   <trkpt lat="42.3543160" lon="-71.0791550">
    <ele>3.1</ele>
    <time>2025-07-04T18:32:42Z</time>
   </trkpt>
   <trkpt lat="42.3543140" lon="-71.0791690">
    <ele>3.1</ele>
    <time>2025-07-04T18:32:43Z</time>
   </trkpt>
   <trkpt lat="42.3543110" lon="-71.0791830">
    <ele>3.1</ele>
    <time>2025-07-04T18:32:44Z</time>
   </trkpt>
   <trkpt lat="42.3543090" lon="-71.0791960">
    <ele>3.0</ele>
    <time>2025-07-04T18:32:45Z</time>
   </trkpt>
   <trkpt lat="42.3543090" lon="-71.0792090">
    <ele>3.0</ele>
    <time>2025-07-04T18:32:46Z</time>
   </trkpt>
   <trkpt lat="42.3542950" lon="-71.0792080">
    <ele>3.0</ele>
    <time>2025-07-04T18:32:47Z</time>
   </trkpt>
   <trkpt lat="42.3542820" lon="-71.0792120">
    <ele>2.9</ele>
    <time>2025-07-04T18:32:48Z</time>
   </trkpt>
   <trkpt lat="42.3542660" lon="-71.0792080">
    <ele>3.0</ele>
    <time>2025-07-04T18:32:49Z</time>
   </trkpt>
   <trkpt lat="42.3542620" lon="-71.0791980">
    <ele>3.0</ele>
    <time>2025-07-04T18:32:50Z</time>
   </trkpt>
   <trkpt lat="42.3542570" lon="-71.0791890">
    <ele>3.0</ele>
    <time>2025-07-04T18:32:51Z</time>
   </trkpt>
   <trkpt lat="42.3542530" lon="-71.0791800">
    <ele>3.1</ele>
    <time>2025-07-04T18:32:52Z</time>
   </trkpt>
   <trkpt lat="42.3542540" lon="-71.0791830">
    <ele>3.1</ele>
    <time>2025-07-04T18:32:53Z</time>
   </trkpt>
   <trkpt lat="42.3542610" lon="-71.0791660">
    <ele>3.1</ele>
    <time>2025-07-04T18:32:54Z</time>
   </trkpt>
   <trkpt lat="42.3542630" lon="-71.0791530">
    <ele>3.1</ele>
    <time>2025-07-04T18:32:55Z</time>
   </trkpt>
   <trkpt lat="42.3542690" lon="-71.0791380">
    <ele>3.2</ele>
    <time>2025-07-04T18:32:56Z</time>
   </trkpt>
   <trkpt lat="42.3542720" lon="-71.0791190">
    <ele>3.2</ele>
    <time>2025-07-04T18:32:57Z</time>
   </trkpt>
   <trkpt lat="42.3542730" lon="-71.0791080">
    <ele>3.3</ele>
    <time>2025-07-04T18:32:58Z</time>
   </trkpt>
   <trkpt lat="42.3542730" lon="-71.0790960">
    <ele>3.3</ele>
    <time>2025-07-04T18:32:59Z</time>
   </trkpt>
   <trkpt lat="42.3542730" lon="-71.0790850">
    <ele>3.3</ele>
    <time>2025-07-04T18:33:00Z</time>
   </trkpt>
   <trkpt lat="42.3542730" lon="-71.0790750">
    <ele>3.4</ele>
    <time>2025-07-04T18:33:01Z</time>
   </trkpt>
   <trkpt lat="42.3542740" lon="-71.0790610">
    <ele>3.4</ele>
    <time>2025-07-04T18:33:02Z</time>
   </trkpt>
   <trkpt lat="42.3542820" lon="-71.0790470">
    <ele>3.4</ele>
    <time>2025-07-04T18:33:03Z</time>
   </trkpt>
   <trkpt lat="42.3542850" lon="-71.0790170">
    <ele>3.5</ele>
    <time>2025-07-04T18:33:04Z</time>
   </trkpt>
   <trkpt lat="42.3542850" lon="-71.0790060">
    <ele>3.6</ele>
    <time>2025-07-04T18:33:05Z</time>
   </trkpt>
   <trkpt lat="42.3542840" lon="-71.0789940">
    <ele>3.6</ele>
    <time>2025-07-04T18:33:06Z</time>
   </trkpt>
   <trkpt lat="42.3542950" lon="-71.0789670">
    <ele>3.7</ele>
    <time>2025-07-04T18:33:07Z</time>
   </trkpt>
   <trkpt lat="42.3542980" lon="-71.0789580">
    <ele>3.7</ele>
    <time>2025-07-04T18:33:08Z</time>
   </trkpt>
   <trkpt lat="42.3543010" lon="-71.0789480">
    <ele>3.8</ele>
    <time>2025-07-04T18:33:09Z</time>
   </trkpt>
   <trkpt lat="42.3543070" lon="-71.0789340">
    <ele>3.8</ele>
    <time>2025-07-04T18:33:10Z</time>
   </trkpt>
   <trkpt lat="42.3543120" lon="-71.0789140">
    <ele>3.9</ele>
    <time>2025-07-04T18:33:11Z</time>
   </trkpt>
   <trkpt lat="42.3543230" lon="-71.0788940">
    <ele>3.9</ele>
    <time>2025-07-04T18:33:12Z</time>
   </trkpt>
   <trkpt lat="42.3543310" lon="-71.0788770">
    <ele>4.0</ele>
    <time>2025-07-04T18:33:13Z</time>
   </trkpt>
   <trkpt lat="42.3543370" lon="-71.0788470">
    <ele>4.1</ele>
    <time>2025-07-04T18:33:14Z</time>
   </trkpt>
   <trkpt lat="42.3543390" lon="-71.0788350">
    <ele>4.1</ele>
    <time>2025-07-04T18:33:15Z</time>
   </trkpt>
   <trkpt lat="42.3543420" lon="-71.0788230">
    <ele>4.2</ele>
    <time>2025-07-04T18:33:16Z</time>
   </trkpt>
   <trkpt lat="42.3543470" lon="-71.0788090">
    <ele>4.2</ele>
    <time>2025-07-04T18:33:17Z</time>
   </trkpt>
   <trkpt lat="42.3543630" lon="-71.0787980">
    <ele>4.3</ele>
    <time>2025-07-04T18:33:18Z</time>
   </trkpt>
   <trkpt lat="42.3543750" lon="-71.0787910">
    <ele>4.4</ele>
    <time>2025-07-04T18:33:19Z</time>
   </trkpt>
   <trkpt lat="42.3543920" lon="-71.0788030">
    <ele>4.4</ele>
    <time>2025-07-04T18:33:20Z</time>
   </trkpt>
   <trkpt lat="42.3544090" lon="-71.0788080">
    <ele>4.4</ele>
    <time>2025-07-04T18:33:21Z</time>
   </trkpt>
   <trkpt lat="42.3544230" lon="-71.0788170">
    <ele>4.4</ele>
    <time>2025-07-04T18:33:22Z</time>
   </trkpt>
   <trkpt lat="42.3544440" lon="-71.0788270">
    <ele>4.4</ele>
    <time>2025-07-04T18:33:23Z</time>
   </trkpt>
   <trkpt lat="42.3544530" lon="-71.0788290">
    <ele>4.4</ele>
    <time>2025-07-04T18:33:24Z</time>
   </trkpt>
   <trkpt lat="42.3544620" lon="-71.0788300">
    <ele>4.4</ele>
    <time>2025-07-04T18:33:25Z</time>
   </trkpt>
   <trkpt lat="42.3544740" lon="-71.0788410">
    <ele>4.5</ele>
    <time>2025-07-04T18:33:26Z</time>
   </trkpt>
   <trkpt lat="42.3544900" lon="-71.0788480">
    <ele>4.5</ele>
    <time>2025-07-04T18:33:27Z</time>
   </trkpt>
   <trkpt lat="42.3545080" lon="-71.0788560">
    <ele>4.5</ele>
    <time>2025-07-04T18:33:28Z</time>
   </trkpt>
   <trkpt lat="42.3545230" lon="-71.0788650">
    <ele>4.5</ele>
    <time>2025-07-04T18:33:29Z</time>
   </trkpt>
   <trkpt lat="42.3545400" lon="-71.0788630">
    <ele>4.4</ele>
    <time>2025-07-04T18:33:30Z</time>
   </trkpt>
   <trkpt lat="42.3545560" lon="-71.0788770">
    <ele>4.4</ele>
    <time>2025-07-04T18:33:31Z</time>
   </trkpt>
   <trkpt lat="42.3545700" lon="-71.0788880">
    <ele>4.4</ele>
    <time>2025-07-04T18:33:32Z</time>
   </trkpt>
   <trkpt lat="42.3545850" lon="-71.0788890">
    <ele>4.4</ele>
    <time>2025-07-04T18:33:33Z</time>
   </trkpt>
   <trkpt lat="42.3546020" lon="-71.0789070">
    <ele>4.4</ele>
    <time>2025-07-04T18:33:34Z</time>
   </trkpt>
   <trkpt lat="42.3546080" lon="-71.0789160">
    <ele>4.4</ele>
    <time>2025-07-04T18:33:35Z</time>
   </trkpt>
   <trkpt lat="42.3546140" lon="-71.0789260">
    <ele>4.4</ele>
    <time>2025-07-04T18:33:36Z</time>
   </trkpt>
   <trkpt lat="42.3546280" lon="-71.0789310">
    <ele>4.4</ele>
    <time>2025-07-04T18:33:37Z</time>
   </trkpt>
   <trkpt lat="42.3546450" lon="-71.0789350">
    <ele>4.4</ele>
    <time>2025-07-04T18:33:38Z</time>
   </trkpt>
   <trkpt lat="42.3546590" lon="-71.0789360">
    <ele>4.4</ele>
    <time>2025-07-04T18:33:39Z</time>
   </trkpt>
   <trkpt lat="42.3546770" lon="-71.0789330">
    <ele>4.4</ele>
    <time>2025-07-04T18:33:40Z</time>
   </trkpt>
   <trkpt lat="42.3546930" lon="-71.0789270">
    <ele>4.3</ele>
    <time>2025-07-04T18:33:41Z</time>
   </trkpt>
   <trkpt lat="42.3547090" lon="-71.0789340">
    <ele>4.3</ele>
    <time>2025-07-04T18:33:42Z</time>
   </trkpt>
   <trkpt lat="42.3547180" lon="-71.0789480">
    <ele>4.3</ele>
    <time>2025-07-04T18:33:43Z</time>
   </trkpt>
   <trkpt lat="42.3547200" lon="-71.0789680">
    <ele>4.3</ele>
    <time>2025-07-04T18:33:44Z</time>
   </trkpt>
   <trkpt lat="42.3547150" lon="-71.0789920">
    <ele>4.2</ele>
    <time>2025-07-04T18:33:45Z</time>
   </trkpt>
   <trkpt lat="42.3547090" lon="-71.0790030">
    <ele>4.1</ele>
    <time>2025-07-04T18:33:46Z</time>
   </trkpt>
   <trkpt lat="42.3547030" lon="-71.0790140">
    <ele>4.1</ele>
    <time>2025-07-04T18:33:47Z</time>
   </trkpt>
   <trkpt lat="42.3546980" lon="-71.0790300">
    <ele>4.0</ele>
    <time>2025-07-04T18:33:48Z</time>
   </trkpt>
   <trkpt lat="42.3546880" lon="-71.0790470">
    <ele>4.0</ele>
    <time>2025-07-04T18:33:49Z</time>
   </trkpt>
   <trkpt lat="42.3546830" lon="-71.0790620">
    <ele>3.9</ele>
    <time>2025-07-04T18:33:50Z</time>
   </trkpt>
   <trkpt lat="42.3546820" lon="-71.0790690">
    <ele>3.9</ele>
    <time>2025-07-04T18:33:51Z</time>
   </trkpt>
   <trkpt lat="42.3546720" lon="-71.0790850">
    <ele>3.8</ele>
    <time>2025-07-04T18:33:52Z</time>
   </trkpt>
   <trkpt lat="42.3546720" lon="-71.0791050">
    <ele>3.8</ele>
    <time>2025-07-04T18:33:53Z</time>
   </trkpt>
   <trkpt lat="42.3546610" lon="-71.0791210">
    <ele>3.7</ele>
    <time>2025-07-04T18:33:54Z</time>
   </trkpt>
   <trkpt lat="42.3546500" lon="-71.0791290">
    <ele>3.6</ele>
    <time>2025-07-04T18:33:55Z</time>
   </trkpt>
   <trkpt lat="42.3546430" lon="-71.0791440">
    <ele>3.6</ele>
    <time>2025-07-04T18:33:56Z</time>
   </trkpt>
   <trkpt lat="42.3546440" lon="-71.0791630">
    <ele>3.5</ele>
    <time>2025-07-04T18:33:57Z</time>
   </trkpt>
   <trkpt lat="42.3546360" lon="-71.0791840">
    <ele>3.4</ele>
    <time>2025-07-04T18:33:58Z</time>
   </trkpt>
   <trkpt lat="42.3546400" lon="-71.0792000">
    <ele>3.4</ele>
    <time>2025-07-04T18:33:59Z</time>
   </trkpt>
   <trkpt lat="42.3546320" lon="-71.0792230">
    <ele>3.3</ele>
    <time>2025-07-04T18:34:00Z</time>
   </trkpt>
   <trkpt lat="42.3546290" lon="-71.0792360">
    <ele>3.3</ele>
    <time>2025-07-04T18:34:01Z</time>
   </trkpt>
   <trkpt lat="42.3546290" lon="-71.0792610">
    <ele>3.2</ele>
    <time>2025-07-04T18:34:02Z</time>
   </trkpt>
   <trkpt lat="42.3546200" lon="-71.0792810">
    <ele>3.1</ele>
    <time>2025-07-04T18:34:03Z</time>
   </trkpt>
   <trkpt lat="42.3546080" lon="-71.0793090">
    <ele>3.0</ele>
    <time>2025-07-04T18:34:04Z</time>
   </trkpt>
   <trkpt lat="42.3546050" lon="-71.0793190">
    <ele>3.0</ele>
    <time>2025-07-04T18:34:05Z</time>
   </trkpt>
   <trkpt lat="42.3546010" lon="-71.0793300">
    <ele>2.9</ele>
    <time>2025-07-04T18:34:06Z</time>
   </trkpt>
   <trkpt lat="42.3545970" lon="-71.0793430">
    <ele>2.9</ele>
    <time>2025-07-04T18:34:07Z</time>
   </trkpt>
   <trkpt lat="42.3545910" lon="-71.0793510">
    <ele>2.9</ele>
    <time>2025-07-04T18:34:08Z</time>
   </trkpt>
   <trkpt lat="42.3545810" lon="-71.0793640">
    <ele>2.8</ele>
    <time>2025-07-04T18:34:09Z</time>
   </trkpt>
   <trkpt lat="42.3545720" lon="-71.0793810">
    <ele>2.8</ele>
    <time>2025-07-04T18:34:10Z</time>
   </trkpt>
   <trkpt lat="42.3545660" lon="-71.0794000">
    <ele>2.7</ele>
    <time>2025-07-04T18:34:11Z</time>
   </trkpt>
   <trkpt lat="42.3545630" lon="-71.0794150">
    <ele>2.7</ele>
    <time>2025-07-04T18:34:12Z</time>
   </trkpt>
   <trkpt lat="42.3545660" lon="-71.0794270">
    <ele>2.6</ele>
    <time>2025-07-04T18:34:13Z</time>
   </trkpt>
   <trkpt lat="42.3545630" lon="-71.0794400">
    <ele>2.6</ele>
    <time>2025-07-04T18:34:14Z</time>
   </trkpt>
   <trkpt lat="42.3545640" lon="-71.0794540">
    <ele>2.5</ele>
    <time>2025-07-04T18:34:15Z</time>
   </trkpt>
   <trkpt lat="42.3545650" lon="-71.0794690">
    <ele>2.5</ele>
    <time>2025-07-04T18:34:16Z</time>
   </trkpt>
   <trkpt lat="42.3545690" lon="-71.0794670">
    <ele>2.5</ele>
    <time>2025-07-04T18:34:17Z</time>
   </trkpt>
   <trkpt lat="42.3545730" lon="-71.0794640">
    <ele>2.5</ele>
    <time>2025-07-04T18:34:18Z</time>
   </trkpt>
   <trkpt lat="42.3545690" lon="-71.0794600">
    <ele>2.5</ele>
    <time>2025-07-04T18:34:19Z</time>
   </trkpt>
   <trkpt lat="42.3545660" lon="-71.0794520">
    <ele>2.5</ele>
    <time>2025-07-04T18:34:20Z</time>
   </trkpt>
   <trkpt lat="42.3545610" lon="-71.0794610">
    <ele>2.4</ele>
    <time>2025-07-04T18:34:21Z</time>
   </trkpt>
   <trkpt lat="42.3545640" lon="-71.0794570">
    <ele>2.4</ele>
    <time>2025-07-04T18:34:22Z</time>
   </trkpt>
   <trkpt lat="42.3545640" lon="-71.0794580">
    <ele>2.4</ele>
    <time>2025-07-04T18:34:23Z</time>
   </trkpt>
   <trkpt lat="42.3545630" lon="-71.0794540">
    <ele>2.4</ele>
    <time>2025-07-04T18:34:24Z</time>
   </trkpt>
   <trkpt lat="42.3545540" lon="-71.0794570">
    <ele>2.4</ele>
    <time>2025-07-04T18:34:25Z</time>
   </trkpt>
   <trkpt lat="42.3545460" lon="-71.0794480">
    <ele>2.4</ele>
    <time>2025-07-04T18:34:26Z</time>
   </trkpt>
   <trkpt lat="42.3545350" lon="-71.0794440">
    <ele>2.4</ele>
    <time>2025-07-04T18:34:27Z</time>
   </trkpt>
   <trkpt lat="42.3545240" lon="-71.0794170">
    <ele>2.4</ele>
    <time>2025-07-04T18:35:09Z</time>
   </trkpt>
   <trkpt lat="42.3545380" lon="-71.0794330">
    <ele>2.4</ele>
    <time>2025-07-04T18:35:10Z</time>
   </trkpt>
   <trkpt lat="42.3545440" lon="-71.0794370">
    <ele>2.4</ele>
    <time>2025-07-04T18:35:11Z</time>
   </trkpt>
   <trkpt lat="42.3545520" lon="-71.0794420">
    <ele>2.3</ele>
    <time>2025-07-04T18:35:12Z</time>
   </trkpt>
   <trkpt lat="42.3545600" lon="-71.0794450">
    <ele>2.3</ele>
    <time>2025-07-04T18:35:13Z</time>
   </trkpt>
   <trkpt lat="42.3545720" lon="-71.0794460">
    <ele>2.3</ele>
    <time>2025-07-04T18:35:14Z</time>
   </trkpt>
   <trkpt lat="42.3545840" lon="-71.0794470">
    <ele>2.3</ele>
    <time>2025-07-04T18:35:15Z</time>
   </trkpt>
   <trkpt lat="42.3545890" lon="-71.0794550">
    <ele>2.3</ele>
    <time>2025-07-04T18:35:16Z</time>
   </trkpt>
   <trkpt lat="42.3546070" lon="-71.0794790">
    <ele>2.3</ele>
    <time>2025-07-04T18:35:17Z</time>
   </trkpt>
   <trkpt lat="42.3546300" lon="-71.0795240">
    <ele>2.3</ele>
    <time>2025-07-04T18:35:18Z</time>
   </trkpt>
   <trkpt lat="42.3546400" lon="-71.0795390">
    <ele>2.2</ele>
    <time>2025-07-04T18:35:19Z</time>
   </trkpt>
   <trkpt lat="42.3546610" lon="-71.0795750">
    <ele>2.2</ele>
    <time>2025-07-04T18:35:20Z</time>
   </trkpt>
   <trkpt lat="42.3546640" lon="-71.0795870">
    <ele>2.2</ele>
    <time>2025-07-04T18:35:21Z</time>
   </trkpt>
   <trkpt lat="42.3546610" lon="-71.0796340">
    <ele>2.2</ele>
    <time>2025-07-04T18:35:22Z</time>
   </trkpt>
   <trkpt lat="42.3546570" lon="-71.0796480">
    <ele>2.2</ele>
    <time>2025-07-04T18:35:23Z</time>
   </trkpt>
   <trkpt lat="42.3546430" lon="-71.0796830">
    <ele>2.2</ele>
    <time>2025-07-04T18:35:24Z</time>
   </trkpt>
   <trkpt lat="42.3546440" lon="-71.0797010">
    <ele>2.2</ele>
    <time>2025-07-04T18:35:25Z</time>
   </trkpt>
   <trkpt lat="42.3546210" lon="-71.0797400">
    <ele>2.1</ele>
    <time>2025-07-04T18:35:26Z</time>
   </trkpt>
   <trkpt lat="42.3546190" lon="-71.0797780">
    <ele>2.1</ele>
    <time>2025-07-04T18:35:27Z</time>
   </trkpt>
   <trkpt lat="42.3546230" lon="-71.0798270">
    <ele>2.1</ele>
    <time>2025-07-04T18:35:28Z</time>
   </trkpt>
   <trkpt lat="42.3546220" lon="-71.0798480">
    <ele>2.1</ele>
    <time>2025-07-04T18:35:29Z</time>
   </trkpt>
   <trkpt lat="42.3546190" lon="-71.0798710">
    <ele>2.1</ele>
    <time>2025-07-04T18:35:30Z</time>
   </trkpt>
   <trkpt lat="42.3545990" lon="-71.0799280">
    <ele>2.1</ele>
    <time>2025-07-04T18:35:31Z</time>
   </trkpt>
   <trkpt lat="42.3545910" lon="-71.0799540">
    <ele>2.0</ele>
    <time>2025-07-04T18:35:32Z</time>
   </trkpt>
   <trkpt lat="42.3546050" lon="-71.0800020">
    <ele>2.0</ele>
    <time>2025-07-04T18:35:33Z</time>
   </trkpt>
   <trkpt lat="42.3546100" lon="-71.0800200">
    <ele>2.0</ele>
    <time>2025-07-04T18:35:34Z</time>
   </trkpt>
   <trkpt lat="42.3545980" lon="-71.0800580">
    <ele>2.0</ele>
    <time>2025-07-04T18:35:35Z</time>
   </trkpt>
   <trkpt lat="42.3545930" lon="-71.0801030">
    <ele>2.0</ele>
    <time>2025-07-04T18:35:36Z</time>
   </trkpt>
   <trkpt lat="42.3545760" lon="-71.0801540">
    <ele>2.0</ele>
    <time>2025-07-04T18:35:37Z</time>
   </trkpt>
   <trkpt lat="42.3545730" lon="-71.0801910">
    <ele>1.9</ele>
    <time>2025-07-04T18:35:38Z</time>
   </trkpt>
   <trkpt lat="42.3545770" lon="-71.0802390">
    <ele>1.9</ele>
    <time>2025-07-04T18:35:39Z</time>
   </trkpt>
   <trkpt lat="42.3545720" lon="-71.0802570">
    <ele>1.9</ele>
    <time>2025-07-04T18:35:40Z</time>
   </trkpt>
   <trkpt lat="42.3545550" lon="-71.0803050">
    <ele>1.9</ele>
    <time>2025-07-04T18:35:41Z</time>
   </trkpt>
   <trkpt lat="42.3545390" lon="-71.0803480">
    <ele>1.9</ele>
    <time>2025-07-04T18:35:42Z</time>
   </trkpt>
   <trkpt lat="42.3545340" lon="-71.0803890">
    <ele>1.9</ele>
    <time>2025-07-04T18:35:43Z</time>
   </trkpt>
   <trkpt lat="42.3545300" lon="-71.0804110">
    <ele>1.9</ele>
    <time>2025-07-04T18:35:44Z</time>
   </trkpt>
   <trkpt lat="42.3545180" lon="-71.0804500">
    <ele>1.9</ele>
    <time>2025-07-04T18:35:45Z</time>
   </trkpt>
   <trkpt lat="42.3545100" lon="-71.0804570">
    <ele>1.9</ele>
    <time>2025-07-04T18:35:46Z</time>
   </trkpt>
   <trkpt lat="42.3544910" lon="-71.0804980">
    <ele>1.8</ele>
    <time>2025-07-04T18:35:47Z</time>
   </trkpt>
   <trkpt lat="42.3544870" lon="-71.0805380">
    <ele>1.8</ele>
    <time>2025-07-04T18:35:48Z</time>
   </trkpt>
   <trkpt lat="42.3544740" lon="-71.0805550">
    <ele>1.8</ele>
    <time>2025-07-04T18:35:49Z</time>
   </trkpt>
   <trkpt lat="42.3544600" lon="-71.0805880">
    <ele>1.8</ele>
    <time>2025-07-04T18:35:50Z</time>
   </trkpt>
   <trkpt lat="42.3544550" lon="-71.0806100">
    <ele>1.8</ele>
    <time>2025-07-04T18:35:51Z</time>
   </trkpt>
   <trkpt lat="42.3544600" lon="-71.0806500">
    <ele>1.8</ele>
    <time>2025-07-04T18:35:52Z</time>
   </trkpt>
   <trkpt lat="42.3544540" lon="-71.0806610">
    <ele>1.8</ele>
    <time>2025-07-04T18:35:53Z</time>
   </trkpt>
   <trkpt lat="42.3544280" lon="-71.0807140">
    <ele>1.8</ele>
    <time>2025-07-04T18:35:54Z</time>
   </trkpt>
   <trkpt lat="42.3544180" lon="-71.0807380">
    <ele>1.8</ele>
    <time>2025-07-04T18:35:55Z</time>
   </trkpt>
   <trkpt lat="42.3543970" lon="-71.0808090">
    <ele>1.8</ele>
    <time>2025-07-04T18:35:56Z</time>
   </trkpt>
   <trkpt lat="42.3543860" lon="-71.0808610">
    <ele>1.8</ele>
    <time>2025-07-04T18:35:57Z</time>
   </trkpt>
   <trkpt lat="42.3543750" lon="-71.0808810">
    <ele>1.8</ele>
    <time>2025-07-04T18:35:58Z</time>
   </trkpt>
   <trkpt lat="42.3543600" lon="-71.0809280">
    <ele>1.8</ele>
    <time>2025-07-04T18:35:59Z</time>
   </trkpt>
   <trkpt lat="42.3543400" lon="-71.0809590">
    <ele>1.8</ele>
    <time>2025-07-04T18:36:00Z</time>
   </trkpt>
   <trkpt lat="42.3543310" lon="-71.0809790">
    <ele>1.8</ele>
    <time>2025-07-04T18:36:01Z</time>
   </trkpt>
   <trkpt lat="42.3543100" lon="-71.0810060">
    <ele>1.8</ele>
    <time>2025-07-04T18:36:02Z</time>
   </trkpt>
   <trkpt lat="42.3542970" lon="-71.0810260">
    <ele>1.8</ele>
    <time>2025-07-04T18:36:03Z</time>
   </trkpt>
   <trkpt lat="42.3542820" lon="-71.0810550">
    <ele>1.8</ele>
    <time>2025-07-04T18:36:04Z</time>
   </trkpt>
   <trkpt lat="42.3542690" lon="-71.0810710">
    <ele>1.8</ele>
    <time>2025-07-04T18:36:05Z</time>
   </trkpt>
   <trkpt lat="42.3542690" lon="-71.0811160">
    <ele>1.9</ele>
    <time>2025-07-04T18:36:06Z</time>
   </trkpt>
   <trkpt lat="42.3542630" lon="-71.0811410">
    <ele>1.9</ele>
    <time>2025-07-04T18:36:07Z</time>
   </trkpt>
   <trkpt lat="42.3542560" lon="-71.0811810">
    <ele>1.9</ele>
    <time>2025-07-04T18:36:08Z</time>
   </trkpt>
   <trkpt lat="42.3542470" lon="-71.0812030">
    <ele>1.9</ele>
    <time>2025-07-04T18:36:09Z</time>
   </trkpt>
   <trkpt lat="42.3542370" lon="-71.0812410">
    <ele>1.8</ele>
    <time>2025-07-04T18:36:10Z</time>
   </trkpt>
   <trkpt lat="42.3542370" lon="-71.0812690">
    <ele>1.8</ele>
    <time>2025-07-04T18:36:11Z</time>
   </trkpt>
   <trkpt lat="42.3542290" lon="-71.0813100">
    <ele>1.8</ele>
    <time>2025-07-04T18:36:12Z</time>
   </trkpt>
   <trkpt lat="42.3542150" lon="-71.0813380">
    <ele>1.7</ele>
    <time>2025-07-04T18:36:13Z</time>
   </trkpt>
   <trkpt lat="42.3541890" lon="-71.0813840">
    <ele>1.7</ele>
    <time>2025-07-04T18:36:14Z</time>
   </trkpt>
   <trkpt lat="42.3541820" lon="-71.0814080">
    <ele>1.7</ele>
    <time>2025-07-04T18:36:15Z</time>
   </trkpt>
   <trkpt lat="42.3541730" lon="-71.0814510">
    <ele>1.6</ele>
    <time>2025-07-04T18:36:16Z</time>
   </trkpt>
   <trkpt lat="42.3541460" lon="-71.0815290">
    <ele>1.6</ele>
    <time>2025-07-04T18:36:17Z</time>
   </trkpt>
   <trkpt lat="42.3541190" lon="-71.0816010">
    <ele>1.5</ele>
    <time>2025-07-04T18:36:18Z</time>
   </trkpt>
   <trkpt lat="42.3540830" lon="-71.0816610">
    <ele>1.5</ele>
    <time>2025-07-04T18:36:19Z</time>
   </trkpt>
   <trkpt lat="42.3540580" lon="-71.0817180">
    <ele>1.4</ele>
    <time>2025-07-04T18:36:20Z</time>
   </trkpt>
   <trkpt lat="42.3540410" lon="-71.0817580">
    <ele>1.4</ele>
    <time>2025-07-04T18:36:21Z</time>
   </trkpt>
   <trkpt lat="42.3540320" lon="-71.0817790">
    <ele>1.4</ele>
    <time>2025-07-04T18:36:22Z</time>
   </trkpt>
   <trkpt lat="42.3540190" lon="-71.0818200">
    <ele>1.4</ele>
    <time>2025-07-04T18:36:23Z</time>
   </trkpt>
   <trkpt lat="42.3539860" lon="-71.0818600">
    <ele>1.4</ele>
    <time>2025-07-04T18:36:24Z</time>
   </trkpt>
   <trkpt lat="42.3539760" lon="-71.0819030">
    <ele>1.4</ele>
    <time>2025-07-04T18:36:25Z</time>
   </trkpt>
   <trkpt lat="42.3539680" lon="-71.0819680">
    <ele>1.3</ele>
    <time>2025-07-04T18:36:26Z</time>
   </trkpt>
   <trkpt lat="42.3539330" lon="-71.0820220">
    <ele>1.3</ele>
    <time>2025-07-04T18:36:27Z</time>
   </trkpt>
   <trkpt lat="42.3539180" lon="-71.0820540">
    <ele>1.3</ele>
    <time>2025-07-04T18:36:28Z</time>
   </trkpt>
   <trkpt lat="42.3539080" lon="-71.0820810">
    <ele>1.3</ele>
    <time>2025-07-04T18:36:29Z</time>
   </trkpt>
   <trkpt lat="42.3539000" lon="-71.0820980">
    <ele>1.4</ele>
    <time>2025-07-04T18:36:30Z</time>
   </trkpt>
   <trkpt lat="42.3538990" lon="-71.0821420">
    <ele>1.4</ele>
    <time>2025-07-04T18:36:31Z</time>
   </trkpt>
   <trkpt lat="42.3538860" lon="-71.0821840">
    <ele>1.4</ele>
    <time>2025-07-04T18:36:32Z</time>
   </trkpt>
   <trkpt lat="42.3538730" lon="-71.0822370">
    <ele>1.4</ele>
    <time>2025-07-04T18:36:33Z</time>
   </trkpt>
   <trkpt lat="42.3538560" lon="-71.0822780">
    <ele>1.4</ele>
    <time>2025-07-04T18:36:34Z</time>
   </trkpt>
   <trkpt lat="42.3538290" lon="-71.0823650">
    <ele>1.4</ele>
    <time>2025-07-04T18:36:35Z</time>
   </trkpt>
   <trkpt lat="42.3537940" lon="-71.0824440">
    <ele>1.4</ele>
    <time>2025-07-04T18:36:36Z</time>
   </trkpt>
   <trkpt lat="42.3537780" lon="-71.0825010">
    <ele>1.4</ele>
    <time>2025-07-04T18:36:37Z</time>
   </trkpt>
   <trkpt lat="42.3537510" lon="-71.0825650">
    <ele>1.4</ele>
    <time>2025-07-04T18:36:38Z</time>
   </trkpt>
   <trkpt lat="42.3537120" lon="-71.0826350">
    <ele>1.4</ele>
    <time>2025-07-04T18:36:39Z</time>
   </trkpt>
   <trkpt lat="42.3536880" lon="-71.0826990">
    <ele>1.4</ele>
    <time>2025-07-04T18:36:40Z</time>
   </trkpt>
   <trkpt lat="42.3536630" lon="-71.0827590">
    <ele>1.5</ele>
    <time>2025-07-04T18:36:41Z</time>
   </trkpt>
   <trkpt lat="42.3536350" lon="-71.0828190">
    <ele>1.5</ele>
    <time>2025-07-04T18:36:42Z</time>
   </trkpt>
   <trkpt lat="42.3536210" lon="-71.0828770">
    <ele>1.5</ele>
    <time>2025-07-04T18:36:43Z</time>
   </trkpt>
   <trkpt lat="42.3535980" lon="-71.0829450">
    <ele>1.5</ele>
    <time>2025-07-04T18:36:44Z</time>
   </trkpt>
   <trkpt lat="42.3535790" lon="-71.0830010">
    <ele>1.5</ele>
    <time>2025-07-04T18:36:45Z</time>
   </trkpt>
   <trkpt lat="42.3535700" lon="-71.0830570">
    <ele>1.5</ele>
    <time>2025-07-04T18:36:46Z</time>
   </trkpt>
   <trkpt lat="42.3535570" lon="-71.0831180">
    <ele>1.5</ele>
    <time>2025-07-04T18:36:47Z</time>
   </trkpt>
   <trkpt lat="42.3535400" lon="-71.0831620">
    <ele>1.6</ele>
    <time>2025-07-04T18:36:48Z</time>
   </trkpt>
   <trkpt lat="42.3535160" lon="-71.0832210">
    <ele>1.6</ele>
    <time>2025-07-04T18:36:49Z</time>
   </trkpt>
   <trkpt lat="42.3534840" lon="-71.0832730">
    <ele>1.6</ele>
    <time>2025-07-04T18:36:50Z</time>
   </trkpt>
   <trkpt lat="42.3534630" lon="-71.0833320">
    <ele>1.6</ele>
    <time>2025-07-04T18:36:51Z</time>
   </trkpt>
   <trkpt lat="42.3534530" lon="-71.0833770">
    <ele>1.6</ele>
    <time>2025-07-04T18:36:52Z</time>
   </trkpt>
   <trkpt lat="42.3534430" lon="-71.0834170">
    <ele>1.6</ele>
    <time>2025-07-04T18:36:53Z</time>
   </trkpt>
   <trkpt lat="42.3534330" lon="-71.0834510">
    <ele>1.6</ele>
    <time>2025-07-04T18:36:54Z</time>
   </trkpt>
   <trkpt lat="42.3534130" lon="-71.0834890">
    <ele>1.6</ele>
    <time>2025-07-04T18:36:55Z</time>
   </trkpt>
   <trkpt lat="42.3534090" lon="-71.0835280">
    <ele>1.6</ele>
    <time>2025-07-04T18:36:56Z</time>
   </trkpt>
   <trkpt lat="42.3533970" lon="-71.0835780">
    <ele>1.6</ele>
    <time>2025-07-04T18:36:57Z</time>
   </trkpt>
   <trkpt lat="42.3533920" lon="-71.0835930">
    <ele>1.6</ele>
    <time>2025-07-04T18:36:58Z</time>
   </trkpt>
   <trkpt lat="42.3533780" lon="-71.0836300">
    <ele>1.6</ele>
    <time>2025-07-04T18:36:59Z</time>
   </trkpt>
   <trkpt lat="42.3533640" lon="-71.0836690">
    <ele>1.6</ele>
    <time>2025-07-04T18:37:00Z</time>
   </trkpt>
   <trkpt lat="42.3533520" lon="-71.0837050">
    <ele>1.6</ele>
    <time>2025-07-04T18:37:01Z</time>
   </trkpt>
   <trkpt lat="42.3533380" lon="-71.0837490">
    <ele>1.6</ele>
    <time>2025-07-04T18:37:02Z</time>
   </trkpt>
   <trkpt lat="42.3533340" lon="-71.0837640">
    <ele>1.6</ele>
    <time>2025-07-04T18:37:03Z</time>
   </trkpt>
   <trkpt lat="42.3533260" lon="-71.0838060">
    <ele>1.6</ele>
    <time>2025-07-04T18:37:04Z</time>
   </trkpt>
   <trkpt lat="42.3533230" lon="-71.0838190">
    <ele>1.6</ele>
    <time>2025-07-04T18:37:05Z</time>
   </trkpt>
   <trkpt lat="42.3533140" lon="-71.0838440">
    <ele>1.6</ele>
    <time>2025-07-04T18:37:06Z</time>
   </trkpt>
   <trkpt lat="42.3533150" lon="-71.0838590">
    <ele>1.6</ele>
    <time>2025-07-04T18:37:07Z</time>
   </trkpt>
   <trkpt lat="42.3533090" lon="-71.0838720">
    <ele>1.6</ele>
    <time>2025-07-04T18:37:08Z</time>
   </trkpt>
   <trkpt lat="42.3533090" lon="-71.0838980">
    <ele>1.6</ele>
    <time>2025-07-04T18:37:09Z</time>
   </trkpt>
   <trkpt lat="42.3533010" lon="-71.0839110">
    <ele>1.6</ele>
    <time>2025-07-04T18:37:10Z</time>
   </trkpt>
   <trkpt lat="42.3532910" lon="-71.0839280">
    <ele>1.6</ele>
    <time>2025-07-04T18:37:11Z</time>
   </trkpt>
   <trkpt lat="42.3532920" lon="-71.0839400">
    <ele>1.6</ele>
    <time>2025-07-04T18:37:12Z</time>
   </trkpt>
   <trkpt lat="42.3532840" lon="-71.0839700">
    <ele>1.6</ele>
    <time>2025-07-04T18:37:13Z</time>
   </trkpt>
   <trkpt lat="42.3532810" lon="-71.0839850">
    <ele>1.6</ele>
    <time>2025-07-04T18:37:14Z</time>
   </trkpt>
   <trkpt lat="42.3532640" lon="-71.0839960">
    <ele>1.6</ele>
    <time>2025-07-04T18:37:15Z</time>
   </trkpt>
   <trkpt lat="42.3532400" lon="-71.0840180">
    <ele>1.6</ele>
    <time>2025-07-04T18:37:16Z</time>
   </trkpt>
   <trkpt lat="42.3532360" lon="-71.0840640">
    <ele>1.7</ele>
    <time>2025-07-04T18:37:17Z</time>
   </trkpt>
   <trkpt lat="42.3532400" lon="-71.0840830">
    <ele>1.7</ele>
    <time>2025-07-04T18:37:18Z</time>
   </trkpt>
   <trkpt lat="42.3532330" lon="-71.0841200">
    <ele>1.7</ele>
    <time>2025-07-04T18:37:19Z</time>
   </trkpt>
   <trkpt lat="42.3532280" lon="-71.0841310">
    <ele>1.7</ele>
    <time>2025-07-04T18:37:20Z</time>
   </trkpt>
   <trkpt lat="42.3532160" lon="-71.0841720">
    <ele>1.7</ele>
    <time>2025-07-04T18:37:21Z</time>
   </trkpt>
   <trkpt lat="42.3532140" lon="-71.0841850">
    <ele>1.7</ele>
    <time>2025-07-04T18:37:22Z</time>
   </trkpt>
   <trkpt lat="42.3532230" lon="-71.0842290">
    <ele>1.7</ele>
    <time>2025-07-04T18:37:23Z</time>
   </trkpt>
   <trkpt lat="42.3532260" lon="-71.0842440">
    <ele>1.8</ele>
    <time>2025-07-04T18:37:24Z</time>
   </trkpt>
   <trkpt lat="42.3532290" lon="-71.0842650">
    <ele>1.8</ele>
    <time>2025-07-04T18:37:25Z</time>
   </trkpt>
   <trkpt lat="42.3532270" lon="-71.0842890">
    <ele>1.8</ele>
    <time>2025-07-04T18:37:26Z</time>
   </trkpt>
   <trkpt lat="42.3532270" lon="-71.0843290">
    <ele>1.8</ele>
    <time>2025-07-04T18:37:27Z</time>
   </trkpt>
   <trkpt lat="42.3532260" lon="-71.0843420">
    <ele>1.8</ele>
    <time>2025-07-04T18:37:28Z</time>
   </trkpt>
   <trkpt lat="42.3532250" lon="-71.0843560">
    <ele>1.8</ele>
    <time>2025-07-04T18:37:29Z</time>
   </trkpt>
   <trkpt lat="42.3532320" lon="-71.0843850">
    <ele>1.9</ele>
    <time>2025-07-04T18:37:30Z</time>
   </trkpt>
   <trkpt lat="42.3532400" lon="-71.0844080">
    <ele>1.9</ele>
    <time>2025-07-04T18:37:31Z</time>
   </trkpt>
   <trkpt lat="42.3532420" lon="-71.0844290">
    <ele>1.9</ele>
    <time>2025-07-04T18:37:32Z</time>
   </trkpt>
   <trkpt lat="42.3532450" lon="-71.0844690">
    <ele>1.9</ele>
    <time>2025-07-04T18:37:33Z</time>
   </trkpt>
   <trkpt lat="42.3532390" lon="-71.0844870">
    <ele>1.9</ele>
    <time>2025-07-04T18:37:34Z</time>
   </trkpt>
   <trkpt lat="42.3532460" lon="-71.0845150">
    <ele>1.9</ele>
    <time>2025-07-04T18:37:35Z</time>
   </trkpt>
   <trkpt lat="42.3532450" lon="-71.0845360">
    <ele>1.9</ele>
    <time>2025-07-04T18:37:36Z</time>
   </trkpt>
   <trkpt lat="42.3532430" lon="-71.0845800">
    <ele>1.9</ele>
    <time>2025-07-04T18:37:37Z</time>
   </trkpt>
   <trkpt lat="42.3532400" lon="-71.0845930">
    <ele>1.9</ele>
    <time>2025-07-04T18:37:38Z</time>
   </trkpt>
   <trkpt lat="42.3532280" lon="-71.0846340">
    <ele>1.9</ele>
    <time>2025-07-04T18:37:39Z</time>
   </trkpt>
   <trkpt lat="42.3532270" lon="-71.0846480">
    <ele>1.9</ele>
    <time>2025-07-04T18:37:40Z</time>
   </trkpt>
   <trkpt lat="42.3532360" lon="-71.0846880">
    <ele>1.9</ele>
    <time>2025-07-04T18:37:41Z</time>
   </trkpt>
   <trkpt lat="42.3532300" lon="-71.0847360">
    <ele>1.9</ele>
    <time>2025-07-04T18:37:42Z</time>
   </trkpt>
   <trkpt lat="42.3532330" lon="-71.0847770">
    <ele>1.9</ele>
    <time>2025-07-04T18:37:43Z</time>
   </trkpt>
   <trkpt lat="42.3532310" lon="-71.0847930">
    <ele>1.9</ele>
    <time>2025-07-04T18:37:44Z</time>
   </trkpt>
   <trkpt lat="42.3532370" lon="-71.0848110">
    <ele>1.9</ele>
    <time>2025-07-04T18:37:45Z</time>
   </trkpt>
   <trkpt lat="42.3532400" lon="-71.0848330">
    <ele>1.9</ele>
    <time>2025-07-04T18:37:46Z</time>
   </trkpt>
   <trkpt lat="42.3532400" lon="-71.0848550">
    <ele>1.9</ele>
    <time>2025-07-04T18:37:47Z</time>
   </trkpt>
   <trkpt lat="42.3532350" lon="-71.0848800">
    <ele>1.8</ele>
    <time>2025-07-04T18:37:48Z</time>
   </trkpt>
   <trkpt lat="42.3532400" lon="-71.0849270">
    <ele>1.8</ele>
    <time>2025-07-04T18:37:49Z</time>
   </trkpt>
   <trkpt lat="42.3532420" lon="-71.0849450">
    <ele>1.8</ele>
    <time>2025-07-04T18:37:50Z</time>
   </trkpt>
   <trkpt lat="42.3532430" lon="-71.0849910">
    <ele>1.8</ele>
    <time>2025-07-04T18:37:51Z</time>
   </trkpt>
   <trkpt lat="42.3532430" lon="-71.0850100">
    <ele>1.8</ele>
    <time>2025-07-04T18:37:52Z</time>
   </trkpt>
   <trkpt lat="42.3532410" lon="-71.0850510">
    <ele>1.8</ele>
    <time>2025-07-04T18:37:53Z</time>
   </trkpt>
   <trkpt lat="42.3532370" lon="-71.0850720">
    <ele>1.8</ele>
    <time>2025-07-04T18:37:54Z</time>
   </trkpt>
   <trkpt lat="42.3532210" lon="-71.0851160">
    <ele>1.8</ele>
    <time>2025-07-04T18:37:55Z</time>
   </trkpt>
   <trkpt lat="42.3532100" lon="-71.0851640">
    <ele>1.7</ele>
    <time>2025-07-04T18:37:56Z</time>
   </trkpt>
   <trkpt lat="42.3532040" lon="-71.0851760">
    <ele>1.7</ele>
    <time>2025-07-04T18:37:57Z</time>
   </trkpt>
   <trkpt lat="42.3531750" lon="-71.0851990">
    <ele>1.7</ele>
    <time>2025-07-04T18:37:58Z</time>
   </trkpt>
   <trkpt lat="42.3531550" lon="-71.0852250">
    <ele>1.7</ele>
    <time>2025-07-04T18:37:59Z</time>
   </trkpt>
   <trkpt lat="42.3531370" lon="-71.0852600">
    <ele>1.7</ele>
    <time>2025-07-04T18:38:00Z</time>
   </trkpt>
   <trkpt lat="42.3531300" lon="-71.0853100">
    <ele>1.7</ele>
    <time>2025-07-04T18:38:01Z</time>
   </trkpt>
   <trkpt lat="42.3531200" lon="-71.0853440">
    <ele>1.7</ele>
    <time>2025-07-04T18:38:02Z</time>
   </trkpt>
   <trkpt lat="42.3531200" lon="-71.0853830">
    <ele>1.7</ele>
    <time>2025-07-04T18:38:03Z</time>
   </trkpt>
   <trkpt lat="42.3531210" lon="-71.0854350">
    <ele>1.7</ele>
    <time>2025-07-04T18:38:04Z</time>
   </trkpt>
   <trkpt lat="42.3531090" lon="-71.0854870">
    <ele>1.7</ele>
    <time>2025-07-04T18:38:05Z</time>
   </trkpt>
   <trkpt lat="42.3531080" lon="-71.0855400">
    <ele>1.7</ele>
    <time>2025-07-04T18:38:06Z</time>
   </trkpt>
   <trkpt lat="42.3530970" lon="-71.0855850">
    <ele>1.8</ele>
    <time>2025-07-04T18:38:07Z</time>
   </trkpt>
   <trkpt lat="42.3530850" lon="-71.0856340">
    <ele>1.8</ele>
    <time>2025-07-04T18:38:08Z</time>
   </trkpt>
   <trkpt lat="42.3530740" lon="-71.0856850">
    <ele>1.8</ele>
    <time>2025-07-04T18:38:09Z</time>
   </trkpt>
   <trkpt lat="42.3530540" lon="-71.0857390">
    <ele>1.8</ele>
    <time>2025-07-04T18:38:10Z</time>
   </trkpt>
   <trkpt lat="42.3530360" lon="-71.0857750">
    <ele>1.8</ele>
    <time>2025-07-04T18:38:11Z</time>
   </trkpt>
   <trkpt lat="42.3530230" lon="-71.0858150">
    <ele>1.9</ele>
    <time>2025-07-04T18:38:12Z</time>
   </trkpt>
   <trkpt lat="42.3530080" lon="-71.0858590">
    <ele>1.9</ele>
    <time>2025-07-04T18:38:13Z</time>
   </trkpt>
   <trkpt lat="42.3529920" lon="-71.0859040">
    <ele>1.9</ele>
    <time>2025-07-04T18:38:14Z</time>
   </trkpt>
   <trkpt lat="42.3529820" lon="-71.0859600">
    <ele>1.9</ele>
    <time>2025-07-04T18:38:15Z</time>
   </trkpt>
   <trkpt lat="42.3529700" lon="-71.0860150">
    <ele>1.9</ele>
    <time>2025-07-04T18:38:16Z</time>
   </trkpt>
   <trkpt lat="42.3529570" lon="-71.0860620">
    <ele>1.9</ele>
    <time>2025-07-04T18:38:17Z</time>
   </trkpt>
   <trkpt lat="42.3529420" lon="-71.0861150">
    <ele>1.9</ele>
    <time>2025-07-04T18:38:18Z</time>
   </trkpt>
   <trkpt lat="42.3529220" lon="-71.0861600">
    <ele>1.9</ele>
    <time>2025-07-04T18:38:19Z</time>
   </trkpt>
   <trkpt lat="42.3529110" lon="-71.0862060">
    <ele>1.9</ele>
    <time>2025-07-04T18:38:20Z</time>
   </trkpt>
   <trkpt lat="42.3529090" lon="-71.0862440">
    <ele>1.9</ele>
    <time>2025-07-04T18:38:21Z</time>
   </trkpt>
   <trkpt lat="42.3529000" lon="-71.0862890">
    <ele>1.8</ele>
    <time>2025-07-04T18:38:22Z</time>
   </trkpt>
   <trkpt lat="42.3529020" lon="-71.0863010">
    <ele>1.8</ele>
    <time>2025-07-04T18:38:23Z</time>
   </trkpt>
   <trkpt lat="42.3529120" lon="-71.0863450">
    <ele>1.8</ele>
    <time>2025-07-04T18:38:24Z</time>
   </trkpt>
   <trkpt lat="42.3529240" lon="-71.0863710">
    <ele>1.8</ele>
    <time>2025-07-04T18:38:25Z</time>
   </trkpt>
   <trkpt lat="42.3529330" lon="-71.0863760">
    <ele>1.8</ele>
    <time>2025-07-04T18:38:26Z</time>
   </trkpt>
   <trkpt lat="42.3529290" lon="-71.0863890">
    <ele>1.8</ele>
    <time>2025-07-04T18:38:27Z</time>
   </trkpt>
   <trkpt lat="42.3529300" lon="-71.0864150">
    <ele>1.7</ele>
    <time>2025-07-04T18:38:28Z</time>
   </trkpt>
   <trkpt lat="42.3529430" lon="-71.0864560">
    <ele>1.7</ele>
    <time>2025-07-04T18:38:29Z</time>
   </trkpt>
   <trkpt lat="42.3529460" lon="-71.0864680">
    <ele>1.7</ele>
    <time>2025-07-04T18:38:30Z</time>
   </trkpt>
   <trkpt lat="42.3529440" lon="-71.0865120">
    <ele>1.7</ele>
    <time>2025-07-04T18:38:31Z</time>
   </trkpt>
   <trkpt lat="42.3529410" lon="-71.0865360">
    <ele>1.6</ele>
    <time>2025-07-04T18:38:32Z</time>
   </trkpt>
   <trkpt lat="42.3529180" lon="-71.0866010">
    <ele>1.6</ele>
    <time>2025-07-04T18:38:33Z</time>
   </trkpt>
   <trkpt lat="42.3528970" lon="-71.0866450">
    <ele>1.5</ele>
    <time>2025-07-04T18:38:34Z</time>
   </trkpt>
   <trkpt lat="42.3528990" lon="-71.0867000">
    <ele>1.5</ele>
    <time>2025-07-04T18:38:35Z</time>
   </trkpt>
   <trkpt lat="42.3528870" lon="-71.0867510">
    <ele>1.5</ele>
    <time>2025-07-04T18:38:36Z</time>
   </trkpt>
   <trkpt lat="42.3528770" lon="-71.0868030">
    <ele>1.5</ele>
    <time>2025-07-04T18:38:37Z</time>
   </trkpt>
   <trkpt lat="42.3528650" lon="-71.0868460">
    <ele>1.5</ele>
    <time>2025-07-04T18:38:38Z</time>
   </trkpt>
   <trkpt lat="42.3528590" lon="-71.0868880">
    <ele>1.5</ele>
    <time>2025-07-04T18:38:39Z</time>
   </trkpt>
   <trkpt lat="42.3528580" lon="-71.0869300">
    <ele>1.5</ele>
    <time>2025-07-04T18:38:40Z</time>
   </trkpt>
   <trkpt lat="42.3528510" lon="-71.0869790">
    <ele>1.5</ele>
    <time>2025-07-04T18:38:41Z</time>
   </trkpt>
   <trkpt lat="42.3528450" lon="-71.0870260">
    <ele>1.5</ele>
    <time>2025-07-04T18:38:42Z</time>
   </trkpt>
   <trkpt lat="42.3528250" lon="-71.0870780">
    <ele>1.5</ele>
    <time>2025-07-04T18:38:43Z</time>
   </trkpt>
   <trkpt lat="42.3528000" lon="-71.0871250">
    <ele>1.5</ele>
    <time>2025-07-04T18:38:44Z</time>
   </trkpt>
   <trkpt lat="42.3527870" lon="-71.0871680">
    <ele>1.6</ele>
    <time>2025-07-04T18:38:45Z</time>
   </trkpt>
   <trkpt lat="42.3527730" lon="-71.0872290">
    <ele>1.6</ele>
    <time>2025-07-04T18:38:46Z</time>
   </trkpt>
   <trkpt lat="42.3527630" lon="-71.0872710">
    <ele>1.6</ele>
    <time>2025-07-04T18:38:47Z</time>
   </trkpt>
   <trkpt lat="42.3527610" lon="-71.0873110">
    <ele>1.7</ele>
    <time>2025-07-04T18:38:48Z</time>
   </trkpt>
   <trkpt lat="42.3527460" lon="-71.0873420">
    <ele>1.7</ele>
    <time>2025-07-04T18:38:49Z</time>
   </trkpt>
   <trkpt lat="42.3527310" lon="-71.0873860">
    <ele>1.7</ele>
    <time>2025-07-04T18:38:50Z</time>
   </trkpt>
   <trkpt lat="42.3527240" lon="-71.0874310">
    <ele>1.8</ele>
    <time>2025-07-04T18:38:51Z</time>
   </trkpt>
   <trkpt lat="42.3527240" lon="-71.0874720">
    <ele>1.8</ele>
    <time>2025-07-04T18:38:52Z</time>
   </trkpt>
   <trkpt lat="42.3527000" lon="-71.0874970">
    <ele>1.8</ele>
    <time>2025-07-04T18:38:53Z</time>
   </trkpt>
   <trkpt lat="42.3526760" lon="-71.0875420">
    <ele>1.8</ele>
    <time>2025-07-04T18:38:54Z</time>
   </trkpt>
   <trkpt lat="42.3526540" lon="-71.0875810">
    <ele>1.8</ele>
    <time>2025-07-04T18:38:55Z</time>
   </trkpt>
   <trkpt lat="42.3526360" lon="-71.0876300">
    <ele>1.8</ele>
    <time>2025-07-04T18:38:56Z</time>
   </trkpt>
   <trkpt lat="42.3526190" lon="-71.0876780">
    <ele>1.8</ele>
    <time>2025-07-04T18:38:57Z</time>
   </trkpt>
   <trkpt lat="42.3526160" lon="-71.0877260">
    <ele>1.9</ele>
    <time>2025-07-04T18:38:58Z</time>
   </trkpt>
   <trkpt lat="42.3526050" lon="-71.0877680">
    <ele>1.9</ele>
    <time>2025-07-04T18:38:59Z</time>
   </trkpt>
   <trkpt lat="42.3526020" lon="-71.0878080">
    <ele>1.9</ele>
    <time>2025-07-04T18:39:00Z</time>
   </trkpt>
   <trkpt lat="42.3526030" lon="-71.0878480">
    <ele>1.9</ele>
    <time>2025-07-04T18:39:01Z</time>
   </trkpt>
   <trkpt lat="42.3525960" lon="-71.0879010">
    <ele>1.9</ele>
    <time>2025-07-04T18:39:02Z</time>
   </trkpt>
   <trkpt lat="42.3525930" lon="-71.0879210">
    <ele>1.9</ele>
    <time>2025-07-04T18:39:03Z</time>
   </trkpt>
   <trkpt lat="42.3525740" lon="-71.0879590">
    <ele>2.0</ele>
    <time>2025-07-04T18:39:04Z</time>
   </trkpt>
   <trkpt lat="42.3525540" lon="-71.0880020">
    <ele>2.0</ele>
    <time>2025-07-04T18:39:05Z</time>
   </trkpt>
   <trkpt lat="42.3525510" lon="-71.0880430">
    <ele>2.0</ele>
    <time>2025-07-04T18:39:06Z</time>
   </trkpt>
   <trkpt lat="42.3525470" lon="-71.0880850">
    <ele>2.0</ele>
    <time>2025-07-04T18:39:07Z</time>
   </trkpt>
   <trkpt lat="42.3525480" lon="-71.0880970">
    <ele>2.0</ele>
    <time>2025-07-04T18:39:08Z</time>
   </trkpt>
   <trkpt lat="42.3525390" lon="-71.0881360">
    <ele>2.1</ele>
    <time>2025-07-04T18:39:09Z</time>
   </trkpt>
   <trkpt lat="42.3525330" lon="-71.0881500">
    <ele>2.1</ele>
    <time>2025-07-04T18:39:10Z</time>
   </trkpt>
   <trkpt lat="42.3525210" lon="-71.0881950">
    <ele>2.1</ele>
    <time>2025-07-04T18:39:11Z</time>
   </trkpt>
   <trkpt lat="42.3525110" lon="-71.0882300">
    <ele>2.1</ele>
    <time>2025-07-04T18:39:12Z</time>
   </trkpt>
   <trkpt lat="42.3525110" lon="-71.0882780">
    <ele>2.2</ele>
    <time>2025-07-04T18:39:13Z</time>
   </trkpt>
   <trkpt lat="42.3524800" lon="-71.0883060">
    <ele>2.2</ele>
    <time>2025-07-04T18:39:14Z</time>
   </trkpt>
   <trkpt lat="42.3524810" lon="-71.0883600">
    <ele>2.3</ele>
    <time>2025-07-04T18:39:15Z</time>
   </trkpt>
   <trkpt lat="42.3524760" lon="-71.0884080">
    <ele>2.3</ele>
    <time>2025-07-04T18:39:16Z</time>
   </trkpt>
   <trkpt lat="42.3524440" lon="-71.0884650">
    <ele>2.4</ele>
    <time>2025-07-04T18:39:17Z</time>
   </trkpt>
   <trkpt lat="42.3524430" lon="-71.0885170">
    <ele>2.5</ele>
    <time>2025-07-04T18:39:18Z</time>
   </trkpt>
   <trkpt lat="42.3524240" lon="-71.0885610">
    <ele>2.5</ele>
    <time>2025-07-04T18:39:19Z</time>
   </trkpt>
   <trkpt lat="42.3524030" lon="-71.0886100">
    <ele>2.6</ele>
    <time>2025-07-04T18:39:20Z</time>
   </trkpt>
   <trkpt lat="42.3523920" lon="-71.0886660">
    <ele>2.6</ele>
    <time>2025-07-04T18:39:21Z</time>
   </trkpt>
   <trkpt lat="42.3523750" lon="-71.0887130">
    <ele>2.6</ele>
    <time>2025-07-04T18:39:22Z</time>
   </trkpt>
   <trkpt lat="42.3523470" lon="-71.0887690">
    <ele>2.7</ele>
    <time>2025-07-04T18:39:23Z</time>
   </trkpt>
   <trkpt lat="42.3523320" lon="-71.0888090">
    <ele>2.7</ele>
    <time>2025-07-04T18:39:24Z</time>
   </trkpt>
   <trkpt lat="42.3523180" lon="-71.0888630">
    <ele>2.7</ele>
    <time>2025-07-04T18:39:25Z</time>
   </trkpt>
   <trkpt lat="42.3523130" lon="-71.0889080">
    <ele>2.7</ele>
    <time>2025-07-04T18:39:26Z</time>
   </trkpt>
   <trkpt lat="42.3523110" lon="-71.0889480">
    <ele>2.6</ele>
    <time>2025-07-04T18:39:27Z</time>
   </trkpt>
   <trkpt lat="42.3523050" lon="-71.0890030">
    <ele>2.6</ele>
    <time>2025-07-04T18:39:28Z</time>
   </trkpt>
   <trkpt lat="42.3523030" lon="-71.0890210">
    <ele>2.6</ele>
    <time>2025-07-04T18:39:29Z</time>
   </trkpt>
   <trkpt lat="42.3523040" lon="-71.0890580">
    <ele>2.6</ele>
    <time>2025-07-04T18:39:30Z</time>
   </trkpt>
   <trkpt lat="42.3523050" lon="-71.0891120">
    <ele>2.5</ele>
    <time>2025-07-04T18:39:31Z</time>
   </trkpt>
   <trkpt lat="42.3523070" lon="-71.0891370">
    <ele>2.5</ele>
    <time>2025-07-04T18:39:32Z</time>
   </trkpt>
   <trkpt lat="42.3522960" lon="-71.0891860">
    <ele>2.5</ele>
    <time>2025-07-04T18:39:33Z</time>
   </trkpt>
   <trkpt lat="42.3522870" lon="-71.0892240">
    <ele>2.5</ele>
    <time>2025-07-04T18:39:34Z</time>
   </trkpt>
   <trkpt lat="42.3522840" lon="-71.0892660">
    <ele>2.4</ele>
    <time>2025-07-04T18:39:35Z</time>
   </trkpt>
   <trkpt lat="42.3522820" lon="-71.0892780">
    <ele>2.4</ele>
    <time>2025-07-04T18:39:36Z</time>
   </trkpt>
   <trkpt lat="42.3522790" lon="-71.0892960">
    <ele>2.4</ele>
    <time>2025-07-04T18:39:37Z</time>
   </trkpt>
   <trkpt lat="42.3522690" lon="-71.0893210">
    <ele>2.4</ele>
    <time>2025-07-04T18:39:38Z</time>
   </trkpt>
   <trkpt lat="42.3522470" lon="-71.0893680">
    <ele>2.3</ele>
    <time>2025-07-04T18:39:39Z</time>
   </trkpt>
   <trkpt lat="42.3522520" lon="-71.0894160">
    <ele>2.3</ele>
    <time>2025-07-04T18:39:40Z</time>
   </trkpt>
   <trkpt lat="42.3522460" lon="-71.0894550">
    <ele>2.2</ele>
    <time>2025-07-04T18:39:41Z</time>
   </trkpt>
   <trkpt lat="42.3522480" lon="-71.0895000">
    <ele>2.2</ele>
    <time>2025-07-04T18:39:42Z</time>
   </trkpt>
   <trkpt lat="42.3522500" lon="-71.0895530">
    <ele>2.2</ele>
    <time>2025-07-04T18:39:43Z</time>
   </trkpt>
   <trkpt lat="42.3522360" lon="-71.0896010">
    <ele>2.2</ele>
    <time>2025-07-04T18:39:44Z</time>
   </trkpt>
   <trkpt lat="42.3522080" lon="-71.0896510">
    <ele>2.2</ele>
    <time>2025-07-04T18:39:45Z</time>
   </trkpt>
   <trkpt lat="42.3521940" lon="-71.0896760">
    <ele>2.2</ele>
    <time>2025-07-04T18:39:46Z</time>
   </trkpt>
   <trkpt lat="42.3521760" lon="-71.0897290">
    <ele>2.2</ele>
    <time>2025-07-04T18:39:47Z</time>
   </trkpt>
   <trkpt lat="42.3521720" lon="-71.0897680">
    <ele>2.2</ele>
    <time>2025-07-04T18:39:48Z</time>
   </trkpt>
   <trkpt lat="42.3521860" lon="-71.0898020">
    <ele>2.2</ele>
    <time>2025-07-04T18:39:49Z</time>
   </trkpt>
   <trkpt lat="42.3521820" lon="-71.0898150">
    <ele>2.1</ele>
    <time>2025-07-04T18:39:50Z</time>
   </trkpt>
   <trkpt lat="42.3521880" lon="-71.0898130">
    <ele>2.1</ele>
    <time>2025-07-04T18:39:51Z</time>
   </trkpt>
   <trkpt lat="42.3521760" lon="-71.0898140">
    <ele>2.1</ele>
    <time>2025-07-04T18:39:52Z</time>
   </trkpt>
   <trkpt lat="42.3521770" lon="-71.0898280">
    <ele>2.1</ele>
    <time>2025-07-04T18:39:53Z</time>
   </trkpt>
   <trkpt lat="42.3521720" lon="-71.0898520">
    <ele>2.1</ele>
    <time>2025-07-04T18:39:54Z</time>
   </trkpt>
   <trkpt lat="42.3521680" lon="-71.0899050">
    <ele>2.1</ele>
    <time>2025-07-04T18:39:55Z</time>
   </trkpt>
   <trkpt lat="42.3522190" lon="-71.0899700">
    <ele>1.9</ele>
    <time>2025-07-04T18:39:56Z</time>
   </trkpt>
   <trkpt lat="42.3522050" lon="-71.0900450">
    <ele>1.8</ele>
    <time>2025-07-04T18:39:57Z</time>
   </trkpt>
   <trkpt lat="42.3521870" lon="-71.0901200">
    <ele>1.8</ele>
    <time>2025-07-04T18:39:58Z</time>
   </trkpt>
   <trkpt lat="42.3521870" lon="-71.0901710">
    <ele>1.7</ele>
    <time>2025-07-04T18:39:59Z</time>
   </trkpt>
   <trkpt lat="42.3521670" lon="-71.0902380">
    <ele>1.7</ele>
    <time>2025-07-04T18:40:00Z</time>
   </trkpt>
   <trkpt lat="42.3521640" lon="-71.0903140">
    <ele>1.7</ele>
    <time>2025-07-04T18:40:01Z</time>
   </trkpt>
   <trkpt lat="42.3521500" lon="-71.0904150">
    <ele>1.8</ele>
    <time>2025-07-04T18:40:02Z</time>
   </trkpt>
   <trkpt lat="42.3521480" lon="-71.0904920">
    <ele>1.9</ele>
    <time>2025-07-04T18:40:03Z</time>
   </trkpt>
   <trkpt lat="42.3521300" lon="-71.0905870">
    <ele>1.9</ele>
    <time>2025-07-04T18:40:04Z</time>
   </trkpt>
   <trkpt lat="42.3521130" lon="-71.0906720">
    <ele>2.0</ele>
    <time>2025-07-04T18:40:05Z</time>
   </trkpt>
   <trkpt lat="42.3520850" lon="-71.0907500">
    <ele>2.1</ele>
    <time>2025-07-04T18:40:06Z</time>
   </trkpt>
   <trkpt lat="42.3520660" lon="-71.0908160">
    <ele>2.2</ele>
    <time>2025-07-04T18:40:07Z</time>
   </trkpt>
   <trkpt lat="42.3520530" lon="-71.0908820">
    <ele>2.3</ele>
    <time>2025-07-04T18:40:08Z</time>
   </trkpt>
   <trkpt lat="42.3520410" lon="-71.0909410">
    <ele>2.4</ele>
    <time>2025-07-04T18:40:09Z</time>
   </trkpt>
   <trkpt lat="42.3520320" lon="-71.0910200">
    <ele>2.5</ele>
    <time>2025-07-04T18:40:10Z</time>
   </trkpt>
   <trkpt lat="42.3520340" lon="-71.0910800">
    <ele>2.6</ele>
    <time>2025-07-04T18:40:11Z</time>
   </trkpt>
   <trkpt lat="42.3520280" lon="-71.0911150">
    <ele>2.6</ele>
    <time>2025-07-04T18:40:12Z</time>
   </trkpt>
   <trkpt lat="42.3520160" lon="-71.0911880">
    <ele>2.7</ele>
    <time>2025-07-04T18:40:13Z</time>
   </trkpt>
   <trkpt lat="42.3520050" lon="-71.0912590">
    <ele>2.7</ele>
    <time>2025-07-04T18:40:14Z</time>
   </trkpt>
   <trkpt lat="42.3519960" lon="-71.0913310">
    <ele>2.8</ele>
    <time>2025-07-04T18:40:15Z</time>
   </trkpt>
   <trkpt lat="42.3519800" lon="-71.0914000">
    <ele>2.8</ele>
    <time>2025-07-04T18:40:16Z</time>
   </trkpt>
   <trkpt lat="42.3519700" lon="-71.0914660">
    <ele>2.8</ele>
    <time>2025-07-04T18:40:17Z</time>
   </trkpt>
   <trkpt lat="42.3519610" lon="-71.0915310">
    <ele>2.8</ele>
    <time>2025-07-04T18:40:18Z</time>
   </trkpt>
   <trkpt lat="42.3519510" lon="-71.0915910">
    <ele>2.7</ele>
    <time>2025-07-04T18:40:19Z</time>
   </trkpt>
   <trkpt lat="42.3519480" lon="-71.0916440">
    <ele>2.7</ele>
    <time>2025-07-04T18:40:20Z</time>
   </trkpt>
   <trkpt lat="42.3519350" lon="-71.0917160">
    <ele>2.7</ele>
    <time>2025-07-04T18:40:21Z</time>
   </trkpt>
   <trkpt lat="42.3519300" lon="-71.0917740">
    <ele>2.7</ele>
    <time>2025-07-04T18:40:22Z</time>
   </trkpt>
   <trkpt lat="42.3519190" lon="-71.0918330">
    <ele>2.6</ele>
    <time>2025-07-04T18:40:23Z</time>
   </trkpt>
   <trkpt lat="42.3519130" lon="-71.0918940">
    <ele>2.6</ele>
    <time>2025-07-04T18:40:24Z</time>
   </trkpt>
   <trkpt lat="42.3519030" lon="-71.0919450">
    <ele>2.6</ele>
    <time>2025-07-04T18:40:25Z</time>
   </trkpt>
   <trkpt lat="42.3518810" lon="-71.0920090">
    <ele>2.6</ele>
    <time>2025-07-04T18:40:26Z</time>
   </trkpt>
   <trkpt lat="42.3518750" lon="-71.0920790">
    <ele>2.6</ele>
    <time>2025-07-04T18:40:27Z</time>
   </trkpt>
   <trkpt lat="42.3518730" lon="-71.0921330">
    <ele>2.6</ele>
    <time>2025-07-04T18:40:28Z</time>
   </trkpt>
   <trkpt lat="42.3518490" lon="-71.0922080">
    <ele>2.5</ele>
    <time>2025-07-04T18:40:29Z</time>
   </trkpt>
   <trkpt lat="42.3518250" lon="-71.0922670">
    <ele>2.5</ele>
    <time>2025-07-04T18:40:30Z</time>
   </trkpt>
   <trkpt lat="42.3517970" lon="-71.0923300">
    <ele>2.5</ele>
    <time>2025-07-04T18:40:31Z</time>
   </trkpt>
   <trkpt lat="42.3517800" lon="-71.0924000">
    <ele>2.4</ele>
    <time>2025-07-04T18:40:32Z</time>
   </trkpt>
   <trkpt lat="42.3517570" lon="-71.0924620">
    <ele>2.4</ele>
    <time>2025-07-04T18:40:33Z</time>
   </trkpt>
   <trkpt lat="42.3517420" lon="-71.0925130">
    <ele>2.4</ele>
    <time>2025-07-04T18:40:34Z</time>
   </trkpt>
   <trkpt lat="42.3517290" lon="-71.0925740">
    <ele>2.4</ele>
    <time>2025-07-04T18:40:35Z</time>
   </trkpt>
   <trkpt lat="42.3517080" lon="-71.0926360">
    <ele>2.4</ele>
    <time>2025-07-04T18:40:36Z</time>
   </trkpt>
   <trkpt lat="42.3516830" lon="-71.0926910">
    <ele>2.4</ele>
    <time>2025-07-04T18:40:37Z</time>
   </trkpt>
   <trkpt lat="42.3516620" lon="-71.0927490">
    <ele>2.3</ele>
    <time>2025-07-04T18:40:38Z</time>
   </trkpt>
   <trkpt lat="42.3516470" lon="-71.0928000">
    <ele>2.3</ele>
    <time>2025-07-04T18:40:39Z</time>
   </trkpt>
   <trkpt lat="42.3516270" lon="-71.0928510">
    <ele>2.3</ele>
    <time>2025-07-04T18:40:40Z</time>
   </trkpt>
   <trkpt lat="42.3516150" lon="-71.0929040">
    <ele>2.3</ele>
    <time>2025-07-04T18:40:41Z</time>
   </trkpt>
   <trkpt lat="42.3515880" lon="-71.0929660">
    <ele>2.3</ele>
    <time>2025-07-04T18:40:42Z</time>
   </trkpt>
   <trkpt lat="42.3515760" lon="-71.0930120">
    <ele>2.3</ele>
    <time>2025-07-04T18:40:43Z</time>
   </trkpt>
   <trkpt lat="42.3515630" lon="-71.0930570">
    <ele>2.3</ele>
    <time>2025-07-04T18:40:44Z</time>
   </trkpt>
   <trkpt lat="42.3515550" lon="-71.0931000">
    <ele>2.3</ele>
    <time>2025-07-04T18:40:45Z</time>
   </trkpt>
   <trkpt lat="42.3515470" lon="-71.0931510">
    <ele>2.3</ele>
    <time>2025-07-04T18:40:46Z</time>
   </trkpt>
   <trkpt lat="42.3515360" lon="-71.0932070">
    <ele>2.3</ele>
    <time>2025-07-04T18:40:47Z</time>
   </trkpt>
   <trkpt lat="42.3515250" lon="-71.0932570">
    <ele>2.3</ele>
    <time>2025-07-04T18:40:48Z</time>
   </trkpt>
   <trkpt lat="42.3515020" lon="-71.0933130">
    <ele>2.2</ele>
    <time>2025-07-04T18:40:49Z</time>
   </trkpt>
   <trkpt lat="42.3514800" lon="-71.0933590">
    <ele>2.2</ele>
    <time>2025-07-04T18:40:50Z</time>
   </trkpt>
   <trkpt lat="42.3514550" lon="-71.0934110">
    <ele>2.2</ele>
    <time>2025-07-04T18:40:51Z</time>
   </trkpt>
   <trkpt lat="42.3514480" lon="-71.0934540">
    <ele>2.2</ele>
    <time>2025-07-04T18:40:52Z</time>
   </trkpt>
   <trkpt lat="42.3514580" lon="-71.0934910">
    <ele>2.2</ele>
    <time>2025-07-04T18:40:53Z</time>
   </trkpt>
   <trkpt lat="42.3514310" lon="-71.0935110">
    <ele>2.2</ele>
    <time>2025-07-04T18:40:54Z</time>
   </trkpt>
   <trkpt lat="42.3513860" lon="-71.0935460">
    <ele>2.2</ele>
    <time>2025-07-04T18:40:55Z</time>
   </trkpt>
   <trkpt lat="42.3513550" lon="-71.0935830">
    <ele>2.2</ele>
    <time>2025-07-04T18:40:56Z</time>
   </trkpt>
   <trkpt lat="42.3513590" lon="-71.0936270">
    <ele>2.2</ele>
    <time>2025-07-04T18:40:57Z</time>
   </trkpt>
   <trkpt lat="42.3513550" lon="-71.0936390">
    <ele>2.2</ele>
    <time>2025-07-04T18:40:58Z</time>
   </trkpt>
   <trkpt lat="42.3513340" lon="-71.0936820">
    <ele>2.3</ele>
    <time>2025-07-04T18:40:59Z</time>
   </trkpt>
   <trkpt lat="42.3513480" lon="-71.0937360">
    <ele>2.3</ele>
    <time>2025-07-04T18:41:00Z</time>
   </trkpt>
   <trkpt lat="42.3513540" lon="-71.0937620">
    <ele>2.3</ele>
    <time>2025-07-04T18:41:01Z</time>
   </trkpt>
   <trkpt lat="42.3513720" lon="-71.0938230">
    <ele>2.3</ele>
    <time>2025-07-04T18:41:02Z</time>
   </trkpt>
   <trkpt lat="42.3513570" lon="-71.0938920">
    <ele>2.2</ele>
    <time>2025-07-04T18:41:03Z</time>
   </trkpt>
   <trkpt lat="42.3513220" lon="-71.0939650">
    <ele>2.1</ele>
    <time>2025-07-04T18:41:04Z</time>
   </trkpt>
   <trkpt lat="42.3513020" lon="-71.0940350">
    <ele>2.0</ele>
    <time>2025-07-04T18:41:05Z</time>
   </trkpt>
   <trkpt lat="42.3512730" lon="-71.0940970">
    <ele>1.9</ele>
    <time>2025-07-04T18:41:06Z</time>
   </trkpt>
   <trkpt lat="42.3512430" lon="-71.0941530">
    <ele>1.9</ele>
    <time>2025-07-04T18:41:07Z</time>
   </trkpt>
   <trkpt lat="42.3512130" lon="-71.0942080">
    <ele>1.8</ele>
    <time>2025-07-04T18:41:08Z</time>
   </trkpt>
   <trkpt lat="42.3512000" lon="-71.0942580">
    <ele>1.8</ele>
    <time>2025-07-04T18:41:09Z</time>
   </trkpt>
   <trkpt lat="42.3511840" lon="-71.0943050">
    <ele>1.8</ele>
    <time>2025-07-04T18:41:10Z</time>
   </trkpt>
   <trkpt lat="42.3511580" lon="-71.0943580">
    <ele>1.8</ele>
    <time>2025-07-04T18:41:11Z</time>
   </trkpt>
   <trkpt lat="42.3511400" lon="-71.0944150">
    <ele>1.8</ele>
    <time>2025-07-04T18:41:12Z</time>
   </trkpt>
   <trkpt lat="42.3511180" lon="-71.0944660">
    <ele>1.9</ele>
    <time>2025-07-04T18:41:13Z</time>
   </trkpt>
   <trkpt lat="42.3511030" lon="-71.0945220">
    <ele>1.9</ele>
    <time>2025-07-04T18:41:14Z</time>
   </trkpt>
   <trkpt lat="42.3510970" lon="-71.0945640">
    <ele>1.9</ele>
    <time>2025-07-04T18:41:15Z</time>
   </trkpt>
   <trkpt lat="42.3510850" lon="-71.0946160">
    <ele>2.0</ele>
    <time>2025-07-04T18:41:16Z</time>
   </trkpt>
   <trkpt lat="42.3510610" lon="-71.0946750">
    <ele>2.0</ele>
    <time>2025-07-04T18:41:17Z</time>
   </trkpt>
   <trkpt lat="42.3510470" lon="-71.0947060">
    <ele>2.0</ele>
    <time>2025-07-04T18:41:18Z</time>
   </trkpt>
   <trkpt lat="42.3510120" lon="-71.0947660">
    <ele>2.0</ele>
    <time>2025-07-04T18:41:19Z</time>
   </trkpt>
   <trkpt lat="42.3510210" lon="-71.0948060">
    <ele>2.0</ele>
    <time>2025-07-04T18:41:20Z</time>
   </trkpt>
   <trkpt lat="42.3510100" lon="-71.0948640">
    <ele>2.0</ele>
    <time>2025-07-04T18:41:21Z</time>
   </trkpt>
   <trkpt lat="42.3509940" lon="-71.0949090">
    <ele>2.0</ele>
    <time>2025-07-04T18:41:22Z</time>
   </trkpt>
   <trkpt lat="42.3509820" lon="-71.0949680">
    <ele>2.0</ele>
    <time>2025-07-04T18:41:23Z</time>
   </trkpt>
   <trkpt lat="42.3509810" lon="-71.0950370">
    <ele>2.0</ele>
    <time>2025-07-04T18:41:24Z</time>
   </trkpt>
   <trkpt lat="42.3509690" lon="-71.0951090">
    <ele>2.0</ele>
    <time>2025-07-04T18:41:25Z</time>
   </trkpt>
   <trkpt lat="42.3509690" lon="-71.0951670">
    <ele>2.0</ele>
    <time>2025-07-04T18:41:26Z</time>
   </trkpt>
   <trkpt lat="42.3509650" lon="-71.0952150">
    <ele>2.0</ele>
    <time>2025-07-04T18:41:27Z</time>
   </trkpt>
   <trkpt lat="42.3509630" lon="-71.0952680">
    <ele>2.0</ele>
    <time>2025-07-04T18:41:28Z</time>
   </trkpt>
   <trkpt lat="42.3509660" lon="-71.0953230">
    <ele>2.0</ele>
    <time>2025-07-04T18:41:29Z</time>
   </trkpt>
   <trkpt lat="42.3509650" lon="-71.0953700">
    <ele>2.0</ele>
    <time>2025-07-04T18:41:30Z</time>
   </trkpt>
   <trkpt lat="42.3509640" lon="-71.0954190">
    <ele>2.0</ele>
    <time>2025-07-04T18:41:31Z</time>
   </trkpt>
   <trkpt lat="42.3509650" lon="-71.0954600">
    <ele>2.0</ele>
    <time>2025-07-04T18:41:32Z</time>
   </trkpt>
   <trkpt lat="42.3509730" lon="-71.0955010">
    <ele>2.0</ele>
    <time>2025-07-04T18:41:33Z</time>
   </trkpt>
   <trkpt lat="42.3509680" lon="-71.0955390">
    <ele>2.0</ele>
    <time>2025-07-04T18:41:34Z</time>
   </trkpt>
   <trkpt lat="42.3509810" lon="-71.0955980">
    <ele>2.0</ele>
    <time>2025-07-04T18:41:35Z</time>
   </trkpt>
   <trkpt lat="42.3509840" lon="-71.0956610">
    <ele>2.0</ele>
    <time>2025-07-04T18:41:36Z</time>
   </trkpt>
   <trkpt lat="42.3509870" lon="-71.0957140">
    <ele>2.0</ele>
    <time>2025-07-04T18:41:37Z</time>
   </trkpt>
   <trkpt lat="42.3509910" lon="-71.0957670">
    <ele>2.0</ele>
    <time>2025-07-04T18:41:38Z</time>
   </trkpt>
   <trkpt lat="42.3509910" lon="-71.0958240">
    <ele>2.0</ele>
    <time>2025-07-04T18:41:39Z</time>
   </trkpt>
   <trkpt lat="42.3509940" lon="-71.0958920">
    <ele>2.0</ele>
    <time>2025-07-04T18:41:40Z</time>
   </trkpt>
   <trkpt lat="42.3509860" lon="-71.0959420">
    <ele>2.0</ele>
    <time>2025-07-04T18:41:41Z</time>
   </trkpt>
   <trkpt lat="42.3510170" lon="-71.0959870">
    <ele>2.0</ele>
    <time>2025-07-04T18:41:42Z</time>
   </trkpt>
   <trkpt lat="42.3510190" lon="-71.0960550">
    <ele>2.0</ele>
    <time>2025-07-04T18:41:43Z</time>
   </trkpt>
   <trkpt lat="42.3510280" lon="-71.0961150">
    <ele>2.0</ele>
    <time>2025-07-04T18:41:44Z</time>
   </trkpt>
   <trkpt lat="42.3510260" lon="-71.0961720">
    <ele>2.0</ele>
    <time>2025-07-04T18:41:45Z</time>
   </trkpt>
   <trkpt lat="42.3510290" lon="-71.0962370">
    <ele>2.0</ele>
    <time>2025-07-04T18:41:46Z</time>
   </trkpt>
   <trkpt lat="42.3510320" lon="-71.0963050">
    <ele>2.0</ele>
    <time>2025-07-04T18:41:47Z</time>
   </trkpt>
   <trkpt lat="42.3510390" lon="-71.0963590">
    <ele>2.0</ele>
    <time>2025-07-04T18:41:48Z</time>
   </trkpt>
   <trkpt lat="42.3510460" lon="-71.0964330">
    <ele>2.0</ele>
    <time>2025-07-04T18:41:49Z</time>
   </trkpt>
   <trkpt lat="42.3510560" lon="-71.0964900">
    <ele>2.0</ele>
    <time>2025-07-04T18:41:50Z</time>
   </trkpt>
   <trkpt lat="42.3510610" lon="-71.0965540">
    <ele>2.0</ele>
    <time>2025-07-04T18:41:51Z</time>
   </trkpt>
   <trkpt lat="42.3510650" lon="-71.0966080">
    <ele>2.0</ele>
    <time>2025-07-04T18:41:52Z</time>
   </trkpt>
   <trkpt lat="42.3510750" lon="-71.0966700">
    <ele>2.0</ele>
    <time>2025-07-04T18:41:53Z</time>
   </trkpt>
   <trkpt lat="42.3510760" lon="-71.0967320">
    <ele>2.0</ele>
    <time>2025-07-04T18:41:54Z</time>
   </trkpt>
   <trkpt lat="42.3510790" lon="-71.0967970">
    <ele>2.0</ele>
    <time>2025-07-04T18:41:55Z</time>
   </trkpt>
   <trkpt lat="42.3510830" lon="-71.0968450">
    <ele>2.0</ele>
    <time>2025-07-04T18:41:56Z</time>
   </trkpt>
   <trkpt lat="42.3510810" lon="-71.0968820">
    <ele>2.0</ele>
    <time>2025-07-04T18:41:57Z</time>
   </trkpt>
   <trkpt lat="42.3510860" lon="-71.0969370">
    <ele>2.0</ele>
    <time>2025-07-04T18:41:58Z</time>
   </trkpt>
   <trkpt lat="42.3510910" lon="-71.0969800">
    <ele>2.0</ele>
    <time>2025-07-04T18:41:59Z</time>
   </trkpt>
   <trkpt lat="42.3510990" lon="-71.0970290">
    <ele>2.0</ele>
    <time>2025-07-04T18:42:00Z</time>
   </trkpt>
   <trkpt lat="42.3510960" lon="-71.0970910">
    <ele>2.0</ele>
    <time>2025-07-04T18:42:01Z</time>
   </trkpt>
   <trkpt lat="42.3510960" lon="-71.0971480">
    <ele>2.0</ele>
    <time>2025-07-04T18:42:02Z</time>
   </trkpt>
   <trkpt lat="42.3510890" lon="-71.0971970">
    <ele>2.0</ele>
    <time>2025-07-04T18:42:03Z</time>
   </trkpt>
   <trkpt lat="42.3510890" lon="-71.0972580">
    <ele>2.0</ele>
    <time>2025-07-04T18:42:04Z</time>
   </trkpt>
   <trkpt lat="42.3511000" lon="-71.0973100">
    <ele>2.0</ele>
    <time>2025-07-04T18:42:05Z</time>
   </trkpt>
   <trkpt lat="42.3511020" lon="-71.0973750">
    <ele>2.0</ele>
    <time>2025-07-04T18:42:06Z</time>
   </trkpt>
   <trkpt lat="42.3510900" lon="-71.0974160">
    <ele>2.0</ele>
    <time>2025-07-04T18:42:07Z</time>
   </trkpt>
   <trkpt lat="42.3510920" lon="-71.0974650">
    <ele>2.0</ele>
    <time>2025-07-04T18:42:08Z</time>
   </trkpt>
   <trkpt lat="42.3510930" lon="-71.0975170">
    <ele>2.0</ele>
    <time>2025-07-04T18:42:09Z</time>
   </trkpt>
   <trkpt lat="42.3511080" lon="-71.0975610">
    <ele>2.0</ele>
    <time>2025-07-04T18:42:10Z</time>
   </trkpt>
   <trkpt lat="42.3511010" lon="-71.0976260">
    <ele>2.0</ele>
    <time>2025-07-04T18:42:11Z</time>
   </trkpt>
   <trkpt lat="42.3511220" lon="-71.0976910">
    <ele>2.0</ele>
    <time>2025-07-04T18:42:12Z</time>
   </trkpt>
   <trkpt lat="42.3511190" lon="-71.0977560">
    <ele>2.0</ele>
    <time>2025-07-04T18:42:13Z</time>
   </trkpt>
   <trkpt lat="42.3511040" lon="-71.0978110">
    <ele>2.0</ele>
    <time>2025-07-04T18:42:14Z</time>
   </trkpt>
   <trkpt lat="42.3511000" lon="-71.0978500">
    <ele>2.0</ele>
    <time>2025-07-04T18:42:15Z</time>
   </trkpt>
   <trkpt lat="42.3511130" lon="-71.0979170">
    <ele>2.0</ele>
    <time>2025-07-04T18:42:16Z</time>
   </trkpt>
   <trkpt lat="42.3511200" lon="-71.0979780">
    <ele>2.0</ele>
    <time>2025-07-04T18:42:17Z</time>
   </trkpt>
   <trkpt lat="42.3511330" lon="-71.0980230">
    <ele>2.0</ele>
    <time>2025-07-04T18:42:18Z</time>
   </trkpt>
   <trkpt lat="42.3511400" lon="-71.0980740">
    <ele>2.0</ele>
    <time>2025-07-04T18:42:19Z</time>
   </trkpt>
   <trkpt lat="42.3511390" lon="-71.0981340">
    <ele>2.0</ele>
    <time>2025-07-04T18:42:20Z</time>
   </trkpt>
   <trkpt lat="42.3511290" lon="-71.0981990">
    <ele>2.0</ele>
    <time>2025-07-04T18:42:21Z</time>
   </trkpt>
   <trkpt lat="42.3511440" lon="-71.0982430">
    <ele>2.0</ele>
    <time>2025-07-04T18:42:22Z</time>
   </trkpt>
   <trkpt lat="42.3511540" lon="-71.0982810">
    <ele>2.0</ele>
    <time>2025-07-04T18:42:23Z</time>
   </trkpt>
   <trkpt lat="42.3511590" lon="-71.0983590">
    <ele>2.0</ele>
    <time>2025-07-04T18:42:24Z</time>
   </trkpt>
   <trkpt lat="42.3511650" lon="-71.0984480">
    <ele>2.0</ele>
    <time>2025-07-04T18:42:25Z</time>
   </trkpt>
   <trkpt lat="42.3511790" lon="-71.0985080">
    <ele>2.1</ele>
    <time>2025-07-04T18:42:26Z</time>
   </trkpt>
   <trkpt lat="42.3511690" lon="-71.0985750">
    <ele>2.1</ele>
    <time>2025-07-04T18:42:27Z</time>
   </trkpt>
   <trkpt lat="42.3511520" lon="-71.0986400">
    <ele>2.1</ele>
    <time>2025-07-04T18:42:28Z</time>
   </trkpt>
   <trkpt lat="42.3511550" lon="-71.0986790">
    <ele>2.1</ele>
    <time>2025-07-04T18:42:29Z</time>
   </trkpt>
   <trkpt lat="42.3511780" lon="-71.0987280">
    <ele>2.1</ele>
    <time>2025-07-04T18:42:30Z</time>
   </trkpt>
   <trkpt lat="42.3512080" lon="-71.0987740">
    <ele>2.1</ele>
    <time>2025-07-04T18:42:31Z</time>
   </trkpt>
   <trkpt lat="42.3512300" lon="-71.0988140">
    <ele>2.1</ele>
    <time>2025-07-04T18:42:32Z</time>
   </trkpt>
   <trkpt lat="42.3512560" lon="-71.0988380">
    <ele>2.1</ele>
    <time>2025-07-04T18:42:33Z</time>
   </trkpt>
   <trkpt lat="42.3512790" lon="-71.0988820">
    <ele>2.1</ele>
    <time>2025-07-04T18:42:34Z</time>
   </trkpt>
   <trkpt lat="42.3513000" lon="-71.0989320">
    <ele>2.1</ele>
    <time>2025-07-04T18:42:35Z</time>
   </trkpt>
   <trkpt lat="42.3513260" lon="-71.0989660">
    <ele>2.1</ele>
    <time>2025-07-04T18:42:36Z</time>
   </trkpt>
   <trkpt lat="42.3513460" lon="-71.0990160">
    <ele>2.1</ele>
    <time>2025-07-04T18:42:37Z</time>
   </trkpt>
   <trkpt lat="42.3513550" lon="-71.0990870">
    <ele>2.1</ele>
    <time>2025-07-04T18:42:38Z</time>
   </trkpt>
   <trkpt lat="42.3513800" lon="-71.0991430">
    <ele>2.1</ele>
    <time>2025-07-04T18:42:39Z</time>
   </trkpt>
   <trkpt lat="42.3514040" lon="-71.0992010">
    <ele>2.1</ele>
    <time>2025-07-04T18:42:40Z</time>
   </trkpt>
   <trkpt lat="42.3514170" lon="-71.0992600">
    <ele>2.0</ele>
    <time>2025-07-04T18:42:41Z</time>
   </trkpt>
   <trkpt lat="42.3514400" lon="-71.0993080">
    <ele>2.0</ele>
    <time>2025-07-04T18:42:42Z</time>
   </trkpt>
   <trkpt lat="42.3514520" lon="-71.0993740">
    <ele>2.0</ele>
    <time>2025-07-04T18:42:43Z</time>
   </trkpt>
   <trkpt lat="42.3514680" lon="-71.0994300">
    <ele>2.0</ele>
    <time>2025-07-04T18:42:44Z</time>
   </trkpt>
   <trkpt lat="42.3514880" lon="-71.0994600">
    <ele>2.0</ele>
    <time>2025-07-04T18:42:45Z</time>
   </trkpt>
   <trkpt lat="42.3515130" lon="-71.0995230">
    <ele>2.0</ele>
    <time>2025-07-04T18:42:46Z</time>
   </trkpt>
   <trkpt lat="42.3515310" lon="-71.0995670">
    <ele>2.0</ele>
    <time>2025-07-04T18:42:47Z</time>
   </trkpt>
   <trkpt lat="42.3515450" lon="-71.0996260">
    <ele>2.0</ele>
    <time>2025-07-04T18:42:48Z</time>
   </trkpt>
   <trkpt lat="42.3515580" lon="-71.0996910">
    <ele>2.0</ele>
    <time>2025-07-04T18:42:49Z</time>
   </trkpt>
   <trkpt lat="42.3515690" lon="-71.0997430">
    <ele>2.0</ele>
    <time>2025-07-04T18:42:50Z</time>
   </trkpt>
   <trkpt lat="42.3515780" lon="-71.0997900">
    <ele>2.0</ele>
    <time>2025-07-04T18:42:51Z</time>
   </trkpt>
   <trkpt lat="42.3515960" lon="-71.0998530">
    <ele>2.0</ele>
    <time>2025-07-04T18:42:52Z</time>
   </trkpt>
   <trkpt lat="42.3516110" lon="-71.0999090">
    <ele>2.0</ele>
    <time>2025-07-04T18:42:53Z</time>
   </trkpt>
   <trkpt lat="42.3516190" lon="-71.0999730">
    <ele>2.0</ele>
    <time>2025-07-04T18:42:54Z</time>
   </trkpt>
   <trkpt lat="42.3516280" lon="-71.1000310">
    <ele>2.0</ele>
    <time>2025-07-04T18:42:55Z</time>
   </trkpt>
   <trkpt lat="42.3516300" lon="-71.1000960">
    <ele>2.0</ele>
    <time>2025-07-04T18:42:56Z</time>
   </trkpt>
   <trkpt lat="42.3516300" lon="-71.1001530">
    <ele>2.0</ele>
    <time>2025-07-04T18:42:57Z</time>
   </trkpt>
   <trkpt lat="42.3516340" lon="-71.1002160">
    <ele>2.1</ele>
    <time>2025-07-04T18:42:58Z</time>
   </trkpt>
   <trkpt lat="42.3516420" lon="-71.1002880">
    <ele>2.1</ele>
    <time>2025-07-04T18:42:59Z</time>
   </trkpt>
   <trkpt lat="42.3516630" lon="-71.1003490">
    <ele>2.1</ele>
    <time>2025-07-04T18:43:00Z</time>
   </trkpt>
   <trkpt lat="42.3516660" lon="-71.1004130">
    <ele>2.0</ele>
    <time>2025-07-04T18:43:01Z</time>
   </trkpt>
   <trkpt lat="42.3516690" lon="-71.1004700">
    <ele>2.0</ele>
    <time>2025-07-04T18:43:02Z</time>
   </trkpt>
   <trkpt lat="42.3516780" lon="-71.1005400">
    <ele>2.0</ele>
    <time>2025-07-04T18:43:03Z</time>
   </trkpt>
   <trkpt lat="42.3516830" lon="-71.1005940">
    <ele>2.0</ele>
    <time>2025-07-04T18:43:04Z</time>
   </trkpt>
   <trkpt lat="42.3516760" lon="-71.1006650">
    <ele>2.0</ele>
    <time>2025-07-04T18:43:05Z</time>
   </trkpt>
   <trkpt lat="42.3516720" lon="-71.1007230">
    <ele>2.0</ele>
    <time>2025-07-04T18:43:06Z</time>
   </trkpt>
   <trkpt lat="42.3516840" lon="-71.1007740">
    <ele>2.0</ele>
    <time>2025-07-04T18:43:07Z</time>
   </trkpt>
   <trkpt lat="42.3516990" lon="-71.1008160">
    <ele>2.0</ele>
    <time>2025-07-04T18:43:08Z</time>
   </trkpt>
   <trkpt lat="42.3516950" lon="-71.1008860">
    <ele>2.0</ele>
    <time>2025-07-04T18:43:09Z</time>
   </trkpt>
   <trkpt lat="42.3516930" lon="-71.1009300">
    <ele>2.0</ele>
    <time>2025-07-04T18:43:10Z</time>
   </trkpt>
   <trkpt lat="42.3516910" lon="-71.1009710">
    <ele>2.0</ele>
    <time>2025-07-04T18:43:11Z</time>
   </trkpt>
   <trkpt lat="42.3516830" lon="-71.1010370">
    <ele>2.1</ele>
    <time>2025-07-04T18:43:12Z</time>
   </trkpt>
   <trkpt lat="42.3516680" lon="-71.1011080">
    <ele>2.1</ele>
    <time>2025-07-04T18:43:13Z</time>
   </trkpt>
   <trkpt lat="42.3516480" lon="-71.1011780">
    <ele>2.1</ele>
    <time>2025-07-04T18:43:14Z</time>
   </trkpt>
   <trkpt lat="42.3516350" lon="-71.1012480">
    <ele>2.1</ele>
    <time>2025-07-04T18:43:15Z</time>
   </trkpt>
   <trkpt lat="42.3516190" lon="-71.1013160">
    <ele>2.1</ele>
    <time>2025-07-04T18:43:16Z</time>
   </trkpt>
   <trkpt lat="42.3516100" lon="-71.1013790">
    <ele>2.1</ele>
    <time>2025-07-04T18:43:17Z</time>
   </trkpt>
   <trkpt lat="42.3515990" lon="-71.1014260">
    <ele>2.1</ele>
    <time>2025-07-04T18:43:18Z</time>
   </trkpt>
   <trkpt lat="42.3515910" lon="-71.1014720">
    <ele>2.1</ele>
    <time>2025-07-04T18:43:19Z</time>
   </trkpt>
   <trkpt lat="42.3515730" lon="-71.1015550">
    <ele>2.1</ele>
    <time>2025-07-04T18:43:20Z</time>
   </trkpt>
   <trkpt lat="42.3515710" lon="-71.1016240">
    <ele>2.1</ele>
    <time>2025-07-04T18:43:21Z</time>
   </trkpt>
   <trkpt lat="42.3515640" lon="-71.1016850">
    <ele>2.1</ele>
    <time>2025-07-04T18:43:22Z</time>
   </trkpt>
   <trkpt lat="42.3515700" lon="-71.1017380">
    <ele>2.1</ele>
    <time>2025-07-04T18:43:23Z</time>
   </trkpt>
   <trkpt lat="42.3515410" lon="-71.1017860">
    <ele>2.1</ele>
    <time>2025-07-04T18:43:24Z</time>
   </trkpt>
   <trkpt lat="42.3515320" lon="-71.1018210">
    <ele>2.1</ele>
    <time>2025-07-04T18:43:25Z</time>
   </trkpt>
   <trkpt lat="42.3515110" lon="-71.1018910">
    <ele>2.1</ele>
    <time>2025-07-04T18:43:26Z</time>
   </trkpt>
   <trkpt lat="42.3514940" lon="-71.1019580">
    <ele>2.1</ele>
    <time>2025-07-04T18:43:27Z</time>
   </trkpt>
   <trkpt lat="42.3514670" lon="-71.1020160">
    <ele>2.1</ele>
    <time>2025-07-04T18:43:28Z</time>
   </trkpt>
   <trkpt lat="42.3514700" lon="-71.1020600">
    <ele>2.1</ele>
    <time>2025-07-04T18:43:29Z</time>
   </trkpt>
   <trkpt lat="42.3514690" lon="-71.1021000">
    <ele>2.1</ele>
    <time>2025-07-04T18:43:30Z</time>
   </trkpt>
   <trkpt lat="42.3514660" lon="-71.1021400">
    <ele>2.1</ele>
    <time>2025-07-04T18:43:31Z</time>
   </trkpt>
   <trkpt lat="42.3514710" lon="-71.1021800">
    <ele>2.1</ele>
    <time>2025-07-04T18:43:32Z</time>
   </trkpt>
   <trkpt lat="42.3514850" lon="-71.1022180">
    <ele>2.1</ele>
    <time>2025-07-04T18:43:33Z</time>
   </trkpt>
   <trkpt lat="42.3514910" lon="-71.1022580">
    <ele>2.1</ele>
    <time>2025-07-04T18:43:34Z</time>
   </trkpt>
   <trkpt lat="42.3515060" lon="-71.1022800">
    <ele>2.1</ele>
    <time>2025-07-04T18:43:35Z</time>
   </trkpt>
   <trkpt lat="42.3515120" lon="-71.1022880">
    <ele>2.1</ele>
    <time>2025-07-04T18:43:36Z</time>
   </trkpt>
   <trkpt lat="42.3515190" lon="-71.1023320">
    <ele>2.1</ele>
    <time>2025-07-04T18:43:37Z</time>
   </trkpt>
   <trkpt lat="42.3515200" lon="-71.1023590">
    <ele>2.1</ele>
    <time>2025-07-04T18:43:38Z</time>
   </trkpt>
   <trkpt lat="42.3515200" lon="-71.1024030">
    <ele>2.1</ele>
    <time>2025-07-04T18:43:39Z</time>
   </trkpt>
   <trkpt lat="42.3515130" lon="-71.1024710">
    <ele>2.1</ele>
    <time>2025-07-04T18:43:40Z</time>
   </trkpt>
   <trkpt lat="42.3515140" lon="-71.1025230">
    <ele>2.1</ele>
    <time>2025-07-04T18:43:41Z</time>
   </trkpt>
   <trkpt lat="42.3515270" lon="-71.1025730">
    <ele>2.1</ele>
    <time>2025-07-04T18:43:42Z</time>
   </trkpt>
   <trkpt lat="42.3515340" lon="-71.1026120">
    <ele>2.1</ele>
    <time>2025-07-04T18:43:43Z</time>
   </trkpt>
   <trkpt lat="42.3515440" lon="-71.1026640">
    <ele>2.1</ele>
    <time>2025-07-04T18:43:44Z</time>
   </trkpt>
   <trkpt lat="42.3515420" lon="-71.1027270">
    <ele>2.1</ele>
    <time>2025-07-04T18:43:45Z</time>
   </trkpt>
   <trkpt lat="42.3515330" lon="-71.1027980">
    <ele>2.1</ele>
    <time>2025-07-04T18:43:46Z</time>
   </trkpt>
   <trkpt lat="42.3515290" lon="-71.1028660">
    <ele>2.1</ele>
    <time>2025-07-04T18:43:47Z</time>
   </trkpt>
   <trkpt lat="42.3515290" lon="-71.1029290">
    <ele>2.1</ele>
    <time>2025-07-04T18:43:48Z</time>
   </trkpt>
   <trkpt lat="42.3515270" lon="-71.1029830">
    <ele>2.1</ele>
    <time>2025-07-04T18:43:49Z</time>
   </trkpt>
   <trkpt lat="42.3515400" lon="-71.1030570">
    <ele>2.1</ele>
    <time>2025-07-04T18:43:50Z</time>
   </trkpt>
   <trkpt lat="42.3515590" lon="-71.1031120">
    <ele>2.1</ele>
    <time>2025-07-04T18:43:51Z</time>
   </trkpt>
   <trkpt lat="42.3515550" lon="-71.1031860">
    <ele>2.1</ele>
    <time>2025-07-04T18:43:52Z</time>
   </trkpt>
   <trkpt lat="42.3515460" lon="-71.1032300">
    <ele>2.0</ele>
    <time>2025-07-04T18:43:53Z</time>
   </trkpt>
   <trkpt lat="42.3515520" lon="-71.1033080">
    <ele>2.0</ele>
    <time>2025-07-04T18:43:54Z</time>
   </trkpt>
   <trkpt lat="42.3515750" lon="-71.1033530">
    <ele>2.0</ele>
    <time>2025-07-04T18:43:55Z</time>
   </trkpt>
   <trkpt lat="42.3515760" lon="-71.1034250">
    <ele>2.0</ele>
    <time>2025-07-04T18:43:56Z</time>
   </trkpt>
   <trkpt lat="42.3515770" lon="-71.1034910">
    <ele>2.0</ele>
    <time>2025-07-04T18:43:57Z</time>
   </trkpt>
   <trkpt lat="42.3515880" lon="-71.1035580">
    <ele>2.0</ele>
    <time>2025-07-04T18:43:58Z</time>
   </trkpt>
   <trkpt lat="42.3516000" lon="-71.1036150">
    <ele>2.0</ele>
    <time>2025-07-04T18:43:59Z</time>
   </trkpt>
   <trkpt lat="42.3516020" lon="-71.1036890">
    <ele>2.0</ele>
    <time>2025-07-04T18:44:00Z</time>
   </trkpt>
   <trkpt lat="42.3515940" lon="-71.1037400">
    <ele>2.0</ele>
    <time>2025-07-04T18:44:01Z</time>
   </trkpt>
   <trkpt lat="42.3515890" lon="-71.1037960">
    <ele>2.0</ele>
    <time>2025-07-04T18:44:02Z</time>
   </trkpt>
   <trkpt lat="42.3515960" lon="-71.1038610">
    <ele>2.0</ele>
    <time>2025-07-04T18:44:03Z</time>
   </trkpt>
   <trkpt lat="42.3516010" lon="-71.1039150">
    <ele>1.9</ele>
    <time>2025-07-04T18:44:04Z</time>
   </trkpt>
   <trkpt lat="42.3516160" lon="-71.1039800">
    <ele>1.9</ele>
    <time>2025-07-04T18:44:05Z</time>
   </trkpt>
   <trkpt lat="42.3516190" lon="-71.1040340">
    <ele>1.9</ele>
    <time>2025-07-04T18:44:06Z</time>
   </trkpt>
   <trkpt lat="42.3516210" lon="-71.1040980">
    <ele>1.9</ele>
    <time>2025-07-04T18:44:07Z</time>
   </trkpt>
   <trkpt lat="42.3516270" lon="-71.1041560">
    <ele>1.8</ele>
    <time>2025-07-04T18:44:08Z</time>
   </trkpt>
   <trkpt lat="42.3516210" lon="-71.1041890">
    <ele>1.8</ele>
    <time>2025-07-04T18:44:09Z</time>
   </trkpt>
   <trkpt lat="42.3516240" lon="-71.1042480">
    <ele>1.8</ele>
    <time>2025-07-04T18:44:10Z</time>
   </trkpt>
   <trkpt lat="42.3516140" lon="-71.1043140">
    <ele>1.8</ele>
    <time>2025-07-04T18:44:11Z</time>
   </trkpt>
   <trkpt lat="42.3516170" lon="-71.1043720">
    <ele>1.8</ele>
    <time>2025-07-04T18:44:12Z</time>
   </trkpt>
   <trkpt lat="42.3516200" lon="-71.1044230">
    <ele>1.8</ele>
    <time>2025-07-04T18:44:13Z</time>
   </trkpt>
   <trkpt lat="42.3516230" lon="-71.1044960">
    <ele>1.8</ele>
    <time>2025-07-04T18:44:14Z</time>
   </trkpt>
   <trkpt lat="42.3516330" lon="-71.1045460">
    <ele>1.8</ele>
    <time>2025-07-04T18:44:15Z</time>
   </trkpt>
   <trkpt lat="42.3516390" lon="-71.1045840">
    <ele>1.8</ele>
    <time>2025-07-04T18:44:16Z</time>
   </trkpt>
   <trkpt lat="42.3516140" lon="-71.1046550">
    <ele>1.8</ele>
    <time>2025-07-04T18:44:17Z</time>
   </trkpt>
   <trkpt lat="42.3516210" lon="-71.1046950">
    <ele>1.9</ele>
    <time>2025-07-04T18:44:18Z</time>
   </trkpt>
   <trkpt lat="42.3516250" lon="-71.1047450">
    <ele>1.9</ele>
    <time>2025-07-04T18:44:19Z</time>
   </trkpt>
   <trkpt lat="42.3516190" lon="-71.1048150">
    <ele>1.9</ele>
    <time>2025-07-04T18:44:20Z</time>
   </trkpt>
   <trkpt lat="42.3516290" lon="-71.1048820">
    <ele>1.9</ele>
    <time>2025-07-04T18:44:21Z</time>
   </trkpt>
   <trkpt lat="42.3516260" lon="-71.1049160">
    <ele>1.9</ele>
    <time>2025-07-04T18:44:22Z</time>
   </trkpt>
   <trkpt lat="42.3516280" lon="-71.1049900">
    <ele>1.9</ele>
    <time>2025-07-04T18:44:23Z</time>
   </trkpt>
   <trkpt lat="42.3516290" lon="-71.1050460">
    <ele>1.9</ele>
    <time>2025-07-04T18:44:24Z</time>
   </trkpt>
   <trkpt lat="42.3516200" lon="-71.1051000">
    <ele>1.9</ele>
    <time>2025-07-04T18:44:25Z</time>
   </trkpt>
   <trkpt lat="42.3516170" lon="-71.1051720">
    <ele>1.9</ele>
    <time>2025-07-04T18:44:26Z</time>
   </trkpt>
   <trkpt lat="42.3516150" lon="-71.1052470">
    <ele>1.9</ele>
    <time>2025-07-04T18:44:27Z</time>
   </trkpt>
   <trkpt lat="42.3516250" lon="-71.1053080">
    <ele>1.9</ele>
    <time>2025-07-04T18:44:28Z</time>
   </trkpt>
   <trkpt lat="42.3516300" lon="-71.1053370">
    <ele>1.9</ele>
    <time>2025-07-04T18:44:29Z</time>
   </trkpt>
   <trkpt lat="42.3516430" lon="-71.1054020">
    <ele>1.9</ele>
    <time>2025-07-04T18:44:30Z</time>
   </trkpt>
   <trkpt lat="42.3516490" lon="-71.1054630">
    <ele>1.9</ele>
    <time>2025-07-04T18:44:31Z</time>
   </trkpt>
   <trkpt lat="42.3516530" lon="-71.1055370">
    <ele>1.9</ele>
    <time>2025-07-04T18:44:32Z</time>
   </trkpt>
   <trkpt lat="42.3516530" lon="-71.1056230">
    <ele>1.9</ele>
    <time>2025-07-04T18:44:33Z</time>
   </trkpt>
   <trkpt lat="42.3516570" lon="-71.1056890">
    <ele>1.9</ele>
    <time>2025-07-04T18:44:34Z</time>
   </trkpt>
   <trkpt lat="42.3516560" lon="-71.1057750">
    <ele>1.9</ele>
    <time>2025-07-04T18:44:35Z</time>
   </trkpt>
   <trkpt lat="42.3516640" lon="-71.1058310">
    <ele>1.9</ele>
    <time>2025-07-04T18:44:36Z</time>
   </trkpt>
   <trkpt lat="42.3516680" lon="-71.1058990">
    <ele>1.9</ele>
    <time>2025-07-04T18:44:37Z</time>
   </trkpt>
   <trkpt lat="42.3516880" lon="-71.1059370">
    <ele>1.9</ele>
    <time>2025-07-04T18:44:38Z</time>
   </trkpt>
   <trkpt lat="42.3516920" lon="-71.1059920">
    <ele>1.9</ele>
    <time>2025-07-04T18:44:39Z</time>
   </trkpt>
   <trkpt lat="42.3517040" lon="-71.1060410">
    <ele>1.9</ele>
    <time>2025-07-04T18:44:40Z</time>
   </trkpt>
   <trkpt lat="42.3516870" lon="-71.1061160">
    <ele>1.9</ele>
    <time>2025-07-04T18:44:41Z</time>
   </trkpt>
   <trkpt lat="42.3516910" lon="-71.1061630">
    <ele>1.9</ele>
    <time>2025-07-04T18:44:42Z</time>
   </trkpt>
   <trkpt lat="42.3516910" lon="-71.1062100">
    <ele>2.0</ele>
    <time>2025-07-04T18:44:43Z</time>
   </trkpt>
   <trkpt lat="42.3516910" lon="-71.1062520">
    <ele>2.0</ele>
    <time>2025-07-04T18:44:44Z</time>
   </trkpt>
   <trkpt lat="42.3516930" lon="-71.1063050">
    <ele>2.0</ele>
    <time>2025-07-04T18:44:45Z</time>
   </trkpt>
   <trkpt lat="42.3516930" lon="-71.1063760">
    <ele>2.0</ele>
    <time>2025-07-04T18:44:46Z</time>
   </trkpt>
   <trkpt lat="42.3516960" lon="-71.1064590">
    <ele>2.1</ele>
    <time>2025-07-04T18:44:47Z</time>
   </trkpt>
   <trkpt lat="42.3516960" lon="-71.1065280">
    <ele>2.1</ele>
    <time>2025-07-04T18:44:48Z</time>
   </trkpt>
   <trkpt lat="42.3517070" lon="-71.1065910">
    <ele>2.1</ele>
    <time>2025-07-04T18:44:49Z</time>
   </trkpt>
   <trkpt lat="42.3517240" lon="-71.1066350">
    <ele>2.2</ele>
    <time>2025-07-04T18:44:50Z</time>
   </trkpt>
   <trkpt lat="42.3517260" lon="-71.1067120">
    <ele>2.2</ele>
    <time>2025-07-04T18:44:51Z</time>
   </trkpt>
   <trkpt lat="42.3517290" lon="-71.1067870">
    <ele>2.2</ele>
    <time>2025-07-04T18:44:52Z</time>
   </trkpt>
   <trkpt lat="42.3517420" lon="-71.1068560">
    <ele>2.2</ele>
    <time>2025-07-04T18:44:53Z</time>
   </trkpt>
   <trkpt lat="42.3517490" lon="-71.1069120">
    <ele>2.2</ele>
    <time>2025-07-04T18:44:54Z</time>
   </trkpt>
   <trkpt lat="42.3517690" lon="-71.1069540">
    <ele>2.2</ele>
    <time>2025-07-04T18:44:55Z</time>
   </trkpt>
   <trkpt lat="42.3517860" lon="-71.1070030">
    <ele>2.3</ele>
    <time>2025-07-04T18:44:56Z</time>
   </trkpt>
   <trkpt lat="42.3517970" lon="-71.1070660">
    <ele>2.3</ele>
    <time>2025-07-04T18:44:57Z</time>
   </trkpt>
   <trkpt lat="42.3518070" lon="-71.1071280">
    <ele>2.3</ele>
    <time>2025-07-04T18:44:58Z</time>
   </trkpt>
   <trkpt lat="42.3518170" lon="-71.1071790">
    <ele>2.3</ele>
    <time>2025-07-04T18:44:59Z</time>
   </trkpt>
   <trkpt lat="42.3518320" lon="-71.1072290">
    <ele>2.4</ele>
    <time>2025-07-04T18:45:00Z</time>
   </trkpt>
   <trkpt lat="42.3518500" lon="-71.1072880">
    <ele>2.4</ele>
    <time>2025-07-04T18:45:01Z</time>
   </trkpt>
   <trkpt lat="42.3518710" lon="-71.1073350">
    <ele>2.4</ele>
    <time>2025-07-04T18:45:02Z</time>
   </trkpt>
   <trkpt lat="42.3519090" lon="-71.1073810">
    <ele>2.4</ele>
    <time>2025-07-04T18:45:03Z</time>
   </trkpt>
   <trkpt lat="42.3519080" lon="-71.1074430">
    <ele>2.5</ele>
    <time>2025-07-04T18:45:04Z</time>
   </trkpt>
   <trkpt lat="42.3519140" lon="-71.1074820">
    <ele>2.5</ele>
    <time>2025-07-04T18:45:05Z</time>
   </trkpt>
   <trkpt lat="42.3519360" lon="-71.1075120">
    <ele>2.5</ele>
    <time>2025-07-04T18:45:06Z</time>
   </trkpt>
   <trkpt lat="42.3519540" lon="-71.1075650">
    <ele>2.6</ele>
    <time>2025-07-04T18:45:07Z</time>
   </trkpt>
   <trkpt lat="42.3519860" lon="-71.1076120">
    <ele>2.6</ele>
    <time>2025-07-04T18:45:08Z</time>
   </trkpt>
   <trkpt lat="42.3520200" lon="-71.1076720">
    <ele>2.7</ele>
    <time>2025-07-04T18:45:09Z</time>
   </trkpt>
   <trkpt lat="42.3520290" lon="-71.1077310">
    <ele>2.7</ele>
    <time>2025-07-04T18:45:10Z</time>
   </trkpt>
   <trkpt lat="42.3520310" lon="-71.1077820">
    <ele>2.7</ele>
    <time>2025-07-04T18:45:11Z</time>
   </trkpt>
   <trkpt lat="42.3520320" lon="-71.1078860">
    <ele>2.7</ele>
    <time>2025-07-04T18:45:12Z</time>
   </trkpt>
   <trkpt lat="42.3520340" lon="-71.1079690">
    <ele>2.7</ele>
    <time>2025-07-04T18:45:13Z</time>
   </trkpt>
   <trkpt lat="42.3520450" lon="-71.1080360">
    <ele>2.6</ele>
    <time>2025-07-04T18:45:14Z</time>
   </trkpt>
   <trkpt lat="42.3520510" lon="-71.1080950">
    <ele>2.6</ele>
    <time>2025-07-04T18:45:15Z</time>
   </trkpt>
   <trkpt lat="42.3520800" lon="-71.1081510">
    <ele>2.6</ele>
    <time>2025-07-04T18:45:16Z</time>
   </trkpt>
   <trkpt lat="42.3520940" lon="-71.1082140">
    <ele>2.6</ele>
    <time>2025-07-04T18:45:17Z</time>
   </trkpt>
   <trkpt lat="42.3521040" lon="-71.1082760">
    <ele>2.6</ele>
    <time>2025-07-04T18:45:18Z</time>
   </trkpt>
   <trkpt lat="42.3521120" lon="-71.1083560">
    <ele>2.5</ele>
    <time>2025-07-04T18:45:19Z</time>
   </trkpt>
   <trkpt lat="42.3521200" lon="-71.1084370">
    <ele>2.5</ele>
    <time>2025-07-04T18:45:20Z</time>
   </trkpt>
   <trkpt lat="42.3521250" lon="-71.1085140">
    <ele>2.5</ele>
    <time>2025-07-04T18:45:21Z</time>
   </trkpt>
   <trkpt lat="42.3521350" lon="-71.1085800">
    <ele>2.5</ele>
    <time>2025-07-04T18:45:22Z</time>
   </trkpt>
   <trkpt lat="42.3521340" lon="-71.1086430">
    <ele>2.6</ele>
    <time>2025-07-04T18:45:23Z</time>
   </trkpt>
   <trkpt lat="42.3521190" lon="-71.1087120">
    <ele>2.6</ele>
    <time>2025-07-04T18:45:24Z</time>
   </trkpt>
   <trkpt lat="42.3521170" lon="-71.1087750">
    <ele>2.6</ele>
    <time>2025-07-04T18:45:25Z</time>
   </trkpt>
   <trkpt lat="42.3521090" lon="-71.1088260">
    <ele>2.7</ele>
    <time>2025-07-04T18:45:26Z</time>
   </trkpt>
   <trkpt lat="42.3521000" lon="-71.1088970">
    <ele>2.7</ele>
    <time>2025-07-04T18:45:27Z</time>
   </trkpt>
   <trkpt lat="42.3520970" lon="-71.1089550">
    <ele>2.7</ele>
    <time>2025-07-04T18:45:28Z</time>
   </trkpt>
   <trkpt lat="42.3520820" lon="-71.1090100">
    <ele>2.8</ele>
    <time>2025-07-04T18:45:29Z</time>
   </trkpt>
   <trkpt lat="42.3520860" lon="-71.1090580">
    <ele>2.8</ele>
    <time>2025-07-04T18:45:30Z</time>
   </trkpt>
   <trkpt lat="42.3521210" lon="-71.1091470">
    <ele>2.8</ele>
    <time>2025-07-04T18:45:31Z</time>
   </trkpt>
   <trkpt lat="42.3521320" lon="-71.1092150">
    <ele>2.9</ele>
    <time>2025-07-04T18:45:32Z</time>
   </trkpt>
   <trkpt lat="42.3521370" lon="-71.1092870">
    <ele>2.8</ele>
    <time>2025-07-04T18:45:33Z</time>
   </trkpt>
   <trkpt lat="42.3521420" lon="-71.1093530">
    <ele>2.8</ele>
    <time>2025-07-04T18:45:34Z</time>
   </trkpt>
   <trkpt lat="42.3521290" lon="-71.1094020">
    <ele>2.8</ele>
    <time>2025-07-04T18:45:35Z</time>
   </trkpt>
   <trkpt lat="42.3521370" lon="-71.1094490">
    <ele>2.7</ele>
    <time>2025-07-04T18:45:36Z</time>
   </trkpt>
   <trkpt lat="42.3521320" lon="-71.1095270">
    <ele>2.7</ele>
    <time>2025-07-04T18:45:37Z</time>
   </trkpt>
   <trkpt lat="42.3521220" lon="-71.1095950">
    <ele>2.7</ele>
    <time>2025-07-04T18:45:38Z</time>
   </trkpt>
   <trkpt lat="42.3521220" lon="-71.1096630">
    <ele>2.6</ele>
    <time>2025-07-04T18:45:39Z</time>
   </trkpt>
   <trkpt lat="42.3521140" lon="-71.1097430">
    <ele>2.6</ele>
    <time>2025-07-04T18:45:40Z</time>
   </trkpt>
   <trkpt lat="42.3520930" lon="-71.1098210">
    <ele>2.6</ele>
    <time>2025-07-04T18:45:41Z</time>
   </trkpt>
   <trkpt lat="42.3520800" lon="-71.1098920">
    <ele>2.6</ele>
    <time>2025-07-04T18:45:42Z</time>
   </trkpt>
   <trkpt lat="42.3520920" lon="-71.1099300">
    <ele>2.6</ele>
    <time>2025-07-04T18:45:43Z</time>
   </trkpt>
   <trkpt lat="42.3520750" lon="-71.1099870">
    <ele>2.6</ele>
    <time>2025-07-04T18:45:44Z</time>
   </trkpt>
   <trkpt lat="42.3520700" lon="-71.1100210">
    <ele>2.6</ele>
    <time>2025-07-04T18:45:45Z</time>
   </trkpt>
   <trkpt lat="42.3520740" lon="-71.1100760">
    <ele>2.6</ele>
    <time>2025-07-04T18:45:46Z</time>
   </trkpt>
   <trkpt lat="42.3520700" lon="-71.1101380">
    <ele>2.6</ele>
    <time>2025-07-04T18:45:47Z</time>
   </trkpt>
   <trkpt lat="42.3520720" lon="-71.1101740">
    <ele>2.6</ele>
    <time>2025-07-04T18:45:48Z</time>
   </trkpt>
   <trkpt lat="42.3520860" lon="-71.1102190">
    <ele>2.6</ele>
    <time>2025-07-04T18:45:49Z</time>
   </trkpt>
   <trkpt lat="42.3520920" lon="-71.1102300">
    <ele>2.6</ele>
    <time>2025-07-04T18:45:50Z</time>
   </trkpt>
   <trkpt lat="42.3520950" lon="-71.1102400">
    <ele>2.6</ele>
    <time>2025-07-04T18:45:51Z</time>
   </trkpt>
   <trkpt lat="42.3521030" lon="-71.1102420">
    <ele>2.6</ele>
    <time>2025-07-04T18:45:52Z</time>
   </trkpt>
   <trkpt lat="42.3521120" lon="-71.1102450">
    <ele>2.5</ele>
    <time>2025-07-04T18:45:53Z</time>
   </trkpt>
   <trkpt lat="42.3521200" lon="-71.1102470">
    <ele>2.5</ele>
    <time>2025-07-04T18:45:54Z</time>
   </trkpt>
   <trkpt lat="42.3521280" lon="-71.1102490">
    <ele>2.5</ele>
    <time>2025-07-04T18:45:55Z</time>
   </trkpt>
   <trkpt lat="42.3521440" lon="-71.1102750">
    <ele>2.5</ele>
    <time>2025-07-04T18:45:56Z</time>
   </trkpt>
   <trkpt lat="42.3521590" lon="-71.1102970">
    <ele>2.4</ele>
    <time>2025-07-04T18:45:57Z</time>
   </trkpt>
   <trkpt lat="42.3521790" lon="-71.1103530">
    <ele>2.3</ele>
    <time>2025-07-04T18:45:58Z</time>
   </trkpt>
   <trkpt lat="42.3521940" lon="-71.1103840">
    <ele>2.3</ele>
    <time>2025-07-04T18:45:59Z</time>
   </trkpt>
   <trkpt lat="42.3522050" lon="-71.1104360">
    <ele>2.2</ele>
    <time>2025-07-04T18:46:00Z</time>
   </trkpt>
   <trkpt lat="42.3522240" lon="-71.1104900">
    <ele>2.2</ele>
    <time>2025-07-04T18:46:01Z</time>
   </trkpt>
   <trkpt lat="42.3522350" lon="-71.1105450">
    <ele>2.1</ele>
    <time>2025-07-04T18:46:02Z</time>
   </trkpt>
   <trkpt lat="42.3522450" lon="-71.1105920">
    <ele>2.1</ele>
    <time>2025-07-04T18:46:03Z</time>
   </trkpt>
   <trkpt lat="42.3522460" lon="-71.1106080">
    <ele>2.1</ele>
    <time>2025-07-04T18:46:04Z</time>
   </trkpt>
   <trkpt lat="42.3522440" lon="-71.1106510">
    <ele>2.1</ele>
    <time>2025-07-04T18:46:05Z</time>
   </trkpt>
   <trkpt lat="42.3522720" lon="-71.1106890">
    <ele>2.0</ele>
    <time>2025-07-04T18:46:06Z</time>
   </trkpt>
   <trkpt lat="42.3522800" lon="-71.1107430">
    <ele>2.0</ele>
    <time>2025-07-04T18:46:07Z</time>
   </trkpt>
   <trkpt lat="42.3522940" lon="-71.1107900">
    <ele>2.0</ele>
    <time>2025-07-04T18:46:08Z</time>
   </trkpt>
   <trkpt lat="42.3522810" lon="-71.1108340">
    <ele>2.0</ele>
    <time>2025-07-04T18:46:09Z</time>
   </trkpt>
   <trkpt lat="42.3522760" lon="-71.1108530">
    <ele>2.0</ele>
    <time>2025-07-04T18:46:10Z</time>
   </trkpt>
   <trkpt lat="42.3522540" lon="-71.1109010">
    <ele>2.0</ele>
    <time>2025-07-04T18:46:11Z</time>
   </trkpt>
   <trkpt lat="42.3522230" lon="-71.1109570">
    <ele>2.0</ele>
    <time>2025-07-04T18:46:12Z</time>
   </trkpt>
   <trkpt lat="42.3522020" lon="-71.1109980">
    <ele>2.0</ele>
    <time>2025-07-04T18:46:13Z</time>
   </trkpt>
   <trkpt lat="42.3522040" lon="-71.1110480">
    <ele>2.0</ele>
    <time>2025-07-04T18:46:14Z</time>
   </trkpt>
   <trkpt lat="42.3522330" lon="-71.1110970">
    <ele>2.0</ele>
    <time>2025-07-04T18:46:15Z</time>
   </trkpt>
   <trkpt lat="42.3522240" lon="-71.1111650">
    <ele>2.0</ele>
    <time>2025-07-04T18:46:16Z</time>
   </trkpt>
   <trkpt lat="42.3522370" lon="-71.1112070">
    <ele>1.9</ele>
    <time>2025-07-04T18:46:17Z</time>
   </trkpt>
   <trkpt lat="42.3522350" lon="-71.1112720">
    <ele>1.9</ele>
    <time>2025-07-04T18:46:18Z</time>
   </trkpt>
   <trkpt lat="42.3522340" lon="-71.1113020">
    <ele>1.9</ele>
    <time>2025-07-04T18:46:19Z</time>
   </trkpt>
   <trkpt lat="42.3522380" lon="-71.1113620">
    <ele>1.9</ele>
    <time>2025-07-04T18:46:20Z</time>
   </trkpt>
   <trkpt lat="42.3522360" lon="-71.1114030">
    <ele>1.9</ele>
    <time>2025-07-04T18:46:21Z</time>
   </trkpt>
   <trkpt lat="42.3522270" lon="-71.1114620">
    <ele>1.9</ele>
    <time>2025-07-04T18:46:22Z</time>
   </trkpt>
   <trkpt lat="42.3522430" lon="-71.1115060">
    <ele>1.9</ele>
    <time>2025-07-04T18:46:23Z</time>
   </trkpt>
   <trkpt lat="42.3522210" lon="-71.1115660">
    <ele>1.9</ele>
    <time>2025-07-04T18:46:24Z</time>
   </trkpt>
   <trkpt lat="42.3522270" lon="-71.1116270">
    <ele>1.9</ele>
    <time>2025-07-04T18:46:25Z</time>
   </trkpt>
   <trkpt lat="42.3522260" lon="-71.1116530">
    <ele>1.9</ele>
    <time>2025-07-04T18:46:26Z</time>
   </trkpt>
   <trkpt lat="42.3522350" lon="-71.1117140">
    <ele>1.9</ele>
    <time>2025-07-04T18:46:27Z</time>
   </trkpt>
   <trkpt lat="42.3522270" lon="-71.1117780">
    <ele>1.9</ele>
    <time>2025-07-04T18:46:28Z</time>
   </trkpt>
   <trkpt lat="42.3522180" lon="-71.1118430">
    <ele>1.9</ele>
    <time>2025-07-04T18:46:29Z</time>
   </trkpt>
   <trkpt lat="42.3522220" lon="-71.1118800">
    <ele>1.9</ele>
    <time>2025-07-04T18:46:30Z</time>
   </trkpt>
   <trkpt lat="42.3522330" lon="-71.1119270">
    <ele>1.9</ele>
    <time>2025-07-04T18:46:31Z</time>
   </trkpt>
   <trkpt lat="42.3522270" lon="-71.1119780">
    <ele>1.9</ele>
    <time>2025-07-04T18:46:32Z</time>
   </trkpt>
   <trkpt lat="42.3522260" lon="-71.1120290">
    <ele>1.9</ele>
    <time>2025-07-04T18:46:33Z</time>
   </trkpt>
   <trkpt lat="42.3522210" lon="-71.1120840">
    <ele>1.9</ele>
    <time>2025-07-04T18:46:34Z</time>
   </trkpt>
   <trkpt lat="42.3522130" lon="-71.1121430">
    <ele>1.9</ele>
    <time>2025-07-04T18:46:35Z</time>
   </trkpt>
   <trkpt lat="42.3522100" lon="-71.1122060">
    <ele>1.9</ele>
    <time>2025-07-04T18:46:36Z</time>
   </trkpt>
   <trkpt lat="42.3522080" lon="-71.1122700">
    <ele>1.9</ele>
    <time>2025-07-04T18:46:37Z</time>
   </trkpt>
   <trkpt lat="42.3522170" lon="-71.1123350">
    <ele>1.9</ele>
    <time>2025-07-04T18:46:38Z</time>
   </trkpt>
   <trkpt lat="42.3522350" lon="-71.1123950">
    <ele>2.0</ele>
    <time>2025-07-04T18:46:39Z</time>
   </trkpt>
   <trkpt lat="42.3522400" lon="-71.1124510">
    <ele>2.0</ele>
    <time>2025-07-04T18:46:40Z</time>
   </trkpt>
   <trkpt lat="42.3522430" lon="-71.1125070">
    <ele>2.0</ele>
    <time>2025-07-04T18:46:41Z</time>
   </trkpt>
   <trkpt lat="42.3522440" lon="-71.1125640">
    <ele>2.0</ele>
    <time>2025-07-04T18:46:42Z</time>
   </trkpt>
   <trkpt lat="42.3522660" lon="-71.1126100">
    <ele>2.1</ele>
    <time>2025-07-04T18:46:43Z</time>
   </trkpt>
   <trkpt lat="42.3522640" lon="-71.1126940">
    <ele>2.1</ele>
    <time>2025-07-04T18:46:44Z</time>
   </trkpt>
   <trkpt lat="42.3522680" lon="-71.1127520">
    <ele>2.1</ele>
    <time>2025-07-04T18:46:45Z</time>
   </trkpt>
   <trkpt lat="42.3522760" lon="-71.1128200">
    <ele>2.1</ele>
    <time>2025-07-04T18:46:46Z</time>
   </trkpt>
   <trkpt lat="42.3522970" lon="-71.1128670">
    <ele>2.2</ele>
    <time>2025-07-04T18:46:47Z</time>
   </trkpt>
   <trkpt lat="42.3523140" lon="-71.1129090">
    <ele>2.2</ele>
    <time>2025-07-04T18:46:48Z</time>
   </trkpt>
   <trkpt lat="42.3523300" lon="-71.1129540">
    <ele>2.2</ele>
    <time>2025-07-04T18:46:49Z</time>
   </trkpt>
   <trkpt lat="42.3523420" lon="-71.1130140">
    <ele>2.2</ele>
    <time>2025-07-04T18:46:50Z</time>
   </trkpt>
   <trkpt lat="42.3523570" lon="-71.1130680">
    <ele>2.3</ele>
    <time>2025-07-04T18:46:51Z</time>
   </trkpt>
   <trkpt lat="42.3523750" lon="-71.1131310">
    <ele>2.3</ele>
    <time>2025-07-04T18:46:52Z</time>
   </trkpt>
   <trkpt lat="42.3523960" lon="-71.1131960">
    <ele>2.3</ele>
    <time>2025-07-04T18:46:53Z</time>
   </trkpt>
   <trkpt lat="42.3524080" lon="-71.1132690">
    <ele>2.3</ele>
    <time>2025-07-04T18:46:54Z</time>
   </trkpt>
   <trkpt lat="42.3524250" lon="-71.1133320">
    <ele>2.4</ele>
    <time>2025-07-04T18:46:55Z</time>
   </trkpt>
   <trkpt lat="42.3524410" lon="-71.1133950">
    <ele>2.4</ele>
    <time>2025-07-04T18:46:56Z</time>
   </trkpt>
   <trkpt lat="42.3524490" lon="-71.1134400">
    <ele>2.4</ele>
    <time>2025-07-04T18:46:57Z</time>
   </trkpt>
   <trkpt lat="42.3524680" lon="-71.1135200">
    <ele>2.4</ele>
    <time>2025-07-04T18:46:58Z</time>
   </trkpt>
   <trkpt lat="42.3524920" lon="-71.1135750">
    <ele>2.4</ele>
    <time>2025-07-04T18:46:59Z</time>
   </trkpt>
   <trkpt lat="42.3525130" lon="-71.1136250">
    <ele>2.5</ele>
    <time>2025-07-04T18:47:00Z</time>
   </trkpt>
   <trkpt lat="42.3525380" lon="-71.1136760">
    <ele>2.5</ele>
    <time>2025-07-04T18:47:01Z</time>
   </trkpt>
   <trkpt lat="42.3525500" lon="-71.1137290">
    <ele>2.5</ele>
    <time>2025-07-04T18:47:02Z</time>
   </trkpt>
   <trkpt lat="42.3525740" lon="-71.1137840">
    <ele>2.5</ele>
    <time>2025-07-04T18:47:03Z</time>
   </trkpt>
   <trkpt lat="42.3525970" lon="-71.1138340">
    <ele>2.5</ele>
    <time>2025-07-04T18:47:04Z</time>
   </trkpt>
   <trkpt lat="42.3526210" lon="-71.1138910">
    <ele>2.6</ele>
    <time>2025-07-04T18:47:05Z</time>
   </trkpt>
   <trkpt lat="42.3526440" lon="-71.1139530">
    <ele>2.6</ele>
    <time>2025-07-04T18:47:06Z</time>
   </trkpt>
   <trkpt lat="42.3526720" lon="-71.1140140">
    <ele>2.6</ele>
    <time>2025-07-04T18:47:07Z</time>
   </trkpt>
   <trkpt lat="42.3526970" lon="-71.1140420">
    <ele>2.6</ele>
    <time>2025-07-04T18:47:08Z</time>
   </trkpt>
   <trkpt lat="42.3527210" lon="-71.1141060">
    <ele>2.7</ele>
    <time>2025-07-04T18:47:09Z</time>
   </trkpt>
   <trkpt lat="42.3527420" lon="-71.1141660">
    <ele>2.7</ele>
    <time>2025-07-04T18:47:10Z</time>
   </trkpt>
   <trkpt lat="42.3527550" lon="-71.1142220">
    <ele>2.7</ele>
    <time>2025-07-04T18:47:11Z</time>
   </trkpt>
   <trkpt lat="42.3527770" lon="-71.1142690">
    <ele>2.7</ele>
    <time>2025-07-04T18:47:12Z</time>
   </trkpt>
   <trkpt lat="42.3528040" lon="-71.1143350">
    <ele>2.8</ele>
    <time>2025-07-04T18:47:13Z</time>
   </trkpt>
   <trkpt lat="42.3528380" lon="-71.1143990">
    <ele>2.8</ele>
    <time>2025-07-04T18:47:14Z</time>
   </trkpt>
   <trkpt lat="42.3528590" lon="-71.1144650">
    <ele>2.8</ele>
    <time>2025-07-04T18:47:15Z</time>
   </trkpt>
   <trkpt lat="42.3528880" lon="-71.1145170">
    <ele>2.9</ele>
    <time>2025-07-04T18:47:16Z</time>
   </trkpt>
   <trkpt lat="42.3529190" lon="-71.1145720">
    <ele>2.9</ele>
    <time>2025-07-04T18:47:17Z</time>
   </trkpt>
   <trkpt lat="42.3529450" lon="-71.1146390">
    <ele>2.9</ele>
    <time>2025-07-04T18:47:18Z</time>
   </trkpt>
   <trkpt lat="42.3529610" lon="-71.1146990">
    <ele>2.9</ele>
    <time>2025-07-04T18:47:19Z</time>
   </trkpt>
   <trkpt lat="42.3529950" lon="-71.1147630">
    <ele>2.9</ele>
    <time>2025-07-04T18:47:20Z</time>
   </trkpt>
   <trkpt lat="42.3530260" lon="-71.1148030">
    <ele>3.0</ele>
    <time>2025-07-04T18:47:21Z</time>
   </trkpt>
   <trkpt lat="42.3530590" lon="-71.1148520">
    <ele>3.0</ele>
    <time>2025-07-04T18:47:22Z</time>
   </trkpt>
   <trkpt lat="42.3530880" lon="-71.1149110">
    <ele>3.0</ele>
    <time>2025-07-04T18:47:23Z</time>
   </trkpt>
   <trkpt lat="42.3531200" lon="-71.1149710">
    <ele>3.0</ele>
    <time>2025-07-04T18:47:24Z</time>
   </trkpt>
   <trkpt lat="42.3531510" lon="-71.1150430">
    <ele>3.0</ele>
    <time>2025-07-04T18:47:25Z</time>
   </trkpt>
   <trkpt lat="42.3531740" lon="-71.1150820">
    <ele>3.0</ele>
    <time>2025-07-04T18:47:26Z</time>
   </trkpt>
   <trkpt lat="42.3532030" lon="-71.1151340">
    <ele>3.1</ele>
    <time>2025-07-04T18:47:27Z</time>
   </trkpt>
   <trkpt lat="42.3532250" lon="-71.1151670">
    <ele>3.1</ele>
    <time>2025-07-04T18:47:28Z</time>
   </trkpt>
   <trkpt lat="42.3532470" lon="-71.1152080">
    <ele>3.1</ele>
    <time>2025-07-04T18:47:29Z</time>
   </trkpt>
   <trkpt lat="42.3532790" lon="-71.1152540">
    <ele>3.1</ele>
    <time>2025-07-04T18:47:30Z</time>
   </trkpt>
   <trkpt lat="42.3533020" lon="-71.1152920">
    <ele>3.1</ele>
    <time>2025-07-04T18:47:31Z</time>
   </trkpt>
   <trkpt lat="42.3533310" lon="-71.1153370">
    <ele>3.2</ele>
    <time>2025-07-04T18:47:32Z</time>
   </trkpt>
   <trkpt lat="42.3533610" lon="-71.1153770">
    <ele>3.2</ele>
    <time>2025-07-04T18:47:33Z</time>
   </trkpt>
   <trkpt lat="42.3533770" lon="-71.1154420">
    <ele>3.2</ele>
    <time>2025-07-04T18:47:34Z</time>
   </trkpt>
   <trkpt lat="42.3534050" lon="-71.1154790">
    <ele>3.2</ele>
    <time>2025-07-04T18:47:35Z</time>
   </trkpt>
   <trkpt lat="42.3534280" lon="-71.1155270">
    <ele>3.3</ele>
    <time>2025-07-04T18:47:36Z</time>
   </trkpt>
   <trkpt lat="42.3534540" lon="-71.1155730">
    <ele>3.3</ele>
    <time>2025-07-04T18:47:37Z</time>
   </trkpt>
   <trkpt lat="42.3534760" lon="-71.1156050">
    <ele>3.3</ele>
    <time>2025-07-04T18:47:38Z</time>
   </trkpt>
   <trkpt lat="42.3535010" lon="-71.1156450">
    <ele>3.3</ele>
    <time>2025-07-04T18:47:39Z</time>
   </trkpt>
   <trkpt lat="42.3535260" lon="-71.1156910">
    <ele>3.3</ele>
    <time>2025-07-04T18:47:40Z</time>
   </trkpt>
   <trkpt lat="42.3535550" lon="-71.1157390">
    <ele>3.3</ele>
    <time>2025-07-04T18:47:41Z</time>
   </trkpt>
   <trkpt lat="42.3535940" lon="-71.1157910">
    <ele>3.4</ele>
    <time>2025-07-04T18:47:42Z</time>
   </trkpt>
   <trkpt lat="42.3536370" lon="-71.1158570">
    <ele>3.4</ele>
    <time>2025-07-04T18:47:43Z</time>
   </trkpt>
   <trkpt lat="42.3536580" lon="-71.1159200">
    <ele>3.4</ele>
    <time>2025-07-04T18:47:44Z</time>
   </trkpt>
   <trkpt lat="42.3536910" lon="-71.1159510">
    <ele>3.4</ele>
    <time>2025-07-04T18:47:45Z</time>
   </trkpt>
   <trkpt lat="42.3537330" lon="-71.1160060">
    <ele>3.5</ele>
    <time>2025-07-04T18:47:46Z</time>
   </trkpt>
   <trkpt lat="42.3537650" lon="-71.1160700">
    <ele>3.5</ele>
    <time>2025-07-04T18:47:47Z</time>
   </trkpt>
   <trkpt lat="42.3537880" lon="-71.1161200">
    <ele>3.5</ele>
    <time>2025-07-04T18:47:48Z</time>
   </trkpt>
   <trkpt lat="42.3538020" lon="-71.1161590">
    <ele>3.5</ele>
    <time>2025-07-04T18:47:49Z</time>
   </trkpt>
   <trkpt lat="42.3538340" lon="-71.1162260">
    <ele>3.6</ele>
    <time>2025-07-04T18:47:50Z</time>
   </trkpt>
   <trkpt lat="42.3538600" lon="-71.1162670">
    <ele>3.6</ele>
    <time>2025-07-04T18:47:51Z</time>
   </trkpt>
   <trkpt lat="42.3539020" lon="-71.1163230">
    <ele>3.6</ele>
    <time>2025-07-04T18:47:52Z</time>
   </trkpt>
   <trkpt lat="42.3539260" lon="-71.1163710">
    <ele>3.7</ele>
    <time>2025-07-04T18:47:53Z</time>
   </trkpt>
   <trkpt lat="42.3539690" lon="-71.1164230">
    <ele>3.7</ele>
    <time>2025-07-04T18:47:54Z</time>
   </trkpt>
   <trkpt lat="42.3540010" lon="-71.1164640">
    <ele>3.7</ele>
    <time>2025-07-04T18:47:55Z</time>
   </trkpt>
   <trkpt lat="42.3540380" lon="-71.1165150">
    <ele>3.8</ele>
    <time>2025-07-04T18:47:56Z</time>
   </trkpt>
   <trkpt lat="42.3540690" lon="-71.1165610">
    <ele>3.8</ele>
    <time>2025-07-04T18:47:57Z</time>
   </trkpt>
   <trkpt lat="42.3540880" lon="-71.1166000">
    <ele>3.8</ele>
    <time>2025-07-04T18:47:58Z</time>
   </trkpt>
   <trkpt lat="42.3541170" lon="-71.1166610">
    <ele>3.8</ele>
    <time>2025-07-04T18:47:59Z</time>
   </trkpt>
   <trkpt lat="42.3541610" lon="-71.1166950">
    <ele>3.8</ele>
    <time>2025-07-04T18:48:00Z</time>
   </trkpt>
   <trkpt lat="42.3542030" lon="-71.1167350">
    <ele>3.8</ele>
    <time>2025-07-04T18:48:01Z</time>
   </trkpt>
   <trkpt lat="42.3542360" lon="-71.1167750">
    <ele>3.8</ele>
    <time>2025-07-04T18:48:02Z</time>
   </trkpt>
   <trkpt lat="42.3542540" lon="-71.1168240">
    <ele>3.8</ele>
    <time>2025-07-04T18:48:03Z</time>
   </trkpt>
   <trkpt lat="42.3542820" lon="-71.1168650">
    <ele>3.8</ele>
    <time>2025-07-04T18:48:04Z</time>
   </trkpt>
   <trkpt lat="42.3543150" lon="-71.1168910">
    <ele>3.8</ele>
    <time>2025-07-04T18:48:05Z</time>
   </trkpt>
   <trkpt lat="42.3543410" lon="-71.1169430">
    <ele>3.8</ele>
    <time>2025-07-04T18:48:06Z</time>
   </trkpt>
   <trkpt lat="42.3543610" lon="-71.1169690">
    <ele>3.8</ele>
    <time>2025-07-04T18:48:07Z</time>
   </trkpt>
   <trkpt lat="42.3543950" lon="-71.1170000">
    <ele>3.8</ele>
    <time>2025-07-04T18:48:08Z</time>
   </trkpt>
   <trkpt lat="42.3544310" lon="-71.1170470">
    <ele>3.7</ele>
    <time>2025-07-04T18:48:09Z</time>
   </trkpt>
   <trkpt lat="42.3544530" lon="-71.1170900">
    <ele>3.7</ele>
    <time>2025-07-04T18:48:10Z</time>
   </trkpt>
   <trkpt lat="42.3544790" lon="-71.1171260">
    <ele>3.7</ele>
    <time>2025-07-04T18:48:11Z</time>
   </trkpt>
   <trkpt lat="42.3545120" lon="-71.1171530">
    <ele>3.7</ele>
    <time>2025-07-04T18:48:12Z</time>
   </trkpt>
   <trkpt lat="42.3545480" lon="-71.1171760">
    <ele>3.7</ele>
    <time>2025-07-04T18:48:13Z</time>
   </trkpt>
   <trkpt lat="42.3545960" lon="-71.1172240">
    <ele>3.6</ele>
    <time>2025-07-04T18:48:14Z</time>
   </trkpt>
   <trkpt lat="42.3546310" lon="-71.1172580">
    <ele>3.6</ele>
    <time>2025-07-04T18:48:15Z</time>
   </trkpt>
   <trkpt lat="42.3546590" lon="-71.1173030">
    <ele>3.6</ele>
    <time>2025-07-04T18:48:16Z</time>
   </trkpt>
   <trkpt lat="42.3546850" lon="-71.1173270">
    <ele>3.6</ele>
    <time>2025-07-04T18:48:17Z</time>
   </trkpt>
   <trkpt lat="42.3547280" lon="-71.1173650">
    <ele>3.5</ele>
    <time>2025-07-04T18:48:18Z</time>
   </trkpt>
   <trkpt lat="42.3547670" lon="-71.1173990">
    <ele>3.5</ele>
    <time>2025-07-04T18:48:19Z</time>
   </trkpt>
   <trkpt lat="42.3547970" lon="-71.1174230">
    <ele>3.5</ele>
    <time>2025-07-04T18:48:20Z</time>
   </trkpt>
   <trkpt lat="42.3548400" lon="-71.1174620">
    <ele>3.5</ele>
    <time>2025-07-04T18:48:21Z</time>
   </trkpt>
   <trkpt lat="42.3548860" lon="-71.1174980">
    <ele>3.5</ele>
    <time>2025-07-04T18:48:22Z</time>
   </trkpt>
   <trkpt lat="42.3549140" lon="-71.1175210">
    <ele>3.5</ele>
    <time>2025-07-04T18:48:23Z</time>
   </trkpt>
   <trkpt lat="42.3549360" lon="-71.1175690">
    <ele>3.4</ele>
    <time>2025-07-04T18:48:24Z</time>
   </trkpt>
   <trkpt lat="42.3549820" lon="-71.1175910">
    <ele>3.4</ele>
    <time>2025-07-04T18:48:25Z</time>
   </trkpt>
   <trkpt lat="42.3550290" lon="-71.1176170">
    <ele>3.4</ele>
    <time>2025-07-04T18:48:26Z</time>
   </trkpt>
   <trkpt lat="42.3550790" lon="-71.1176650">
    <ele>3.4</ele>
    <time>2025-07-04T18:48:27Z</time>
   </trkpt>
   <trkpt lat="42.3551070" lon="-71.1176820">
    <ele>3.4</ele>
    <time>2025-07-04T18:48:28Z</time>
   </trkpt>
   <trkpt lat="42.3551430" lon="-71.1177180">
    <ele>3.3</ele>
    <time>2025-07-04T18:48:29Z</time>
   </trkpt>
   <trkpt lat="42.3551780" lon="-71.1177370">
    <ele>3.3</ele>
    <time>2025-07-04T18:48:30Z</time>
   </trkpt>
   <trkpt lat="42.3552180" lon="-71.1177440">
    <ele>3.3</ele>
    <time>2025-07-04T18:48:31Z</time>
   </trkpt>
   <trkpt lat="42.3552790" lon="-71.1177650">
    <ele>3.2</ele>
    <time>2025-07-04T18:48:32Z</time>
   </trkpt>
   <trkpt lat="42.3553200" lon="-71.1177980">
    <ele>3.2</ele>
    <time>2025-07-04T18:48:33Z</time>
   </trkpt>
   <trkpt lat="42.3553600" lon="-71.1178200">
    <ele>3.2</ele>
    <time>2025-07-04T18:48:34Z</time>
   </trkpt>
   <trkpt lat="42.3554170" lon="-71.1178310">
    <ele>3.2</ele>
    <time>2025-07-04T18:48:35Z</time>
   </trkpt>
   <trkpt lat="42.3554780" lon="-71.1178390">
    <ele>3.1</ele>
    <time>2025-07-04T18:48:36Z</time>
   </trkpt>
   <trkpt lat="42.3555360" lon="-71.1178610">
    <ele>3.1</ele>
    <time>2025-07-04T18:48:37Z</time>
   </trkpt>
   <trkpt lat="42.3555820" lon="-71.1178680">
    <ele>3.1</ele>
    <time>2025-07-04T18:48:38Z</time>
   </trkpt>
   <trkpt lat="42.3556400" lon="-71.1178970">
    <ele>3.0</ele>
    <time>2025-07-04T18:48:39Z</time>
   </trkpt>
   <trkpt lat="42.3557070" lon="-71.1179380">
    <ele>3.0</ele>
    <time>2025-07-04T18:48:40Z</time>
   </trkpt>
   <trkpt lat="42.3557670" lon="-71.1179670">
    <ele>3.0</ele>
    <time>2025-07-04T18:48:41Z</time>
   </trkpt>
   <trkpt lat="42.3558110" lon="-71.1179730">
    <ele>2.9</ele>
    <time>2025-07-04T18:48:42Z</time>
   </trkpt>
   <trkpt lat="42.3558540" lon="-71.1179840">
    <ele>2.9</ele>
    <time>2025-07-04T18:48:43Z</time>
   </trkpt>
   <trkpt lat="42.3559010" lon="-71.1179880">
    <ele>2.9</ele>
    <time>2025-07-04T18:48:44Z</time>
   </trkpt>
   <trkpt lat="42.3559480" lon="-71.1180020">
    <ele>2.9</ele>
    <time>2025-07-04T18:48:45Z</time>
   </trkpt>
   <trkpt lat="42.3559820" lon="-71.1180000">
    <ele>2.9</ele>
    <time>2025-07-04T18:48:46Z</time>
   </trkpt>
   <trkpt lat="42.3560260" lon="-71.1179950">
    <ele>2.9</ele>
    <time>2025-07-04T18:48:47Z</time>
   </trkpt>
   <trkpt lat="42.3560640" lon="-71.1180030">
    <ele>2.9</ele>
    <time>2025-07-04T18:48:48Z</time>
   </trkpt>
   <trkpt lat="42.3561190" lon="-71.1180070">
    <ele>2.9</ele>
    <time>2025-07-04T18:48:49Z</time>
   </trkpt>
   <trkpt lat="42.3561590" lon="-71.1180000">
    <ele>2.9</ele>
    <time>2025-07-04T18:48:50Z</time>
   </trkpt>
   <trkpt lat="42.3562080" lon="-71.1179960">
    <ele>2.9</ele>
    <time>2025-07-04T18:48:51Z</time>
   </trkpt>
   <trkpt lat="42.3562490" lon="-71.1179970">
    <ele>2.9</ele>
    <time>2025-07-04T18:48:52Z</time>
   </trkpt>
   <trkpt lat="42.3562900" lon="-71.1180040">
    <ele>2.9</ele>
    <time>2025-07-04T18:48:53Z</time>
   </trkpt>
   <trkpt lat="42.3563490" lon="-71.1179950">
    <ele>3.0</ele>
    <time>2025-07-04T18:48:54Z</time>
   </trkpt>
   <trkpt lat="42.3564130" lon="-71.1179830">
    <ele>3.0</ele>
    <time>2025-07-04T18:48:55Z</time>
   </trkpt>
   <trkpt lat="42.3564670" lon="-71.1179810">
    <ele>3.0</ele>
    <time>2025-07-04T18:48:56Z</time>
   </trkpt>
   <trkpt lat="42.3565230" lon="-71.1179780">
    <ele>3.0</ele>
    <time>2025-07-04T18:48:57Z</time>
   </trkpt>
   <trkpt lat="42.3565810" lon="-71.1179840">
    <ele>2.9</ele>
    <time>2025-07-04T18:48:58Z</time>
   </trkpt>
   <trkpt lat="42.3566320" lon="-71.1179830">
    <ele>2.9</ele>
    <time>2025-07-04T18:48:59Z</time>
   </trkpt>
   <trkpt lat="42.3566740" lon="-71.1179790">
    <ele>2.9</ele>
    <time>2025-07-04T18:49:00Z</time>
   </trkpt>
   <trkpt lat="42.3567170" lon="-71.1179720">
    <ele>2.9</ele>
    <time>2025-07-04T18:49:01Z</time>
   </trkpt>
   <trkpt lat="42.3567530" lon="-71.1179580">
    <ele>3.0</ele>
    <time>2025-07-04T18:49:02Z</time>
   </trkpt>
   <trkpt lat="42.3568050" lon="-71.1179530">
    <ele>3.0</ele>
    <time>2025-07-04T18:49:03Z</time>
   </trkpt>
   <trkpt lat="42.3568590" lon="-71.1179360">
    <ele>3.1</ele>
    <time>2025-07-04T18:49:04Z</time>
   </trkpt>
   <trkpt lat="42.3568950" lon="-71.1179240">
    <ele>3.1</ele>
    <time>2025-07-04T18:49:05Z</time>
   </trkpt>
   <trkpt lat="42.3569540" lon="-71.1179120">
    <ele>3.2</ele>
    <time>2025-07-04T18:49:06Z</time>
   </trkpt>
   <trkpt lat="42.3569950" lon="-71.1178980">
    <ele>3.2</ele>
    <time>2025-07-04T18:49:07Z</time>
   </trkpt>
   <trkpt lat="42.3570520" lon="-71.1178850">
    <ele>3.2</ele>
    <time>2025-07-04T18:49:08Z</time>
   </trkpt>
   <trkpt lat="42.3570930" lon="-71.1178770">
    <ele>3.2</ele>
    <time>2025-07-04T18:49:09Z</time>
   </trkpt>
   <trkpt lat="42.3571310" lon="-71.1178720">
    <ele>3.3</ele>
    <time>2025-07-04T18:49:10Z</time>
   </trkpt>
   <trkpt lat="42.3571820" lon="-71.1178600">
    <ele>3.3</ele>
    <time>2025-07-04T18:49:11Z</time>
   </trkpt>
   <trkpt lat="42.3572270" lon="-71.1178400">
    <ele>3.3</ele>
    <time>2025-07-04T18:49:12Z</time>
   </trkpt>
   <trkpt lat="42.3572830" lon="-71.1178180">
    <ele>3.2</ele>
    <time>2025-07-04T18:49:13Z</time>
   </trkpt>
   <trkpt lat="42.3573280" lon="-71.1178190">
    <ele>3.2</ele>
    <time>2025-07-04T18:49:14Z</time>
   </trkpt>
   <trkpt lat="42.3573620" lon="-71.1178040">
    <ele>3.2</ele>
    <time>2025-07-04T18:49:15Z</time>
   </trkpt>
   <trkpt lat="42.3574200" lon="-71.1177960">
    <ele>3.2</ele>
    <time>2025-07-04T18:49:16Z</time>
   </trkpt>
   <trkpt lat="42.3574450" lon="-71.1177800">
    <ele>3.2</ele>
    <time>2025-07-04T18:49:17Z</time>
   </trkpt>
   <trkpt lat="42.3574990" lon="-71.1177640">
    <ele>3.1</ele>
    <time>2025-07-04T18:49:18Z</time>
   </trkpt>
   <trkpt lat="42.3575500" lon="-71.1177580">
    <ele>3.1</ele>
    <time>2025-07-04T18:49:19Z</time>
   </trkpt>
   <trkpt lat="42.3576050" lon="-71.1177530">
    <ele>3.1</ele>
    <time>2025-07-04T18:49:20Z</time>
   </trkpt>
   <trkpt lat="42.3576600" lon="-71.1177330">
    <ele>3.1</ele>
    <time>2025-07-04T18:49:21Z</time>
   </trkpt>
   <trkpt lat="42.3577050" lon="-71.1177120">
    <ele>3.0</ele>
    <time>2025-07-04T18:49:22Z</time>
   </trkpt>
   <trkpt lat="42.3577500" lon="-71.1176900">
    <ele>3.0</ele>
    <time>2025-07-04T18:49:23Z</time>
   </trkpt>
   <trkpt lat="42.3577980" lon="-71.1176630">
    <ele>3.0</ele>
    <time>2025-07-04T18:49:24Z</time>
   </trkpt>
   <trkpt lat="42.3578540" lon="-71.1176460">
    <ele>2.9</ele>
    <time>2025-07-04T18:49:25Z</time>
   </trkpt>
   <trkpt lat="42.3578990" lon="-71.1176310">
    <ele>2.9</ele>
    <time>2025-07-04T18:49:26Z</time>
   </trkpt>
   <trkpt lat="42.3579550" lon="-71.1176170">
    <ele>2.9</ele>
    <time>2025-07-04T18:49:27Z</time>
   </trkpt>
   <trkpt lat="42.3579950" lon="-71.1176000">
    <ele>2.8</ele>
    <time>2025-07-04T18:49:28Z</time>
   </trkpt>
   <trkpt lat="42.3580410" lon="-71.1175850">
    <ele>2.8</ele>
    <time>2025-07-04T18:49:29Z</time>
   </trkpt>
   <trkpt lat="42.3580800" lon="-71.1175630">
    <ele>2.8</ele>
    <time>2025-07-04T18:49:30Z</time>
   </trkpt>
   <trkpt lat="42.3581210" lon="-71.1175350">
    <ele>2.7</ele>
    <time>2025-07-04T18:49:31Z</time>
   </trkpt>
   <trkpt lat="42.3581650" lon="-71.1175150">
    <ele>2.7</ele>
    <time>2025-07-04T18:49:32Z</time>
   </trkpt>
   <trkpt lat="42.3582140" lon="-71.1174910">
    <ele>2.6</ele>
    <time>2025-07-04T18:49:33Z</time>
   </trkpt>
   <trkpt lat="42.3582630" lon="-71.1174720">
    <ele>2.6</ele>
    <time>2025-07-04T18:49:34Z</time>
   </trkpt>
   <trkpt lat="42.3583160" lon="-71.1174490">
    <ele>2.5</ele>
    <time>2025-07-04T18:49:35Z</time>
   </trkpt>
   <trkpt lat="42.3583730" lon="-71.1174330">
    <ele>2.5</ele>
    <time>2025-07-04T18:49:36Z</time>
   </trkpt>
   <trkpt lat="42.3584120" lon="-71.1174070">
    <ele>2.5</ele>
    <time>2025-07-04T18:49:37Z</time>
   </trkpt>
   <trkpt lat="42.3584530" lon="-71.1173860">
    <ele>2.5</ele>
    <time>2025-07-04T18:49:38Z</time>
   </trkpt>
   <trkpt lat="42.3585060" lon="-71.1173770">
    <ele>2.5</ele>
    <time>2025-07-04T18:49:39Z</time>
   </trkpt>
   <trkpt lat="42.3585550" lon="-71.1173550">
    <ele>2.5</ele>
    <time>2025-07-04T18:49:40Z</time>
   </trkpt>
   <trkpt lat="42.3586020" lon="-71.1173340">
    <ele>2.5</ele>
    <time>2025-07-04T18:49:41Z</time>
   </trkpt>
   <trkpt lat="42.3586370" lon="-71.1173210">
    <ele>2.5</ele>
    <time>2025-07-04T18:49:42Z</time>
   </trkpt>
   <trkpt lat="42.3586770" lon="-71.1173030">
    <ele>2.5</ele>
    <time>2025-07-04T18:49:43Z</time>
   </trkpt>
   <trkpt lat="42.3587240" lon="-71.1172910">
    <ele>2.4</ele>
    <time>2025-07-04T18:49:44Z</time>
   </trkpt>
   <trkpt lat="42.3587750" lon="-71.1172750">
    <ele>2.4</ele>
    <time>2025-07-04T18:49:45Z</time>
   </trkpt>
   <trkpt lat="42.3588190" lon="-71.1172550">
    <ele>2.4</ele>
    <time>2025-07-04T18:49:46Z</time>
   </trkpt>
   <trkpt lat="42.3588550" lon="-71.1172540">
    <ele>2.4</ele>
    <time>2025-07-04T18:49:47Z</time>
   </trkpt>
   <trkpt lat="42.3588970" lon="-71.1172370">
    <ele>2.4</ele>
    <time>2025-07-04T18:49:48Z</time>
   </trkpt>
   <trkpt lat="42.3589150" lon="-71.1172270">
    <ele>2.4</ele>
    <time>2025-07-04T18:49:49Z</time>
   </trkpt>
   <trkpt lat="42.3589520" lon="-71.1172100">
    <ele>2.4</ele>
    <time>2025-07-04T18:49:50Z</time>
   </trkpt>
   <trkpt lat="42.3589830" lon="-71.1171850">
    <ele>2.4</ele>
    <time>2025-07-04T18:49:51Z</time>
   </trkpt>
   <trkpt lat="42.3590210" lon="-71.1171810">
    <ele>2.4</ele>
    <time>2025-07-04T18:49:52Z</time>
   </trkpt>
   <trkpt lat="42.3590750" lon="-71.1171790">
    <ele>2.4</ele>
    <time>2025-07-04T18:49:53Z</time>
   </trkpt>
   <trkpt lat="42.3591330" lon="-71.1171670">
    <ele>2.4</ele>
    <time>2025-07-04T18:49:54Z</time>
   </trkpt>
   <trkpt lat="42.3591690" lon="-71.1171420">
    <ele>2.4</ele>
    <time>2025-07-04T18:49:55Z</time>
   </trkpt>
   <trkpt lat="42.3592010" lon="-71.1171480">
    <ele>2.4</ele>
    <time>2025-07-04T18:49:56Z</time>
   </trkpt>
   <trkpt lat="42.3592310" lon="-71.1171610">
    <ele>2.4</ele>
    <time>2025-07-04T18:49:57Z</time>
   </trkpt>
   <trkpt lat="42.3592700" lon="-71.1171520">
    <ele>2.4</ele>
    <time>2025-07-04T18:49:58Z</time>
   </trkpt>
   <trkpt lat="42.3593150" lon="-71.1171550">
    <ele>2.4</ele>
    <time>2025-07-04T18:49:59Z</time>
   </trkpt>
   <trkpt lat="42.3593590" lon="-71.1171550">
    <ele>2.4</ele>
    <time>2025-07-04T18:50:00Z</time>
   </trkpt>
   <trkpt lat="42.3594070" lon="-71.1171480">
    <ele>2.4</ele>
    <time>2025-07-04T18:50:01Z</time>
   </trkpt>
   <trkpt lat="42.3594600" lon="-71.1171400">
    <ele>2.4</ele>
    <time>2025-07-04T18:50:02Z</time>
   </trkpt>
   <trkpt lat="42.3595220" lon="-71.1171340">
    <ele>2.4</ele>
    <time>2025-07-04T18:50:03Z</time>
   </trkpt>
   <trkpt lat="42.3595760" lon="-71.1171440">
    <ele>2.5</ele>
    <time>2025-07-04T18:50:04Z</time>
   </trkpt>
   <trkpt lat="42.3596260" lon="-71.1171380">
    <ele>2.5</ele>
    <time>2025-07-04T18:50:05Z</time>
   </trkpt>
   <trkpt lat="42.3596840" lon="-71.1171400">
    <ele>2.5</ele>
    <time>2025-07-04T18:50:06Z</time>
   </trkpt>
   <trkpt lat="42.3597360" lon="-71.1171340">
    <ele>2.5</ele>
    <time>2025-07-04T18:50:07Z</time>
   </trkpt>
   <trkpt lat="42.3597960" lon="-71.1171440">
    <ele>2.6</ele>
    <time>2025-07-04T18:50:08Z</time>
   </trkpt>
   <trkpt lat="42.3598480" lon="-71.1171540">
    <ele>2.6</ele>
    <time>2025-07-04T18:50:09Z</time>
   </trkpt>
   <trkpt lat="42.3599020" lon="-71.1171610">
    <ele>2.7</ele>
    <time>2025-07-04T18:50:10Z</time>
   </trkpt>
   <trkpt lat="42.3599490" lon="-71.1171540">
    <ele>2.7</ele>
    <time>2025-07-04T18:50:11Z</time>
   </trkpt>
   <trkpt lat="42.3599970" lon="-71.1171570">
    <ele>2.8</ele>
    <time>2025-07-04T18:50:12Z</time>
   </trkpt>
   <trkpt lat="42.3600550" lon="-71.1171760">
    <ele>2.9</ele>
    <time>2025-07-04T18:50:13Z</time>
   </trkpt>
   <trkpt lat="42.3601040" lon="-71.1171820">
    <ele>2.9</ele>
    <time>2025-07-04T18:50:14Z</time>
   </trkpt>
   <trkpt lat="42.3601520" lon="-71.1171900">
    <ele>3.0</ele>
    <time>2025-07-04T18:50:15Z</time>
   </trkpt>
   <trkpt lat="42.3601940" lon="-71.1172020">
    <ele>3.1</ele>
    <time>2025-07-04T18:50:16Z</time>
   </trkpt>
   <trkpt lat="42.3602310" lon="-71.1172070">
    <ele>3.1</ele>
    <time>2025-07-04T18:50:17Z</time>
   </trkpt>
   <trkpt lat="42.3602840" lon="-71.1172160">
    <ele>3.2</ele>
    <time>2025-07-04T18:50:18Z</time>
   </trkpt>
   <trkpt lat="42.3603240" lon="-71.1172100">
    <ele>3.2</ele>
    <time>2025-07-04T18:50:19Z</time>
   </trkpt>
   <trkpt lat="42.3603760" lon="-71.1172180">
    <ele>3.3</ele>
    <time>2025-07-04T18:50:20Z</time>
   </trkpt>
   <trkpt lat="42.3604150" lon="-71.1172230">
    <ele>3.4</ele>
    <time>2025-07-04T18:50:21Z</time>
   </trkpt>
   <trkpt lat="42.3604420" lon="-71.1172120">
    <ele>3.4</ele>
    <time>2025-07-04T18:50:22Z</time>
   </trkpt>
   <trkpt lat="42.3604940" lon="-71.1172260">
    <ele>3.5</ele>
    <time>2025-07-04T18:50:23Z</time>
   </trkpt>
   <trkpt lat="42.3605380" lon="-71.1172350">
    <ele>3.6</ele>
    <time>2025-07-04T18:50:24Z</time>
   </trkpt>
   <trkpt lat="42.3605800" lon="-71.1172420">
    <ele>3.7</ele>
    <time>2025-07-04T18:50:25Z</time>
   </trkpt>
   <trkpt lat="42.3606190" lon="-71.1172440">
    <ele>3.8</ele>
    <time>2025-07-04T18:50:26Z</time>
   </trkpt>
   <trkpt lat="42.3606490" lon="-71.1172370">
    <ele>3.9</ele>
    <time>2025-07-04T18:50:27Z</time>
   </trkpt>
   <trkpt lat="42.3606590" lon="-71.1172410">
    <ele>3.9</ele>
    <time>2025-07-04T18:50:28Z</time>
   </trkpt>
   <trkpt lat="42.3606960" lon="-71.1172420">
    <ele>4.0</ele>
    <time>2025-07-04T18:50:29Z</time>
   </trkpt>
   <trkpt lat="42.3607070" lon="-71.1172450">
    <ele>4.0</ele>
    <time>2025-07-04T18:50:30Z</time>
   </trkpt>
   <trkpt lat="42.3607450" lon="-71.1172500">
    <ele>4.1</ele>
    <time>2025-07-04T18:50:31Z</time>
   </trkpt>
   <trkpt lat="42.3607570" lon="-71.1172500">
    <ele>4.2</ele>
    <time>2025-07-04T18:50:32Z</time>
   </trkpt>
   <trkpt lat="42.3607840" lon="-71.1172460">
    <ele>4.2</ele>
    <time>2025-07-04T18:50:33Z</time>
   </trkpt>
   <trkpt lat="42.3607940" lon="-71.1172510">
    <ele>4.3</ele>
    <time>2025-07-04T18:50:34Z</time>
   </trkpt>
   <trkpt lat="42.3608270" lon="-71.1172620">
    <ele>4.3</ele>
    <time>2025-07-04T18:50:35Z</time>
   </trkpt>
   <trkpt lat="42.3608370" lon="-71.1172670">
    <ele>4.4</ele>
    <time>2025-07-04T18:50:36Z</time>
   </trkpt>
   <trkpt lat="42.3608490" lon="-71.1172730">
    <ele>4.4</ele>
    <time>2025-07-04T18:50:37Z</time>
   </trkpt>
   <trkpt lat="42.3608660" lon="-71.1172830">
    <ele>4.4</ele>
    <time>2025-07-04T18:50:38Z</time>
   </trkpt>
   <trkpt lat="42.3608770" lon="-71.1172760">
    <ele>4.5</ele>
    <time>2025-07-04T18:50:39Z</time>
   </trkpt>
   <trkpt lat="42.3608950" lon="-71.1172810">
    <ele>4.5</ele>
    <time>2025-07-04T18:50:40Z</time>
   </trkpt>
   <trkpt lat="42.3609080" lon="-71.1172920">
    <ele>4.5</ele>
    <time>2025-07-04T18:50:41Z</time>
   </trkpt>
   <trkpt lat="42.3609130" lon="-71.1172930">
    <ele>4.6</ele>
    <time>2025-07-04T18:50:42Z</time>
   </trkpt>
   <trkpt lat="42.3609210" lon="-71.1173010">
    <ele>4.6</ele>
    <time>2025-07-04T18:50:43Z</time>
   </trkpt>
   <trkpt lat="42.3609330" lon="-71.1173050">
    <ele>4.6</ele>
    <time>2025-07-04T18:50:44Z</time>
   </trkpt>
   <trkpt lat="42.3609400" lon="-71.1173060">
    <ele>4.6</ele>
    <time>2025-07-04T18:50:45Z</time>
   </trkpt>
   <trkpt lat="42.3609480" lon="-71.1173060">
    <ele>4.6</ele>
    <time>2025-07-04T18:50:46Z</time>
   </trkpt>
   <trkpt lat="42.3609560" lon="-71.1173060">
    <ele>4.6</ele>
    <time>2025-07-04T18:50:47Z</time>
   </trkpt>
   <trkpt lat="42.3609630" lon="-71.1173070">
    <ele>4.6</ele>
    <time>2025-07-04T18:50:48Z</time>
   </trkpt>
   <trkpt lat="42.3609710" lon="-71.1173070">
    <ele>4.6</ele>
    <time>2025-07-04T18:50:49Z</time>
   </trkpt>
   <trkpt lat="42.3609780" lon="-71.1173080">
    <ele>4.6</ele>
    <time>2025-07-04T18:50:50Z</time>
   </trkpt>
   <trkpt lat="42.3609860" lon="-71.1173080">
    <ele>4.7</ele>
    <time>2025-07-04T18:50:51Z</time>
   </trkpt>
   <trkpt lat="42.3609940" lon="-71.1173080">
    <ele>4.7</ele>
    <time>2025-07-04T18:51:17Z</time>
   </trkpt>
   <trkpt lat="42.3610010" lon="-71.1173090">
    <ele>4.7</ele>
    <time>2025-07-04T18:51:18Z</time>
   </trkpt>
   <trkpt lat="42.3610090" lon="-71.1173090">
    <ele>4.7</ele>
    <time>2025-07-04T18:51:19Z</time>
   </trkpt>
   <trkpt lat="42.3610170" lon="-71.1173090">
    <ele>4.7</ele>
    <time>2025-07-04T18:51:20Z</time>
   </trkpt>
   <trkpt lat="42.3610240" lon="-71.1173100">
    <ele>4.7</ele>
    <time>2025-07-04T18:51:21Z</time>
   </trkpt>
   <trkpt lat="42.3610320" lon="-71.1173100">
    <ele>4.7</ele>
    <time>2025-07-04T18:51:22Z</time>
   </trkpt>
   <trkpt lat="42.3610400" lon="-71.1173100">
    <ele>4.7</ele>
    <time>2025-07-04T18:51:23Z</time>
   </trkpt>
   <trkpt lat="42.3610470" lon="-71.1173110">
    <ele>4.7</ele>
    <time>2025-07-04T18:51:24Z</time>
   </trkpt>
   <trkpt lat="42.3610550" lon="-71.1173110">
    <ele>4.7</ele>
    <time>2025-07-04T18:51:25Z</time>
   </trkpt>
   <trkpt lat="42.3610620" lon="-71.1173120">
    <ele>4.7</ele>
    <time>2025-07-04T18:51:26Z</time>
   </trkpt>
   <trkpt lat="42.3610700" lon="-71.1173120">
    <ele>4.7</ele>
    <time>2025-07-04T18:51:27Z</time>
   </trkpt>
   <trkpt lat="42.3610780" lon="-71.1173120">
    <ele>4.7</ele>
    <time>2025-07-04T18:52:16Z</time>
   </trkpt>
   <trkpt lat="42.3610850" lon="-71.1173130">
    <ele>4.7</ele>
    <time>2025-07-04T18:52:17Z</time>
   </trkpt>
   <trkpt lat="42.3610930" lon="-71.1173130">
    <ele>4.7</ele>
    <time>2025-07-04T18:52:18Z</time>
   </trkpt>
   <trkpt lat="42.3611250" lon="-71.1173300">
    <ele>4.7</ele>
    <time>2025-07-04T18:52:19Z</time>
   </trkpt>
   <trkpt lat="42.3611500" lon="-71.1173540">
    <ele>4.7</ele>
    <time>2025-07-04T18:52:20Z</time>
   </trkpt>
   <trkpt lat="42.3611720" lon="-71.1173900">
    <ele>4.7</ele>
    <time>2025-07-04T18:52:21Z</time>
   </trkpt>
   <trkpt lat="42.3612110" lon="-71.1173850">
    <ele>4.6</ele>
    <time>2025-07-04T18:52:22Z</time>
   </trkpt>
   <trkpt lat="42.3612250" lon="-71.1173930">
    <ele>4.5</ele>
    <time>2025-07-04T18:52:23Z</time>
   </trkpt>
   <trkpt lat="42.3612720" lon="-71.1173880">
    <ele>4.4</ele>
    <time>2025-07-04T18:52:24Z</time>
   </trkpt>
   <trkpt lat="42.3612980" lon="-71.1173780">
    <ele>4.3</ele>
    <time>2025-07-04T18:52:25Z</time>
   </trkpt>
   <trkpt lat="42.3613520" lon="-71.1173780">
    <ele>4.2</ele>
    <time>2025-07-04T18:52:26Z</time>
   </trkpt>
   <trkpt lat="42.3613980" lon="-71.1173700">
    <ele>4.0</ele>
    <time>2025-07-04T18:52:27Z</time>
   </trkpt>
   <trkpt lat="42.3614460" lon="-71.1173800">
    <ele>3.9</ele>
    <time>2025-07-04T18:52:28Z</time>
   </trkpt>
   <trkpt lat="42.3615010" lon="-71.1173900">
    <ele>3.7</ele>
    <time>2025-07-04T18:52:29Z</time>
   </trkpt>
   <trkpt lat="42.3615460" lon="-71.1174010">
    <ele>3.6</ele>
    <time>2025-07-04T18:52:30Z</time>
   </trkpt>
   <trkpt lat="42.3615970" lon="-71.1174100">
    <ele>3.5</ele>
    <time>2025-07-04T18:52:31Z</time>
   </trkpt>
   <trkpt lat="42.3616470" lon="-71.1174180">
    <ele>3.4</ele>
    <time>2025-07-04T18:52:32Z</time>
   </trkpt>
   <trkpt lat="42.3616920" lon="-71.1174260">
    <ele>3.3</ele>
    <time>2025-07-04T18:52:33Z</time>
   </trkpt>
   <trkpt lat="42.3617480" lon="-71.1174240">
    <ele>3.2</ele>
    <time>2025-07-04T18:52:34Z</time>
   </trkpt>
   <trkpt lat="42.3617930" lon="-71.1174290">
    <ele>3.2</ele>
    <time>2025-07-04T18:52:35Z</time>
   </trkpt>
   <trkpt lat="42.3618380" lon="-71.1174320">
    <ele>3.2</ele>
    <time>2025-07-04T18:52:36Z</time>
   </trkpt>
   <trkpt lat="42.3618770" lon="-71.1174410">
    <ele>3.1</ele>
    <time>2025-07-04T18:52:37Z</time>
   </trkpt>
   <trkpt lat="42.3619220" lon="-71.1174440">
    <ele>3.1</ele>
    <time>2025-07-04T18:52:38Z</time>
   </trkpt>
   <trkpt lat="42.3619670" lon="-71.1174390">
    <ele>3.1</ele>
    <time>2025-07-04T18:52:39Z</time>
   </trkpt>
   <trkpt lat="42.3619870" lon="-71.1174500">
    <ele>3.1</ele>
    <time>2025-07-04T18:52:40Z</time>
   </trkpt>
   <trkpt lat="42.3620380" lon="-71.1174600">
    <ele>3.2</ele>
    <time>2025-07-04T18:52:41Z</time>
   </trkpt>
   <trkpt lat="42.3620910" lon="-71.1174770">
    <ele>3.2</ele>
    <time>2025-07-04T18:52:42Z</time>
   </trkpt>
   <trkpt lat="42.3621330" lon="-71.1174880">
    <ele>3.2</ele>
    <time>2025-07-04T18:52:43Z</time>
   </trkpt>
   <trkpt lat="42.3621680" lon="-71.1174780">
    <ele>3.3</ele>
    <time>2025-07-04T18:52:44Z</time>
   </trkpt>
   <trkpt lat="42.3622190" lon="-71.1174880">
    <ele>3.3</ele>
    <time>2025-07-04T18:52:45Z</time>
   </trkpt>
   <trkpt lat="42.3622700" lon="-71.1174990">
    <ele>3.3</ele>
    <time>2025-07-04T18:52:46Z</time>
   </trkpt>
   <trkpt lat="42.3623160" lon="-71.1175080">
    <ele>3.3</ele>
    <time>2025-07-04T18:52:47Z</time>
   </trkpt>
   <trkpt lat="42.3623570" lon="-71.1175110">
    <ele>3.3</ele>
    <time>2025-07-04T18:52:48Z</time>
   </trkpt>
   <trkpt lat="42.3623890" lon="-71.1175070">
    <ele>3.3</ele>
    <time>2025-07-04T18:52:49Z</time>
   </trkpt>
   <trkpt lat="42.3624380" lon="-71.1175010">
    <ele>3.3</ele>
    <time>2025-07-04T18:52:50Z</time>
   </trkpt>
   <trkpt lat="42.3624610" lon="-71.1174960">
    <ele>3.3</ele>
    <time>2025-07-04T18:52:51Z</time>
   </trkpt>
   <trkpt lat="42.3625080" lon="-71.1174980">
    <ele>3.3</ele>
    <time>2025-07-04T18:52:52Z</time>
   </trkpt>
   <trkpt lat="42.3625570" lon="-71.1175060">
    <ele>3.3</ele>
    <time>2025-07-04T18:52:53Z</time>
   </trkpt>
   <trkpt lat="42.3626070" lon="-71.1175110">
    <ele>3.3</ele>
    <time>2025-07-04T18:52:54Z</time>
   </trkpt>
   <trkpt lat="42.3626560" lon="-71.1175100">
    <ele>3.3</ele>
    <time>2025-07-04T18:52:55Z</time>
   </trkpt>
   <trkpt lat="42.3627090" lon="-71.1175170">
    <ele>3.3</ele>
    <time>2025-07-04T18:52:56Z</time>
   </trkpt>
   <trkpt lat="42.3627630" lon="-71.1175270">
    <ele>3.3</ele>
    <time>2025-07-04T18:52:57Z</time>
   </trkpt>
   <trkpt lat="42.3628050" lon="-71.1175390">
    <ele>3.3</ele>
    <time>2025-07-04T18:52:58Z</time>
   </trkpt>
   <trkpt lat="42.3628560" lon="-71.1175580">
    <ele>3.2</ele>
    <time>2025-07-04T18:52:59Z</time>
   </trkpt>
   <trkpt lat="42.3629020" lon="-71.1175590">
    <ele>3.2</ele>
    <time>2025-07-04T18:53:00Z</time>
   </trkpt>
   <trkpt lat="42.3629410" lon="-71.1175540">
    <ele>3.2</ele>
    <time>2025-07-04T18:53:01Z</time>
   </trkpt>
   <trkpt lat="42.3629790" lon="-71.1175570">
    <ele>3.2</ele>
    <time>2025-07-04T18:53:02Z</time>
   </trkpt>
   <trkpt lat="42.3630240" lon="-71.1175600">
    <ele>3.2</ele>
    <time>2025-07-04T18:53:03Z</time>
   </trkpt>
   <trkpt lat="42.3630660" lon="-71.1175580">
    <ele>3.2</ele>
    <time>2025-07-04T18:53:04Z</time>
   </trkpt>
   <trkpt lat="42.3631020" lon="-71.1175650">
    <ele>3.2</ele>
    <time>2025-07-04T18:53:05Z</time>
   </trkpt>
   <trkpt lat="42.3631300" lon="-71.1175680">
    <ele>3.2</ele>
    <time>2025-07-04T18:53:06Z</time>
   </trkpt>
   <trkpt lat="42.3631690" lon="-71.1175630">
    <ele>3.2</ele>
    <time>2025-07-04T18:53:07Z</time>
   </trkpt>
   <trkpt lat="42.3632080" lon="-71.1175630">
    <ele>3.2</ele>
    <time>2025-07-04T18:53:08Z</time>
   </trkpt>
   <trkpt lat="42.3632560" lon="-71.1175610">
    <ele>3.2</ele>
    <time>2025-07-04T18:53:09Z</time>
   </trkpt>
   <trkpt lat="42.3632920" lon="-71.1175650">
    <ele>3.2</ele>
    <time>2025-07-04T18:53:10Z</time>
   </trkpt>
   <trkpt lat="42.3633210" lon="-71.1175760">
    <ele>3.3</ele>
    <time>2025-07-04T18:53:11Z</time>
   </trkpt>
   <trkpt lat="42.3633640" lon="-71.1175770">
    <ele>3.3</ele>
    <time>2025-07-04T18:53:12Z</time>
   </trkpt>
   <trkpt lat="42.3634070" lon="-71.1175810">
    <ele>3.4</ele>
    <time>2025-07-04T18:53:13Z</time>
   </trkpt>
   <trkpt lat="42.3634610" lon="-71.1175900">
    <ele>3.5</ele>
    <time>2025-07-04T18:53:14Z</time>
   </trkpt>
   <trkpt lat="42.3635020" lon="-71.1176040">
    <ele>3.6</ele>
    <time>2025-07-04T18:53:15Z</time>
   </trkpt>
   <trkpt lat="42.3635470" lon="-71.1176080">
    <ele>3.7</ele>
    <time>2025-07-04T18:53:16Z</time>
   </trkpt>
   <trkpt lat="42.3635660" lon="-71.1176070">
    <ele>3.7</ele>
    <time>2025-07-04T18:53:17Z</time>
   </trkpt>
   <trkpt lat="42.3636040" lon="-71.1176140">
    <ele>3.8</ele>
    <time>2025-07-04T18:53:18Z</time>
   </trkpt>
   <trkpt lat="42.3636340" lon="-71.1176160">
    <ele>3.9</ele>
    <time>2025-07-04T18:53:19Z</time>
   </trkpt>
   <trkpt lat="42.3636650" lon="-71.1176180">
    <ele>4.0</ele>
    <time>2025-07-04T18:53:20Z</time>
   </trkpt>
   <trkpt lat="42.3637060" lon="-71.1176290">
    <ele>4.1</ele>
    <time>2025-07-04T18:53:21Z</time>
   </trkpt>
   <trkpt lat="42.3637470" lon="-71.1176440">
    <ele>4.2</ele>
    <time>2025-07-04T18:53:22Z</time>
   </trkpt>
   <trkpt lat="42.3637770" lon="-71.1176540">
    <ele>4.2</ele>
    <time>2025-07-04T18:53:23Z</time>
   </trkpt>
   <trkpt lat="42.3638120" lon="-71.1176610">
    <ele>4.3</ele>
    <time>2025-07-04T18:53:24Z</time>
   </trkpt>
   <trkpt lat="42.3638400" lon="-71.1176470">
    <ele>4.4</ele>
    <time>2025-07-04T18:53:25Z</time>
   </trkpt>
   <trkpt lat="42.3638800" lon="-71.1176260">
    <ele>4.4</ele>
    <time>2025-07-04T18:53:26Z</time>
   </trkpt>
   <trkpt lat="42.3639150" lon="-71.1176020">
    <ele>4.5</ele>
    <time>2025-07-04T18:53:27Z</time>
   </trkpt>
   <trkpt lat="42.3639540" lon="-71.1175850">
    <ele>4.6</ele>
    <time>2025-07-04T18:53:28Z</time>
   </trkpt>
   <trkpt lat="42.3639680" lon="-71.1175800">
    <ele>4.6</ele>
    <time>2025-07-04T18:53:29Z</time>
   </trkpt>
   <trkpt lat="42.3640190" lon="-71.1175790">
    <ele>4.7</ele>
    <time>2025-07-04T18:53:30Z</time>
   </trkpt>
   <trkpt lat="42.3640580" lon="-71.1175820">
    <ele>4.7</ele>
    <time>2025-07-04T18:53:31Z</time>
   </trkpt>
   <trkpt lat="42.3640930" lon="-71.1176040">
    <ele>4.7</ele>
    <time>2025-07-04T18:53:32Z</time>
   </trkpt>
   <trkpt lat="42.3641300" lon="-71.1175960">
    <ele>4.8</ele>
    <time>2025-07-04T18:53:33Z</time>
   </trkpt>
   <trkpt lat="42.3641450" lon="-71.1175950">
    <ele>4.8</ele>
    <time>2025-07-04T18:53:34Z</time>
   </trkpt>
   <trkpt lat="42.3641880" lon="-71.1175820">
    <ele>4.8</ele>
    <time>2025-07-04T18:53:35Z</time>
   </trkpt>
   <trkpt lat="42.3642310" lon="-71.1175760">
    <ele>4.8</ele>
    <time>2025-07-04T18:53:36Z</time>
   </trkpt>
   <trkpt lat="42.3642710" lon="-71.1175620">
    <ele>4.8</ele>
    <time>2025-07-04T18:53:37Z</time>
   </trkpt>
   <trkpt lat="42.3643000" lon="-71.1175680">
    <ele>4.8</ele>
    <time>2025-07-04T18:53:38Z</time>
   </trkpt>
   <trkpt lat="42.3643270" lon="-71.1175500">
    <ele>4.7</ele>
    <time>2025-07-04T18:53:39Z</time>
   </trkpt>
   <trkpt lat="42.3643620" lon="-71.1175320">
    <ele>4.6</ele>
    <time>2025-07-04T18:53:40Z</time>
   </trkpt>
   <trkpt lat="42.3643820" lon="-71.1175320">
    <ele>4.6</ele>
    <time>2025-07-04T18:53:41Z</time>
   </trkpt>
   <trkpt lat="42.3644180" lon="-71.1175140">
    <ele>4.5</ele>
    <time>2025-07-04T18:53:42Z</time>
   </trkpt>
   <trkpt lat="42.3644530" lon="-71.1175060">
    <ele>4.5</ele>
    <time>2025-07-04T18:53:43Z</time>
   </trkpt>
   <trkpt lat="42.3644960" lon="-71.1175030">
    <ele>4.3</ele>
    <time>2025-07-04T18:53:44Z</time>
   </trkpt>
   <trkpt lat="42.3645120" lon="-71.1175010">
    <ele>4.3</ele>
    <time>2025-07-04T18:53:45Z</time>
   </trkpt>
   <trkpt lat="42.3645560" lon="-71.1175000">
    <ele>4.1</ele>
    <time>2025-07-04T18:53:46Z</time>
   </trkpt>
   <trkpt lat="42.3646140" lon="-71.1174970">
    <ele>3.9</ele>
    <time>2025-07-04T18:53:47Z</time>
   </trkpt>
   <trkpt lat="42.3646610" lon="-71.1175050">
    <ele>3.8</ele>
    <time>2025-07-04T18:53:48Z</time>
   </trkpt>
   <trkpt lat="42.3647200" lon="-71.1175100">
    <ele>3.7</ele>
    <time>2025-07-04T18:53:49Z</time>
   </trkpt>
   <trkpt lat="42.3647580" lon="-71.1175160">
    <ele>3.6</ele>
    <time>2025-07-04T18:53:50Z</time>
   </trkpt>
   <trkpt lat="42.3648050" lon="-71.1175030">
    <ele>3.5</ele>
    <time>2025-07-04T18:53:51Z</time>
   </trkpt>
   <trkpt lat="42.3648770" lon="-71.1175110">
    <ele>3.3</ele>
    <time>2025-07-04T18:53:52Z</time>
   </trkpt>
   <trkpt lat="42.3649350" lon="-71.1175080">
    <ele>3.2</ele>
    <time>2025-07-04T18:53:53Z</time>
   </trkpt>
   <trkpt lat="42.3649880" lon="-71.1175120">
    <ele>3.1</ele>
    <time>2025-07-04T18:53:54Z</time>
   </trkpt>
   <trkpt lat="42.3650350" lon="-71.1175200">
    <ele>3.1</ele>
    <time>2025-07-04T18:53:55Z</time>
   </trkpt>
   <trkpt lat="42.3650850" lon="-71.1175070">
    <ele>3.0</ele>
    <time>2025-07-04T18:53:56Z</time>
   </trkpt>
   <trkpt lat="42.3651110" lon="-71.1175050">
    <ele>3.0</ele>
    <time>2025-07-04T18:53:57Z</time>
   </trkpt>
   <trkpt lat="42.3651640" lon="-71.1175160">
    <ele>3.0</ele>
    <time>2025-07-04T18:53:58Z</time>
   </trkpt>
   <trkpt lat="42.3652390" lon="-71.1175210">
    <ele>2.9</ele>
    <time>2025-07-04T18:53:59Z</time>
   </trkpt>
   <trkpt lat="42.3653130" lon="-71.1175290">
    <ele>2.8</ele>
    <time>2025-07-04T18:54:00Z</time>
   </trkpt>
   <trkpt lat="42.3653960" lon="-71.1175440">
    <ele>2.7</ele>
    <time>2025-07-04T18:54:01Z</time>
   </trkpt>
   <trkpt lat="42.3654600" lon="-71.1175540">
    <ele>2.7</ele>
    <time>2025-07-04T18:54:02Z</time>
   </trkpt>
   <trkpt lat="42.3655250" lon="-71.1175600">
    <ele>2.7</ele>
    <time>2025-07-04T18:54:03Z</time>
   </trkpt>
   <trkpt lat="42.3655960" lon="-71.1175680">
    <ele>2.7</ele>
    <time>2025-07-04T18:54:04Z</time>
   </trkpt>
   <trkpt lat="42.3656570" lon="-71.1175690">
    <ele>2.7</ele>
    <time>2025-07-04T18:54:05Z</time>
   </trkpt>
   <trkpt lat="42.3657350" lon="-71.1175670">
    <ele>2.7</ele>
    <time>2025-07-04T18:54:06Z</time>
   </trkpt>
   <trkpt lat="42.3657980" lon="-71.1175790">
    <ele>2.7</ele>
    <time>2025-07-04T18:54:07Z</time>
   </trkpt>
   <trkpt lat="42.3658460" lon="-71.1175790">
    <ele>2.7</ele>
    <time>2025-07-04T18:54:08Z</time>
   </trkpt>
   <trkpt lat="42.3658860" lon="-71.1175730">
    <ele>2.7</ele>
    <time>2025-07-04T18:54:09Z</time>
   </trkpt>
   <trkpt lat="42.3659440" lon="-71.1175830">
    <ele>2.8</ele>
    <time>2025-07-04T18:54:10Z</time>
   </trkpt>
   <trkpt lat="42.3660020" lon="-71.1175930">
    <ele>2.8</ele>
    <time>2025-07-04T18:54:11Z</time>
   </trkpt>
   <trkpt lat="42.3660410" lon="-71.1175960">
    <ele>2.8</ele>
    <time>2025-07-04T18:54:12Z</time>
   </trkpt>
   <trkpt lat="42.3660820" lon="-71.1175740">
    <ele>2.8</ele>
    <time>2025-07-04T18:54:13Z</time>
   </trkpt>
   <trkpt lat="42.3661290" lon="-71.1175990">
    <ele>2.8</ele>
    <time>2025-07-04T18:54:14Z</time>
   </trkpt>
   <trkpt lat="42.3661780" lon="-71.1175930">
    <ele>2.8</ele>
    <time>2025-07-04T18:54:15Z</time>
   </trkpt>
   <trkpt lat="42.3662260" lon="-71.1176110">
    <ele>2.8</ele>
    <time>2025-07-04T18:54:16Z</time>
   </trkpt>
   <trkpt lat="42.3662680" lon="-71.1176080">
    <ele>2.8</ele>
    <time>2025-07-04T18:54:17Z</time>
   </trkpt>
   <trkpt lat="42.3663290" lon="-71.1176200">
    <ele>2.8</ele>
    <time>2025-07-04T18:54:18Z</time>
   </trkpt>
   <trkpt lat="42.3663890" lon="-71.1176410">
    <ele>2.8</ele>
    <time>2025-07-04T18:54:19Z</time>
   </trkpt>
   <trkpt lat="42.3664310" lon="-71.1176650">
    <ele>2.8</ele>
    <time>2025-07-04T18:54:20Z</time>
   </trkpt>
   <trkpt lat="42.3664840" lon="-71.1176630">
    <ele>2.7</ele>
    <time>2025-07-04T18:54:21Z</time>
   </trkpt>
   <trkpt lat="42.3665370" lon="-71.1176760">
    <ele>2.7</ele>
    <time>2025-07-04T18:54:22Z</time>
   </trkpt>
   <trkpt lat="42.3666010" lon="-71.1176840">
    <ele>2.6</ele>
    <time>2025-07-04T18:54:23Z</time>
   </trkpt>
   <trkpt lat="42.3666600" lon="-71.1177090">
    <ele>2.5</ele>
    <time>2025-07-04T18:54:24Z</time>
   </trkpt>
   <trkpt lat="42.3667080" lon="-71.1177410">
    <ele>2.4</ele>
    <time>2025-07-04T18:54:25Z</time>
   </trkpt>
   <trkpt lat="42.3667590" lon="-71.1177470">
    <ele>2.3</ele>
    <time>2025-07-04T18:54:26Z</time>
   </trkpt>
   <trkpt lat="42.3667930" lon="-71.1177570">
    <ele>2.2</ele>
    <time>2025-07-04T18:54:27Z</time>
   </trkpt>
   <trkpt lat="42.3668540" lon="-71.1177830">
    <ele>2.1</ele>
    <time>2025-07-04T18:54:28Z</time>
   </trkpt>
   <trkpt lat="42.3669070" lon="-71.1178180">
    <ele>2.1</ele>
    <time>2025-07-04T18:54:29Z</time>
   </trkpt>
   <trkpt lat="42.3669490" lon="-71.1178320">
    <ele>2.0</ele>
    <time>2025-07-04T18:54:30Z</time>
   </trkpt>
   <trkpt lat="42.3669920" lon="-71.1178630">
    <ele>2.0</ele>
    <time>2025-07-04T18:54:31Z</time>
   </trkpt>
   <trkpt lat="42.3670460" lon="-71.1178810">
    <ele>1.9</ele>
    <time>2025-07-04T18:54:32Z</time>
   </trkpt>
   <trkpt lat="42.3670950" lon="-71.1178820">
    <ele>1.8</ele>
    <time>2025-07-04T18:54:33Z</time>
   </trkpt>
   <trkpt lat="42.3671190" lon="-71.1178940">
    <ele>1.8</ele>
    <time>2025-07-04T18:54:34Z</time>
   </trkpt>
   <trkpt lat="42.3671580" lon="-71.1179110">
    <ele>1.8</ele>
    <time>2025-07-04T18:54:35Z</time>
   </trkpt>
   <trkpt lat="42.3672030" lon="-71.1179610">
    <ele>1.8</ele>
    <time>2025-07-04T18:54:36Z</time>
   </trkpt>
   <trkpt lat="42.3672350" lon="-71.1179690">
    <ele>1.7</ele>
    <time>2025-07-04T18:54:37Z</time>
   </trkpt>
   <trkpt lat="42.3672890" lon="-71.1179970">
    <ele>1.7</ele>
    <time>2025-07-04T18:54:38Z</time>
   </trkpt>
   <trkpt lat="42.3673250" lon="-71.1180150">
    <ele>1.7</ele>
    <time>2025-07-04T18:54:39Z</time>
   </trkpt>
   <trkpt lat="42.3673590" lon="-71.1180180">
    <ele>1.7</ele>
    <time>2025-07-04T18:54:40Z</time>
   </trkpt>
   <trkpt lat="42.3673920" lon="-71.1180500">
    <ele>1.7</ele>
    <time>2025-07-04T18:54:41Z</time>
   </trkpt>
   <trkpt lat="42.3674290" lon="-71.1180830">
    <ele>1.7</ele>
    <time>2025-07-04T18:54:42Z</time>
   </trkpt>
   <trkpt lat="42.3674630" lon="-71.1181090">
    <ele>1.7</ele>
    <time>2025-07-04T18:54:43Z</time>
   </trkpt>
   <trkpt lat="42.3675020" lon="-71.1181610">
    <ele>1.7</ele>
    <time>2025-07-04T18:54:44Z</time>
   </trkpt>
   <trkpt lat="42.3675430" lon="-71.1181900">
    <ele>1.7</ele>
    <time>2025-07-04T18:54:45Z</time>
   </trkpt>
   <trkpt lat="42.3675720" lon="-71.1182380">
    <ele>1.8</ele>
    <time>2025-07-04T18:54:46Z</time>
   </trkpt>
   <trkpt lat="42.3676230" lon="-71.1182740">
    <ele>1.8</ele>
    <time>2025-07-04T18:54:47Z</time>
   </trkpt>
   <trkpt lat="42.3676560" lon="-71.1183340">
    <ele>1.9</ele>
    <time>2025-07-04T18:54:48Z</time>
   </trkpt>
   <trkpt lat="42.3676850" lon="-71.1183820">
    <ele>2.0</ele>
    <time>2025-07-04T18:54:49Z</time>
   </trkpt>
   <trkpt lat="42.3677230" lon="-71.1184290">
    <ele>2.1</ele>
    <time>2025-07-04T18:54:50Z</time>
   </trkpt>
   <trkpt lat="42.3677530" lon="-71.1184670">
    <ele>2.2</ele>
    <time>2025-07-04T18:54:51Z</time>
   </trkpt>
   <trkpt lat="42.3677740" lon="-71.1185180">
    <ele>2.4</ele>
    <time>2025-07-04T18:54:52Z</time>
   </trkpt>
   <trkpt lat="42.3677930" lon="-71.1185720">
    <ele>2.5</ele>
    <time>2025-07-04T18:54:53Z</time>
   </trkpt>
   <trkpt lat="42.3678190" lon="-71.1186190">
    <ele>2.7</ele>
    <time>2025-07-04T18:54:54Z</time>
   </trkpt>
   <trkpt lat="42.3678470" lon="-71.1186700">
    <ele>2.8</ele>
    <time>2025-07-04T18:54:55Z</time>
   </trkpt>
   <trkpt lat="42.3678790" lon="-71.1187280">
    <ele>3.0</ele>
    <time>2025-07-04T18:54:56Z</time>
   </trkpt>
   <trkpt lat="42.3678970" lon="-71.1188130">
    <ele>3.0</ele>
    <time>2025-07-04T18:54:57Z</time>
   </trkpt>
   <trkpt lat="42.3679160" lon="-71.1188960">
    <ele>2.7</ele>
    <time>2025-07-04T18:54:58Z</time>
   </trkpt>
   <trkpt lat="42.3679380" lon="-71.1189860">
    <ele>2.5</ele>
    <time>2025-07-04T18:54:59Z</time>
   </trkpt>
   <trkpt lat="42.3679550" lon="-71.1190520">
    <ele>2.3</ele>
    <time>2025-07-04T18:55:00Z</time>
   </trkpt>
   <trkpt lat="42.3679690" lon="-71.1191290">
    <ele>2.1</ele>
    <time>2025-07-04T18:55:01Z</time>
   </trkpt>
   <trkpt lat="42.3679780" lon="-71.1192310">
    <ele>1.8</ele>
    <time>2025-07-04T18:55:02Z</time>
   </trkpt>
   <trkpt lat="42.3679720" lon="-71.1193120">
    <ele>1.7</ele>
    <time>2025-07-04T18:55:03Z</time>
   </trkpt>
   <trkpt lat="42.3679780" lon="-71.1193960">
    <ele>1.6</ele>
    <time>2025-07-04T18:55:04Z</time>
   </trkpt>
   <trkpt lat="42.3680000" lon="-71.1194750">
    <ele>1.5</ele>
    <time>2025-07-04T18:55:05Z</time>
   </trkpt>
   <trkpt lat="42.3680100" lon="-71.1195700">
    <ele>1.5</ele>
    <time>2025-07-04T18:55:06Z</time>
   </trkpt>
   <trkpt lat="42.3680120" lon="-71.1196630">
    <ele>1.4</ele>
    <time>2025-07-04T18:55:07Z</time>
   </trkpt>
   <trkpt lat="42.3680050" lon="-71.1197530">
    <ele>1.4</ele>
    <time>2025-07-04T18:55:08Z</time>
   </trkpt>
   <trkpt lat="42.3680120" lon="-71.1198560">
    <ele>1.4</ele>
    <time>2025-07-04T18:55:09Z</time>
   </trkpt>
   <trkpt lat="42.3680150" lon="-71.1199290">
    <ele>1.4</ele>
    <time>2025-07-04T18:55:10Z</time>
   </trkpt>
   <trkpt lat="42.3680200" lon="-71.1200140">
    <ele>1.4</ele>
    <time>2025-07-04T18:55:11Z</time>
   </trkpt>
   <trkpt lat="42.3680210" lon="-71.1200930">
    <ele>1.4</ele>
    <time>2025-07-04T18:55:12Z</time>
   </trkpt>
   <trkpt lat="42.3680240" lon="-71.1201810">
    <ele>1.4</ele>
    <time>2025-07-04T18:55:13Z</time>
   </trkpt>
   <trkpt lat="42.3680300" lon="-71.1202610">
    <ele>1.4</ele>
    <time>2025-07-04T18:55:14Z</time>
   </trkpt>
   <trkpt lat="42.3680300" lon="-71.1203490">
    <ele>1.4</ele>
    <time>2025-07-04T18:55:15Z</time>
   </trkpt>
   <trkpt lat="42.3680330" lon="-71.1204260">
    <ele>1.4</ele>
    <time>2025-07-04T18:55:16Z</time>
   </trkpt>
   <trkpt lat="42.3680360" lon="-71.1205070">
    <ele>1.4</ele>
    <time>2025-07-04T18:55:17Z</time>
   </trkpt>
   <trkpt lat="42.3680400" lon="-71.1205900">
    <ele>1.5</ele>
    <time>2025-07-04T18:55:18Z</time>
   </trkpt>
   <trkpt lat="42.3680400" lon="-71.1206720">
    <ele>1.5</ele>
    <time>2025-07-04T18:55:19Z</time>
   </trkpt>
   <trkpt lat="42.3680520" lon="-71.1207490">
    <ele>1.6</ele>
    <time>2025-07-04T18:55:20Z</time>
   </trkpt>
   <trkpt lat="42.3680500" lon="-71.1208140">
    <ele>1.6</ele>
    <time>2025-07-04T18:55:21Z</time>
   </trkpt>
   <trkpt lat="42.3680460" lon="-71.1208840">
    <ele>1.7</ele>
    <time>2025-07-04T18:55:22Z</time>
   </trkpt>
   <trkpt lat="42.3680380" lon="-71.1209470">
    <ele>1.7</ele>
    <time>2025-07-04T18:55:23Z</time>
   </trkpt>
   <trkpt lat="42.3680620" lon="-71.1209820">
    <ele>1.8</ele>
    <time>2025-07-04T18:55:24Z</time>
   </trkpt>
   <trkpt lat="42.3680800" lon="-71.1210450">
    <ele>1.8</ele>
    <time>2025-07-04T18:55:25Z</time>
   </trkpt>
   <trkpt lat="42.3680700" lon="-71.1211140">
    <ele>1.9</ele>
    <time>2025-07-04T18:55:26Z</time>
   </trkpt>
   <trkpt lat="42.3680630" lon="-71.1211470">
    <ele>1.9</ele>
    <time>2025-07-04T18:55:27Z</time>
   </trkpt>
   <trkpt lat="42.3680680" lon="-71.1212140">
    <ele>1.9</ele>
    <time>2025-07-04T18:55:28Z</time>
   </trkpt>
   <trkpt lat="42.3680630" lon="-71.1213090">
    <ele>2.0</ele>
    <time>2025-07-04T18:55:29Z</time>
   </trkpt>
   <trkpt lat="42.3680630" lon="-71.1213810">
    <ele>2.0</ele>
    <time>2025-07-04T18:55:30Z</time>
   </trkpt>
   <trkpt lat="42.3680660" lon="-71.1214320">
    <ele>2.0</ele>
    <time>2025-07-04T18:55:31Z</time>
   </trkpt>
   <trkpt lat="42.3680690" lon="-71.1214900">
    <ele>2.0</ele>
    <time>2025-07-04T18:55:32Z</time>
   </trkpt>
   <trkpt lat="42.3680760" lon="-71.1215550">
    <ele>2.1</ele>
    <time>2025-07-04T18:55:33Z</time>
   </trkpt>
   <trkpt lat="42.3680850" lon="-71.1216360">
    <ele>2.1</ele>
    <time>2025-07-04T18:55:34Z</time>
   </trkpt>
   <trkpt lat="42.3680840" lon="-71.1216800">
    <ele>2.1</ele>
    <time>2025-07-04T18:55:35Z</time>
   </trkpt>
   <trkpt lat="42.3680950" lon="-71.1217430">
    <ele>2.2</ele>
    <time>2025-07-04T18:55:36Z</time>
   </trkpt>
   <trkpt lat="42.3680950" lon="-71.1218180">
    <ele>2.2</ele>
    <time>2025-07-04T18:55:37Z</time>
   </trkpt>
   <trkpt lat="42.3681070" lon="-71.1218910">
    <ele>2.3</ele>
    <time>2025-07-04T18:55:38Z</time>
   </trkpt>
   <trkpt lat="42.3681250" lon="-71.1219340">
    <ele>2.3</ele>
    <time>2025-07-04T18:55:39Z</time>
   </trkpt>
   <trkpt lat="42.3681330" lon="-71.1219890">
    <ele>2.4</ele>
    <time>2025-07-04T18:55:40Z</time>
   </trkpt>
   <trkpt lat="42.3681410" lon="-71.1220530">
    <ele>2.5</ele>
    <time>2025-07-04T18:55:41Z</time>
   </trkpt>
   <trkpt lat="42.3681540" lon="-71.1221130">
    <ele>2.5</ele>
    <time>2025-07-04T18:55:42Z</time>
   </trkpt>
   <trkpt lat="42.3681670" lon="-71.1221840">
    <ele>2.6</ele>
    <time>2025-07-04T18:55:43Z</time>
   </trkpt>
   <trkpt lat="42.3681750" lon="-71.1222490">
    <ele>2.7</ele>
    <time>2025-07-04T18:55:44Z</time>
   </trkpt>
   <trkpt lat="42.3681820" lon="-71.1223060">
    <ele>2.8</ele>
    <time>2025-07-04T18:55:45Z</time>
   </trkpt>
   <trkpt lat="42.3681960" lon="-71.1223510">
    <ele>2.9</ele>
    <time>2025-07-04T18:55:46Z</time>
   </trkpt>
   <trkpt lat="42.3682240" lon="-71.1224050">
    <ele>3.0</ele>
    <time>2025-07-04T18:55:47Z</time>
   </trkpt>
   <trkpt lat="42.3682360" lon="-71.1224640">
    <ele>3.1</ele>
    <time>2025-07-04T18:55:48Z</time>
   </trkpt>
   <trkpt lat="42.3682520" lon="-71.1225240">
    <ele>3.2</ele>
    <time>2025-07-04T18:55:49Z</time>
   </trkpt>
   <trkpt lat="42.3682640" lon="-71.1225860">
    <ele>3.4</ele>
    <time>2025-07-04T18:55:50Z</time>
   </trkpt>
   <trkpt lat="42.3682790" lon="-71.1226350">
    <ele>3.5</ele>
    <time>2025-07-04T18:55:51Z</time>
   </trkpt>
   <trkpt lat="42.3682940" lon="-71.1226950">
    <ele>3.6</ele>
    <time>2025-07-04T18:55:52Z</time>
   </trkpt>
   <trkpt lat="42.3683120" lon="-71.1227450">
    <ele>3.7</ele>
    <time>2025-07-04T18:55:53Z</time>
   </trkpt>
   <trkpt lat="42.3683220" lon="-71.1227810">
    <ele>3.9</ele>
    <time>2025-07-04T18:55:54Z</time>
   </trkpt>
   <trkpt lat="42.3683380" lon="-71.1228310">
    <ele>4.0</ele>
    <time>2025-07-04T18:55:55Z</time>
   </trkpt>
   <trkpt lat="42.3683540" lon="-71.1228670">
    <ele>4.1</ele>
    <time>2025-07-04T18:55:56Z</time>
   </trkpt>
   <trkpt lat="42.3683790" lon="-71.1229190">
    <ele>4.3</ele>
    <time>2025-07-04T18:55:57Z</time>
   </trkpt>
   <trkpt lat="42.3684000" lon="-71.1229590">
    <ele>4.5</ele>
    <time>2025-07-04T18:55:58Z</time>
   </trkpt>
   <trkpt lat="42.3684220" lon="-71.1230130">
    <ele>4.7</ele>
    <time>2025-07-04T18:55:59Z</time>
   </trkpt>
   <trkpt lat="42.3684470" lon="-71.1230640">
    <ele>4.9</ele>
    <time>2025-07-04T18:56:00Z</time>
   </trkpt>
   <trkpt lat="42.3684670" lon="-71.1231070">
    <ele>5.1</ele>
    <time>2025-07-04T18:56:01Z</time>
   </trkpt>
   <trkpt lat="42.3684850" lon="-71.1231490">
    <ele>5.3</ele>
    <time>2025-07-04T18:56:02Z</time>
   </trkpt>
   <trkpt lat="42.3684940" lon="-71.1231610">
    <ele>5.3</ele>
    <time>2025-07-04T18:56:03Z</time>
   </trkpt>
   <trkpt lat="42.3685200" lon="-71.1231930">
    <ele>5.5</ele>
    <time>2025-07-04T18:56:04Z</time>
   </trkpt>
   <trkpt lat="42.3685410" lon="-71.1232290">
    <ele>5.7</ele>
    <time>2025-07-04T18:56:05Z</time>
   </trkpt>
   <trkpt lat="42.3685670" lon="-71.1232690">
    <ele>5.8</ele>
    <time>2025-07-04T18:56:06Z</time>
   </trkpt>
   <trkpt lat="42.3685860" lon="-71.1233270">
    <ele>5.9</ele>
    <time>2025-07-04T18:56:07Z</time>
   </trkpt>
   <trkpt lat="42.3686000" lon="-71.1233740">
    <ele>6.0</ele>
    <time>2025-07-04T18:56:08Z</time>
   </trkpt>
   <trkpt lat="42.3686030" lon="-71.1234320">
    <ele>6.1</ele>
    <time>2025-07-04T18:56:09Z</time>
   </trkpt>
   <trkpt lat="42.3685980" lon="-71.1234850">
    <ele>6.1</ele>
    <time>2025-07-04T18:56:10Z</time>
   </trkpt>
   <trkpt lat="42.3685900" lon="-71.1235390">
    <ele>6.1</ele>
    <time>2025-07-04T18:56:11Z</time>
   </trkpt>
   <trkpt lat="42.3685810" lon="-71.1235640">
    <ele>6.1</ele>
    <time>2025-07-04T18:56:12Z</time>
   </trkpt>
   <trkpt lat="42.3685910" lon="-71.1236220">
    <ele>5.9</ele>
    <time>2025-07-04T18:56:13Z</time>
   </trkpt>
   <trkpt lat="42.3685930" lon="-71.1236470">
    <ele>5.9</ele>
    <time>2025-07-04T18:56:14Z</time>
   </trkpt>
   <trkpt lat="42.3686220" lon="-71.1236860">
    <ele>5.8</ele>
    <time>2025-07-04T18:56:15Z</time>
   </trkpt>
   <trkpt lat="42.3686400" lon="-71.1237130">
    <ele>5.7</ele>
    <time>2025-07-04T18:56:16Z</time>
   </trkpt>
   <trkpt lat="42.3686520" lon="-71.1238010">
    <ele>5.4</ele>
    <time>2025-07-04T18:56:17Z</time>
   </trkpt>
   <trkpt lat="42.3686670" lon="-71.1238730">
    <ele>5.2</ele>
    <time>2025-07-04T18:56:18Z</time>
   </trkpt>
   <trkpt lat="42.3686870" lon="-71.1239490">
    <ele>4.9</ele>
    <time>2025-07-04T18:56:19Z</time>
   </trkpt>
   <trkpt lat="42.3687080" lon="-71.1240370">
    <ele>4.5</ele>
    <time>2025-07-04T18:56:20Z</time>
   </trkpt>
   <trkpt lat="42.3687310" lon="-71.1241160">
    <ele>4.1</ele>
    <time>2025-07-04T18:56:21Z</time>
   </trkpt>
   <trkpt lat="42.3687570" lon="-71.1241870">
    <ele>3.8</ele>
    <time>2025-07-04T18:56:22Z</time>
   </trkpt>
   <trkpt lat="42.3687820" lon="-71.1242590">
    <ele>3.6</ele>
    <time>2025-07-04T18:56:23Z</time>
   </trkpt>
   <trkpt lat="42.3688110" lon="-71.1243410">
    <ele>3.3</ele>
    <time>2025-07-04T18:56:24Z</time>
   </trkpt>
   <trkpt lat="42.3688370" lon="-71.1244290">
    <ele>3.1</ele>
    <time>2025-07-04T18:56:25Z</time>
   </trkpt>
   <trkpt lat="42.3688620" lon="-71.1245070">
    <ele>2.9</ele>
    <time>2025-07-04T18:56:26Z</time>
   </trkpt>
   <trkpt lat="42.3688870" lon="-71.1245720">
    <ele>2.8</ele>
    <time>2025-07-04T18:56:27Z</time>
   </trkpt>
   <trkpt lat="42.3689170" lon="-71.1246410">
    <ele>2.8</ele>
    <time>2025-07-04T18:56:28Z</time>
   </trkpt>
   <trkpt lat="42.3689380" lon="-71.1247160">
    <ele>2.8</ele>
    <time>2025-07-04T18:56:29Z</time>
   </trkpt>
   <trkpt lat="42.3689620" lon="-71.1247860">
    <ele>2.8</ele>
    <time>2025-07-04T18:56:30Z</time>
   </trkpt>
   <trkpt lat="42.3689810" lon="-71.1248500">
    <ele>2.7</ele>
    <time>2025-07-04T18:56:31Z</time>
   </trkpt>
   <trkpt lat="42.3690060" lon="-71.1249110">
    <ele>2.7</ele>
    <time>2025-07-04T18:56:32Z</time>
   </trkpt>
   <trkpt lat="42.3690300" lon="-71.1249830">
    <ele>2.7</ele>
    <time>2025-07-04T18:56:33Z</time>
   </trkpt>
   <trkpt lat="42.3690450" lon="-71.1250150">
    <ele>2.7</ele>
    <time>2025-07-04T18:56:34Z</time>
   </trkpt>
   <trkpt lat="42.3690650" lon="-71.1250590">
    <ele>2.7</ele>
    <time>2025-07-04T18:56:35Z</time>
   </trkpt>
   <trkpt lat="42.3690800" lon="-71.1250920">
    <ele>2.7</ele>
    <time>2025-07-04T18:56:36Z</time>
   </trkpt>
   <trkpt lat="42.3690990" lon="-71.1251430">
    <ele>2.7</ele>
    <time>2025-07-04T18:56:37Z</time>
   </trkpt>
   <trkpt lat="42.3691210" lon="-71.1252050">
    <ele>2.7</ele>
    <time>2025-07-04T18:56:38Z</time>
   </trkpt>
   <trkpt lat="42.3691400" lon="-71.1252710">
    <ele>2.8</ele>
    <time>2025-07-04T18:56:39Z</time>
   </trkpt>
   <trkpt lat="42.3691660" lon="-71.1253180">
    <ele>2.8</ele>
    <time>2025-07-04T18:56:40Z</time>
   </trkpt>
   <trkpt lat="42.3691890" lon="-71.1253800">
    <ele>2.8</ele>
    <time>2025-07-04T18:56:41Z</time>
   </trkpt>
   <trkpt lat="42.3692180" lon="-71.1253990">
    <ele>2.8</ele>
    <time>2025-07-04T18:56:42Z</time>
   </trkpt>
   <trkpt lat="42.3692560" lon="-71.1254600">
    <ele>2.8</ele>
    <time>2025-07-04T18:56:43Z</time>
   </trkpt>
   <trkpt lat="42.3692980" lon="-71.1255060">
    <ele>2.8</ele>
    <time>2025-07-04T18:56:44Z</time>
   </trkpt>
   <trkpt lat="42.3693160" lon="-71.1255330">
    <ele>2.8</ele>
    <time>2025-07-04T18:56:45Z</time>
   </trkpt>
   <trkpt lat="42.3693420" lon="-71.1255600">
    <ele>2.8</ele>
    <time>2025-07-04T18:56:46Z</time>
   </trkpt>
   <trkpt lat="42.3693710" lon="-71.1256030">
    <ele>2.7</ele>
    <time>2025-07-04T18:56:47Z</time>
   </trkpt>
   <trkpt lat="42.3694000" lon="-71.1256540">
    <ele>2.7</ele>
    <time>2025-07-04T18:56:48Z</time>
   </trkpt>
   <trkpt lat="42.3694230" lon="-71.1256970">
    <ele>2.7</ele>
    <time>2025-07-04T18:56:49Z</time>
   </trkpt>
   <trkpt lat="42.3694510" lon="-71.1257300">
    <ele>2.7</ele>
    <time>2025-07-04T18:56:50Z</time>
   </trkpt>
   <trkpt lat="42.3694690" lon="-71.1257600">
    <ele>2.7</ele>
    <time>2025-07-04T18:56:51Z</time>
   </trkpt>
   <trkpt lat="42.3694810" lon="-71.1258060">
    <ele>2.7</ele>
    <time>2025-07-04T18:56:52Z</time>
   </trkpt>
   <trkpt lat="42.3694890" lon="-71.1258200">
    <ele>2.7</ele>
    <time>2025-07-04T18:56:53Z</time>
   </trkpt>
   <trkpt lat="42.3695180" lon="-71.1258510">
    <ele>2.7</ele>
    <time>2025-07-04T18:56:54Z</time>
   </trkpt>
   <trkpt lat="42.3695500" lon="-71.1258790">
    <ele>2.7</ele>
    <time>2025-07-04T18:56:55Z</time>
   </trkpt>
   <trkpt lat="42.3695860" lon="-71.1259000">
    <ele>2.7</ele>
    <time>2025-07-04T18:56:56Z</time>
   </trkpt>
   <trkpt lat="42.3696200" lon="-71.1259330">
    <ele>2.7</ele>
    <time>2025-07-04T18:56:57Z</time>
   </trkpt>
   <trkpt lat="42.3696610" lon="-71.1259490">
    <ele>2.7</ele>
    <time>2025-07-04T18:56:58Z</time>
   </trkpt>
   <trkpt lat="42.3696930" lon="-71.1259790">
    <ele>2.7</ele>
    <time>2025-07-04T18:56:59Z</time>
   </trkpt>
   <trkpt lat="42.3697190" lon="-71.1260110">
    <ele>2.7</ele>
    <time>2025-07-04T18:57:00Z</time>
   </trkpt>
   <trkpt lat="42.3697550" lon="-71.1260400">
    <ele>2.7</ele>
    <time>2025-07-04T18:57:01Z</time>
   </trkpt>
   <trkpt lat="42.3697920" lon="-71.1260750">
    <ele>2.7</ele>
    <time>2025-07-04T18:57:02Z</time>
   </trkpt>
   <trkpt lat="42.3698250" lon="-71.1261070">
    <ele>2.6</ele>
    <time>2025-07-04T18:57:03Z</time>
   </trkpt>
   <trkpt lat="42.3698600" lon="-71.1261350">
    <ele>2.6</ele>
    <time>2025-07-04T18:57:04Z</time>
   </trkpt>
   <trkpt lat="42.3699000" lon="-71.1261750">
    <ele>2.6</ele>
    <time>2025-07-04T18:57:05Z</time>
   </trkpt>
   <trkpt lat="42.3699270" lon="-71.1262070">
    <ele>2.6</ele>
    <time>2025-07-04T18:57:06Z</time>
   </trkpt>
   <trkpt lat="42.3699560" lon="-71.1262190">
    <ele>2.6</ele>
    <time>2025-07-04T18:57:07Z</time>
   </trkpt>
   <trkpt lat="42.3699980" lon="-71.1262230">
    <ele>2.6</ele>
    <time>2025-07-04T18:57:08Z</time>
   </trkpt>
   <trkpt lat="42.3700190" lon="-71.1262330">
    <ele>2.6</ele>
    <time>2025-07-04T18:57:09Z</time>
   </trkpt>
   <trkpt lat="42.3700470" lon="-71.1262500">
    <ele>2.6</ele>
    <time>2025-07-04T18:57:10Z</time>
   </trkpt>
   <trkpt lat="42.3700880" lon="-71.1262440">
    <ele>2.5</ele>
    <time>2025-07-04T18:57:11Z</time>
   </trkpt>
   <trkpt lat="42.3701420" lon="-71.1262700">
    <ele>2.5</ele>
    <time>2025-07-04T18:57:12Z</time>
   </trkpt>
   <trkpt lat="42.3701810" lon="-71.1262920">
    <ele>2.5</ele>
    <time>2025-07-04T18:57:13Z</time>
   </trkpt>
   <trkpt lat="42.3702180" lon="-71.1263030">
    <ele>2.5</ele>
    <time>2025-07-04T18:57:14Z</time>
   </trkpt>
   <trkpt lat="42.3702610" lon="-71.1263110">
    <ele>2.4</ele>
    <time>2025-07-04T18:57:15Z</time>
   </trkpt>
   <trkpt lat="42.3703030" lon="-71.1263120">
    <ele>2.4</ele>
    <time>2025-07-04T18:57:16Z</time>
   </trkpt>
   <trkpt lat="42.3703520" lon="-71.1263260">
    <ele>2.4</ele>
    <time>2025-07-04T18:57:17Z</time>
   </trkpt>
   <trkpt lat="42.3704080" lon="-71.1263410">
    <ele>2.4</ele>
    <time>2025-07-04T18:57:18Z</time>
   </trkpt>
   <trkpt lat="42.3704520" lon="-71.1263460">
    <ele>2.4</ele>
    <time>2025-07-04T18:57:19Z</time>
   </trkpt>
   <trkpt lat="42.3704810" lon="-71.1263480">
    <ele>2.3</ele>
    <time>2025-07-04T18:57:20Z</time>
   </trkpt>
   <trkpt lat="42.3705290" lon="-71.1263560">
    <ele>2.3</ele>
    <time>2025-07-04T18:57:21Z</time>
   </trkpt>
   <trkpt lat="42.3705870" lon="-71.1263700">
    <ele>2.3</ele>
    <time>2025-07-04T18:57:22Z</time>
   </trkpt>
   <trkpt lat="42.3706420" lon="-71.1263700">
    <ele>2.3</ele>
    <time>2025-07-04T18:57:23Z</time>
   </trkpt>
   <trkpt lat="42.3706910" lon="-71.1263740">
    <ele>2.3</ele>
    <time>2025-07-04T18:57:24Z</time>
   </trkpt>
   <trkpt lat="42.3707430" lon="-71.1263780">
    <ele>2.3</ele>
    <time>2025-07-04T18:57:25Z</time>
   </trkpt>
   <trkpt lat="42.3707900" lon="-71.1263720">
    <ele>2.3</ele>
    <time>2025-07-04T18:57:26Z</time>
   </trkpt>
   <trkpt lat="42.3708400" lon="-71.1263840">
    <ele>2.3</ele>
    <time>2025-07-04T18:57:27Z</time>
   </trkpt>
   <trkpt lat="42.3708870" lon="-71.1263880">
    <ele>2.3</ele>
    <time>2025-07-04T18:57:28Z</time>
   </trkpt>
   <trkpt lat="42.3709320" lon="-71.1263890">
    <ele>2.4</ele>
    <time>2025-07-04T18:57:29Z</time>
   </trkpt>
   <trkpt lat="42.3709840" lon="-71.1264080">
    <ele>2.4</ele>
    <time>2025-07-04T18:57:30Z</time>
   </trkpt>
   <trkpt lat="42.3710250" lon="-71.1264130">
    <ele>2.4</ele>
    <time>2025-07-04T18:57:31Z</time>
   </trkpt>
   <trkpt lat="42.3710610" lon="-71.1264080">
    <ele>2.4</ele>
    <time>2025-07-04T18:57:32Z</time>
   </trkpt>
   <trkpt lat="42.3710940" lon="-71.1264100">
    <ele>2.4</ele>
    <time>2025-07-04T18:57:33Z</time>
   </trkpt>
   <trkpt lat="42.3711360" lon="-71.1264150">
    <ele>2.5</ele>
    <time>2025-07-04T18:57:34Z</time>
   </trkpt>
   <trkpt lat="42.3711680" lon="-71.1264090">
    <ele>2.5</ele>
    <time>2025-07-04T18:57:35Z</time>
   </trkpt>
   <trkpt lat="42.3712160" lon="-71.1264050">
    <ele>2.5</ele>
    <time>2025-07-04T18:57:36Z</time>
   </trkpt>
   <trkpt lat="42.3712370" lon="-71.1264060">
    <ele>2.5</ele>
    <time>2025-07-04T18:57:37Z</time>
   </trkpt>
   <trkpt lat="42.3712770" lon="-71.1264220">
    <ele>2.6</ele>
    <time>2025-07-04T18:57:38Z</time>
   </trkpt>
   <trkpt lat="42.3713160" lon="-71.1264470">
    <ele>2.6</ele>
    <time>2025-07-04T18:57:39Z</time>
   </trkpt>
   <trkpt lat="42.3713440" lon="-71.1264400">
    <ele>2.6</ele>
    <time>2025-07-04T18:57:40Z</time>
   </trkpt>
   <trkpt lat="42.3713900" lon="-71.1264700">
    <ele>2.6</ele>
    <time>2025-07-04T18:57:41Z</time>
   </trkpt>
   <trkpt lat="42.3714590" lon="-71.1265020">
    <ele>2.7</ele>
    <time>2025-07-04T18:57:42Z</time>
   </trkpt>
   <trkpt lat="42.3715240" lon="-71.1265290">
    <ele>2.7</ele>
    <time>2025-07-04T18:57:43Z</time>
   </trkpt>
   <trkpt lat="42.3715830" lon="-71.1265660">
    <ele>2.7</ele>
    <time>2025-07-04T18:57:44Z</time>
   </trkpt>
   <trkpt lat="42.3716170" lon="-71.1265760">
    <ele>2.7</ele>
    <time>2025-07-04T18:57:45Z</time>
   </trkpt>
   <trkpt lat="42.3716550" lon="-71.1266150">
    <ele>2.7</ele>
    <time>2025-07-04T18:57:46Z</time>
   </trkpt>
   <trkpt lat="42.3716890" lon="-71.1266260">
    <ele>2.7</ele>
    <time>2025-07-04T18:57:47Z</time>
   </trkpt>
   <trkpt lat="42.3717510" lon="-71.1266520">
    <ele>2.8</ele>
    <time>2025-07-04T18:57:48Z</time>
   </trkpt>
   <trkpt lat="42.3718150" lon="-71.1266790">
    <ele>2.8</ele>
    <time>2025-07-04T18:57:49Z</time>
   </trkpt>
   <trkpt lat="42.3718770" lon="-71.1267020">
    <ele>2.8</ele>
    <time>2025-07-04T18:57:50Z</time>
   </trkpt>
   <trkpt lat="42.3719340" lon="-71.1267430">
    <ele>2.9</ele>
    <time>2025-07-04T18:57:51Z</time>
   </trkpt>
   <trkpt lat="42.3719790" lon="-71.1267790">
    <ele>2.9</ele>
    <time>2025-07-04T18:57:52Z</time>
   </trkpt>
   <trkpt lat="42.3720370" lon="-71.1268160">
    <ele>3.0</ele>
    <time>2025-07-04T18:57:53Z</time>
   </trkpt>
   <trkpt lat="42.3720830" lon="-71.1268370">
    <ele>3.1</ele>
    <time>2025-07-04T18:57:54Z</time>
   </trkpt>
   <trkpt lat="42.3721330" lon="-71.1268840">
    <ele>3.1</ele>
    <time>2025-07-04T18:57:55Z</time>
   </trkpt>
   <trkpt lat="42.3721790" lon="-71.1269140">
    <ele>3.1</ele>
    <time>2025-07-04T18:57:56Z</time>
   </trkpt>
   <trkpt lat="42.3722250" lon="-71.1269630">
    <ele>3.2</ele>
    <time>2025-07-04T18:57:57Z</time>
   </trkpt>
   <trkpt lat="42.3722600" lon="-71.1269870">
    <ele>3.2</ele>
    <time>2025-07-04T18:57:58Z</time>
   </trkpt>
   <trkpt lat="42.3723060" lon="-71.1270310">
    <ele>3.2</ele>
    <time>2025-07-04T18:57:59Z</time>
   </trkpt>
   <trkpt lat="42.3723480" lon="-71.1270690">
    <ele>3.3</ele>
    <time>2025-07-04T18:58:00Z</time>
   </trkpt>
   <trkpt lat="42.3723940" lon="-71.1271140">
    <ele>3.3</ele>
    <time>2025-07-04T18:58:01Z</time>
   </trkpt>
   <trkpt lat="42.3724340" lon="-71.1271480">
    <ele>3.3</ele>
    <time>2025-07-04T18:58:02Z</time>
   </trkpt>
   <trkpt lat="42.3724680" lon="-71.1272000">
    <ele>3.3</ele>
    <time>2025-07-04T18:58:03Z</time>
   </trkpt>
   <trkpt lat="42.3725110" lon="-71.1272430">
    <ele>3.3</ele>
    <time>2025-07-04T18:58:04Z</time>
   </trkpt>
   <trkpt lat="42.3725480" lon="-71.1272830">
    <ele>3.3</ele>
    <time>2025-07-04T18:58:05Z</time>
   </trkpt>
   <trkpt lat="42.3725880" lon="-71.1273300">
    <ele>3.3</ele>
    <time>2025-07-04T18:58:06Z</time>
   </trkpt>
   <trkpt lat="42.3726300" lon="-71.1273800">
    <ele>3.4</ele>
    <time>2025-07-04T18:58:07Z</time>
   </trkpt>
   <trkpt lat="42.3726690" lon="-71.1274380">
    <ele>3.4</ele>
    <time>2025-07-04T18:58:08Z</time>
   </trkpt>
   <trkpt lat="42.3727040" lon="-71.1274840">
    <ele>3.3</ele>
    <time>2025-07-04T18:58:09Z</time>
   </trkpt>
   <trkpt lat="42.3727400" lon="-71.1275390">
    <ele>3.3</ele>
    <time>2025-07-04T18:58:10Z</time>
   </trkpt>
   <trkpt lat="42.3727740" lon="-71.1275930">
    <ele>3.3</ele>
    <time>2025-07-04T18:58:11Z</time>
   </trkpt>
   <trkpt lat="42.3728090" lon="-71.1276480">
    <ele>3.3</ele>
    <time>2025-07-04T18:58:12Z</time>
   </trkpt>
   <trkpt lat="42.3728400" lon="-71.1277110">
    <ele>3.3</ele>
    <time>2025-07-04T18:58:13Z</time>
   </trkpt>
   <trkpt lat="42.3728600" lon="-71.1277540">
    <ele>3.3</ele>
    <time>2025-07-04T18:58:14Z</time>
   </trkpt>
   <trkpt lat="42.3728950" lon="-71.1278060">
    <ele>3.3</ele>
    <time>2025-07-04T18:58:15Z</time>
   </trkpt>
   <trkpt lat="42.3729170" lon="-71.1278570">
    <ele>3.3</ele>
    <time>2025-07-04T18:58:16Z</time>
   </trkpt>
   <trkpt lat="42.3729410" lon="-71.1278980">
    <ele>3.3</ele>
    <time>2025-07-04T18:58:17Z</time>
   </trkpt>
   <trkpt lat="42.3729760" lon="-71.1279450">
    <ele>3.3</ele>
    <time>2025-07-04T18:58:18Z</time>
   </trkpt>
   <trkpt lat="42.3729960" lon="-71.1279970">
    <ele>3.3</ele>
    <time>2025-07-04T18:58:19Z</time>
   </trkpt>
   <trkpt lat="42.3730290" lon="-71.1280720">
    <ele>3.3</ele>
    <time>2025-07-04T18:58:20Z</time>
   </trkpt>
   <trkpt lat="42.3730580" lon="-71.1281500">
    <ele>3.3</ele>
    <time>2025-07-04T18:58:21Z</time>
   </trkpt>
   <trkpt lat="42.3730810" lon="-71.1282200">
    <ele>3.4</ele>
    <time>2025-07-04T18:58:22Z</time>
   </trkpt>
   <trkpt lat="42.3730990" lon="-71.1282560">
    <ele>3.4</ele>
    <time>2025-07-04T18:58:23Z</time>
   </trkpt>
   <trkpt lat="42.3731220" lon="-71.1283290">
    <ele>3.4</ele>
    <time>2025-07-04T18:58:24Z</time>
   </trkpt>
   <trkpt lat="42.3731550" lon="-71.1283760">
    <ele>3.4</ele>
    <time>2025-07-04T18:58:25Z</time>
   </trkpt>
   <trkpt lat="42.3731790" lon="-71.1284430">
    <ele>3.4</ele>
    <time>2025-07-04T18:58:26Z</time>
   </trkpt>
   <trkpt lat="42.3731910" lon="-71.1284930">
    <ele>3.5</ele>
    <time>2025-07-04T18:58:27Z</time>
   </trkpt>
   <trkpt lat="42.3732060" lon="-71.1285640">
    <ele>3.5</ele>
    <time>2025-07-04T18:58:28Z</time>
   </trkpt>
   <trkpt lat="42.3732160" lon="-71.1286100">
    <ele>3.5</ele>
    <time>2025-07-04T18:58:29Z</time>
   </trkpt>
   <trkpt lat="42.3732340" lon="-71.1286710">
    <ele>3.5</ele>
    <time>2025-07-04T18:58:30Z</time>
   </trkpt>
   <trkpt lat="42.3732440" lon="-71.1287390">
    <ele>3.5</ele>
    <time>2025-07-04T18:58:31Z</time>
   </trkpt>
   <trkpt lat="42.3732440" lon="-71.1287900">
    <ele>3.5</ele>
    <time>2025-07-04T18:58:32Z</time>
   </trkpt>
   <trkpt lat="42.3732530" lon="-71.1288590">
    <ele>3.5</ele>
    <time>2025-07-04T18:58:33Z</time>
   </trkpt>
   <trkpt lat="42.3732690" lon="-71.1289280">
    <ele>3.5</ele>
    <time>2025-07-04T18:58:34Z</time>
   </trkpt>
   <trkpt lat="42.3732790" lon="-71.1289900">
    <ele>3.5</ele>
    <time>2025-07-04T18:58:35Z</time>
   </trkpt>
   <trkpt lat="42.3732840" lon="-71.1290540">
    <ele>3.5</ele>
    <time>2025-07-04T18:58:36Z</time>
   </trkpt>
   <trkpt lat="42.3733030" lon="-71.1291290">
    <ele>3.5</ele>
    <time>2025-07-04T18:58:37Z</time>
   </trkpt>
   <trkpt lat="42.3733040" lon="-71.1292090">
    <ele>3.5</ele>
    <time>2025-07-04T18:58:38Z</time>
   </trkpt>
   <trkpt lat="42.3733020" lon="-71.1292860">
    <ele>3.5</ele>
    <time>2025-07-04T18:58:39Z</time>
   </trkpt>
   <trkpt lat="42.3733160" lon="-71.1293250">
    <ele>3.5</ele>
    <time>2025-07-04T18:58:40Z</time>
   </trkpt>
   <trkpt lat="42.3733140" lon="-71.1293770">
    <ele>3.5</ele>
    <time>2025-07-04T18:58:41Z</time>
   </trkpt>
   <trkpt lat="42.3733030" lon="-71.1294430">
    <ele>3.5</ele>
    <time>2025-07-04T18:58:42Z</time>
   </trkpt>
   <trkpt lat="42.3732960" lon="-71.1295510">
    <ele>3.5</ele>
    <time>2025-07-04T18:58:43Z</time>
   </trkpt>
   <trkpt lat="42.3733060" lon="-71.1296440">
    <ele>3.5</ele>
    <time>2025-07-04T18:58:44Z</time>
   </trkpt>
   <trkpt lat="42.3733170" lon="-71.1297040">
    <ele>3.4</ele>
    <time>2025-07-04T18:58:45Z</time>
   </trkpt>
   <trkpt lat="42.3733180" lon="-71.1297590">
    <ele>3.4</ele>
    <time>2025-07-04T18:58:46Z</time>
   </trkpt>
   <trkpt lat="42.3733050" lon="-71.1298160">
    <ele>3.4</ele>
    <time>2025-07-04T18:58:47Z</time>
   </trkpt>
   <trkpt lat="42.3732900" lon="-71.1298800">
    <ele>3.4</ele>
    <time>2025-07-04T18:58:48Z</time>
   </trkpt>
   <trkpt lat="42.3732690" lon="-71.1299390">
    <ele>3.4</ele>
    <time>2025-07-04T18:58:49Z</time>
   </trkpt>
   <trkpt lat="42.3732580" lon="-71.1300110">
    <ele>3.3</ele>
    <time>2025-07-04T18:58:50Z</time>
   </trkpt>
   <trkpt lat="42.3732610" lon="-71.1300890">
    <ele>3.3</ele>
    <time>2025-07-04T18:58:51Z</time>
   </trkpt>
   <trkpt lat="42.3732430" lon="-71.1301370">
    <ele>3.3</ele>
    <time>2025-07-04T18:58:52Z</time>
   </trkpt>
   <trkpt lat="42.3732360" lon="-71.1302030">
    <ele>3.4</ele>
    <time>2025-07-04T18:58:53Z</time>
   </trkpt>
   <trkpt lat="42.3732160" lon="-71.1302740">
    <ele>3.4</ele>
    <time>2025-07-04T18:58:54Z</time>
   </trkpt>
   <trkpt lat="42.3732120" lon="-71.1303490">
    <ele>3.4</ele>
    <time>2025-07-04T18:58:55Z</time>
   </trkpt>
   <trkpt lat="42.3732090" lon="-71.1304190">
    <ele>3.4</ele>
    <time>2025-07-04T18:58:56Z</time>
   </trkpt>
   <trkpt lat="42.3731940" lon="-71.1305060">
    <ele>3.5</ele>
    <time>2025-07-04T18:58:57Z</time>
   </trkpt>
   <trkpt lat="42.3731680" lon="-71.1305620">
    <ele>3.5</ele>
    <time>2025-07-04T18:58:58Z</time>
   </trkpt>
   <trkpt lat="42.3731330" lon="-71.1306640">
    <ele>3.5</ele>
    <time>2025-07-04T18:58:59Z</time>
   </trkpt>
   <trkpt lat="42.3731000" lon="-71.1307300">
    <ele>3.5</ele>
    <time>2025-07-04T18:59:00Z</time>
   </trkpt>
   <trkpt lat="42.3730720" lon="-71.1308220">
    <ele>3.6</ele>
    <time>2025-07-04T18:59:01Z</time>
   </trkpt>
   <trkpt lat="42.3730570" lon="-71.1308880">
    <ele>3.6</ele>
    <time>2025-07-04T18:59:02Z</time>
   </trkpt>
   <trkpt lat="42.3730220" lon="-71.1309450">
    <ele>3.6</ele>
    <time>2025-07-04T18:59:03Z</time>
   </trkpt>
   <trkpt lat="42.3729890" lon="-71.1310120">
    <ele>3.6</ele>
    <time>2025-07-04T18:59:04Z</time>
   </trkpt>
   <trkpt lat="42.3729550" lon="-71.1310820">
    <ele>3.6</ele>
    <time>2025-07-04T18:59:05Z</time>
   </trkpt>
   <trkpt lat="42.3729170" lon="-71.1311560">
    <ele>3.6</ele>
    <time>2025-07-04T18:59:06Z</time>
   </trkpt>
   <trkpt lat="42.3728770" lon="-71.1312360">
    <ele>3.6</ele>
    <time>2025-07-04T18:59:07Z</time>
   </trkpt>
   <trkpt lat="42.3728440" lon="-71.1313040">
    <ele>3.6</ele>
    <time>2025-07-04T18:59:08Z</time>
   </trkpt>
   <trkpt lat="42.3728070" lon="-71.1313750">
    <ele>3.6</ele>
    <time>2025-07-04T18:59:09Z</time>
   </trkpt>
   <trkpt lat="42.3727770" lon="-71.1314380">
    <ele>3.6</ele>
    <time>2025-07-04T18:59:10Z</time>
   </trkpt>
   <trkpt lat="42.3727440" lon="-71.1314980">
    <ele>3.6</ele>
    <time>2025-07-04T18:59:11Z</time>
   </trkpt>
   <trkpt lat="42.3727120" lon="-71.1315330">
    <ele>3.6</ele>
    <time>2025-07-04T18:59:12Z</time>
   </trkpt>
   <trkpt lat="42.3726950" lon="-71.1315680">
    <ele>3.6</ele>
    <time>2025-07-04T18:59:13Z</time>
   </trkpt>
   <trkpt lat="42.3726610" lon="-71.1316150">
    <ele>3.6</ele>
    <time>2025-07-04T18:59:14Z</time>
   </trkpt>
   <trkpt lat="42.3726490" lon="-71.1316600">
    <ele>3.7</ele>
    <time>2025-07-04T18:59:15Z</time>
   </trkpt>
   <trkpt lat="42.3726390" lon="-71.1316760">
    <ele>3.7</ele>
    <time>2025-07-04T18:59:16Z</time>
   </trkpt>
   <trkpt lat="42.3726150" lon="-71.1317190">
    <ele>3.7</ele>
    <time>2025-07-04T18:59:17Z</time>
   </trkpt>
   <trkpt lat="42.3726100" lon="-71.1317580">
    <ele>3.7</ele>
    <time>2025-07-04T18:59:18Z</time>
   </trkpt>
   <trkpt lat="42.3726080" lon="-71.1317950">
    <ele>3.7</ele>
    <time>2025-07-04T18:59:19Z</time>
   </trkpt>
   <trkpt lat="42.3726040" lon="-71.1318080">
    <ele>3.7</ele>
    <time>2025-07-04T18:59:20Z</time>
   </trkpt>
   <trkpt lat="42.3726070" lon="-71.1318600">
    <ele>3.8</ele>
    <time>2025-07-04T18:59:21Z</time>
   </trkpt>
   <trkpt lat="42.3725910" lon="-71.1318940">
    <ele>3.8</ele>
    <time>2025-07-04T18:59:22Z</time>
   </trkpt>
   <trkpt lat="42.3725720" lon="-71.1319410">
    <ele>3.8</ele>
    <time>2025-07-04T18:59:23Z</time>
   </trkpt>
   <trkpt lat="42.3725690" lon="-71.1319590">
    <ele>3.8</ele>
    <time>2025-07-04T18:59:24Z</time>
   </trkpt>
   <trkpt lat="42.3725670" lon="-71.1320040">
    <ele>3.9</ele>
    <time>2025-07-04T18:59:25Z</time>
   </trkpt>
   <trkpt lat="42.3725660" lon="-71.1320230">
    <ele>3.9</ele>
    <time>2025-07-04T18:59:26Z</time>
   </trkpt>
   <trkpt lat="42.3725470" lon="-71.1320670">
    <ele>3.9</ele>
    <time>2025-07-04T18:59:27Z</time>
   </trkpt>
   <trkpt lat="42.3725400" lon="-71.1320860">
    <ele>3.9</ele>
    <time>2025-07-04T18:59:28Z</time>
   </trkpt>
   <trkpt lat="42.3725230" lon="-71.1321440">
    <ele>4.0</ele>
    <time>2025-07-04T18:59:29Z</time>
   </trkpt>
   <trkpt lat="42.3725000" lon="-71.1321800">
    <ele>4.0</ele>
    <time>2025-07-04T18:59:30Z</time>
   </trkpt>
   <trkpt lat="42.3724720" lon="-71.1322140">
    <ele>4.0</ele>
    <time>2025-07-04T18:59:31Z</time>
   </trkpt>
   <trkpt lat="42.3724070" lon="-71.1322540">
    <ele>4.2</ele>
    <time>2025-07-04T18:59:32Z</time>
   </trkpt>
   <trkpt lat="42.3723500" lon="-71.1322600">
    <ele>4.4</ele>
    <time>2025-07-04T18:59:33Z</time>
   </trkpt>
   <trkpt lat="42.3723100" lon="-71.1322570">
    <ele>4.6</ele>
    <time>2025-07-04T18:59:34Z</time>
   </trkpt>
   <trkpt lat="42.3722730" lon="-71.1322620">
    <ele>4.7</ele>
    <time>2025-07-04T18:59:35Z</time>
   </trkpt>
   <trkpt lat="42.3722410" lon="-71.1322720">
    <ele>4.4</ele>
    <time>2025-07-04T18:59:36Z</time>
   </trkpt>
   <trkpt lat="42.3722320" lon="-71.1322730">
    <ele>4.4</ele>
    <time>2025-07-04T18:59:37Z</time>
   </trkpt>
   <trkpt lat="42.3722040" lon="-71.1322570">
    <ele>4.0</ele>
    <time>2025-07-04T18:59:38Z</time>
   </trkpt>
   <trkpt lat="42.3721930" lon="-71.1322500">
    <ele>3.9</ele>
    <time>2025-07-04T18:59:39Z</time>
   </trkpt>
   <trkpt lat="42.3721590" lon="-71.1322340">
    <ele>3.5</ele>
    <time>2025-07-04T18:59:40Z</time>
   </trkpt>
   <trkpt lat="42.3721420" lon="-71.1322280">
    <ele>3.3</ele>
    <time>2025-07-04T18:59:41Z</time>
   </trkpt>
   <trkpt lat="42.3719480" lon="-71.1321870">
    <ele>2.6</ele>
    <time>2025-07-04T18:59:42Z</time>
   </trkpt>
   <trkpt lat="42.3719160" lon="-71.1321970">
    <ele>2.6</ele>
    <time>2025-07-04T18:59:43Z</time>
   </trkpt>
   <trkpt lat="42.3718500" lon="-71.1321910">
    <ele>2.6</ele>
    <time>2025-07-04T18:59:44Z</time>
   </trkpt>
   <trkpt lat="42.3717870" lon="-71.1321660">
    <ele>2.6</ele>
    <time>2025-07-04T18:59:45Z</time>
   </trkpt>
   <trkpt lat="42.3717370" lon="-71.1321530">
    <ele>2.5</ele>
    <time>2025-07-04T18:59:46Z</time>
   </trkpt>
   <trkpt lat="42.3716940" lon="-71.1321130">
    <ele>2.5</ele>
    <time>2025-07-04T18:59:47Z</time>
   </trkpt>
   <trkpt lat="42.3716630" lon="-71.1320670">
    <ele>2.5</ele>
    <time>2025-07-04T18:59:48Z</time>
   </trkpt>
   <trkpt lat="42.3716340" lon="-71.1320450">
    <ele>2.5</ele>
    <time>2025-07-04T18:59:49Z</time>
   </trkpt>
   <trkpt lat="42.3715880" lon="-71.1319910">
    <ele>2.5</ele>
    <time>2025-07-04T18:59:50Z</time>
   </trkpt>
   <trkpt lat="42.3715430" lon="-71.1319670">
    <ele>2.5</ele>
    <time>2025-07-04T18:59:51Z</time>
   </trkpt>
   <trkpt lat="42.3715110" lon="-71.1319110">
    <ele>2.5</ele>
    <time>2025-07-04T18:59:52Z</time>
   </trkpt>
   <trkpt lat="42.3714720" lon="-71.1318720">
    <ele>2.5</ele>
    <time>2025-07-04T18:59:53Z</time>
   </trkpt>
   <trkpt lat="42.3714230" lon="-71.1318060">
    <ele>2.5</ele>
    <time>2025-07-04T18:59:54Z</time>
   </trkpt>
   <trkpt lat="42.3713960" lon="-71.1317800">
    <ele>2.5</ele>
    <time>2025-07-04T18:59:55Z</time>
   </trkpt>
   <trkpt lat="42.3713510" lon="-71.1317560">
    <ele>2.5</ele>
    <time>2025-07-04T18:59:56Z</time>
   </trkpt>
   <trkpt lat="42.3713080" lon="-71.1317230">
    <ele>2.5</ele>
    <time>2025-07-04T18:59:57Z</time>
   </trkpt>
   <trkpt lat="42.3712590" lon="-71.1316640">
    <ele>2.4</ele>
    <time>2025-07-04T18:59:58Z</time>
   </trkpt>
   <trkpt lat="42.3712060" lon="-71.1316300">
    <ele>2.4</ele>
    <time>2025-07-04T18:59:59Z</time>
   </trkpt>
   <trkpt lat="42.3711620" lon="-71.1315730">
    <ele>2.4</ele>
    <time>2025-07-04T19:00:00Z</time>
   </trkpt>
   <trkpt lat="42.3711220" lon="-71.1315230">
    <ele>2.4</ele>
    <time>2025-07-04T19:00:01Z</time>
   </trkpt>
   <trkpt lat="42.3710790" lon="-71.1314750">
    <ele>2.3</ele>
    <time>2025-07-04T19:00:02Z</time>
   </trkpt>
   <trkpt lat="42.3710340" lon="-71.1314390">
    <ele>2.3</ele>
    <time>2025-07-04T19:00:03Z</time>
   </trkpt>
   <trkpt lat="42.3709970" lon="-71.1313850">
    <ele>2.3</ele>
    <time>2025-07-04T19:00:04Z</time>
   </trkpt>
   <trkpt lat="42.3709660" lon="-71.1313620">
    <ele>2.3</ele>
    <time>2025-07-04T19:00:05Z</time>
   </trkpt>
   <trkpt lat="42.3709260" lon="-71.1313230">
    <ele>2.3</ele>
    <time>2025-07-04T19:00:06Z</time>
   </trkpt>
   <trkpt lat="42.3708840" lon="-71.1313030">
    <ele>2.3</ele>
    <time>2025-07-04T19:00:07Z</time>
   </trkpt>
   <trkpt lat="42.3708550" lon="-71.1312700">
    <ele>2.3</ele>
    <time>2025-07-04T19:00:08Z</time>
   </trkpt>
   <trkpt lat="42.3708270" lon="-71.1312480">
    <ele>2.3</ele>
    <time>2025-07-04T19:00:09Z</time>
   </trkpt>
   <trkpt lat="42.3708030" lon="-71.1312180">
    <ele>2.3</ele>
    <time>2025-07-04T19:00:10Z</time>
   </trkpt>
   <trkpt lat="42.3707680" lon="-71.1311880">
    <ele>2.3</ele>
    <time>2025-07-04T19:00:11Z</time>
   </trkpt>
   <trkpt lat="42.3707560" lon="-71.1311740">
    <ele>2.3</ele>
    <time>2025-07-04T19:00:12Z</time>
   </trkpt>
   <trkpt lat="42.3707300" lon="-71.1311630">
    <ele>2.3</ele>
    <time>2025-07-04T19:00:13Z</time>
   </trkpt>
   <trkpt lat="42.3707040" lon="-71.1311420">
    <ele>2.3</ele>
    <time>2025-07-04T19:00:14Z</time>
   </trkpt>
   <trkpt lat="42.3706810" lon="-71.1310930">
    <ele>2.3</ele>
    <time>2025-07-04T19:00:15Z</time>
   </trkpt>
   <trkpt lat="42.3706740" lon="-71.1310990">
    <ele>2.3</ele>
    <time>2025-07-04T19:00:16Z</time>
   </trkpt>
   <trkpt lat="42.3706590" lon="-71.1311030">
    <ele>2.3</ele>
    <time>2025-07-04T19:00:17Z</time>
   </trkpt>
   <trkpt lat="42.3706630" lon="-71.1311060">
    <ele>2.3</ele>
    <time>2025-07-04T19:00:18Z</time>
   </trkpt>
   <trkpt lat="42.3706620" lon="-71.1311140">
    <ele>2.3</ele>
    <time>2025-07-04T19:00:19Z</time>
   </trkpt>
   <trkpt lat="42.3706640" lon="-71.1311130">
    <ele>2.3</ele>
    <time>2025-07-04T19:00:20Z</time>
   </trkpt>
   <trkpt lat="42.3706660" lon="-71.1311230">
    <ele>2.3</ele>
    <time>2025-07-04T19:00:21Z</time>
   </trkpt>
   <trkpt lat="42.3706620" lon="-71.1311350">
    <ele>2.3</ele>
    <time>2025-07-04T19:00:22Z</time>
   </trkpt>
   <trkpt lat="42.3706630" lon="-71.1311360">
    <ele>2.3</ele>
    <time>2025-07-04T19:00:23Z</time>
   </trkpt>
   <trkpt lat="42.3706660" lon="-71.1311370">
    <ele>2.3</ele>
    <time>2025-07-04T19:00:24Z</time>
   </trkpt>
   <trkpt lat="42.3706670" lon="-71.1311510">
    <ele>2.3</ele>
    <time>2025-07-04T19:00:25Z</time>
   </trkpt>
   <trkpt lat="42.3706710" lon="-71.1311530">
    <ele>2.3</ele>
    <time>2025-07-04T19:00:26Z</time>
   </trkpt>
   <trkpt lat="42.3706770" lon="-71.1311650">
    <ele>2.3</ele>
    <time>2025-07-04T19:00:27Z</time>
   </trkpt>
   <trkpt lat="42.3706800" lon="-71.1311760">
    <ele>2.3</ele>
    <time>2025-07-04T19:00:28Z</time>
   </trkpt>
   <trkpt lat="42.3706810" lon="-71.1311950">
    <ele>2.3</ele>
    <time>2025-07-04T19:00:29Z</time>
   </trkpt>
   <trkpt lat="42.3706830" lon="-71.1312070">
    <ele>2.3</ele>
    <time>2025-07-04T19:00:30Z</time>
   </trkpt>
   <trkpt lat="42.3706830" lon="-71.1312170">
    <ele>2.3</ele>
    <time>2025-07-04T19:00:31Z</time>
   </trkpt>
   <trkpt lat="42.3706850" lon="-71.1312350">
    <ele>2.3</ele>
    <time>2025-07-04T19:00:32Z</time>
   </trkpt>
   <trkpt lat="42.3706840" lon="-71.1312360">
    <ele>2.3</ele>
    <time>2025-07-04T19:00:33Z</time>
   </trkpt>
   <trkpt lat="42.3706820" lon="-71.1312360">
    <ele>2.3</ele>
    <time>2025-07-04T19:00:34Z</time>
   </trkpt>
   <trkpt lat="42.3706800" lon="-71.1312370">
    <ele>2.3</ele>
    <time>2025-07-04T19:00:35Z</time>
   </trkpt>
   <trkpt lat="42.3706790" lon="-71.1312380">
    <ele>2.3</ele>
    <time>2025-07-04T19:00:36Z</time>
   </trkpt>
   <trkpt lat="42.3706770" lon="-71.1312390">
    <ele>2.3</ele>
    <time>2025-07-04T19:00:37Z</time>
   </trkpt>
   <trkpt lat="42.3706750" lon="-71.1312400">
    <ele>2.3</ele>
    <time>2025-07-04T19:00:38Z</time>
   </trkpt>
   <trkpt lat="42.3706730" lon="-71.1312400">
    <ele>2.3</ele>
    <time>2025-07-04T19:00:39Z</time>
   </trkpt>
   <trkpt lat="42.3706720" lon="-71.1312410">
    <ele>2.3</ele>
    <time>2025-07-04T19:00:40Z</time>
   </trkpt>
   <trkpt lat="42.3706700" lon="-71.1312420">
    <ele>2.3</ele>
    <time>2025-07-04T19:00:41Z</time>
   </trkpt>
   <trkpt lat="42.3706680" lon="-71.1312430">
    <ele>2.3</ele>
    <time>2025-07-04T19:00:42Z</time>
   </trkpt>
   <trkpt lat="42.3706670" lon="-71.1312440">
    <ele>2.3</ele>
    <time>2025-07-04T19:00:43Z</time>
   </trkpt>
   <trkpt lat="42.3706650" lon="-71.1312440">
    <ele>2.3</ele>
    <time>2025-07-04T19:03:21Z</time>
   </trkpt>
   <trkpt lat="42.3706630" lon="-71.1312450">
    <ele>2.3</ele>
    <time>2025-07-04T19:03:22Z</time>
   </trkpt>
   <trkpt lat="42.3706620" lon="-71.1312460">
    <ele>2.3</ele>
    <time>2025-07-04T19:03:23Z</time>
   </trkpt>
   <trkpt lat="42.3706600" lon="-71.1312470">
    <ele>2.3</ele>
    <time>2025-07-04T19:03:24Z</time>
   </trkpt>
   <trkpt lat="42.3706580" lon="-71.1312480">
    <ele>2.3</ele>
    <time>2025-07-04T19:03:25Z</time>
   </trkpt>
   <trkpt lat="42.3706560" lon="-71.1312480">
    <ele>2.3</ele>
    <time>2025-07-04T19:03:26Z</time>
   </trkpt>
   <trkpt lat="42.3706550" lon="-71.1312490">
    <ele>2.3</ele>
    <time>2025-07-04T19:03:27Z</time>
   </trkpt>
   <trkpt lat="42.3706530" lon="-71.1312500">
    <ele>2.3</ele>
    <time>2025-07-04T19:03:28Z</time>
   </trkpt>
   <trkpt lat="42.3706620" lon="-71.1312390">
    <ele>2.3</ele>
    <time>2025-07-04T19:03:29Z</time>
   </trkpt>
   <trkpt lat="42.3706700" lon="-71.1312280">
    <ele>2.4</ele>
    <time>2025-07-04T19:03:30Z</time>
   </trkpt>
   <trkpt lat="42.3706790" lon="-71.1312170">
    <ele>2.4</ele>
    <time>2025-07-04T19:03:31Z</time>
   </trkpt>
   <trkpt lat="42.3706870" lon="-71.1312060">
    <ele>2.4</ele>
    <time>2025-07-04T19:03:38Z</time>
   </trkpt>
   <trkpt lat="42.3706960" lon="-71.1311950">
    <ele>2.4</ele>
    <time>2025-07-04T19:03:39Z</time>
   </trkpt>
   <trkpt lat="42.3707080" lon="-71.1311600">
    <ele>2.4</ele>
    <time>2025-07-04T19:03:40Z</time>
   </trkpt>
   <trkpt lat="42.3707120" lon="-71.1311420">
    <ele>2.4</ele>
    <time>2025-07-04T19:03:41Z</time>
   </trkpt>
   <trkpt lat="42.3707210" lon="-71.1311140">
    <ele>2.4</ele>
    <time>2025-07-04T19:03:42Z</time>
   </trkpt>
   <trkpt lat="42.3707150" lon="-71.1310940">
    <ele>2.4</ele>
    <time>2025-07-04T19:03:43Z</time>
   </trkpt>
   <trkpt lat="42.3706990" lon="-71.1310700">
    <ele>2.4</ele>
    <time>2025-07-04T19:03:44Z</time>
   </trkpt>
   <trkpt lat="42.3706880" lon="-71.1310650">
    <ele>2.4</ele>
    <time>2025-07-04T19:03:45Z</time>
   </trkpt>
   <trkpt lat="42.3706780" lon="-71.1310590">
    <ele>2.4</ele>
    <time>2025-07-04T19:03:46Z</time>
   </trkpt>
   <trkpt lat="42.3706450" lon="-71.1310340">
    <ele>2.4</ele>
    <time>2025-07-04T19:03:47Z</time>
   </trkpt>
   <trkpt lat="42.3706310" lon="-71.1310290">
    <ele>2.4</ele>
    <time>2025-07-04T19:03:48Z</time>
   </trkpt>
   <trkpt lat="42.3705900" lon="-71.1310210">
    <ele>2.4</ele>
    <time>2025-07-04T19:03:49Z</time>
   </trkpt>
   <trkpt lat="42.3705700" lon="-71.1310230">
    <ele>2.4</ele>
    <time>2025-07-04T19:03:50Z</time>
   </trkpt>
   <trkpt lat="42.3705390" lon="-71.1310300">
    <ele>2.4</ele>
    <time>2025-07-04T19:03:51Z</time>
   </trkpt>
   <trkpt lat="42.3705020" lon="-71.1310000">
    <ele>2.4</ele>
    <time>2025-07-04T19:03:52Z</time>
   </trkpt>
   <trkpt lat="42.3704650" lon="-71.1309790">
    <ele>2.4</ele>
    <time>2025-07-04T19:03:53Z</time>
   </trkpt>
   <trkpt lat="42.3704320" lon="-71.1309680">
    <ele>2.4</ele>
    <time>2025-07-04T19:03:54Z</time>
   </trkpt>
   <trkpt lat="42.3703930" lon="-71.1309670">
    <ele>2.4</ele>
    <time>2025-07-04T19:03:55Z</time>
   </trkpt>
   <trkpt lat="42.3703550" lon="-71.1309610">
    <ele>2.4</ele>
    <time>2025-07-04T19:03:56Z</time>
   </trkpt>
   <trkpt lat="42.3703190" lon="-71.1309350">
    <ele>2.4</ele>
    <time>2025-07-04T19:03:57Z</time>
   </trkpt>
   <trkpt lat="42.3702740" lon="-71.1309380">
    <ele>2.4</ele>
    <time>2025-07-04T19:03:58Z</time>
   </trkpt>
   <trkpt lat="42.3702260" lon="-71.1309200">
    <ele>2.4</ele>
    <time>2025-07-04T19:03:59Z</time>
   </trkpt>
   <trkpt lat="42.3701850" lon="-71.1309140">
    <ele>2.4</ele>
    <time>2025-07-04T19:04:00Z</time>
   </trkpt>
   <trkpt lat="42.3701480" lon="-71.1308880">
    <ele>2.4</ele>
    <time>2025-07-04T19:04:01Z</time>
   </trkpt>
   <trkpt lat="42.3701070" lon="-71.1308770">
    <ele>2.4</ele>
    <time>2025-07-04T19:04:02Z</time>
   </trkpt>
   <trkpt lat="42.3700640" lon="-71.1308720">
    <ele>2.4</ele>
    <time>2025-07-04T19:04:03Z</time>
   </trkpt>
   <trkpt lat="42.3700180" lon="-71.1308560">
    <ele>2.4</ele>
    <time>2025-07-04T19:04:04Z</time>
   </trkpt>
   <trkpt lat="42.3699750" lon="-71.1308460">
    <ele>2.3</ele>
    <time>2025-07-04T19:04:05Z</time>
   </trkpt>
   <trkpt lat="42.3699290" lon="-71.1308400">
    <ele>2.3</ele>
    <time>2025-07-04T19:04:06Z</time>
   </trkpt>
   <trkpt lat="42.3698810" lon="-71.1308500">
    <ele>2.3</ele>
    <time>2025-07-04T19:04:07Z</time>
   </trkpt>
   <trkpt lat="42.3698300" lon="-71.1308510">
    <ele>2.3</ele>
    <time>2025-07-04T19:04:08Z</time>
   </trkpt>
   <trkpt lat="42.3697810" lon="-71.1308440">
    <ele>2.2</ele>
    <time>2025-07-04T19:04:09Z</time>
   </trkpt>
   <trkpt lat="42.3697270" lon="-71.1308450">
    <ele>2.2</ele>
    <time>2025-07-04T19:04:10Z</time>
   </trkpt>
   <trkpt lat="42.3696750" lon="-71.1308470">
    <ele>2.2</ele>
    <time>2025-07-04T19:04:11Z</time>
   </trkpt>
   <trkpt lat="42.3696210" lon="-71.1308570">
    <ele>2.2</ele>
    <time>2025-07-04T19:04:12Z</time>
   </trkpt>
   <trkpt lat="42.3695710" lon="-71.1308720">
    <ele>2.2</ele>
    <time>2025-07-04T19:04:13Z</time>
   </trkpt>
   <trkpt lat="42.3695070" lon="-71.1308660">
    <ele>2.2</ele>
    <time>2025-07-04T19:04:14Z</time>
   </trkpt>
   <trkpt lat="42.3694770" lon="-71.1309040">
    <ele>2.2</ele>
    <time>2025-07-04T19:04:15Z</time>
   </trkpt>
   <trkpt lat="42.3694240" lon="-71.1309090">
    <ele>2.2</ele>
    <time>2025-07-04T19:04:16Z</time>
   </trkpt>
   <trkpt lat="42.3693810" lon="-71.1309220">
    <ele>2.3</ele>
    <time>2025-07-04T19:04:17Z</time>
   </trkpt>
   <trkpt lat="42.3693290" lon="-71.1309300">
    <ele>2.3</ele>
    <time>2025-07-04T19:04:18Z</time>
   </trkpt>
   <trkpt lat="42.3692780" lon="-71.1309450">
    <ele>2.3</ele>
    <time>2025-07-04T19:04:19Z</time>
   </trkpt>
   <trkpt lat="42.3692320" lon="-71.1309710">
    <ele>2.3</ele>
    <time>2025-07-04T19:04:20Z</time>
   </trkpt>
   <trkpt lat="42.3691770" lon="-71.1309860">
    <ele>2.3</ele>
    <time>2025-07-04T19:04:21Z</time>
   </trkpt>
   <trkpt lat="42.3691240" lon="-71.1310020">
    <ele>2.3</ele>
    <time>2025-07-04T19:04:22Z</time>
   </trkpt>
   <trkpt lat="42.3690740" lon="-71.1310350">
    <ele>2.4</ele>
    <time>2025-07-04T19:04:23Z</time>
   </trkpt>
   <trkpt lat="42.3690440" lon="-71.1310520">
    <ele>2.4</ele>
    <time>2025-07-04T19:04:24Z</time>
   </trkpt>
   <trkpt lat="42.3690120" lon="-71.1310710">
    <ele>2.4</ele>
    <time>2025-07-04T19:04:25Z</time>
   </trkpt>
   <trkpt lat="42.3689640" lon="-71.1311010">
    <ele>2.4</ele>
    <time>2025-07-04T19:04:26Z</time>
   </trkpt>
   <trkpt lat="42.3689110" lon="-71.1311260">
    <ele>2.4</ele>
    <time>2025-07-04T19:04:27Z</time>
   </trkpt>
   <trkpt lat="42.3688720" lon="-71.1311570">
    <ele>2.4</ele>
    <time>2025-07-04T19:04:28Z</time>
   </trkpt>
   <trkpt lat="42.3688310" lon="-71.1311910">
    <ele>2.4</ele>
    <time>2025-07-04T19:04:29Z</time>
   </trkpt>
   <trkpt lat="42.3687830" lon="-71.1312190">
    <ele>2.4</ele>
    <time>2025-07-04T19:04:30Z</time>
   </trkpt>
   <trkpt lat="42.3687300" lon="-71.1312440">
    <ele>2.4</ele>
    <time>2025-07-04T19:04:31Z</time>
   </trkpt>
   <trkpt lat="42.3686850" lon="-71.1312790">
    <ele>2.4</ele>
    <time>2025-07-04T19:04:32Z</time>
   </trkpt>
   <trkpt lat="42.3686550" lon="-71.1313140">
    <ele>2.4</ele>
    <time>2025-07-04T19:04:33Z</time>
   </trkpt>
   <trkpt lat="42.3686090" lon="-71.1313530">
    <ele>2.4</ele>
    <time>2025-07-04T19:04:34Z</time>
   </trkpt>
   <trkpt lat="42.3685670" lon="-71.1313910">
    <ele>2.4</ele>
    <time>2025-07-04T19:04:35Z</time>
   </trkpt>
   <trkpt lat="42.3685280" lon="-71.1314250">
    <ele>2.4</ele>
    <time>2025-07-04T19:04:36Z</time>
   </trkpt>
   <trkpt lat="42.3684920" lon="-71.1314620">
    <ele>2.4</ele>
    <time>2025-07-04T19:04:37Z</time>
   </trkpt>
   <trkpt lat="42.3684590" lon="-71.1314920">
    <ele>2.4</ele>
    <time>2025-07-04T19:04:38Z</time>
   </trkpt>
   <trkpt lat="42.3684120" lon="-71.1315240">
    <ele>2.4</ele>
    <time>2025-07-04T19:04:39Z</time>
   </trkpt>
   <trkpt lat="42.3683700" lon="-71.1315560">
    <ele>2.4</ele>
    <time>2025-07-04T19:04:40Z</time>
   </trkpt>
   <trkpt lat="42.3683290" lon="-71.1315870">
    <ele>2.5</ele>
    <time>2025-07-04T19:04:41Z</time>
   </trkpt>
   <trkpt lat="42.3682950" lon="-71.1316280">
    <ele>2.5</ele>
    <time>2025-07-04T19:04:42Z</time>
   </trkpt>
   <trkpt lat="42.3682630" lon="-71.1316680">
    <ele>2.5</ele>
    <time>2025-07-04T19:04:43Z</time>
   </trkpt>
   <trkpt lat="42.3682310" lon="-71.1317040">
    <ele>2.4</ele>
    <time>2025-07-04T19:04:44Z</time>
   </trkpt>
   <trkpt lat="42.3682000" lon="-71.1317400">
    <ele>2.4</ele>
    <time>2025-07-04T19:04:45Z</time>
   </trkpt>
   <trkpt lat="42.3681720" lon="-71.1317770">
    <ele>2.4</ele>
    <time>2025-07-04T19:04:46Z</time>
   </trkpt>
   <trkpt lat="42.3681350" lon="-71.1318220">
    <ele>2.5</ele>
    <time>2025-07-04T19:04:47Z</time>
   </trkpt>
   <trkpt lat="42.3680980" lon="-71.1318680">
    <ele>2.5</ele>
    <time>2025-07-04T19:04:48Z</time>
   </trkpt>
   <trkpt lat="42.3680630" lon="-71.1319090">
    <ele>2.5</ele>
    <time>2025-07-04T19:04:49Z</time>
   </trkpt>
   <trkpt lat="42.3680280" lon="-71.1319460">
    <ele>2.5</ele>
    <time>2025-07-04T19:04:50Z</time>
   </trkpt>
   <trkpt lat="42.3680050" lon="-71.1320000">
    <ele>2.5</ele>
    <time>2025-07-04T19:04:51Z</time>
   </trkpt>
   <trkpt lat="42.3679750" lon="-71.1320340">
    <ele>2.5</ele>
    <time>2025-07-04T19:04:52Z</time>
   </trkpt>
   <trkpt lat="42.3679530" lon="-71.1320730">
    <ele>2.5</ele>
    <time>2025-07-04T19:04:53Z</time>
   </trkpt>
   <trkpt lat="42.3679450" lon="-71.1321210">
    <ele>2.5</ele>
    <time>2025-07-04T19:04:54Z</time>
   </trkpt>
   <trkpt lat="42.3679300" lon="-71.1321680">
    <ele>2.5</ele>
    <time>2025-07-04T19:04:55Z</time>
   </trkpt>
   <trkpt lat="42.3679000" lon="-71.1322130">
    <ele>2.5</ele>
    <time>2025-07-04T19:04:56Z</time>
   </trkpt>
   <trkpt lat="42.3678760" lon="-71.1322740">
    <ele>2.5</ele>
    <time>2025-07-04T19:04:57Z</time>
   </trkpt>
   <trkpt lat="42.3678390" lon="-71.1323250">
    <ele>2.5</ele>
    <time>2025-07-04T19:04:58Z</time>
   </trkpt>
   <trkpt lat="42.3678080" lon="-71.1323770">
    <ele>2.5</ele>
    <time>2025-07-04T19:04:59Z</time>
   </trkpt>
   <trkpt lat="42.3677820" lon="-71.1324180">
    <ele>2.5</ele>
    <time>2025-07-04T19:05:00Z</time>
   </trkpt>
   <trkpt lat="42.3677600" lon="-71.1324500">
    <ele>2.6</ele>
    <time>2025-07-04T19:05:01Z</time>
   </trkpt>
   <trkpt lat="42.3677460" lon="-71.1324930">
    <ele>2.6</ele>
    <time>2025-07-04T19:05:02Z</time>
   </trkpt>
   <trkpt lat="42.3677350" lon="-71.1325280">
    <ele>2.6</ele>
    <time>2025-07-04T19:05:03Z</time>
   </trkpt>
   <trkpt lat="42.3677300" lon="-71.1325480">
    <ele>2.6</ele>
    <time>2025-07-04T19:05:04Z</time>
   </trkpt>
   <trkpt lat="42.3677460" lon="-71.1325830">
    <ele>2.7</ele>
    <time>2025-07-04T19:05:05Z</time>
   </trkpt>
   <trkpt lat="42.3677400" lon="-71.1326430">
    <ele>2.7</ele>
    <time>2025-07-04T19:05:06Z</time>
   </trkpt>
   <trkpt lat="42.3677260" lon="-71.1327020">
    <ele>2.7</ele>
    <time>2025-07-04T19:05:07Z</time>
   </trkpt>
   <trkpt lat="42.3677100" lon="-71.1327560">
    <ele>2.7</ele>
    <time>2025-07-04T19:05:08Z</time>
   </trkpt>
   <trkpt lat="42.3676930" lon="-71.1328000">
    <ele>2.6</ele>
    <time>2025-07-04T19:05:09Z</time>
   </trkpt>
   <trkpt lat="42.3676770" lon="-71.1328590">
    <ele>2.6</ele>
    <time>2025-07-04T19:05:10Z</time>
   </trkpt>
   <trkpt lat="42.3676700" lon="-71.1329130">
    <ele>2.6</ele>
    <time>2025-07-04T19:05:11Z</time>
   </trkpt>
   <trkpt lat="42.3676600" lon="-71.1329830">
    <ele>2.6</ele>
    <time>2025-07-04T19:05:12Z</time>
   </trkpt>
   <trkpt lat="42.3676500" lon="-71.1330460">
    <ele>2.6</ele>
    <time>2025-07-04T19:05:13Z</time>
   </trkpt>
   <trkpt lat="42.3676570" lon="-71.1330980">
    <ele>2.6</ele>
    <time>2025-07-04T19:05:14Z</time>
   </trkpt>
   <trkpt lat="42.3676460" lon="-71.1331500">
    <ele>2.6</ele>
    <time>2025-07-04T19:05:15Z</time>
   </trkpt>
   <trkpt lat="42.3676380" lon="-71.1331880">
    <ele>2.6</ele>
    <time>2025-07-04T19:05:16Z</time>
   </trkpt>
   <trkpt lat="42.3676200" lon="-71.1332430">
    <ele>2.6</ele>
    <time>2025-07-04T19:05:17Z</time>
   </trkpt>
   <trkpt lat="42.3676100" lon="-71.1332990">
    <ele>2.6</ele>
    <time>2025-07-04T19:05:18Z</time>
   </trkpt>
   <trkpt lat="42.3676160" lon="-71.1333610">
    <ele>2.6</ele>
    <time>2025-07-04T19:05:19Z</time>
   </trkpt>
   <trkpt lat="42.3676020" lon="-71.1334190">
    <ele>2.6</ele>
    <time>2025-07-04T19:05:20Z</time>
   </trkpt>
   <trkpt lat="42.3675970" lon="-71.1334870">
    <ele>2.6</ele>
    <time>2025-07-04T19:05:21Z</time>
   </trkpt>
   <trkpt lat="42.3675870" lon="-71.1335530">
    <ele>2.6</ele>
    <time>2025-07-04T19:05:22Z</time>
   </trkpt>
   <trkpt lat="42.3675870" lon="-71.1335990">
    <ele>2.6</ele>
    <time>2025-07-04T19:05:23Z</time>
   </trkpt>
   <trkpt lat="42.3675770" lon="-71.1336490">
    <ele>2.6</ele>
    <time>2025-07-04T19:05:24Z</time>
   </trkpt>
   <trkpt lat="42.3675580" lon="-71.1336910">
    <ele>2.5</ele>
    <time>2025-07-04T19:05:25Z</time>
   </trkpt>
   <trkpt lat="42.3675390" lon="-71.1337510">
    <ele>2.5</ele>
    <time>2025-07-04T19:05:26Z</time>
   </trkpt>
   <trkpt lat="42.3675300" lon="-71.1337790">
    <ele>2.6</ele>
    <time>2025-07-04T19:05:27Z</time>
   </trkpt>
   <trkpt lat="42.3675260" lon="-71.1338460">
    <ele>2.6</ele>
    <time>2025-07-04T19:05:28Z</time>
   </trkpt>
   <trkpt lat="42.3674930" lon="-71.1339270">
    <ele>2.6</ele>
    <time>2025-07-04T19:05:29Z</time>
   </trkpt>
   <trkpt lat="42.3674850" lon="-71.1339870">
    <ele>2.6</ele>
    <time>2025-07-04T19:05:30Z</time>
   </trkpt>
   <trkpt lat="42.3674610" lon="-71.1340620">
    <ele>2.7</ele>
    <time>2025-07-04T19:05:31Z</time>
   </trkpt>
   <trkpt lat="42.3674510" lon="-71.1341350">
    <ele>2.7</ele>
    <time>2025-07-04T19:05:32Z</time>
   </trkpt>
   <trkpt lat="42.3674320" lon="-71.1342030">
    <ele>2.7</ele>
    <time>2025-07-04T19:05:33Z</time>
   </trkpt>
   <trkpt lat="42.3674110" lon="-71.1342530">
    <ele>2.7</ele>
    <time>2025-07-04T19:05:34Z</time>
   </trkpt>
   <trkpt lat="42.3673690" lon="-71.1343350">
    <ele>2.7</ele>
    <time>2025-07-04T19:05:35Z</time>
   </trkpt>
   <trkpt lat="42.3673360" lon="-71.1344030">
    <ele>2.7</ele>
    <time>2025-07-04T19:05:36Z</time>
   </trkpt>
   <trkpt lat="42.3673160" lon="-71.1344570">
    <ele>2.7</ele>
    <time>2025-07-04T19:05:37Z</time>
   </trkpt>
   <trkpt lat="42.3673060" lon="-71.1345080">
    <ele>2.7</ele>
    <time>2025-07-04T19:05:38Z</time>
   </trkpt>
   <trkpt lat="42.3672880" lon="-71.1345640">
    <ele>2.7</ele>
    <time>2025-07-04T19:05:39Z</time>
   </trkpt>
   <trkpt lat="42.3672640" lon="-71.1346220">
    <ele>2.7</ele>
    <time>2025-07-04T19:05:40Z</time>
   </trkpt>
   <trkpt lat="42.3672550" lon="-71.1346800">
    <ele>2.7</ele>
    <time>2025-07-04T19:05:41Z</time>
   </trkpt>
   <trkpt lat="42.3672380" lon="-71.1347530">
    <ele>2.7</ele>
    <time>2025-07-04T19:05:42Z</time>
   </trkpt>
   <trkpt lat="42.3672240" lon="-71.1348100">
    <ele>2.7</ele>
    <time>2025-07-04T19:05:43Z</time>
   </trkpt>
   <trkpt lat="42.3671990" lon="-71.1348860">
    <ele>2.7</ele>
    <time>2025-07-04T19:05:44Z</time>
   </trkpt>
   <trkpt lat="42.3671730" lon="-71.1349500">
    <ele>2.7</ele>
    <time>2025-07-04T19:05:45Z</time>
   </trkpt>
   <trkpt lat="42.3671540" lon="-71.1350220">
    <ele>2.7</ele>
    <time>2025-07-04T19:05:46Z</time>
   </trkpt>
   <trkpt lat="42.3671300" lon="-71.1350890">
    <ele>2.7</ele>
    <time>2025-07-04T19:05:47Z</time>
   </trkpt>
   <trkpt lat="42.3670830" lon="-71.1351520">
    <ele>2.7</ele>
    <time>2025-07-04T19:05:48Z</time>
   </trkpt>
   <trkpt lat="42.3670500" lon="-71.1352210">
    <ele>2.7</ele>
    <time>2025-07-04T19:05:49Z</time>
   </trkpt>
   <trkpt lat="42.3670220" lon="-71.1352870">
    <ele>2.6</ele>
    <time>2025-07-04T19:05:50Z</time>
   </trkpt>
   <trkpt lat="42.3669760" lon="-71.1353530">
    <ele>2.6</ele>
    <time>2025-07-04T19:05:51Z</time>
   </trkpt>
   <trkpt lat="42.3669360" lon="-71.1354310">
    <ele>2.6</ele>
    <time>2025-07-04T19:05:52Z</time>
   </trkpt>
   <trkpt lat="42.3669020" lon="-71.1354910">
    <ele>2.6</ele>
    <time>2025-07-04T19:05:53Z</time>
   </trkpt>
   <trkpt lat="42.3668660" lon="-71.1355530">
    <ele>2.6</ele>
    <time>2025-07-04T19:05:54Z</time>
   </trkpt>
   <trkpt lat="42.3668380" lon="-71.1356230">
    <ele>2.6</ele>
    <time>2025-07-04T19:05:55Z</time>
   </trkpt>
   <trkpt lat="42.3667910" lon="-71.1356870">
    <ele>2.6</ele>
    <time>2025-07-04T19:05:56Z</time>
   </trkpt>
   <trkpt lat="42.3667770" lon="-71.1357380">
    <ele>2.7</ele>
    <time>2025-07-04T19:05:57Z</time>
   </trkpt>
   <trkpt lat="42.3667570" lon="-71.1357940">
    <ele>2.7</ele>
    <time>2025-07-04T19:05:58Z</time>
   </trkpt>
   <trkpt lat="42.3667270" lon="-71.1358530">
    <ele>2.7</ele>
    <time>2025-07-04T19:05:59Z</time>
   </trkpt>
   <trkpt lat="42.3666950" lon="-71.1359160">
    <ele>2.7</ele>
    <time>2025-07-04T19:06:00Z</time>
   </trkpt>
   <trkpt lat="42.3666550" lon="-71.1359740">
    <ele>2.7</ele>
    <time>2025-07-04T19:06:01Z</time>
   </trkpt>
   <trkpt lat="42.3666200" lon="-71.1360310">
    <ele>2.7</ele>
    <time>2025-07-04T19:06:02Z</time>
   </trkpt>
   <trkpt lat="42.3665860" lon="-71.1360780">
    <ele>2.7</ele>
    <time>2025-07-04T19:06:03Z</time>
   </trkpt>
   <trkpt lat="42.3665420" lon="-71.1361130">
    <ele>2.7</ele>
    <time>2025-07-04T19:06:04Z</time>
   </trkpt>
   <trkpt lat="42.3664950" lon="-71.1361360">
    <ele>2.8</ele>
    <time>2025-07-04T19:06:05Z</time>
   </trkpt>
   <trkpt lat="42.3664530" lon="-71.1361610">
    <ele>2.8</ele>
    <time>2025-07-04T19:06:06Z</time>
   </trkpt>
   <trkpt lat="42.3664100" lon="-71.1361780">
    <ele>2.8</ele>
    <time>2025-07-04T19:06:07Z</time>
   </trkpt>
   <trkpt lat="42.3663720" lon="-71.1362040">
    <ele>2.8</ele>
    <time>2025-07-04T19:06:08Z</time>
   </trkpt>
   <trkpt lat="42.3663430" lon="-71.1362510">
    <ele>2.8</ele>
    <time>2025-07-04T19:06:09Z</time>
   </trkpt>
   <trkpt lat="42.3663300" lon="-71.1362710">
    <ele>2.9</ele>
    <time>2025-07-04T19:06:10Z</time>
   </trkpt>
   <trkpt lat="42.3663130" lon="-71.1363270">
    <ele>2.9</ele>
    <time>2025-07-04T19:06:11Z</time>
   </trkpt>
   <trkpt lat="42.3663010" lon="-71.1363740">
    <ele>2.9</ele>
    <time>2025-07-04T19:06:12Z</time>
   </trkpt>
   <trkpt lat="42.3662950" lon="-71.1364270">
    <ele>2.9</ele>
    <time>2025-07-04T19:06:13Z</time>
   </trkpt>
   <trkpt lat="42.3662900" lon="-71.1364450">
    <ele>2.9</ele>
    <time>2025-07-04T19:06:14Z</time>
   </trkpt>
   <trkpt lat="42.3662610" lon="-71.1364810">
    <ele>2.9</ele>
    <time>2025-07-04T19:06:15Z</time>
   </trkpt>
   <trkpt lat="42.3662310" lon="-71.1365380">
    <ele>3.0</ele>
    <time>2025-07-04T19:06:16Z</time>
   </trkpt>
   <trkpt lat="42.3662070" lon="-71.1365850">
    <ele>3.0</ele>
    <time>2025-07-04T19:06:17Z</time>
   </trkpt>
   <trkpt lat="42.3661720" lon="-71.1366270">
    <ele>3.0</ele>
    <time>2025-07-04T19:06:18Z</time>
   </trkpt>
   <trkpt lat="42.3661330" lon="-71.1366640">
    <ele>3.0</ele>
    <time>2025-07-04T19:06:19Z</time>
   </trkpt>
   <trkpt lat="42.3661100" lon="-71.1367070">
    <ele>3.0</ele>
    <time>2025-07-04T19:06:20Z</time>
   </trkpt>
   <trkpt lat="42.3660990" lon="-71.1367570">
    <ele>3.0</ele>
    <time>2025-07-04T19:06:21Z</time>
   </trkpt>
   <trkpt lat="42.3660850" lon="-71.1367910">
    <ele>3.0</ele>
    <time>2025-07-04T19:06:22Z</time>
   </trkpt>
   <trkpt lat="42.3660690" lon="-71.1368250">
    <ele>3.0</ele>
    <time>2025-07-04T19:06:23Z</time>
   </trkpt>
   <trkpt lat="42.3660420" lon="-71.1369040">
    <ele>3.0</ele>
    <time>2025-07-04T19:06:24Z</time>
   </trkpt>
   <trkpt lat="42.3660260" lon="-71.1369480">
    <ele>3.0</ele>
    <time>2025-07-04T19:06:25Z</time>
   </trkpt>
   <trkpt lat="42.3660000" lon="-71.1369850">
    <ele>3.0</ele>
    <time>2025-07-04T19:06:26Z</time>
   </trkpt>
   <trkpt lat="42.3659530" lon="-71.1370220">
    <ele>3.0</ele>
    <time>2025-07-04T19:06:27Z</time>
   </trkpt>
   <trkpt lat="42.3658950" lon="-71.1370540">
    <ele>3.0</ele>
    <time>2025-07-04T19:06:28Z</time>
   </trkpt>
   <trkpt lat="42.3658600" lon="-71.1370780">
    <ele>3.0</ele>
    <time>2025-07-04T19:06:29Z</time>
   </trkpt>
   <trkpt lat="42.3658160" lon="-71.1371160">
    <ele>3.0</ele>
    <time>2025-07-04T19:06:30Z</time>
   </trkpt>
   <trkpt lat="42.3657800" lon="-71.1371580">
    <ele>3.0</ele>
    <time>2025-07-04T19:06:31Z</time>
   </trkpt>
   <trkpt lat="42.3657570" lon="-71.1372010">
    <ele>3.0</ele>
    <time>2025-07-04T19:06:32Z</time>
   </trkpt>
   <trkpt lat="42.3657130" lon="-71.1372650">
    <ele>2.9</ele>
    <time>2025-07-04T19:06:33Z</time>
   </trkpt>
   <trkpt lat="42.3656710" lon="-71.1373150">
    <ele>2.9</ele>
    <time>2025-07-04T19:06:34Z</time>
   </trkpt>
   <trkpt lat="42.3656270" lon="-71.1373670">
    <ele>2.9</ele>
    <time>2025-07-04T19:06:35Z</time>
   </trkpt>
   <trkpt lat="42.3655850" lon="-71.1374030">
    <ele>2.9</ele>
    <time>2025-07-04T19:06:36Z</time>
   </trkpt>
   <trkpt lat="42.3655340" lon="-71.1374430">
    <ele>2.9</ele>
    <time>2025-07-04T19:06:37Z</time>
   </trkpt>
   <trkpt lat="42.3655030" lon="-71.1374840">
    <ele>2.9</ele>
    <time>2025-07-04T19:06:38Z</time>
   </trkpt>
   <trkpt lat="42.3654650" lon="-71.1375160">
    <ele>2.9</ele>
    <time>2025-07-04T19:06:39Z</time>
   </trkpt>
   <trkpt lat="42.3654340" lon="-71.1375410">
    <ele>2.9</ele>
    <time>2025-07-04T19:06:40Z</time>
   </trkpt>
   <trkpt lat="42.3654180" lon="-71.1375840">
    <ele>2.9</ele>
    <time>2025-07-04T19:06:41Z</time>
   </trkpt>
   <trkpt lat="42.3653910" lon="-71.1376220">
    <ele>2.9</ele>
    <time>2025-07-04T19:06:42Z</time>
   </trkpt>
   <trkpt lat="42.3653630" lon="-71.1376460">
    <ele>3.0</ele>
    <time>2025-07-04T19:06:43Z</time>
   </trkpt>
   <trkpt lat="42.3653130" lon="-71.1376800">
    <ele>3.0</ele>
    <time>2025-07-04T19:06:44Z</time>
   </trkpt>
   <trkpt lat="42.3652650" lon="-71.1377070">
    <ele>3.0</ele>
    <time>2025-07-04T19:06:45Z</time>
   </trkpt>
   <trkpt lat="42.3651990" lon="-71.1377250">
    <ele>3.1</ele>
    <time>2025-07-04T19:06:46Z</time>
   </trkpt>
   <trkpt lat="42.3651410" lon="-71.1377410">
    <ele>3.1</ele>
    <time>2025-07-04T19:06:47Z</time>
   </trkpt>
   <trkpt lat="42.3650970" lon="-71.1377420">
    <ele>3.1</ele>
    <time>2025-07-04T19:06:48Z</time>
   </trkpt>
   <trkpt lat="42.3650560" lon="-71.1377450">
    <ele>3.1</ele>
    <time>2025-07-04T19:06:49Z</time>
   </trkpt>
   <trkpt lat="42.3650290" lon="-71.1377750">
    <ele>3.2</ele>
    <time>2025-07-04T19:06:50Z</time>
   </trkpt>
   <trkpt lat="42.3650050" lon="-71.1378130">
    <ele>3.2</ele>
    <time>2025-07-04T19:06:51Z</time>
   </trkpt>
   <trkpt lat="42.3649820" lon="-71.1378460">
    <ele>3.2</ele>
    <time>2025-07-04T19:06:52Z</time>
   </trkpt>
   <trkpt lat="42.3649600" lon="-71.1378890">
    <ele>3.2</ele>
    <time>2025-07-04T19:06:53Z</time>
   </trkpt>
   <trkpt lat="42.3649500" lon="-71.1379270">
    <ele>3.2</ele>
    <time>2025-07-04T19:06:54Z</time>
   </trkpt>
   <trkpt lat="42.3649250" lon="-71.1379930">
    <ele>3.2</ele>
    <time>2025-07-04T19:06:55Z</time>
   </trkpt>
   <trkpt lat="42.3649090" lon="-71.1380260">
    <ele>3.2</ele>
    <time>2025-07-04T19:06:56Z</time>
   </trkpt>
   <trkpt lat="42.3648990" lon="-71.1380490">
    <ele>3.2</ele>
    <time>2025-07-04T19:06:57Z</time>
   </trkpt>
   <trkpt lat="42.3648850" lon="-71.1381090">
    <ele>3.2</ele>
    <time>2025-07-04T19:06:58Z</time>
   </trkpt>
   <trkpt lat="42.3648660" lon="-71.1381400">
    <ele>3.2</ele>
    <time>2025-07-04T19:06:59Z</time>
   </trkpt>
   <trkpt lat="42.3648480" lon="-71.1381770">
    <ele>3.2</ele>
    <time>2025-07-04T19:07:00Z</time>
   </trkpt>
   <trkpt lat="42.3648460" lon="-71.1381860">
    <ele>3.2</ele>
    <time>2025-07-04T19:07:01Z</time>
   </trkpt>
   <trkpt lat="42.3648150" lon="-71.1382300">
    <ele>3.2</ele>
    <time>2025-07-04T19:07:02Z</time>
   </trkpt>
   <trkpt lat="42.3648000" lon="-71.1382780">
    <ele>3.2</ele>
    <time>2025-07-04T19:07:03Z</time>
   </trkpt>
   <trkpt lat="42.3647750" lon="-71.1383180">
    <ele>3.2</ele>
    <time>2025-07-04T19:07:04Z</time>
   </trkpt>
   <trkpt lat="42.3647400" lon="-71.1383520">
    <ele>3.2</ele>
    <time>2025-07-04T19:07:05Z</time>
   </trkpt>
   <trkpt lat="42.3647240" lon="-71.1383890">
    <ele>3.2</ele>
    <time>2025-07-04T19:07:06Z</time>
   </trkpt>
   <trkpt lat="42.3646820" lon="-71.1384230">
    <ele>3.1</ele>
    <time>2025-07-04T19:07:07Z</time>
   </trkpt>
   <trkpt lat="42.3646600" lon="-71.1384710">
    <ele>3.1</ele>
    <time>2025-07-04T19:07:08Z</time>
   </trkpt>
   <trkpt lat="42.3646300" lon="-71.1385120">
    <ele>3.1</ele>
    <time>2025-07-04T19:07:09Z</time>
   </trkpt>
   <trkpt lat="42.3646040" lon="-71.1385520">
    <ele>3.1</ele>
    <time>2025-07-04T19:07:10Z</time>
   </trkpt>
   <trkpt lat="42.3645700" lon="-71.1386010">
    <ele>3.1</ele>
    <time>2025-07-04T19:07:11Z</time>
   </trkpt>
   <trkpt lat="42.3645530" lon="-71.1386580">
    <ele>3.1</ele>
    <time>2025-07-04T19:07:12Z</time>
   </trkpt>
   <trkpt lat="42.3645190" lon="-71.1387170">
    <ele>3.1</ele>
    <time>2025-07-04T19:07:13Z</time>
   </trkpt>
   <trkpt lat="42.3644910" lon="-71.1387800">
    <ele>3.1</ele>
    <time>2025-07-04T19:07:14Z</time>
   </trkpt>
   <trkpt lat="42.3644530" lon="-71.1388410">
    <ele>3.1</ele>
    <time>2025-07-04T19:07:15Z</time>
   </trkpt>
   <trkpt lat="42.3644230" lon="-71.1388970">
    <ele>3.1</ele>
    <time>2025-07-04T19:07:16Z</time>
   </trkpt>
   <trkpt lat="42.3644070" lon="-71.1389370">
    <ele>3.1</ele>
    <time>2025-07-04T19:07:17Z</time>
   </trkpt>
   <trkpt lat="42.3643920" lon="-71.1389890">
    <ele>3.1</ele>
    <time>2025-07-04T19:07:18Z</time>
   </trkpt>
   <trkpt lat="42.3643840" lon="-71.1390440">
    <ele>3.1</ele>
    <time>2025-07-04T19:07:19Z</time>
   </trkpt>
   <trkpt lat="42.3643550" lon="-71.1391050">
    <ele>3.0</ele>
    <time>2025-07-04T19:07:20Z</time>
   </trkpt>
   <trkpt lat="42.3643270" lon="-71.1391580">
    <ele>3.0</ele>
    <time>2025-07-04T19:07:21Z</time>
   </trkpt>
   <trkpt lat="42.3642980" lon="-71.1392230">
    <ele>3.0</ele>
    <time>2025-07-04T19:07:22Z</time>
   </trkpt>
   <trkpt lat="42.3642720" lon="-71.1392810">
    <ele>3.0</ele>
    <time>2025-07-04T19:07:23Z</time>
   </trkpt>
   <trkpt lat="42.3642410" lon="-71.1393480">
    <ele>3.0</ele>
    <time>2025-07-04T19:07:24Z</time>
   </trkpt>
   <trkpt lat="42.3642070" lon="-71.1394150">
    <ele>3.0</ele>
    <time>2025-07-04T19:07:25Z</time>
   </trkpt>
   <trkpt lat="42.3641900" lon="-71.1394690">
    <ele>3.0</ele>
    <time>2025-07-04T19:07:26Z</time>
   </trkpt>
   <trkpt lat="42.3641790" lon="-71.1395300">
    <ele>2.9</ele>
    <time>2025-07-04T19:07:27Z</time>
   </trkpt>
   <trkpt lat="42.3641580" lon="-71.1395880">
    <ele>2.9</ele>
    <time>2025-07-04T19:07:28Z</time>
   </trkpt>
   <trkpt lat="42.3641290" lon="-71.1396520">
    <ele>2.9</ele>
    <time>2025-07-04T19:07:29Z</time>
   </trkpt>
   <trkpt lat="42.3641170" lon="-71.1397200">
    <ele>2.9</ele>
    <time>2025-07-04T19:07:30Z</time>
   </trkpt>
   <trkpt lat="42.3641010" lon="-71.1397880">
    <ele>2.9</ele>
    <time>2025-07-04T19:07:31Z</time>
   </trkpt>
   <trkpt lat="42.3640860" lon="-71.1398470">
    <ele>2.9</ele>
    <time>2025-07-04T19:07:32Z</time>
   </trkpt>
   <trkpt lat="42.3640680" lon="-71.1398910">
    <ele>2.9</ele>
    <time>2025-07-04T19:07:33Z</time>
   </trkpt>
   <trkpt lat="42.3640610" lon="-71.1399340">
    <ele>2.9</ele>
    <time>2025-07-04T19:07:34Z</time>
   </trkpt>
   <trkpt lat="42.3640710" lon="-71.1399870">
    <ele>2.9</ele>
    <time>2025-07-04T19:07:35Z</time>
   </trkpt>
   <trkpt lat="42.3640780" lon="-71.1400460">
    <ele>2.8</ele>
    <time>2025-07-04T19:07:36Z</time>
   </trkpt>
   <trkpt lat="42.3640790" lon="-71.1401000">
    <ele>2.8</ele>
    <time>2025-07-04T19:07:37Z</time>
   </trkpt>
   <trkpt lat="42.3640860" lon="-71.1401390">
    <ele>2.8</ele>
    <time>2025-07-04T19:07:38Z</time>
   </trkpt>
   <trkpt lat="42.3641010" lon="-71.1401750">
    <ele>2.8</ele>
    <time>2025-07-04T19:07:39Z</time>
   </trkpt>
   <trkpt lat="42.3641040" lon="-71.1401940">
    <ele>2.8</ele>
    <time>2025-07-04T19:07:40Z</time>
   </trkpt>
   <trkpt lat="42.3641140" lon="-71.1402290">
    <ele>2.8</ele>
    <time>2025-07-04T19:07:41Z</time>
   </trkpt>
   <trkpt lat="42.3641220" lon="-71.1402670">
    <ele>2.8</ele>
    <time>2025-07-04T19:07:42Z</time>
   </trkpt>
   <trkpt lat="42.3641300" lon="-71.1403130">
    <ele>2.8</ele>
    <time>2025-07-04T19:07:43Z</time>
   </trkpt>
   <trkpt lat="42.3641490" lon="-71.1403750">
    <ele>2.8</ele>
    <time>2025-07-04T19:07:44Z</time>
   </trkpt>
   <trkpt lat="42.3641550" lon="-71.1404500">
    <ele>2.8</ele>
    <time>2025-07-04T19:07:45Z</time>
   </trkpt>
   <trkpt lat="42.3641560" lon="-71.1405240">
    <ele>2.8</ele>
    <time>2025-07-04T19:07:46Z</time>
   </trkpt>
   <trkpt lat="42.3641460" lon="-71.1405930">
    <ele>2.8</ele>
    <time>2025-07-04T19:07:47Z</time>
   </trkpt>
   <trkpt lat="42.3641390" lon="-71.1406650">
    <ele>2.8</ele>
    <time>2025-07-04T19:07:48Z</time>
   </trkpt>
   <trkpt lat="42.3641260" lon="-71.1407310">
    <ele>2.8</ele>
    <time>2025-07-04T19:07:49Z</time>
   </trkpt>
   <trkpt lat="42.3641070" lon="-71.1408030">
    <ele>2.8</ele>
    <time>2025-07-04T19:07:50Z</time>
   </trkpt>
   <trkpt lat="42.3640880" lon="-71.1409070">
    <ele>2.8</ele>
    <time>2025-07-04T19:07:51Z</time>
   </trkpt>
   <trkpt lat="42.3640700" lon="-71.1409710">
    <ele>2.8</ele>
    <time>2025-07-04T19:07:52Z</time>
   </trkpt>
   <trkpt lat="42.3640340" lon="-71.1410490">
    <ele>2.9</ele>
    <time>2025-07-04T19:07:53Z</time>
   </trkpt>
   <trkpt lat="42.3639980" lon="-71.1411310">
    <ele>3.0</ele>
    <time>2025-07-04T19:07:54Z</time>
   </trkpt>
   <trkpt lat="42.3639690" lon="-71.1411920">
    <ele>3.0</ele>
    <time>2025-07-04T19:07:55Z</time>
   </trkpt>
   <trkpt lat="42.3639540" lon="-71.1412510">
    <ele>3.1</ele>
    <time>2025-07-04T19:07:56Z</time>
   </trkpt>
   <trkpt lat="42.3639370" lon="-71.1412990">
    <ele>3.1</ele>
    <time>2025-07-04T19:07:57Z</time>
   </trkpt>
   <trkpt lat="42.3639220" lon="-71.1413670">
    <ele>3.2</ele>
    <time>2025-07-04T19:07:58Z</time>
   </trkpt>
   <trkpt lat="42.3639230" lon="-71.1414200">
    <ele>3.3</ele>
    <time>2025-07-04T19:07:59Z</time>
   </trkpt>
   <trkpt lat="42.3639410" lon="-71.1414680">
    <ele>3.3</ele>
    <time>2025-07-04T19:08:00Z</time>
   </trkpt>
   <trkpt lat="42.3639640" lon="-71.1415120">
    <ele>3.3</ele>
    <time>2025-07-04T19:08:01Z</time>
   </trkpt>
   <trkpt lat="42.3639670" lon="-71.1415550">
    <ele>3.4</ele>
    <time>2025-07-04T19:08:02Z</time>
   </trkpt>
   <trkpt lat="42.3639730" lon="-71.1416080">
    <ele>3.4</ele>
    <time>2025-07-04T19:08:03Z</time>
   </trkpt>
   <trkpt lat="42.3639890" lon="-71.1416550">
    <ele>3.4</ele>
    <time>2025-07-04T19:08:04Z</time>
   </trkpt>
   <trkpt lat="42.3639930" lon="-71.1416740">
    <ele>3.5</ele>
    <time>2025-07-04T19:08:05Z</time>
   </trkpt>
   <trkpt lat="42.3640250" lon="-71.1416770">
    <ele>3.4</ele>
    <time>2025-07-04T19:08:06Z</time>
   </trkpt>
   <trkpt lat="42.3640390" lon="-71.1416870">
    <ele>3.4</ele>
    <time>2025-07-04T19:08:07Z</time>
   </trkpt>
   <trkpt lat="42.3640760" lon="-71.1417020">
    <ele>3.4</ele>
    <time>2025-07-04T19:08:08Z</time>
   </trkpt>
   <trkpt lat="42.3641140" lon="-71.1417170">
    <ele>3.4</ele>
    <time>2025-07-04T19:08:09Z</time>
   </trkpt>
   <trkpt lat="42.3641540" lon="-71.1417340">
    <ele>3.4</ele>
    <time>2025-07-04T19:08:10Z</time>
   </trkpt>
   <trkpt lat="42.3641920" lon="-71.1417740">
    <ele>3.3</ele>
    <time>2025-07-04T19:08:11Z</time>
   </trkpt>
   <trkpt lat="42.3642190" lon="-71.1417840">
    <ele>3.4</ele>
    <time>2025-07-04T19:08:12Z</time>
   </trkpt>
   <trkpt lat="42.3642510" lon="-71.1417820">
    <ele>3.3</ele>
    <time>2025-07-04T19:08:13Z</time>
   </trkpt>
   <trkpt lat="42.3642820" lon="-71.1418010">
    <ele>3.4</ele>
    <time>2025-07-04T19:08:14Z</time>
   </trkpt>
   <trkpt lat="42.3643160" lon="-71.1418300">
    <ele>3.3</ele>
    <time>2025-07-04T19:08:15Z</time>
   </trkpt>
   <trkpt lat="42.3643360" lon="-71.1418540">
    <ele>3.3</ele>
    <time>2025-07-04T19:08:16Z</time>
   </trkpt>
   <trkpt lat="42.3643680" lon="-71.1418690">
    <ele>3.3</ele>
    <time>2025-07-04T19:08:17Z</time>
   </trkpt>
   <trkpt lat="42.3644140" lon="-71.1419040">
    <ele>3.3</ele>
    <time>2025-07-04T19:08:18Z</time>
   </trkpt>
   <trkpt lat="42.3644370" lon="-71.1419350">
    <ele>3.4</ele>
    <time>2025-07-04T19:08:19Z</time>
   </trkpt>
   <trkpt lat="42.3644630" lon="-71.1420100">
    <ele>3.4</ele>
    <time>2025-07-04T19:08:20Z</time>
   </trkpt>
   <trkpt lat="42.3644840" lon="-71.1420610">
    <ele>3.4</ele>
    <time>2025-07-04T19:08:21Z</time>
   </trkpt>
   <trkpt lat="42.3644740" lon="-71.1421130">
    <ele>3.5</ele>
    <time>2025-07-04T19:08:22Z</time>
   </trkpt>
   <trkpt lat="42.3644710" lon="-71.1421850">
    <ele>3.5</ele>
    <time>2025-07-04T19:08:23Z</time>
   </trkpt>
   <trkpt lat="42.3644630" lon="-71.1422570">
    <ele>3.6</ele>
    <time>2025-07-04T19:08:24Z</time>
   </trkpt>
   <trkpt lat="42.3644640" lon="-71.1423380">
    <ele>3.7</ele>
    <time>2025-07-04T19:08:25Z</time>
   </trkpt>
   <trkpt lat="42.3644360" lon="-71.1424130">
    <ele>3.9</ele>
    <time>2025-07-04T19:08:26Z</time>
   </trkpt>
   <trkpt lat="42.3644190" lon="-71.1424840">
    <ele>4.0</ele>
    <time>2025-07-04T19:08:27Z</time>
   </trkpt>
   <trkpt lat="42.3644100" lon="-71.1425470">
    <ele>4.2</ele>
    <time>2025-07-04T19:08:28Z</time>
   </trkpt>
   <trkpt lat="42.3644000" lon="-71.1426060">
    <ele>4.3</ele>
    <time>2025-07-04T19:08:29Z</time>
   </trkpt>
   <trkpt lat="42.3643900" lon="-71.1426780">
    <ele>4.5</ele>
    <time>2025-07-04T19:08:30Z</time>
   </trkpt>
   <trkpt lat="42.3643720" lon="-71.1427240">
    <ele>4.7</ele>
    <time>2025-07-04T19:08:31Z</time>
   </trkpt>
   <trkpt lat="42.3643330" lon="-71.1427620">
    <ele>4.9</ele>
    <time>2025-07-04T19:08:32Z</time>
   </trkpt>
   <trkpt lat="42.3643210" lon="-71.1428150">
    <ele>5.1</ele>
    <time>2025-07-04T19:08:33Z</time>
   </trkpt>
   <trkpt lat="42.3643180" lon="-71.1428670">
    <ele>5.3</ele>
    <time>2025-07-04T19:08:34Z</time>
   </trkpt>
   <trkpt lat="42.3642960" lon="-71.1429200">
    <ele>5.7</ele>
    <time>2025-07-04T19:08:35Z</time>
   </trkpt>
   <trkpt lat="42.3642740" lon="-71.1429670">
    <ele>5.9</ele>
    <time>2025-07-04T19:08:36Z</time>
   </trkpt>
   <trkpt lat="42.3642480" lon="-71.1429990">
    <ele>6.0</ele>
    <time>2025-07-04T19:08:37Z</time>
   </trkpt>
   <trkpt lat="42.3642150" lon="-71.1430440">
    <ele>6.0</ele>
    <time>2025-07-04T19:08:38Z</time>
   </trkpt>
   <trkpt lat="42.3641910" lon="-71.1430850">
    <ele>6.3</ele>
    <time>2025-07-04T19:08:39Z</time>
   </trkpt>
   <trkpt lat="42.3641650" lon="-71.1431270">
    <ele>6.2</ele>
    <time>2025-07-04T19:08:40Z</time>
   </trkpt>
   <trkpt lat="42.3641360" lon="-71.1431590">
    <ele>5.8</ele>
    <time>2025-07-04T19:08:41Z</time>
   </trkpt>
   <trkpt lat="42.3640990" lon="-71.1432100">
    <ele>5.5</ele>
    <time>2025-07-04T19:08:42Z</time>
   </trkpt>
   <trkpt lat="42.3640520" lon="-71.1432580">
    <ele>4.5</ele>
    <time>2025-07-04T19:08:43Z</time>
   </trkpt>
   <trkpt lat="42.3640330" lon="-71.1433050">
    <ele>4.3</ele>
    <time>2025-07-04T19:08:44Z</time>
   </trkpt>
   <trkpt lat="42.3640080" lon="-71.1433490">
    <ele>4.0</ele>
    <time>2025-07-04T19:08:45Z</time>
   </trkpt>
   <trkpt lat="42.3639510" lon="-71.1434160">
    <ele>3.9</ele>
    <time>2025-07-04T19:08:46Z</time>
   </trkpt>
   <trkpt lat="42.3639270" lon="-71.1434630">
    <ele>3.9</ele>
    <time>2025-07-04T19:08:47Z</time>
   </trkpt>
   <trkpt lat="42.3638800" lon="-71.1435030">
    <ele>3.8</ele>
    <time>2025-07-04T19:08:48Z</time>
   </trkpt>
   <trkpt lat="42.3638380" lon="-71.1435290">
    <ele>3.7</ele>
    <time>2025-07-04T19:08:49Z</time>
   </trkpt>
   <trkpt lat="42.3638190" lon="-71.1435840">
    <ele>3.7</ele>
    <time>2025-07-04T19:08:50Z</time>
   </trkpt>
   <trkpt lat="42.3637880" lon="-71.1436210">
    <ele>3.7</ele>
    <time>2025-07-04T19:08:51Z</time>
   </trkpt>
   <trkpt lat="42.3637650" lon="-71.1436520">
    <ele>3.7</ele>
    <time>2025-07-04T19:08:52Z</time>
   </trkpt>
   <trkpt lat="42.3637410" lon="-71.1437310">
    <ele>3.7</ele>
    <time>2025-07-04T19:08:53Z</time>
   </trkpt>
   <trkpt lat="42.3637180" lon="-71.1437930">
    <ele>3.7</ele>
    <time>2025-07-04T19:08:54Z</time>
   </trkpt>
   <trkpt lat="42.3637000" lon="-71.1438510">
    <ele>3.7</ele>
    <time>2025-07-04T19:08:55Z</time>
   </trkpt>
   <trkpt lat="42.3636890" lon="-71.1438930">
    <ele>3.7</ele>
    <time>2025-07-04T19:08:56Z</time>
   </trkpt>
   <trkpt lat="42.3636670" lon="-71.1439320">
    <ele>3.7</ele>
    <time>2025-07-04T19:08:57Z</time>
   </trkpt>
   <trkpt lat="42.3636400" lon="-71.1439820">
    <ele>3.7</ele>
    <time>2025-07-04T19:08:58Z</time>
   </trkpt>
   <trkpt lat="42.3636390" lon="-71.1440440">
    <ele>3.7</ele>
    <time>2025-07-04T19:08:59Z</time>
   </trkpt>
   <trkpt lat="42.3636190" lon="-71.1440950">
    <ele>3.7</ele>
    <time>2025-07-04T19:09:00Z</time>
   </trkpt>
   <trkpt lat="42.3636020" lon="-71.1441540">
    <ele>3.7</ele>
    <time>2025-07-04T19:09:01Z</time>
   </trkpt>
   <trkpt lat="42.3635910" lon="-71.1441900">
    <ele>3.7</ele>
    <time>2025-07-04T19:09:02Z</time>
   </trkpt>
   <trkpt lat="42.3635800" lon="-71.1442360">
    <ele>3.7</ele>
    <time>2025-07-04T19:09:03Z</time>
   </trkpt>
   <trkpt lat="42.3635630" lon="-71.1442890">
    <ele>3.7</ele>
    <time>2025-07-04T19:09:04Z</time>
   </trkpt>
   <trkpt lat="42.3635460" lon="-71.1443200">
    <ele>3.7</ele>
    <time>2025-07-04T19:09:05Z</time>
   </trkpt>
   <trkpt lat="42.3635240" lon="-71.1443680">
    <ele>3.7</ele>
    <time>2025-07-04T19:09:06Z</time>
   </trkpt>
   <trkpt lat="42.3635110" lon="-71.1444230">
    <ele>3.7</ele>
    <time>2025-07-04T19:09:07Z</time>
   </trkpt>
   <trkpt lat="42.3634870" lon="-71.1444560">
    <ele>3.8</ele>
    <time>2025-07-04T19:09:08Z</time>
   </trkpt>
   <trkpt lat="42.3634540" lon="-71.1444950">
    <ele>3.8</ele>
    <time>2025-07-04T19:09:09Z</time>
   </trkpt>
   <trkpt lat="42.3634290" lon="-71.1445380">
    <ele>3.8</ele>
    <time>2025-07-04T19:09:10Z</time>
   </trkpt>
   <trkpt lat="42.3634180" lon="-71.1445910">
    <ele>3.9</ele>
    <time>2025-07-04T19:09:11Z</time>
   </trkpt>
   <trkpt lat="42.3633780" lon="-71.1446320">
    <ele>3.9</ele>
    <time>2025-07-04T19:09:12Z</time>
   </trkpt>
   <trkpt lat="42.3633330" lon="-71.1446730">
    <ele>4.0</ele>
    <time>2025-07-04T19:09:13Z</time>
   </trkpt>
   <trkpt lat="42.3632850" lon="-71.1446900">
    <ele>4.1</ele>
    <time>2025-07-04T19:09:14Z</time>
   </trkpt>
   <trkpt lat="42.3632540" lon="-71.1447360">
    <ele>4.2</ele>
    <time>2025-07-04T19:09:15Z</time>
   </trkpt>
   <trkpt lat="42.3632300" lon="-71.1447910">
    <ele>4.3</ele>
    <time>2025-07-04T19:09:16Z</time>
   </trkpt>
   <trkpt lat="42.3632100" lon="-71.1448290">
    <ele>4.3</ele>
    <time>2025-07-04T19:09:17Z</time>
   </trkpt>
   <trkpt lat="42.3631840" lon="-71.1448650">
    <ele>4.4</ele>
    <time>2025-07-04T19:09:18Z</time>
   </trkpt>
   <trkpt lat="42.3631370" lon="-71.1448980">
    <ele>4.4</ele>
    <time>2025-07-04T19:09:19Z</time>
   </trkpt>
   <trkpt lat="42.3631090" lon="-71.1449430">
    <ele>4.5</ele>
    <time>2025-07-04T19:09:20Z</time>
   </trkpt>
   <trkpt lat="42.3630850" lon="-71.1449730">
    <ele>4.4</ele>
    <time>2025-07-04T19:09:21Z</time>
   </trkpt>
   <trkpt lat="42.3630590" lon="-71.1450200">
    <ele>4.4</ele>
    <time>2025-07-04T19:09:22Z</time>
   </trkpt>
   <trkpt lat="42.3630290" lon="-71.1450720">
    <ele>4.4</ele>
    <time>2025-07-04T19:09:23Z</time>
   </trkpt>
   <trkpt lat="42.3630040" lon="-71.1451170">
    <ele>4.4</ele>
    <time>2025-07-04T19:09:24Z</time>
   </trkpt>
   <trkpt lat="42.3629770" lon="-71.1451650">
    <ele>4.4</ele>
    <time>2025-07-04T19:09:25Z</time>
   </trkpt>
   <trkpt lat="42.3629430" lon="-71.1452170">
    <ele>4.4</ele>
    <time>2025-07-04T19:09:26Z</time>
   </trkpt>
   <trkpt lat="42.3629130" lon="-71.1452600">
    <ele>4.7</ele>
    <time>2025-07-04T19:09:27Z</time>
   </trkpt>
   <trkpt lat="42.3628810" lon="-71.1453030">
    <ele>5.0</ele>
    <time>2025-07-04T19:09:28Z</time>
   </trkpt>
   <trkpt lat="42.3628550" lon="-71.1453250">
    <ele>5.2</ele>
    <time>2025-07-04T19:09:29Z</time>
   </trkpt>
   <trkpt lat="42.3628270" lon="-71.1453620">
    <ele>5.4</ele>
    <time>2025-07-04T19:09:30Z</time>
   </trkpt>
   <trkpt lat="42.3627910" lon="-71.1454050">
    <ele>5.5</ele>
    <time>2025-07-04T19:09:31Z</time>
   </trkpt>
   <trkpt lat="42.3627620" lon="-71.1454470">
    <ele>5.5</ele>
    <time>2025-07-04T19:09:32Z</time>
   </trkpt>
   <trkpt lat="42.3627280" lon="-71.1455150">
    <ele>5.5</ele>
    <time>2025-07-04T19:09:33Z</time>
   </trkpt>
   <trkpt lat="42.3626860" lon="-71.1455790">
    <ele>5.5</ele>
    <time>2025-07-04T19:09:34Z</time>
   </trkpt>
   <trkpt lat="42.3626440" lon="-71.1456400">
    <ele>5.6</ele>
    <time>2025-07-04T19:09:35Z</time>
   </trkpt>
   <trkpt lat="42.3626020" lon="-71.1456900">
    <ele>5.6</ele>
    <time>2025-07-04T19:09:36Z</time>
   </trkpt>
   <trkpt lat="42.3625610" lon="-71.1457500">
    <ele>5.7</ele>
    <time>2025-07-04T19:09:37Z</time>
   </trkpt>
   <trkpt lat="42.3625380" lon="-71.1457700">
    <ele>5.7</ele>
    <time>2025-07-04T19:09:38Z</time>
   </trkpt>
   <trkpt lat="42.3625050" lon="-71.1458330">
    <ele>5.8</ele>
    <time>2025-07-04T19:09:39Z</time>
   </trkpt>
   <trkpt lat="42.3624840" lon="-71.1458760">
    <ele>5.9</ele>
    <time>2025-07-04T19:09:40Z</time>
   </trkpt>
   <trkpt lat="42.3624580" lon="-71.1459180">
    <ele>5.9</ele>
    <time>2025-07-04T19:09:41Z</time>
   </trkpt>
   <trkpt lat="42.3624350" lon="-71.1459610">
    <ele>6.0</ele>
    <time>2025-07-04T19:09:42Z</time>
   </trkpt>
   <trkpt lat="42.3624080" lon="-71.1460000">
    <ele>6.0</ele>
    <time>2025-07-04T19:09:43Z</time>
   </trkpt>
   <trkpt lat="42.3623800" lon="-71.1460370">
    <ele>6.1</ele>
    <time>2025-07-04T19:09:44Z</time>
   </trkpt>
   <trkpt lat="42.3623370" lon="-71.1460830">
    <ele>6.2</ele>
    <time>2025-07-04T19:09:45Z</time>
   </trkpt>
   <trkpt lat="42.3622940" lon="-71.1461290">
    <ele>6.3</ele>
    <time>2025-07-04T19:09:46Z</time>
   </trkpt>
   <trkpt lat="42.3622590" lon="-71.1461580">
    <ele>6.4</ele>
    <time>2025-07-04T19:09:47Z</time>
   </trkpt>
   <trkpt lat="42.3622290" lon="-71.1461970">
    <ele>6.5</ele>
    <time>2025-07-04T19:09:48Z</time>
   </trkpt>
   <trkpt lat="42.3621840" lon="-71.1462450">
    <ele>6.6</ele>
    <time>2025-07-04T19:09:49Z</time>
   </trkpt>
   <trkpt lat="42.3621560" lon="-71.1462830">
    <ele>6.6</ele>
    <time>2025-07-04T19:09:50Z</time>
   </trkpt>
   <trkpt lat="42.3621220" lon="-71.1463140">
    <ele>6.6</ele>
    <time>2025-07-04T19:09:51Z</time>
   </trkpt>
   <trkpt lat="42.3620900" lon="-71.1463620">
    <ele>6.7</ele>
    <time>2025-07-04T19:09:52Z</time>
   </trkpt>
   <trkpt lat="42.3620710" lon="-71.1463780">
    <ele>6.7</ele>
    <time>2025-07-04T19:09:53Z</time>
   </trkpt>
   <trkpt lat="42.3620480" lon="-71.1463990">
    <ele>6.7</ele>
    <time>2025-07-04T19:09:54Z</time>
   </trkpt>
   <trkpt lat="42.3620250" lon="-71.1464290">
    <ele>6.7</ele>
    <time>2025-07-04T19:09:55Z</time>
   </trkpt>
   <trkpt lat="42.3620150" lon="-71.1464410">
    <ele>6.7</ele>
    <time>2025-07-04T19:09:56Z</time>
   </trkpt>
   <trkpt lat="42.3619880" lon="-71.1464550">
    <ele>6.8</ele>
    <time>2025-07-04T19:09:57Z</time>
   </trkpt>
   <trkpt lat="42.3619570" lon="-71.1464870">
    <ele>6.8</ele>
    <time>2025-07-04T19:09:58Z</time>
   </trkpt>
   <trkpt lat="42.3619470" lon="-71.1464960">
    <ele>6.8</ele>
    <time>2025-07-04T19:09:59Z</time>
   </trkpt>
   <trkpt lat="42.3619200" lon="-71.1465180">
    <ele>6.9</ele>
    <time>2025-07-04T19:10:00Z</time>
   </trkpt>
   <trkpt lat="42.3619080" lon="-71.1465250">
    <ele>6.9</ele>
    <time>2025-07-04T19:10:01Z</time>
   </trkpt>
   <trkpt lat="42.3618920" lon="-71.1465350">
    <ele>6.9</ele>
    <time>2025-07-04T19:10:02Z</time>
   </trkpt>
   <trkpt lat="42.3618830" lon="-71.1465420">
    <ele>6.9</ele>
    <time>2025-07-04T19:10:03Z</time>
   </trkpt>
   <trkpt lat="42.3618710" lon="-71.1465490">
    <ele>6.9</ele>
    <time>2025-07-04T19:10:04Z</time>
   </trkpt>
   <trkpt lat="42.3618550" lon="-71.1465530">
    <ele>7.0</ele>
    <time>2025-07-04T19:10:05Z</time>
   </trkpt>
   <trkpt lat="42.3618390" lon="-71.1465700">
    <ele>7.0</ele>
    <time>2025-07-04T19:10:06Z</time>
   </trkpt>
   <trkpt lat="42.3618220" lon="-71.1465890">
    <ele>7.0</ele>
    <time>2025-07-04T19:10:07Z</time>
   </trkpt>
   <trkpt lat="42.3618060" lon="-71.1466080">
    <ele>7.1</ele>
    <time>2025-07-04T19:10:08Z</time>
   </trkpt>
   <trkpt lat="42.3617890" lon="-71.1466270">
    <ele>7.1</ele>
    <time>2025-07-04T19:10:09Z</time>
   </trkpt>
   <trkpt lat="42.3617730" lon="-71.1466460">
    <ele>7.1</ele>
    <time>2025-07-04T19:10:10Z</time>
   </trkpt>
   <trkpt lat="42.3617560" lon="-71.1466650">
    <ele>7.2</ele>
    <time>2025-07-04T19:10:11Z</time>
   </trkpt>
   <trkpt lat="42.3617400" lon="-71.1466840">
    <ele>7.2</ele>
    <time>2025-07-04T19:10:12Z</time>
   </trkpt>
   <trkpt lat="42.3617230" lon="-71.1467030">
    <ele>7.1</ele>
    <time>2025-07-04T19:10:33Z</time>
   </trkpt>
   <trkpt lat="42.3617070" lon="-71.1467220">
    <ele>7.1</ele>
    <time>2025-07-04T19:10:34Z</time>
   </trkpt>
   <trkpt lat="42.3616790" lon="-71.1467510">
    <ele>7.1</ele>
    <time>2025-07-04T19:10:35Z</time>
   </trkpt>
   <trkpt lat="42.3616560" lon="-71.1467730">
    <ele>7.1</ele>
    <time>2025-07-04T19:10:36Z</time>
   </trkpt>
   <trkpt lat="42.3616280" lon="-71.1468050">
    <ele>7.1</ele>
    <time>2025-07-04T19:10:37Z</time>
   </trkpt>
   <trkpt lat="42.3616060" lon="-71.1468320">
    <ele>7.1</ele>
    <time>2025-07-04T19:10:38Z</time>
   </trkpt>
   <trkpt lat="42.3615720" lon="-71.1468660">
    <ele>7.1</ele>
    <time>2025-07-04T19:10:39Z</time>
   </trkpt>
   <trkpt lat="42.3615390" lon="-71.1468650">
    <ele>7.1</ele>
    <time>2025-07-04T19:10:40Z</time>
   </trkpt>
   <trkpt lat="42.3615100" lon="-71.1468790">
    <ele>7.0</ele>
    <time>2025-07-04T19:10:41Z</time>
   </trkpt>
   <trkpt lat="42.3614940" lon="-71.1468870">
    <ele>7.0</ele>
    <time>2025-07-04T19:10:42Z</time>
   </trkpt>
   <trkpt lat="42.3614680" lon="-71.1469350">
    <ele>6.9</ele>
    <time>2025-07-04T19:10:43Z</time>
   </trkpt>
   <trkpt lat="42.3614640" lon="-71.1469790">
    <ele>6.9</ele>
    <time>2025-07-04T19:10:44Z</time>
   </trkpt>
   <trkpt lat="42.3614350" lon="-71.1470190">
    <ele>6.8</ele>
    <time>2025-07-04T19:10:45Z</time>
   </trkpt>
   <trkpt lat="42.3614120" lon="-71.1470570">
    <ele>6.8</ele>
    <time>2025-07-04T19:10:46Z</time>
   </trkpt>
   <trkpt lat="42.3613900" lon="-71.1471020">
    <ele>6.7</ele>
    <time>2025-07-04T19:10:47Z</time>
   </trkpt>
   <trkpt lat="42.3613600" lon="-71.1471360">
    <ele>6.7</ele>
    <time>2025-07-04T19:10:48Z</time>
   </trkpt>
   <trkpt lat="42.3613410" lon="-71.1471830">
    <ele>6.6</ele>
    <time>2025-07-04T19:10:49Z</time>
   </trkpt>
   <trkpt lat="42.3613050" lon="-71.1472440">
    <ele>6.5</ele>
    <time>2025-07-04T19:10:50Z</time>
   </trkpt>
   <trkpt lat="42.3612790" lon="-71.1472850">
    <ele>6.4</ele>
    <time>2025-07-04T19:10:51Z</time>
   </trkpt>
   <trkpt lat="42.3612460" lon="-71.1473310">
    <ele>6.4</ele>
    <time>2025-07-04T19:10:52Z</time>
   </trkpt>
   <trkpt lat="42.3612360" lon="-71.1473670">
    <ele>6.3</ele>
    <time>2025-07-04T19:10:53Z</time>
   </trkpt>
   <trkpt lat="42.3612120" lon="-71.1474250">
    <ele>6.3</ele>
    <time>2025-07-04T19:10:54Z</time>
   </trkpt>
   <trkpt lat="42.3611980" lon="-71.1474740">
    <ele>6.2</ele>
    <time>2025-07-04T19:10:55Z</time>
   </trkpt>
   <trkpt lat="42.3611730" lon="-71.1475000">
    <ele>6.2</ele>
    <time>2025-07-04T19:10:56Z</time>
   </trkpt>
   <trkpt lat="42.3611450" lon="-71.1475610">
    <ele>6.2</ele>
    <time>2025-07-04T19:10:57Z</time>
   </trkpt>
   <trkpt lat="42.3611280" lon="-71.1476010">
    <ele>6.2</ele>
    <time>2025-07-04T19:10:58Z</time>
   </trkpt>
   <trkpt lat="42.3611100" lon="-71.1476590">
    <ele>6.1</ele>
    <time>2025-07-04T19:10:59Z</time>
   </trkpt>
   <trkpt lat="42.3610880" lon="-71.1477090">
    <ele>6.1</ele>
    <time>2025-07-04T19:11:00Z</time>
   </trkpt>
   <trkpt lat="42.3610650" lon="-71.1477680">
    <ele>6.1</ele>
    <time>2025-07-04T19:11:01Z</time>
   </trkpt>
   <trkpt lat="42.3610560" lon="-71.1478190">
    <ele>6.2</ele>
    <time>2025-07-04T19:11:02Z</time>
   </trkpt>
   <trkpt lat="42.3610380" lon="-71.1478860">
    <ele>6.2</ele>
    <time>2025-07-04T19:11:03Z</time>
   </trkpt>
   <trkpt lat="42.3610410" lon="-71.1479400">
    <ele>6.2</ele>
    <time>2025-07-04T19:11:04Z</time>
   </trkpt>
   <trkpt lat="42.3610120" lon="-71.1480080">
    <ele>6.2</ele>
    <time>2025-07-04T19:11:05Z</time>
   </trkpt>
   <trkpt lat="42.3610050" lon="-71.1480670">
    <ele>6.2</ele>
    <time>2025-07-04T19:11:06Z</time>
   </trkpt>
   <trkpt lat="42.3609620" lon="-71.1481130">
    <ele>6.3</ele>
    <time>2025-07-04T19:11:07Z</time>
   </trkpt>
   <trkpt lat="42.3609420" lon="-71.1481500">
    <ele>6.3</ele>
    <time>2025-07-04T19:11:08Z</time>
   </trkpt>
   <trkpt lat="42.3609160" lon="-71.1482070">
    <ele>6.3</ele>
    <time>2025-07-04T19:11:09Z</time>
   </trkpt>
   <trkpt lat="42.3608870" lon="-71.1482890">
    <ele>6.3</ele>
    <time>2025-07-04T19:11:10Z</time>
   </trkpt>
   <trkpt lat="42.3608660" lon="-71.1483440">
    <ele>6.3</ele>
    <time>2025-07-04T19:11:11Z</time>
   </trkpt>
   <trkpt lat="42.3608600" lon="-71.1484030">
    <ele>6.2</ele>
    <time>2025-07-04T19:11:12Z</time>
   </trkpt>
   <trkpt lat="42.3608380" lon="-71.1484860">
    <ele>6.2</ele>
    <time>2025-07-04T19:11:13Z</time>
   </trkpt>
   <trkpt lat="42.3608310" lon="-71.1485470">
    <ele>6.1</ele>
    <time>2025-07-04T19:11:14Z</time>
   </trkpt>
   <trkpt lat="42.3608020" lon="-71.1486060">
    <ele>6.0</ele>
    <time>2025-07-04T19:11:15Z</time>
   </trkpt>
   <trkpt lat="42.3607750" lon="-71.1486840">
    <ele>5.9</ele>
    <time>2025-07-04T19:11:16Z</time>
   </trkpt>
   <trkpt lat="42.3607640" lon="-71.1487570">
    <ele>5.9</ele>
    <time>2025-07-04T19:11:17Z</time>
   </trkpt>
   <trkpt lat="42.3607560" lon="-71.1488250">
    <ele>5.8</ele>
    <time>2025-07-04T19:11:18Z</time>
   </trkpt>
   <trkpt lat="42.3607360" lon="-71.1489060">
    <ele>5.7</ele>
    <time>2025-07-04T19:11:19Z</time>
   </trkpt>
   <trkpt lat="42.3607380" lon="-71.1489530">
    <ele>5.6</ele>
    <time>2025-07-04T19:11:20Z</time>
   </trkpt>
   <trkpt lat="42.3607240" lon="-71.1489990">
    <ele>5.6</ele>
    <time>2025-07-04T19:11:21Z</time>
   </trkpt>
   <trkpt lat="42.3607070" lon="-71.1490820">
    <ele>5.5</ele>
    <time>2025-07-04T19:11:22Z</time>
   </trkpt>
   <trkpt lat="42.3606890" lon="-71.1491730">
    <ele>5.3</ele>
    <time>2025-07-04T19:11:23Z</time>
   </trkpt>
   <trkpt lat="42.3606830" lon="-71.1492470">
    <ele>5.3</ele>
    <time>2025-07-04T19:11:24Z</time>
   </trkpt>
   <trkpt lat="42.3606600" lon="-71.1493230">
    <ele>5.2</ele>
    <time>2025-07-04T19:11:25Z</time>
   </trkpt>
   <trkpt lat="42.3606490" lon="-71.1493890">
    <ele>5.2</ele>
    <time>2025-07-04T19:11:26Z</time>
   </trkpt>
   <trkpt lat="42.3606380" lon="-71.1494680">
    <ele>5.1</ele>
    <time>2025-07-04T19:11:27Z</time>
   </trkpt>
   <trkpt lat="42.3606310" lon="-71.1495340">
    <ele>5.1</ele>
    <time>2025-07-04T19:11:28Z</time>
   </trkpt>
   <trkpt lat="42.3606220" lon="-71.1495920">
    <ele>5.1</ele>
    <time>2025-07-04T19:11:29Z</time>
   </trkpt>
   <trkpt lat="42.3606130" lon="-71.1496610">
    <ele>5.0</ele>
    <time>2025-07-04T19:11:30Z</time>
   </trkpt>
   <trkpt lat="42.3606090" lon="-71.1497390">
    <ele>5.0</ele>
    <time>2025-07-04T19:11:31Z</time>
   </trkpt>
   <trkpt lat="42.3606030" lon="-71.1498000">
    <ele>4.9</ele>
    <time>2025-07-04T19:11:32Z</time>
   </trkpt>
   <trkpt lat="42.3605940" lon="-71.1498650">
    <ele>4.9</ele>
    <time>2025-07-04T19:11:33Z</time>
   </trkpt>
   <trkpt lat="42.3605850" lon="-71.1499280">
    <ele>4.8</ele>
    <time>2025-07-04T19:11:34Z</time>
   </trkpt>
   <trkpt lat="42.3605790" lon="-71.1499940">
    <ele>4.8</ele>
    <time>2025-07-04T19:11:35Z</time>
   </trkpt>
   <trkpt lat="42.3605770" lon="-71.1500800">
    <ele>4.8</ele>
    <time>2025-07-04T19:11:36Z</time>
   </trkpt>
   <trkpt lat="42.3605620" lon="-71.1501280">
    <ele>4.7</ele>
    <time>2025-07-04T19:11:37Z</time>
   </trkpt>
   <trkpt lat="42.3605560" lon="-71.1501880">
    <ele>4.7</ele>
    <time>2025-07-04T19:11:38Z</time>
   </trkpt>
   <trkpt lat="42.3605510" lon="-71.1502630">
    <ele>4.7</ele>
    <time>2025-07-04T19:11:39Z</time>
   </trkpt>
   <trkpt lat="42.3605390" lon="-71.1503400">
    <ele>4.6</ele>
    <time>2025-07-04T19:11:40Z</time>
   </trkpt>
   <trkpt lat="42.3605360" lon="-71.1503990">
    <ele>4.5</ele>
    <time>2025-07-04T19:11:41Z</time>
   </trkpt>
   <trkpt lat="42.3605290" lon="-71.1504620">
    <ele>4.5</ele>
    <time>2025-07-04T19:11:42Z</time>
   </trkpt>
   <trkpt lat="42.3605280" lon="-71.1505090">
    <ele>4.4</ele>
    <time>2025-07-04T19:11:43Z</time>
   </trkpt>
   <trkpt lat="42.3605200" lon="-71.1505770">
    <ele>4.4</ele>
    <time>2025-07-04T19:11:44Z</time>
   </trkpt>
   <trkpt lat="42.3605160" lon="-71.1506160">
    <ele>4.4</ele>
    <time>2025-07-04T19:11:45Z</time>
   </trkpt>
   <trkpt lat="42.3605070" lon="-71.1506790">
    <ele>4.3</ele>
    <time>2025-07-04T19:11:46Z</time>
   </trkpt>
   <trkpt lat="42.3604870" lon="-71.1507150">
    <ele>4.3</ele>
    <time>2025-07-04T19:11:47Z</time>
   </trkpt>
   <trkpt lat="42.3604730" lon="-71.1507880">
    <ele>4.3</ele>
    <time>2025-07-04T19:11:48Z</time>
   </trkpt>
   <trkpt lat="42.3604630" lon="-71.1508670">
    <ele>4.3</ele>
    <time>2025-07-04T19:11:49Z</time>
   </trkpt>
   <trkpt lat="42.3604620" lon="-71.1509410">
    <ele>4.2</ele>
    <time>2025-07-04T19:11:50Z</time>
   </trkpt>
   <trkpt lat="42.3604560" lon="-71.1510280">
    <ele>4.2</ele>
    <time>2025-07-04T19:11:51Z</time>
   </trkpt>
   <trkpt lat="42.3604470" lon="-71.1511120">
    <ele>4.2</ele>
    <time>2025-07-04T19:11:52Z</time>
   </trkpt>
   <trkpt lat="42.3604350" lon="-71.1511880">
    <ele>4.2</ele>
    <time>2025-07-04T19:11:53Z</time>
   </trkpt>
   <trkpt lat="42.3604350" lon="-71.1512720">
    <ele>4.2</ele>
    <time>2025-07-04T19:11:54Z</time>
   </trkpt>
   <trkpt lat="42.3604240" lon="-71.1513480">
    <ele>4.2</ele>
    <time>2025-07-04T19:11:55Z</time>
   </trkpt>
   <trkpt lat="42.3604050" lon="-71.1514370">
    <ele>4.2</ele>
    <time>2025-07-04T19:11:56Z</time>
   </trkpt>
   <trkpt lat="42.3603870" lon="-71.1515110">
    <ele>4.3</ele>
    <time>2025-07-04T19:11:57Z</time>
   </trkpt>
   <trkpt lat="42.3603710" lon="-71.1515870">
    <ele>4.3</ele>
    <time>2025-07-04T19:11:58Z</time>
   </trkpt>
   <trkpt lat="42.3603640" lon="-71.1516640">
    <ele>4.3</ele>
    <time>2025-07-04T19:11:59Z</time>
   </trkpt>
   <trkpt lat="42.3603500" lon="-71.1517330">
    <ele>4.3</ele>
    <time>2025-07-04T19:12:00Z</time>
   </trkpt>
   <trkpt lat="42.3603430" lon="-71.1518020">
    <ele>4.3</ele>
    <time>2025-07-04T19:12:01Z</time>
   </trkpt>
   <trkpt lat="42.3603340" lon="-71.1518640">
    <ele>4.3</ele>
    <time>2025-07-04T19:12:02Z</time>
   </trkpt>
   <trkpt lat="42.3603170" lon="-71.1519170">
    <ele>4.3</ele>
    <time>2025-07-04T19:12:03Z</time>
   </trkpt>
   <trkpt lat="42.3603100" lon="-71.1519770">
    <ele>4.2</ele>
    <time>2025-07-04T19:12:04Z</time>
   </trkpt>
   <trkpt lat="42.3602920" lon="-71.1520190">
    <ele>4.2</ele>
    <time>2025-07-04T19:12:05Z</time>
   </trkpt>
   <trkpt lat="42.3602990" lon="-71.1520840">
    <ele>4.1</ele>
    <time>2025-07-04T19:12:06Z</time>
   </trkpt>
   <trkpt lat="42.3602970" lon="-71.1521550">
    <ele>4.0</ele>
    <time>2025-07-04T19:12:07Z</time>
   </trkpt>
   <trkpt lat="42.3602870" lon="-71.1522040">
    <ele>4.0</ele>
    <time>2025-07-04T19:12:08Z</time>
   </trkpt>
   <trkpt lat="42.3602690" lon="-71.1522880">
    <ele>3.8</ele>
    <time>2025-07-04T19:12:09Z</time>
   </trkpt>
   <trkpt lat="42.3602550" lon="-71.1523260">
    <ele>3.8</ele>
    <time>2025-07-04T19:12:10Z</time>
   </trkpt>
   <trkpt lat="42.3602360" lon="-71.1523950">
    <ele>3.7</ele>
    <time>2025-07-04T19:12:11Z</time>
   </trkpt>
   <trkpt lat="42.3602140" lon="-71.1524680">
    <ele>3.6</ele>
    <time>2025-07-04T19:12:12Z</time>
   </trkpt>
   <trkpt lat="42.3601900" lon="-71.1525180">
    <ele>3.6</ele>
    <time>2025-07-04T19:12:13Z</time>
   </trkpt>
   <trkpt lat="42.3601790" lon="-71.1525710">
    <ele>3.6</ele>
    <time>2025-07-04T19:12:14Z</time>
   </trkpt>
   <trkpt lat="42.3601530" lon="-71.1526260">
    <ele>3.6</ele>
    <time>2025-07-04T19:12:15Z</time>
   </trkpt>
   <trkpt lat="42.3601420" lon="-71.1526830">
    <ele>3.6</ele>
    <time>2025-07-04T19:12:16Z</time>
   </trkpt>
   <trkpt lat="42.3601140" lon="-71.1527470">
    <ele>3.7</ele>
    <time>2025-07-04T19:12:17Z</time>
   </trkpt>
   <trkpt lat="42.3600810" lon="-71.1527960">
    <ele>3.7</ele>
    <time>2025-07-04T19:12:18Z</time>
   </trkpt>
   <trkpt lat="42.3600670" lon="-71.1528480">
    <ele>3.7</ele>
    <time>2025-07-04T19:12:19Z</time>
   </trkpt>
   <trkpt lat="42.3600540" lon="-71.1529180">
    <ele>3.7</ele>
    <time>2025-07-04T19:12:20Z</time>
   </trkpt>
   <trkpt lat="42.3600250" lon="-71.1529940">
    <ele>3.8</ele>
    <time>2025-07-04T19:12:21Z</time>
   </trkpt>
   <trkpt lat="42.3599880" lon="-71.1530660">
    <ele>3.8</ele>
    <time>2025-07-04T19:12:22Z</time>
   </trkpt>
   <trkpt lat="42.3599590" lon="-71.1531360">
    <ele>3.9</ele>
    <time>2025-07-04T19:12:23Z</time>
   </trkpt>
   <trkpt lat="42.3599240" lon="-71.1531820">
    <ele>3.9</ele>
    <time>2025-07-04T19:12:24Z</time>
   </trkpt>
   <trkpt lat="42.3599040" lon="-71.1532490">
    <ele>3.9</ele>
    <time>2025-07-04T19:12:25Z</time>
   </trkpt>
   <trkpt lat="42.3598860" lon="-71.1533220">
    <ele>4.0</ele>
    <time>2025-07-04T19:12:26Z</time>
   </trkpt>
   <trkpt lat="42.3598570" lon="-71.1533750">
    <ele>4.0</ele>
    <time>2025-07-04T19:12:27Z</time>
   </trkpt>
   <trkpt lat="42.3598410" lon="-71.1534280">
    <ele>4.0</ele>
    <time>2025-07-04T19:12:28Z</time>
   </trkpt>
   <trkpt lat="42.3598230" lon="-71.1534820">
    <ele>4.0</ele>
    <time>2025-07-04T19:12:29Z</time>
   </trkpt>
   <trkpt lat="42.3598000" lon="-71.1535500">
    <ele>4.0</ele>
    <time>2025-07-04T19:12:30Z</time>
   </trkpt>
   <trkpt lat="42.3597740" lon="-71.1536270">
    <ele>3.9</ele>
    <time>2025-07-04T19:12:31Z</time>
   </trkpt>
   <trkpt lat="42.3597530" lon="-71.1536980">
    <ele>3.8</ele>
    <time>2025-07-04T19:12:32Z</time>
   </trkpt>
   <trkpt lat="42.3597440" lon="-71.1537360">
    <ele>3.8</ele>
    <time>2025-07-04T19:12:33Z</time>
   </trkpt>
   <trkpt lat="42.3597100" lon="-71.1537730">
    <ele>3.8</ele>
    <time>2025-07-04T19:12:34Z</time>
   </trkpt>
   <trkpt lat="42.3596960" lon="-71.1538270">
    <ele>3.7</ele>
    <time>2025-07-04T19:12:35Z</time>
   </trkpt>
   <trkpt lat="42.3596840" lon="-71.1538990">
    <ele>3.6</ele>
    <time>2025-07-04T19:12:36Z</time>
   </trkpt>
   <trkpt lat="42.3596590" lon="-71.1539890">
    <ele>3.6</ele>
    <time>2025-07-04T19:12:37Z</time>
   </trkpt>
   <trkpt lat="42.3596440" lon="-71.1540520">
    <ele>3.6</ele>
    <time>2025-07-04T19:12:38Z</time>
   </trkpt>
   <trkpt lat="42.3596210" lon="-71.1541340">
    <ele>3.5</ele>
    <time>2025-07-04T19:12:39Z</time>
   </trkpt>
   <trkpt lat="42.3596020" lon="-71.1542090">
    <ele>3.5</ele>
    <time>2025-07-04T19:12:40Z</time>
   </trkpt>
   <trkpt lat="42.3595780" lon="-71.1542840">
    <ele>3.4</ele>
    <time>2025-07-04T19:12:41Z</time>
   </trkpt>
   <trkpt lat="42.3595580" lon="-71.1543470">
    <ele>3.4</ele>
    <time>2025-07-04T19:12:42Z</time>
   </trkpt>
   <trkpt lat="42.3595390" lon="-71.1543850">
    <ele>3.4</ele>
    <time>2025-07-04T19:12:43Z</time>
   </trkpt>
   <trkpt lat="42.3595200" lon="-71.1544360">
    <ele>3.4</ele>
    <time>2025-07-04T19:12:44Z</time>
   </trkpt>
   <trkpt lat="42.3594980" lon="-71.1544940">
    <ele>3.4</ele>
    <time>2025-07-04T19:12:45Z</time>
   </trkpt>
   <trkpt lat="42.3594780" lon="-71.1545650">
    <ele>3.4</ele>
    <time>2025-07-04T19:12:46Z</time>
   </trkpt>
   <trkpt lat="42.3594680" lon="-71.1546160">
    <ele>3.4</ele>
    <time>2025-07-04T19:12:47Z</time>
   </trkpt>
   <trkpt lat="42.3594430" lon="-71.1547050">
    <ele>3.4</ele>
    <time>2025-07-04T19:12:48Z</time>
   </trkpt>
   <trkpt lat="42.3594320" lon="-71.1547810">
    <ele>3.4</ele>
    <time>2025-07-04T19:12:49Z</time>
   </trkpt>
   <trkpt lat="42.3594310" lon="-71.1548580">
    <ele>3.4</ele>
    <time>2025-07-04T19:12:50Z</time>
   </trkpt>
   <trkpt lat="42.3594230" lon="-71.1549100">
    <ele>3.4</ele>
    <time>2025-07-04T19:12:51Z</time>
   </trkpt>
   <trkpt lat="42.3594190" lon="-71.1549710">
    <ele>3.4</ele>
    <time>2025-07-04T19:12:52Z</time>
   </trkpt>
   <trkpt lat="42.3594130" lon="-71.1550300">
    <ele>3.4</ele>
    <time>2025-07-04T19:12:53Z</time>
   </trkpt>
   <trkpt lat="42.3594100" lon="-71.1550800">
    <ele>3.4</ele>
    <time>2025-07-04T19:12:54Z</time>
   </trkpt>
   <trkpt lat="42.3594060" lon="-71.1551330">
    <ele>3.4</ele>
    <time>2025-07-04T19:12:55Z</time>
   </trkpt>
   <trkpt lat="42.3593960" lon="-71.1552190">
    <ele>3.3</ele>
    <time>2025-07-04T19:12:56Z</time>
   </trkpt>
   <trkpt lat="42.3593830" lon="-71.1552910">
    <ele>3.3</ele>
    <time>2025-07-04T19:12:57Z</time>
   </trkpt>
   <trkpt lat="42.3593720" lon="-71.1553420">
    <ele>3.2</ele>
    <time>2025-07-04T19:12:58Z</time>
   </trkpt>
   <trkpt lat="42.3593550" lon="-71.1554160">
    <ele>3.2</ele>
    <time>2025-07-04T19:12:59Z</time>
   </trkpt>
   <trkpt lat="42.3593530" lon="-71.1554700">
    <ele>3.1</ele>
    <time>2025-07-04T19:13:00Z</time>
   </trkpt>
   <trkpt lat="42.3593560" lon="-71.1555360">
    <ele>3.1</ele>
    <time>2025-07-04T19:13:01Z</time>
   </trkpt>
   <trkpt lat="42.3593640" lon="-71.1555820">
    <ele>3.0</ele>
    <time>2025-07-04T19:13:02Z</time>
   </trkpt>
   <trkpt lat="42.3593730" lon="-71.1556460">
    <ele>3.0</ele>
    <time>2025-07-04T19:13:03Z</time>
   </trkpt>
   <trkpt lat="42.3593740" lon="-71.1557260">
    <ele>2.9</ele>
    <time>2025-07-04T19:13:04Z</time>
   </trkpt>
   <trkpt lat="42.3593800" lon="-71.1558020">
    <ele>2.9</ele>
    <time>2025-07-04T19:13:05Z</time>
   </trkpt>
   <trkpt lat="42.3593810" lon="-71.1558760">
    <ele>2.9</ele>
    <time>2025-07-04T19:13:06Z</time>
   </trkpt>
   <trkpt lat="42.3593830" lon="-71.1559250">
    <ele>2.9</ele>
    <time>2025-07-04T19:13:07Z</time>
   </trkpt>
   <trkpt lat="42.3593690" lon="-71.1559670">
    <ele>2.9</ele>
    <time>2025-07-04T19:13:08Z</time>
   </trkpt>
   <trkpt lat="42.3593530" lon="-71.1560310">
    <ele>2.9</ele>
    <time>2025-07-04T19:13:09Z</time>
   </trkpt>
   <trkpt lat="42.3593400" lon="-71.1560900">
    <ele>2.9</ele>
    <time>2025-07-04T19:13:10Z</time>
   </trkpt>
   <trkpt lat="42.3593450" lon="-71.1561500">
    <ele>2.9</ele>
    <time>2025-07-04T19:13:11Z</time>
   </trkpt>
   <trkpt lat="42.3593360" lon="-71.1562080">
    <ele>2.9</ele>
    <time>2025-07-04T19:13:12Z</time>
   </trkpt>
   <trkpt lat="42.3593270" lon="-71.1562740">
    <ele>2.9</ele>
    <time>2025-07-04T19:13:13Z</time>
   </trkpt>
   <trkpt lat="42.3593270" lon="-71.1563310">
    <ele>2.9</ele>
    <time>2025-07-04T19:13:14Z</time>
   </trkpt>
   <trkpt lat="42.3593260" lon="-71.1564090">
    <ele>2.9</ele>
    <time>2025-07-04T19:13:15Z</time>
   </trkpt>
   <trkpt lat="42.3593240" lon="-71.1564800">
    <ele>3.0</ele>
    <time>2025-07-04T19:13:16Z</time>
   </trkpt>
   <trkpt lat="42.3593160" lon="-71.1565410">
    <ele>3.0</ele>
    <time>2025-07-04T19:13:17Z</time>
   </trkpt>
   <trkpt lat="42.3593110" lon="-71.1565840">
    <ele>3.0</ele>
    <time>2025-07-04T19:13:18Z</time>
   </trkpt>
   <trkpt lat="42.3593020" lon="-71.1566490">
    <ele>3.0</ele>
    <time>2025-07-04T19:13:19Z</time>
   </trkpt>
   <trkpt lat="42.3593070" lon="-71.1567170">
    <ele>3.0</ele>
    <time>2025-07-04T19:13:20Z</time>
   </trkpt>
   <trkpt lat="42.3592950" lon="-71.1567670">
    <ele>3.0</ele>
    <time>2025-07-04T19:13:21Z</time>
   </trkpt>
   <trkpt lat="42.3592760" lon="-71.1568090">
    <ele>3.0</ele>
    <time>2025-07-04T19:13:22Z</time>
   </trkpt>
   <trkpt lat="42.3592670" lon="-71.1568660">
    <ele>3.0</ele>
    <time>2025-07-04T19:13:23Z</time>
   </trkpt>
   <trkpt lat="42.3592570" lon="-71.1569490">
    <ele>3.0</ele>
    <time>2025-07-04T19:13:24Z</time>
   </trkpt>
   <trkpt lat="42.3592680" lon="-71.1570160">
    <ele>3.0</ele>
    <time>2025-07-04T19:13:25Z</time>
   </trkpt>
   <trkpt lat="42.3592770" lon="-71.1571270">
    <ele>3.0</ele>
    <time>2025-07-04T19:13:26Z</time>
   </trkpt>
   <trkpt lat="42.3592810" lon="-71.1572080">
    <ele>3.0</ele>
    <time>2025-07-04T19:13:27Z</time>
   </trkpt>
   <trkpt lat="42.3592720" lon="-71.1572770">
    <ele>3.0</ele>
    <time>2025-07-04T19:13:28Z</time>
   </trkpt>
   <trkpt lat="42.3592740" lon="-71.1573460">
    <ele>3.0</ele>
    <time>2025-07-04T19:13:29Z</time>
   </trkpt>
   <trkpt lat="42.3592730" lon="-71.1574060">
    <ele>3.0</ele>
    <time>2025-07-04T19:13:30Z</time>
   </trkpt>
   <trkpt lat="42.3592710" lon="-71.1574710">
    <ele>3.0</ele>
    <time>2025-07-04T19:13:31Z</time>
   </trkpt>
   <trkpt lat="42.3592750" lon="-71.1575260">
    <ele>3.0</ele>
    <time>2025-07-04T19:13:32Z</time>
   </trkpt>
   <trkpt lat="42.3592710" lon="-71.1575880">
    <ele>3.0</ele>
    <time>2025-07-04T19:13:33Z</time>
   </trkpt>
   <trkpt lat="42.3592700" lon="-71.1576500">
    <ele>3.0</ele>
    <time>2025-07-04T19:13:34Z</time>
   </trkpt>
   <trkpt lat="42.3592650" lon="-71.1577010">
    <ele>3.0</ele>
    <time>2025-07-04T19:13:35Z</time>
   </trkpt>
   <trkpt lat="42.3592700" lon="-71.1577620">
    <ele>3.0</ele>
    <time>2025-07-04T19:13:36Z</time>
   </trkpt>
   <trkpt lat="42.3592890" lon="-71.1578210">
    <ele>3.0</ele>
    <time>2025-07-04T19:13:37Z</time>
   </trkpt>
   <trkpt lat="42.3592910" lon="-71.1578630">
    <ele>3.0</ele>
    <time>2025-07-04T19:13:38Z</time>
   </trkpt>
   <trkpt lat="42.3592810" lon="-71.1579280">
    <ele>3.0</ele>
    <time>2025-07-04T19:13:39Z</time>
   </trkpt>
   <trkpt lat="42.3592780" lon="-71.1580040">
    <ele>3.0</ele>
    <time>2025-07-04T19:13:40Z</time>
   </trkpt>
   <trkpt lat="42.3592760" lon="-71.1580940">
    <ele>3.0</ele>
    <time>2025-07-04T19:13:41Z</time>
   </trkpt>
   <trkpt lat="42.3592810" lon="-71.1581640">
    <ele>3.1</ele>
    <time>2025-07-04T19:13:42Z</time>
   </trkpt>
   <trkpt lat="42.3592700" lon="-71.1582200">
    <ele>3.1</ele>
    <time>2025-07-04T19:13:43Z</time>
   </trkpt>
   <trkpt lat="42.3592640" lon="-71.1582860">
    <ele>3.1</ele>
    <time>2025-07-04T19:13:44Z</time>
   </trkpt>
   <trkpt lat="42.3592790" lon="-71.1583810">
    <ele>3.1</ele>
    <time>2025-07-04T19:13:45Z</time>
   </trkpt>
   <trkpt lat="42.3593070" lon="-71.1585010">
    <ele>3.1</ele>
    <time>2025-07-04T19:13:46Z</time>
   </trkpt>
   <trkpt lat="42.3593160" lon="-71.1586100">
    <ele>3.1</ele>
    <time>2025-07-04T19:13:47Z</time>
   </trkpt>
   <trkpt lat="42.3593260" lon="-71.1587020">
    <ele>3.0</ele>
    <time>2025-07-04T19:13:48Z</time>
   </trkpt>
   <trkpt lat="42.3593260" lon="-71.1588080">
    <ele>2.9</ele>
    <time>2025-07-04T19:13:49Z</time>
   </trkpt>
   <trkpt lat="42.3593430" lon="-71.1588820">
    <ele>2.9</ele>
    <time>2025-07-04T19:13:50Z</time>
   </trkpt>
   <trkpt lat="42.3593400" lon="-71.1589840">
    <ele>2.9</ele>
    <time>2025-07-04T19:13:51Z</time>
   </trkpt>
   <trkpt lat="42.3593400" lon="-71.1590380">
    <ele>2.8</ele>
    <time>2025-07-04T19:13:52Z</time>
   </trkpt>
   <trkpt lat="42.3593230" lon="-71.1591330">
    <ele>2.8</ele>
    <time>2025-07-04T19:13:53Z</time>
   </trkpt>
   <trkpt lat="42.3593270" lon="-71.1592330">
    <ele>2.8</ele>
    <time>2025-07-04T19:13:54Z</time>
   </trkpt>
   <trkpt lat="42.3593310" lon="-71.1593200">
    <ele>2.7</ele>
    <time>2025-07-04T19:13:55Z</time>
   </trkpt>
   <trkpt lat="42.3593260" lon="-71.1594130">
    <ele>2.7</ele>
    <time>2025-07-04T19:13:56Z</time>
   </trkpt>
   <trkpt lat="42.3593100" lon="-71.1594870">
    <ele>2.7</ele>
    <time>2025-07-04T19:13:57Z</time>
   </trkpt>
   <trkpt lat="42.3593070" lon="-71.1595580">
    <ele>2.7</ele>
    <time>2025-07-04T19:13:58Z</time>
   </trkpt>
   <trkpt lat="42.3592880" lon="-71.1596630">
    <ele>2.7</ele>
    <time>2025-07-04T19:13:59Z</time>
   </trkpt>
   <trkpt lat="42.3592630" lon="-71.1597430">
    <ele>2.7</ele>
    <time>2025-07-04T19:14:00Z</time>
   </trkpt>
   <trkpt lat="42.3592500" lon="-71.1598020">
    <ele>2.7</ele>
    <time>2025-07-04T19:14:01Z</time>
   </trkpt>
   <trkpt lat="42.3592310" lon="-71.1598770">
    <ele>2.7</ele>
    <time>2025-07-04T19:14:02Z</time>
   </trkpt>
   <trkpt lat="42.3592150" lon="-71.1599420">
    <ele>2.7</ele>
    <time>2025-07-04T19:14:03Z</time>
   </trkpt>
   <trkpt lat="42.3592040" lon="-71.1600140">
    <ele>2.8</ele>
    <time>2025-07-04T19:14:04Z</time>
   </trkpt>
   <trkpt lat="42.3592050" lon="-71.1600890">
    <ele>2.8</ele>
    <time>2025-07-04T19:14:05Z</time>
   </trkpt>
   <trkpt lat="42.3591770" lon="-71.1601610">
    <ele>2.9</ele>
    <time>2025-07-04T19:14:06Z</time>
   </trkpt>
   <trkpt lat="42.3591440" lon="-71.1602290">
    <ele>3.0</ele>
    <time>2025-07-04T19:14:07Z</time>
   </trkpt>
   <trkpt lat="42.3591210" lon="-71.1602900">
    <ele>3.2</ele>
    <time>2025-07-04T19:14:08Z</time>
   </trkpt>
   <trkpt lat="42.3590960" lon="-71.1603400">
    <ele>3.3</ele>
    <time>2025-07-04T19:14:09Z</time>
   </trkpt>
   <trkpt lat="42.3590780" lon="-71.1604030">
    <ele>3.5</ele>
    <time>2025-07-04T19:14:10Z</time>
   </trkpt>
   <trkpt lat="42.3590610" lon="-71.1604590">
    <ele>3.6</ele>
    <time>2025-07-04T19:14:11Z</time>
   </trkpt>
   <trkpt lat="42.3590440" lon="-71.1605080">
    <ele>3.8</ele>
    <time>2025-07-04T19:14:12Z</time>
   </trkpt>
   <trkpt lat="42.3590280" lon="-71.1605710">
    <ele>4.0</ele>
    <time>2025-07-04T19:14:13Z</time>
   </trkpt>
   <trkpt lat="42.3590210" lon="-71.1606020">
    <ele>4.1</ele>
    <time>2025-07-04T19:14:14Z</time>
   </trkpt>
   <trkpt lat="42.3590070" lon="-71.1606340">
    <ele>4.3</ele>
    <time>2025-07-04T19:14:15Z</time>
   </trkpt>
   <trkpt lat="42.3590050" lon="-71.1606740">
    <ele>4.4</ele>
    <time>2025-07-04T19:14:16Z</time>
   </trkpt>
   <trkpt lat="42.3589870" lon="-71.1607210">
    <ele>4.6</ele>
    <time>2025-07-04T19:14:17Z</time>
   </trkpt>
   <trkpt lat="42.3589900" lon="-71.1607680">
    <ele>4.8</ele>
    <time>2025-07-04T19:14:18Z</time>
   </trkpt>
   <trkpt lat="42.3590010" lon="-71.1608140">
    <ele>5.0</ele>
    <time>2025-07-04T19:14:19Z</time>
   </trkpt>
   <trkpt lat="42.3590110" lon="-71.1608780">
    <ele>5.2</ele>
    <time>2025-07-04T19:14:20Z</time>
   </trkpt>
   <trkpt lat="42.3590220" lon="-71.1609150">
    <ele>5.4</ele>
    <time>2025-07-04T19:14:21Z</time>
   </trkpt>
   <trkpt lat="42.3590310" lon="-71.1609730">
    <ele>5.6</ele>
    <time>2025-07-04T19:14:22Z</time>
   </trkpt>
   <trkpt lat="42.3590360" lon="-71.1610230">
    <ele>5.7</ele>
    <time>2025-07-04T19:14:23Z</time>
   </trkpt>
   <trkpt lat="42.3590440" lon="-71.1610680">
    <ele>5.8</ele>
    <time>2025-07-04T19:14:24Z</time>
   </trkpt>
   <trkpt lat="42.3590480" lon="-71.1611100">
    <ele>5.8</ele>
    <time>2025-07-04T19:14:25Z</time>
   </trkpt>
   <trkpt lat="42.3590430" lon="-71.1611280">
    <ele>5.9</ele>
    <time>2025-07-04T19:14:26Z</time>
   </trkpt>
   <trkpt lat="42.3590440" lon="-71.1611820">
    <ele>6.0</ele>
    <time>2025-07-04T19:14:27Z</time>
   </trkpt>
   <trkpt lat="42.3590430" lon="-71.1611990">
    <ele>6.1</ele>
    <time>2025-07-04T19:14:28Z</time>
   </trkpt>
   <trkpt lat="42.3590250" lon="-71.1612240">
    <ele>6.2</ele>
    <time>2025-07-04T19:14:29Z</time>
   </trkpt>
   <trkpt lat="42.3590200" lon="-71.1612330">
    <ele>6.2</ele>
    <time>2025-07-04T19:14:30Z</time>
   </trkpt>
   <trkpt lat="42.3590150" lon="-71.1612420">
    <ele>6.2</ele>
    <time>2025-07-04T19:14:31Z</time>
   </trkpt>
   <trkpt lat="42.3590090" lon="-71.1612500">
    <ele>6.3</ele>
    <time>2025-07-04T19:14:32Z</time>
   </trkpt>
   <trkpt lat="42.3590040" lon="-71.1612590">
    <ele>6.3</ele>
    <time>2025-07-04T19:14:33Z</time>
   </trkpt>
   <trkpt lat="42.3589990" lon="-71.1612680">
    <ele>6.3</ele>
    <time>2025-07-04T19:14:34Z</time>
   </trkpt>
   <trkpt lat="42.3589940" lon="-71.1612770">
    <ele>6.3</ele>
    <time>2025-07-04T19:14:35Z</time>
   </trkpt>
   <trkpt lat="42.3590030" lon="-71.1613110">
    <ele>6.4</ele>
    <time>2025-07-04T19:14:36Z</time>
   </trkpt>
   <trkpt lat="42.3590140" lon="-71.1613370">
    <ele>6.5</ele>
    <time>2025-07-04T19:14:37Z</time>
   </trkpt>
   <trkpt lat="42.3590250" lon="-71.1613640">
    <ele>6.5</ele>
    <time>2025-07-04T19:14:45Z</time>
   </trkpt>
   <trkpt lat="42.3590360" lon="-71.1613900">
    <ele>6.5</ele>
    <time>2025-07-04T19:14:46Z</time>
   </trkpt>
   <trkpt lat="42.3590580" lon="-71.1614230">
    <ele>6.6</ele>
    <time>2025-07-04T19:14:47Z</time>
   </trkpt>
   <trkpt lat="42.3590630" lon="-71.1614360">
    <ele>6.6</ele>
    <time>2025-07-04T19:14:48Z</time>
   </trkpt>
   <trkpt lat="42.3590760" lon="-71.1614730">
    <ele>6.6</ele>
    <time>2025-07-04T19:14:49Z</time>
   </trkpt>
   <trkpt lat="42.3590970" lon="-71.1615150">
    <ele>6.6</ele>
    <time>2025-07-04T19:14:50Z</time>
   </trkpt>
   <trkpt lat="42.3591090" lon="-71.1615380">
    <ele>6.6</ele>
    <time>2025-07-04T19:14:51Z</time>
   </trkpt>
   <trkpt lat="42.3591150" lon="-71.1615930">
    <ele>6.5</ele>
    <time>2025-07-04T19:14:52Z</time>
   </trkpt>
   <trkpt lat="42.3591430" lon="-71.1616360">
    <ele>6.5</ele>
    <time>2025-07-04T19:14:53Z</time>
   </trkpt>
   <trkpt lat="42.3591530" lon="-71.1616570">
    <ele>6.4</ele>
    <time>2025-07-04T19:14:54Z</time>
   </trkpt>
   <trkpt lat="42.3591800" lon="-71.1617010">
    <ele>6.3</ele>
    <time>2025-07-04T19:14:55Z</time>
   </trkpt>
   <trkpt lat="42.3592040" lon="-71.1617400">
    <ele>6.2</ele>
    <time>2025-07-04T19:14:56Z</time>
   </trkpt>
   <trkpt lat="42.3592180" lon="-71.1617820">
    <ele>6.0</ele>
    <time>2025-07-04T19:14:57Z</time>
   </trkpt>
   <trkpt lat="42.3592500" lon="-71.1618240">
    <ele>5.8</ele>
    <time>2025-07-04T19:14:58Z</time>
   </trkpt>
   <trkpt lat="42.3592610" lon="-71.1618440">
    <ele>5.7</ele>
    <time>2025-07-04T19:14:59Z</time>
   </trkpt>
   <trkpt lat="42.3592840" lon="-71.1618920">
    <ele>5.6</ele>
    <time>2025-07-04T19:15:00Z</time>
   </trkpt>
   <trkpt lat="42.3592930" lon="-71.1619110">
    <ele>5.5</ele>
    <time>2025-07-04T19:15:01Z</time>
   </trkpt>
   <trkpt lat="42.3593170" lon="-71.1619380">
    <ele>5.4</ele>
    <time>2025-07-04T19:15:02Z</time>
   </trkpt>
   <trkpt lat="42.3593580" lon="-71.1619290">
    <ele>5.3</ele>
    <time>2025-07-04T19:15:03Z</time>
   </trkpt>
   <trkpt lat="42.3593850" lon="-71.1619080">
    <ele>5.2</ele>
    <time>2025-07-04T19:15:04Z</time>
   </trkpt>
   <trkpt lat="42.3594020" lon="-71.1618720">
    <ele>5.1</ele>
    <time>2025-07-04T19:15:05Z</time>
   </trkpt>
   <trkpt lat="42.3594040" lon="-71.1618230">
    <ele>5.0</ele>
    <time>2025-07-04T19:15:06Z</time>
   </trkpt>
   <trkpt lat="42.3594130" lon="-71.1617770">
    <ele>4.9</ele>
    <time>2025-07-04T19:15:07Z</time>
   </trkpt>
   <trkpt lat="42.3594260" lon="-71.1617260">
    <ele>4.7</ele>
    <time>2025-07-04T19:15:08Z</time>
   </trkpt>
   <trkpt lat="42.3594390" lon="-71.1616700">
    <ele>4.6</ele>
    <time>2025-07-04T19:15:09Z</time>
   </trkpt>
   <trkpt lat="42.3594550" lon="-71.1616330">
    <ele>4.5</ele>
    <time>2025-07-04T19:15:10Z</time>
   </trkpt>
   <trkpt lat="42.3594720" lon="-71.1615680">
    <ele>4.4</ele>
    <time>2025-07-04T19:15:11Z</time>
   </trkpt>
   <trkpt lat="42.3594950" lon="-71.1615030">
    <ele>4.2</ele>
    <time>2025-07-04T19:15:12Z</time>
   </trkpt>
   <trkpt lat="42.3595520" lon="-71.1614490">
    <ele>4.0</ele>
    <time>2025-07-04T19:15:13Z</time>
   </trkpt>
   <trkpt lat="42.3595850" lon="-71.1613790">
    <ele>3.9</ele>
    <time>2025-07-04T19:15:14Z</time>
   </trkpt>
   <trkpt lat="42.3596120" lon="-71.1613020">
    <ele>3.9</ele>
    <time>2025-07-04T19:15:15Z</time>
   </trkpt>
   <trkpt lat="42.3596300" lon="-71.1612360">
    <ele>3.8</ele>
    <time>2025-07-04T19:15:16Z</time>
   </trkpt>
   <trkpt lat="42.3596520" lon="-71.1611740">
    <ele>3.8</ele>
    <time>2025-07-04T19:15:17Z</time>
   </trkpt>
   <trkpt lat="42.3596770" lon="-71.1611150">
    <ele>3.8</ele>
    <time>2025-07-04T19:15:18Z</time>
   </trkpt>
   <trkpt lat="42.3597070" lon="-71.1610540">
    <ele>3.8</ele>
    <time>2025-07-04T19:15:19Z</time>
   </trkpt>
   <trkpt lat="42.3597350" lon="-71.1609930">
    <ele>3.8</ele>
    <time>2025-07-04T19:15:20Z</time>
   </trkpt>
   <trkpt lat="42.3597600" lon="-71.1609340">
    <ele>3.8</ele>
    <time>2025-07-04T19:15:21Z</time>
   </trkpt>
   <trkpt lat="42.3597880" lon="-71.1608700">
    <ele>3.8</ele>
    <time>2025-07-04T19:15:22Z</time>
   </trkpt>
   <trkpt lat="42.3598180" lon="-71.1608140">
    <ele>3.7</ele>
    <time>2025-07-04T19:15:23Z</time>
   </trkpt>
   <trkpt lat="42.3598480" lon="-71.1607650">
    <ele>3.7</ele>
    <time>2025-07-04T19:15:24Z</time>
   </trkpt>
   <trkpt lat="42.3598880" lon="-71.1607310">
    <ele>3.7</ele>
    <time>2025-07-04T19:15:25Z</time>
   </trkpt>
   <trkpt lat="42.3599240" lon="-71.1606890">
    <ele>3.6</ele>
    <time>2025-07-04T19:15:26Z</time>
   </trkpt>
   <trkpt lat="42.3599520" lon="-71.1606280">
    <ele>3.6</ele>
    <time>2025-07-04T19:15:27Z</time>
   </trkpt>
   <trkpt lat="42.3599640" lon="-71.1605670">
    <ele>3.6</ele>
    <time>2025-07-04T19:15:28Z</time>
   </trkpt>
   <trkpt lat="42.3599930" lon="-71.1605050">
    <ele>3.5</ele>
    <time>2025-07-04T19:15:29Z</time>
   </trkpt>
   <trkpt lat="42.3600080" lon="-71.1604300">
    <ele>3.5</ele>
    <time>2025-07-04T19:15:30Z</time>
   </trkpt>
   <trkpt lat="42.3600240" lon="-71.1603590">
    <ele>3.5</ele>
    <time>2025-07-04T19:15:31Z</time>
   </trkpt>
   <trkpt lat="42.3600510" lon="-71.1602910">
    <ele>3.5</ele>
    <time>2025-07-04T19:15:32Z</time>
   </trkpt>
   <trkpt lat="42.3600770" lon="-71.1602250">
    <ele>3.5</ele>
    <time>2025-07-04T19:15:33Z</time>
   </trkpt>
   <trkpt lat="42.3600840" lon="-71.1601450">
    <ele>3.5</ele>
    <time>2025-07-04T19:15:34Z</time>
   </trkpt>
   <trkpt lat="42.3600990" lon="-71.1600610">
    <ele>3.5</ele>
    <time>2025-07-04T19:15:35Z</time>
   </trkpt>
   <trkpt lat="42.3601080" lon="-71.1599890">
    <ele>3.4</ele>
    <time>2025-07-04T19:15:36Z</time>
   </trkpt>
   <trkpt lat="42.3601370" lon="-71.1599180">
    <ele>3.4</ele>
    <time>2025-07-04T19:15:37Z</time>
   </trkpt>
   <trkpt lat="42.3601610" lon="-71.1598560">
    <ele>3.4</ele>
    <time>2025-07-04T19:15:38Z</time>
   </trkpt>
   <trkpt lat="42.3601770" lon="-71.1597840">
    <ele>3.4</ele>
    <time>2025-07-04T19:15:39Z</time>
   </trkpt>
   <trkpt lat="42.3601900" lon="-71.1597100">
    <ele>3.4</ele>
    <time>2025-07-04T19:15:40Z</time>
   </trkpt>
   <trkpt lat="42.3602030" lon="-71.1596380">
    <ele>3.4</ele>
    <time>2025-07-04T19:15:41Z</time>
   </trkpt>
   <trkpt lat="42.3602190" lon="-71.1595710">
    <ele>3.4</ele>
    <time>2025-07-04T19:15:42Z</time>
   </trkpt>
   <trkpt lat="42.3602290" lon="-71.1594980">
    <ele>3.4</ele>
    <time>2025-07-04T19:15:43Z</time>
   </trkpt>
   <trkpt lat="42.3602440" lon="-71.1594210">
    <ele>3.5</ele>
    <time>2025-07-04T19:15:44Z</time>
   </trkpt>
   <trkpt lat="42.3602480" lon="-71.1593580">
    <ele>3.5</ele>
    <time>2025-07-04T19:15:45Z</time>
   </trkpt>
   <trkpt lat="42.3602470" lon="-71.1592900">
    <ele>3.5</ele>
    <time>2025-07-04T19:15:46Z</time>
   </trkpt>
   <trkpt lat="42.3602710" lon="-71.1592010">
    <ele>3.6</ele>
    <time>2025-07-04T19:15:47Z</time>
   </trkpt>
   <trkpt lat="42.3602860" lon="-71.1591230">
    <ele>3.6</ele>
    <time>2025-07-04T19:15:48Z</time>
   </trkpt>
   <trkpt lat="42.3602810" lon="-71.1590530">
    <ele>3.6</ele>
    <time>2025-07-04T19:15:49Z</time>
   </trkpt>
   <trkpt lat="42.3602870" lon="-71.1589870">
    <ele>3.7</ele>
    <time>2025-07-04T19:15:50Z</time>
   </trkpt>
   <trkpt lat="42.3602990" lon="-71.1589260">
    <ele>3.7</ele>
    <time>2025-07-04T19:15:51Z</time>
   </trkpt>
   <trkpt lat="42.3603000" lon="-71.1588750">
    <ele>3.8</ele>
    <time>2025-07-04T19:15:52Z</time>
   </trkpt>
   <trkpt lat="42.3603000" lon="-71.1588030">
    <ele>3.8</ele>
    <time>2025-07-04T19:15:53Z</time>
   </trkpt>
   <trkpt lat="42.3603090" lon="-71.1587450">
    <ele>3.9</ele>
    <time>2025-07-04T19:15:54Z</time>
   </trkpt>
   <trkpt lat="42.3603090" lon="-71.1586990">
    <ele>3.9</ele>
    <time>2025-07-04T19:15:55Z</time>
   </trkpt>
   <trkpt lat="42.3603060" lon="-71.1586420">
    <ele>4.0</ele>
    <time>2025-07-04T19:15:56Z</time>
   </trkpt>
   <trkpt lat="42.3603100" lon="-71.1585920">
    <ele>4.0</ele>
    <time>2025-07-04T19:15:57Z</time>
   </trkpt>
   <trkpt lat="42.3603070" lon="-71.1585380">
    <ele>4.1</ele>
    <time>2025-07-04T19:15:58Z</time>
   </trkpt>
   <trkpt lat="42.3603130" lon="-71.1584830">
    <ele>4.1</ele>
    <time>2025-07-04T19:15:59Z</time>
   </trkpt>
   <trkpt lat="42.3603120" lon="-71.1584300">
    <ele>4.2</ele>
    <time>2025-07-04T19:16:00Z</time>
   </trkpt>
   <trkpt lat="42.3603220" lon="-71.1583530">
    <ele>4.2</ele>
    <time>2025-07-04T19:16:01Z</time>
   </trkpt>
   <trkpt lat="42.3603300" lon="-71.1582920">
    <ele>4.3</ele>
    <time>2025-07-04T19:16:02Z</time>
   </trkpt>
   <trkpt lat="42.3603380" lon="-71.1582360">
    <ele>4.3</ele>
    <time>2025-07-04T19:16:03Z</time>
   </trkpt>
   <trkpt lat="42.3603460" lon="-71.1581830">
    <ele>4.4</ele>
    <time>2025-07-04T19:16:04Z</time>
   </trkpt>
   <trkpt lat="42.3603720" lon="-71.1581180">
    <ele>4.4</ele>
    <time>2025-07-04T19:16:05Z</time>
   </trkpt>
   <trkpt lat="42.3603670" lon="-71.1580680">
    <ele>4.5</ele>
    <time>2025-07-04T19:16:06Z</time>
   </trkpt>
   <trkpt lat="42.3603710" lon="-71.1580150">
    <ele>4.5</ele>
    <time>2025-07-04T19:16:07Z</time>
   </trkpt>
   <trkpt lat="42.3603920" lon="-71.1579750">
    <ele>4.6</ele>
    <time>2025-07-04T19:16:08Z</time>
   </trkpt>
   <trkpt lat="42.3604050" lon="-71.1579080">
    <ele>4.6</ele>
    <time>2025-07-04T19:16:09Z</time>
   </trkpt>
   <trkpt lat="42.3604070" lon="-71.1578520">
    <ele>4.7</ele>
    <time>2025-07-04T19:16:10Z</time>
   </trkpt>
   <trkpt lat="42.3604050" lon="-71.1577840">
    <ele>4.7</ele>
    <time>2025-07-04T19:16:11Z</time>
   </trkpt>
   <trkpt lat="42.3604130" lon="-71.1577180">
    <ele>4.6</ele>
    <time>2025-07-04T19:16:12Z</time>
   </trkpt>
   <trkpt lat="42.3604200" lon="-71.1576630">
    <ele>4.6</ele>
    <time>2025-07-04T19:16:13Z</time>
   </trkpt>
   <trkpt lat="42.3604170" lon="-71.1576060">
    <ele>4.6</ele>
    <time>2025-07-04T19:16:14Z</time>
   </trkpt>
   <trkpt lat="42.3604280" lon="-71.1575310">
    <ele>4.6</ele>
    <time>2025-07-04T19:16:15Z</time>
   </trkpt>
   <trkpt lat="42.3604310" lon="-71.1574800">
    <ele>4.5</ele>
    <time>2025-07-04T19:16:16Z</time>
   </trkpt>
   <trkpt lat="42.3604260" lon="-71.1574060">
    <ele>4.5</ele>
    <time>2025-07-04T19:16:17Z</time>
   </trkpt>
   <trkpt lat="42.3604120" lon="-71.1573410">
    <ele>4.4</ele>
    <time>2025-07-04T19:16:18Z</time>
   </trkpt>
   <trkpt lat="42.3604150" lon="-71.1572920">
    <ele>4.4</ele>
    <time>2025-07-04T19:16:19Z</time>
   </trkpt>
   <trkpt lat="42.3603910" lon="-71.1572460">
    <ele>4.4</ele>
    <time>2025-07-04T19:16:20Z</time>
   </trkpt>
   <trkpt lat="42.3603860" lon="-71.1572270">
    <ele>4.4</ele>
    <time>2025-07-04T19:16:21Z</time>
   </trkpt>
   <trkpt lat="42.3603930" lon="-71.1571820">
    <ele>4.3</ele>
    <time>2025-07-04T19:16:22Z</time>
   </trkpt>
   <trkpt lat="42.3603860" lon="-71.1571560">
    <ele>4.3</ele>
    <time>2025-07-04T19:16:23Z</time>
   </trkpt>
   <trkpt lat="42.3603660" lon="-71.1571070">
    <ele>4.3</ele>
    <time>2025-07-04T19:16:24Z</time>
   </trkpt>
   <trkpt lat="42.3603590" lon="-71.1570440">
    <ele>4.2</ele>
    <time>2025-07-04T19:16:25Z</time>
   </trkpt>
   <trkpt lat="42.3603550" lon="-71.1569900">
    <ele>4.2</ele>
    <time>2025-07-04T19:16:26Z</time>
   </trkpt>
   <trkpt lat="42.3603510" lon="-71.1568860">
    <ele>4.1</ele>
    <time>2025-07-04T19:16:27Z</time>
   </trkpt>
   <trkpt lat="42.3603340" lon="-71.1568450">
    <ele>4.0</ele>
    <time>2025-07-04T19:16:28Z</time>
   </trkpt>
   <trkpt lat="42.3603180" lon="-71.1567990">
    <ele>4.0</ele>
    <time>2025-07-04T19:16:29Z</time>
   </trkpt>
   <trkpt lat="42.3603070" lon="-71.1567400">
    <ele>3.9</ele>
    <time>2025-07-04T19:16:30Z</time>
   </trkpt>
   <trkpt lat="42.3602960" lon="-71.1566780">
    <ele>3.8</ele>
    <time>2025-07-04T19:16:31Z</time>
   </trkpt>
   <trkpt lat="42.3602950" lon="-71.1566150">
    <ele>3.8</ele>
    <time>2025-07-04T19:16:32Z</time>
   </trkpt>
   <trkpt lat="42.3602850" lon="-71.1565540">
    <ele>3.7</ele>
    <time>2025-07-04T19:16:33Z</time>
   </trkpt>
   <trkpt lat="42.3602730" lon="-71.1565050">
    <ele>3.7</ele>
    <time>2025-07-04T19:16:34Z</time>
   </trkpt>
   <trkpt lat="42.3602580" lon="-71.1564350">
    <ele>3.6</ele>
    <time>2025-07-04T19:16:35Z</time>
   </trkpt>
   <trkpt lat="42.3602520" lon="-71.1563760">
    <ele>3.5</ele>
    <time>2025-07-04T19:16:36Z</time>
   </trkpt>
   <trkpt lat="42.3602570" lon="-71.1562970">
    <ele>3.5</ele>
    <time>2025-07-04T19:16:37Z</time>
   </trkpt>
   <trkpt lat="42.3602600" lon="-71.1562030">
    <ele>3.4</ele>
    <time>2025-07-04T19:16:38Z</time>
   </trkpt>
   <trkpt lat="42.3602630" lon="-71.1561500">
    <ele>3.4</ele>
    <time>2025-07-04T19:16:39Z</time>
   </trkpt>
   <trkpt lat="42.3602600" lon="-71.1560680">
    <ele>3.4</ele>
    <time>2025-07-04T19:16:40Z</time>
   </trkpt>
   <trkpt lat="42.3602370" lon="-71.1560010">
    <ele>3.3</ele>
    <time>2025-07-04T19:16:41Z</time>
   </trkpt>
   <trkpt lat="42.3602150" lon="-71.1559240">
    <ele>3.3</ele>
    <time>2025-07-04T19:16:42Z</time>
   </trkpt>
   <trkpt lat="42.3602090" lon="-71.1558620">
    <ele>3.3</ele>
    <time>2025-07-04T19:16:43Z</time>
   </trkpt>
   <trkpt lat="42.3602370" lon="-71.1557490">
    <ele>3.3</ele>
    <time>2025-07-04T19:16:44Z</time>
   </trkpt>
   <trkpt lat="42.3602370" lon="-71.1556610">
    <ele>3.2</ele>
    <time>2025-07-04T19:16:45Z</time>
   </trkpt>
   <trkpt lat="42.3602420" lon="-71.1555770">
    <ele>3.2</ele>
    <time>2025-07-04T19:16:46Z</time>
   </trkpt>
   <trkpt lat="42.3602520" lon="-71.1554930">
    <ele>3.2</ele>
    <time>2025-07-04T19:16:47Z</time>
   </trkpt>
   <trkpt lat="42.3602670" lon="-71.1554020">
    <ele>3.2</ele>
    <time>2025-07-04T19:16:48Z</time>
   </trkpt>
   <trkpt lat="42.3602850" lon="-71.1553500">
    <ele>3.2</ele>
    <time>2025-07-04T19:16:49Z</time>
   </trkpt>
   <trkpt lat="42.3602930" lon="-71.1552540">
    <ele>3.1</ele>
    <time>2025-07-04T19:16:50Z</time>
   </trkpt>
   <trkpt lat="42.3602860" lon="-71.1552030">
    <ele>3.1</ele>
    <time>2025-07-04T19:16:51Z</time>
   </trkpt>
   <trkpt lat="42.3602990" lon="-71.1551140">
    <ele>3.1</ele>
    <time>2025-07-04T19:16:52Z</time>
   </trkpt>
   <trkpt lat="42.3602990" lon="-71.1550410">
    <ele>3.1</ele>
    <time>2025-07-04T19:16:53Z</time>
   </trkpt>
   <trkpt lat="42.3603070" lon="-71.1549500">
    <ele>3.1</ele>
    <time>2025-07-04T19:16:54Z</time>
   </trkpt>
   <trkpt lat="42.3603220" lon="-71.1548590">
    <ele>3.1</ele>
    <time>2025-07-04T19:16:55Z</time>
   </trkpt>
   <trkpt lat="42.3603560" lon="-71.1547760">
    <ele>3.0</ele>
    <time>2025-07-04T19:16:56Z</time>
   </trkpt>
   <trkpt lat="42.3603790" lon="-71.1546950">
    <ele>3.0</ele>
    <time>2025-07-04T19:16:57Z</time>
   </trkpt>
   <trkpt lat="42.3603850" lon="-71.1546200">
    <ele>3.0</ele>
    <time>2025-07-04T19:16:58Z</time>
   </trkpt>
   <trkpt lat="42.3603970" lon="-71.1545500">
    <ele>3.0</ele>
    <time>2025-07-04T19:16:59Z</time>
   </trkpt>
   <trkpt lat="42.3604160" lon="-71.1544770">
    <ele>3.0</ele>
    <time>2025-07-04T19:17:00Z</time>
   </trkpt>
   <trkpt lat="42.3604340" lon="-71.1544080">
    <ele>2.9</ele>
    <time>2025-07-04T19:17:01Z</time>
   </trkpt>
   <trkpt lat="42.3604560" lon="-71.1543260">
    <ele>2.9</ele>
    <time>2025-07-04T19:17:02Z</time>
   </trkpt>
   <trkpt lat="42.3604800" lon="-71.1542460">
    <ele>2.9</ele>
    <time>2025-07-04T19:17:03Z</time>
   </trkpt>
   <trkpt lat="42.3604980" lon="-71.1541680">
    <ele>2.9</ele>
    <time>2025-07-04T19:17:04Z</time>
   </trkpt>
   <trkpt lat="42.3605220" lon="-71.1540900">
    <ele>2.9</ele>
    <time>2025-07-04T19:17:05Z</time>
   </trkpt>
   <trkpt lat="42.3605260" lon="-71.1540380">
    <ele>2.9</ele>
    <time>2025-07-04T19:17:06Z</time>
   </trkpt>
   <trkpt lat="42.3605460" lon="-71.1539750">
    <ele>2.9</ele>
    <time>2025-07-04T19:17:07Z</time>
   </trkpt>
   <trkpt lat="42.3605480" lon="-71.1539230">
    <ele>2.9</ele>
    <time>2025-07-04T19:17:08Z</time>
   </trkpt>
   <trkpt lat="42.3605780" lon="-71.1538610">
    <ele>2.8</ele>
    <time>2025-07-04T19:17:09Z</time>
   </trkpt>
   <trkpt lat="42.3606020" lon="-71.1538060">
    <ele>2.8</ele>
    <time>2025-07-04T19:17:10Z</time>
   </trkpt>
   <trkpt lat="42.3606300" lon="-71.1537370">
    <ele>2.8</ele>
    <time>2025-07-04T19:17:11Z</time>
   </trkpt>
   <trkpt lat="42.3606460" lon="-71.1536900">
    <ele>2.8</ele>
    <time>2025-07-04T19:17:12Z</time>
   </trkpt>
   <trkpt lat="42.3606460" lon="-71.1536520">
    <ele>2.9</ele>
    <time>2025-07-04T19:17:13Z</time>
   </trkpt>
   <trkpt lat="42.3606580" lon="-71.1535820">
    <ele>2.9</ele>
    <time>2025-07-04T19:17:14Z</time>
   </trkpt>
   <trkpt lat="42.3606690" lon="-71.1535380">
    <ele>2.9</ele>
    <time>2025-07-04T19:17:15Z</time>
   </trkpt>
   <trkpt lat="42.3606870" lon="-71.1534860">
    <ele>2.9</ele>
    <time>2025-07-04T19:17:16Z</time>
   </trkpt>
   <trkpt lat="42.3607260" lon="-71.1534140">
    <ele>2.9</ele>
    <time>2025-07-04T19:17:17Z</time>
   </trkpt>
   <trkpt lat="42.3607570" lon="-71.1533500">
    <ele>2.9</ele>
    <time>2025-07-04T19:17:18Z</time>
   </trkpt>
   <trkpt lat="42.3607820" lon="-71.1532870">
    <ele>2.9</ele>
    <time>2025-07-04T19:17:19Z</time>
   </trkpt>
   <trkpt lat="42.3607900" lon="-71.1532270">
    <ele>2.9</ele>
    <time>2025-07-04T19:17:20Z</time>
   </trkpt>
   <trkpt lat="42.3607930" lon="-71.1531710">
    <ele>2.9</ele>
    <time>2025-07-04T19:17:21Z</time>
   </trkpt>
   <trkpt lat="42.3608050" lon="-71.1531190">
    <ele>2.8</ele>
    <time>2025-07-04T19:17:22Z</time>
   </trkpt>
   <trkpt lat="42.3608330" lon="-71.1530730">
    <ele>2.8</ele>
    <time>2025-07-04T19:17:23Z</time>
   </trkpt>
   <trkpt lat="42.3608610" lon="-71.1530250">
    <ele>2.8</ele>
    <time>2025-07-04T19:17:24Z</time>
   </trkpt>
   <trkpt lat="42.3608940" lon="-71.1529780">
    <ele>2.7</ele>
    <time>2025-07-04T19:17:25Z</time>
   </trkpt>
   <trkpt lat="42.3609220" lon="-71.1529350">
    <ele>2.7</ele>
    <time>2025-07-04T19:17:26Z</time>
   </trkpt>
   <trkpt lat="42.3609590" lon="-71.1528690">
    <ele>2.7</ele>
    <time>2025-07-04T19:17:27Z</time>
   </trkpt>
   <trkpt lat="42.3609910" lon="-71.1528090">
    <ele>2.7</ele>
    <time>2025-07-04T19:17:28Z</time>
   </trkpt>
   <trkpt lat="42.3610240" lon="-71.1527510">
    <ele>2.8</ele>
    <time>2025-07-04T19:17:29Z</time>
   </trkpt>
   <trkpt lat="42.3610350" lon="-71.1527120">
    <ele>2.8</ele>
    <time>2025-07-04T19:17:30Z</time>
   </trkpt>
   <trkpt lat="42.3610730" lon="-71.1526690">
    <ele>2.8</ele>
    <time>2025-07-04T19:17:31Z</time>
   </trkpt>
   <trkpt lat="42.3611120" lon="-71.1526170">
    <ele>2.9</ele>
    <time>2025-07-04T19:17:32Z</time>
   </trkpt>
   <trkpt lat="42.3611400" lon="-71.1525880">
    <ele>2.9</ele>
    <time>2025-07-04T19:17:33Z</time>
   </trkpt>
   <trkpt lat="42.3611780" lon="-71.1525290">
    <ele>3.0</ele>
    <time>2025-07-04T19:17:34Z</time>
   </trkpt>
   <trkpt lat="42.3611980" lon="-71.1524990">
    <ele>3.1</ele>
    <time>2025-07-04T19:17:35Z</time>
   </trkpt>
   <trkpt lat="42.3612390" lon="-71.1524660">
    <ele>3.1</ele>
    <time>2025-07-04T19:17:36Z</time>
   </trkpt>
   <trkpt lat="42.3612680" lon="-71.1524250">
    <ele>3.1</ele>
    <time>2025-07-04T19:17:37Z</time>
   </trkpt>
   <trkpt lat="42.3612920" lon="-71.1523710">
    <ele>3.2</ele>
    <time>2025-07-04T19:17:38Z</time>
   </trkpt>
   <trkpt lat="42.3613000" lon="-71.1523440">
    <ele>3.2</ele>
    <time>2025-07-04T19:17:39Z</time>
   </trkpt>
   <trkpt lat="42.3613180" lon="-71.1522830">
    <ele>3.2</ele>
    <time>2025-07-04T19:17:40Z</time>
   </trkpt>
   <trkpt lat="42.3613620" lon="-71.1522230">
    <ele>3.2</ele>
    <time>2025-07-04T19:17:41Z</time>
   </trkpt>
   <trkpt lat="42.3614090" lon="-71.1521700">
    <ele>3.2</ele>
    <time>2025-07-04T19:17:42Z</time>
   </trkpt>
   <trkpt lat="42.3614440" lon="-71.1521140">
    <ele>3.2</ele>
    <time>2025-07-04T19:17:43Z</time>
   </trkpt>
   <trkpt lat="42.3614380" lon="-71.1520740">
    <ele>3.2</ele>
    <time>2025-07-04T19:17:44Z</time>
   </trkpt>
   <trkpt lat="42.3614570" lon="-71.1520300">
    <ele>3.3</ele>
    <time>2025-07-04T19:17:45Z</time>
   </trkpt>
   <trkpt lat="42.3614770" lon="-71.1519950">
    <ele>3.3</ele>
    <time>2025-07-04T19:17:46Z</time>
   </trkpt>
   <trkpt lat="42.3614980" lon="-71.1519590">
    <ele>3.3</ele>
    <time>2025-07-04T19:17:47Z</time>
   </trkpt>
   <trkpt lat="42.3615280" lon="-71.1519260">
    <ele>3.3</ele>
    <time>2025-07-04T19:17:48Z</time>
   </trkpt>
   <trkpt lat="42.3615630" lon="-71.1518850">
    <ele>3.3</ele>
    <time>2025-07-04T19:17:49Z</time>
   </trkpt>
   <trkpt lat="42.3615890" lon="-71.1518410">
    <ele>3.4</ele>
    <time>2025-07-04T19:17:50Z</time>
   </trkpt>
   <trkpt lat="42.3616130" lon="-71.1518090">
    <ele>3.4</ele>
    <time>2025-07-04T19:17:51Z</time>
   </trkpt>
   <trkpt lat="42.3616410" lon="-71.1517600">
    <ele>3.5</ele>
    <time>2025-07-04T19:17:52Z</time>
   </trkpt>
   <trkpt lat="42.3616630" lon="-71.1517180">
    <ele>3.5</ele>
    <time>2025-07-04T19:17:53Z</time>
   </trkpt>
   <trkpt lat="42.3616860" lon="-71.1516750">
    <ele>3.6</ele>
    <time>2025-07-04T19:17:54Z</time>
   </trkpt>
   <trkpt lat="42.3616890" lon="-71.1516120">
    <ele>3.8</ele>
    <time>2025-07-04T19:17:55Z</time>
   </trkpt>
   <trkpt lat="42.3616860" lon="-71.1515840">
    <ele>3.7</ele>
    <time>2025-07-04T19:17:56Z</time>
   </trkpt>
   <trkpt lat="42.3616960" lon="-71.1515500">
    <ele>3.8</ele>
    <time>2025-07-04T19:17:57Z</time>
   </trkpt>
   <trkpt lat="42.3617140" lon="-71.1515120">
    <ele>3.8</ele>
    <time>2025-07-04T19:17:58Z</time>
   </trkpt>
   <trkpt lat="42.3617310" lon="-71.1514590">
    <ele>3.8</ele>
    <time>2025-07-04T19:17:59Z</time>
   </trkpt>
   <trkpt lat="42.3617420" lon="-71.1514220">
    <ele>3.8</ele>
    <time>2025-07-04T19:18:00Z</time>
   </trkpt>
   <trkpt lat="42.3617340" lon="-71.1513610">
    <ele>3.8</ele>
    <time>2025-07-04T19:18:01Z</time>
   </trkpt>
   <trkpt lat="42.3617290" lon="-71.1513120">
    <ele>3.8</ele>
    <time>2025-07-04T19:18:02Z</time>
   </trkpt>
   <trkpt lat="42.3617270" lon="-71.1512520">
    <ele>3.8</ele>
    <time>2025-07-04T19:18:03Z</time>
   </trkpt>
   <trkpt lat="42.3617270" lon="-71.1511990">
    <ele>3.8</ele>
    <time>2025-07-04T19:18:04Z</time>
   </trkpt>
   <trkpt lat="42.3617320" lon="-71.1511570">
    <ele>3.8</ele>
    <time>2025-07-04T19:18:05Z</time>
   </trkpt>
   <trkpt lat="42.3617140" lon="-71.1510790">
    <ele>3.8</ele>
    <time>2025-07-04T19:18:06Z</time>
   </trkpt>
   <trkpt lat="42.3617170" lon="-71.1510150">
    <ele>3.9</ele>
    <time>2025-07-04T19:18:07Z</time>
   </trkpt>
   <trkpt lat="42.3617120" lon="-71.1509380">
    <ele>3.8</ele>
    <time>2025-07-04T19:18:08Z</time>
   </trkpt>
   <trkpt lat="42.3617230" lon="-71.1508540">
    <ele>3.9</ele>
    <time>2025-07-04T19:18:09Z</time>
   </trkpt>
   <trkpt lat="42.3617200" lon="-71.1508020">
    <ele>3.9</ele>
    <time>2025-07-04T19:18:10Z</time>
   </trkpt>
   <trkpt lat="42.3617100" lon="-71.1507510">
    <ele>3.8</ele>
    <time>2025-07-04T19:18:11Z</time>
   </trkpt>
   <trkpt lat="42.3617180" lon="-71.1507000">
    <ele>3.8</ele>
    <time>2025-07-04T19:18:12Z</time>
   </trkpt>
   <trkpt lat="42.3617350" lon="-71.1506370">
    <ele>3.8</ele>
    <time>2025-07-04T19:18:13Z</time>
   </trkpt>
   <trkpt lat="42.3617350" lon="-71.1505420">
    <ele>3.8</ele>
    <time>2025-07-04T19:18:14Z</time>
   </trkpt>
   <trkpt lat="42.3617290" lon="-71.1504750">
    <ele>3.8</ele>
    <time>2025-07-04T19:18:15Z</time>
   </trkpt>
   <trkpt lat="42.3617340" lon="-71.1504280">
    <ele>3.8</ele>
    <time>2025-07-04T19:18:16Z</time>
   </trkpt>
   <trkpt lat="42.3617220" lon="-71.1503690">
    <ele>3.8</ele>
    <time>2025-07-04T19:18:17Z</time>
   </trkpt>
   <trkpt lat="42.3617180" lon="-71.1503450">
    <ele>3.8</ele>
    <time>2025-07-04T19:18:18Z</time>
   </trkpt>
   <trkpt lat="42.3617080" lon="-71.1502880">
    <ele>3.7</ele>
    <time>2025-07-04T19:18:19Z</time>
   </trkpt>
   <trkpt lat="42.3617020" lon="-71.1502340">
    <ele>3.7</ele>
    <time>2025-07-04T19:18:20Z</time>
   </trkpt>
   <trkpt lat="42.3617050" lon="-71.1501710">
    <ele>3.6</ele>
    <time>2025-07-04T19:18:21Z</time>
   </trkpt>
   <trkpt lat="42.3617060" lon="-71.1500920">
    <ele>3.6</ele>
    <time>2025-07-04T19:18:22Z</time>
   </trkpt>
   <trkpt lat="42.3617050" lon="-71.1500190">
    <ele>3.6</ele>
    <time>2025-07-04T19:18:23Z</time>
   </trkpt>
   <trkpt lat="42.3616700" lon="-71.1499340">
    <ele>3.5</ele>
    <time>2025-07-04T19:18:24Z</time>
   </trkpt>
   <trkpt lat="42.3616450" lon="-71.1498730">
    <ele>3.5</ele>
    <time>2025-07-04T19:18:25Z</time>
   </trkpt>
   <trkpt lat="42.3616380" lon="-71.1497970">
    <ele>3.4</ele>
    <time>2025-07-04T19:18:26Z</time>
   </trkpt>
   <trkpt lat="42.3616320" lon="-71.1497170">
    <ele>3.4</ele>
    <time>2025-07-04T19:18:27Z</time>
   </trkpt>
   <trkpt lat="42.3616340" lon="-71.1496510">
    <ele>3.4</ele>
    <time>2025-07-04T19:18:28Z</time>
   </trkpt>
   <trkpt lat="42.3616350" lon="-71.1496030">
    <ele>3.4</ele>
    <time>2025-07-04T19:18:29Z</time>
   </trkpt>
   <trkpt lat="42.3616320" lon="-71.1495600">
    <ele>3.4</ele>
    <time>2025-07-04T19:18:30Z</time>
   </trkpt>
   <trkpt lat="42.3616330" lon="-71.1495070">
    <ele>3.4</ele>
    <time>2025-07-04T19:18:31Z</time>
   </trkpt>
   <trkpt lat="42.3616490" lon="-71.1494580">
    <ele>3.4</ele>
    <time>2025-07-04T19:18:32Z</time>
   </trkpt>
   <trkpt lat="42.3616550" lon="-71.1494390">
    <ele>3.4</ele>
    <time>2025-07-04T19:18:33Z</time>
   </trkpt>
   <trkpt lat="42.3616590" lon="-71.1493900">
    <ele>3.4</ele>
    <time>2025-07-04T19:18:34Z</time>
   </trkpt>
   <trkpt lat="42.3616660" lon="-71.1493500">
    <ele>3.4</ele>
    <time>2025-07-04T19:18:35Z</time>
   </trkpt>
   <trkpt lat="42.3616760" lon="-71.1493070">
    <ele>3.4</ele>
    <time>2025-07-04T19:18:36Z</time>
   </trkpt>
   <trkpt lat="42.3616900" lon="-71.1492410">
    <ele>3.4</ele>
    <time>2025-07-04T19:18:37Z</time>
   </trkpt>
   <trkpt lat="42.3616990" lon="-71.1492000">
    <ele>3.5</ele>
    <time>2025-07-04T19:18:38Z</time>
   </trkpt>
   <trkpt lat="42.3617080" lon="-71.1491580">
    <ele>3.5</ele>
    <time>2025-07-04T19:18:39Z</time>
   </trkpt>
   <trkpt lat="42.3617170" lon="-71.1491170">
    <ele>3.5</ele>
    <time>2025-07-04T19:18:40Z</time>
   </trkpt>
   <trkpt lat="42.3617260" lon="-71.1490760">
    <ele>3.5</ele>
    <time>2025-07-04T19:18:41Z</time>
   </trkpt>
   <trkpt lat="42.3617350" lon="-71.1490350">
    <ele>3.6</ele>
    <time>2025-07-04T19:18:42Z</time>
   </trkpt>
   <trkpt lat="42.3617440" lon="-71.1489930">
    <ele>3.6</ele>
    <time>2025-07-04T19:19:19Z</time>
   </trkpt>
   <trkpt lat="42.3617530" lon="-71.1489520">
    <ele>3.6</ele>
    <time>2025-07-04T19:19:20Z</time>
   </trkpt>
   <trkpt lat="42.3617740" lon="-71.1489210">
    <ele>3.6</ele>
    <time>2025-07-04T19:19:21Z</time>
   </trkpt>
   <trkpt lat="42.3618010" lon="-71.1488930">
    <ele>3.6</ele>
    <time>2025-07-04T19:19:22Z</time>
   </trkpt>
   <trkpt lat="42.3618310" lon="-71.1488740">
    <ele>3.6</ele>
    <time>2025-07-04T19:19:23Z</time>
   </trkpt>
   <trkpt lat="42.3618630" lon="-71.1488200">
    <ele>3.6</ele>
    <time>2025-07-04T19:19:24Z</time>
   </trkpt>
   <trkpt lat="42.3618800" lon="-71.1487940">
    <ele>3.6</ele>
    <time>2025-07-04T19:19:25Z</time>
   </trkpt>
   <trkpt lat="42.3619270" lon="-71.1487420">
    <ele>3.6</ele>
    <time>2025-07-04T19:19:26Z</time>
   </trkpt>
   <trkpt lat="42.3619580" lon="-71.1486990">
    <ele>3.6</ele>
    <time>2025-07-04T19:19:27Z</time>
   </trkpt>
   <trkpt lat="42.3619790" lon="-71.1486570">
    <ele>3.6</ele>
    <time>2025-07-04T19:19:28Z</time>
   </trkpt>
   <trkpt lat="42.3620070" lon="-71.1486120">
    <ele>3.6</ele>
    <time>2025-07-04T19:19:29Z</time>
   </trkpt>
   <trkpt lat="42.3620200" lon="-71.1485710">
    <ele>3.6</ele>
    <time>2025-07-04T19:19:30Z</time>
   </trkpt>
   <trkpt lat="42.3620350" lon="-71.1485290">
    <ele>3.7</ele>
    <time>2025-07-04T19:19:31Z</time>
   </trkpt>
   <trkpt lat="42.3620500" lon="-71.1484880">
    <ele>3.7</ele>
    <time>2025-07-04T19:19:32Z</time>
   </trkpt>
   <trkpt lat="42.3620630" lon="-71.1484450">
    <ele>3.7</ele>
    <time>2025-07-04T19:19:33Z</time>
   </trkpt>
   <trkpt lat="42.3620640" lon="-71.1484050">
    <ele>3.7</ele>
    <time>2025-07-04T19:19:34Z</time>
   </trkpt>
   <trkpt lat="42.3621060" lon="-71.1483670">
    <ele>3.7</ele>
    <time>2025-07-04T19:19:35Z</time>
   </trkpt>
   <trkpt lat="42.3621340" lon="-71.1483520">
    <ele>3.8</ele>
    <time>2025-07-04T19:19:36Z</time>
   </trkpt>
   <trkpt lat="42.3621880" lon="-71.1483120">
    <ele>3.9</ele>
    <time>2025-07-04T19:19:37Z</time>
   </trkpt>
   <trkpt lat="42.3622170" lon="-71.1482780">
    <ele>3.9</ele>
    <time>2025-07-04T19:19:38Z</time>
   </trkpt>
   <trkpt lat="42.3622590" lon="-71.1482410">
    <ele>3.9</ele>
    <time>2025-07-04T19:19:39Z</time>
   </trkpt>
   <trkpt lat="42.3622750" lon="-71.1482110">
    <ele>3.9</ele>
    <time>2025-07-04T19:19:40Z</time>
   </trkpt>
   <trkpt lat="42.3622970" lon="-71.1481770">
    <ele>3.9</ele>
    <time>2025-07-04T19:19:41Z</time>
   </trkpt>
   <trkpt lat="42.3623200" lon="-71.1481420">
    <ele>3.9</ele>
    <time>2025-07-04T19:19:42Z</time>
   </trkpt>
   <trkpt lat="42.3623500" lon="-71.1481060">
    <ele>3.9</ele>
    <time>2025-07-04T19:19:43Z</time>
   </trkpt>
   <trkpt lat="42.3623660" lon="-71.1480650">
    <ele>3.9</ele>
    <time>2025-07-04T19:19:44Z</time>
   </trkpt>
   <trkpt lat="42.3623760" lon="-71.1480520">
    <ele>3.9</ele>
    <time>2025-07-04T19:19:45Z</time>
   </trkpt>
   <trkpt lat="42.3624160" lon="-71.1480140">
    <ele>4.0</ele>
    <time>2025-07-04T19:19:46Z</time>
   </trkpt>
   <trkpt lat="42.3624640" lon="-71.1479720">
    <ele>4.0</ele>
    <time>2025-07-04T19:19:47Z</time>
   </trkpt>
   <trkpt lat="42.3624910" lon="-71.1479350">
    <ele>4.0</ele>
    <time>2025-07-04T19:19:48Z</time>
   </trkpt>
   <trkpt lat="42.3625260" lon="-71.1478850">
    <ele>4.0</ele>
    <time>2025-07-04T19:19:49Z</time>
   </trkpt>
   <trkpt lat="42.3625540" lon="-71.1478500">
    <ele>4.1</ele>
    <time>2025-07-04T19:19:50Z</time>
   </trkpt>
   <trkpt lat="42.3625630" lon="-71.1478370">
    <ele>4.1</ele>
    <time>2025-07-04T19:19:51Z</time>
   </trkpt>
   <trkpt lat="42.3626110" lon="-71.1477850">
    <ele>4.1</ele>
    <time>2025-07-04T19:19:52Z</time>
   </trkpt>
   <trkpt lat="42.3626680" lon="-71.1477390">
    <ele>4.1</ele>
    <time>2025-07-04T19:19:53Z</time>
   </trkpt>
   <trkpt lat="42.3627050" lon="-71.1477010">
    <ele>4.1</ele>
    <time>2025-07-04T19:19:54Z</time>
   </trkpt>
   <trkpt lat="42.3627450" lon="-71.1476690">
    <ele>4.1</ele>
    <time>2025-07-04T19:19:55Z</time>
   </trkpt>
   <trkpt lat="42.3628030" lon="-71.1476040">
    <ele>4.1</ele>
    <time>2025-07-04T19:19:56Z</time>
   </trkpt>
   <trkpt lat="42.3628460" lon="-71.1475480">
    <ele>4.0</ele>
    <time>2025-07-04T19:19:57Z</time>
   </trkpt>
   <trkpt lat="42.3629030" lon="-71.1474940">
    <ele>4.0</ele>
    <time>2025-07-04T19:19:58Z</time>
   </trkpt>
   <trkpt lat="42.3629570" lon="-71.1474230">
    <ele>3.9</ele>
    <time>2025-07-04T19:19:59Z</time>
   </trkpt>
   <trkpt lat="42.3630160" lon="-71.1473700">
    <ele>3.9</ele>
    <time>2025-07-04T19:20:00Z</time>
   </trkpt>
   <trkpt lat="42.3630670" lon="-71.1473200">
    <ele>3.8</ele>
    <time>2025-07-04T19:20:01Z</time>
   </trkpt>
   <trkpt lat="42.3631080" lon="-71.1472690">
    <ele>3.8</ele>
    <time>2025-07-04T19:20:02Z</time>
   </trkpt>
   <trkpt lat="42.3631570" lon="-71.1472330">
    <ele>3.8</ele>
    <time>2025-07-04T19:20:03Z</time>
   </trkpt>
   <trkpt lat="42.3632110" lon="-71.1471760">
    <ele>3.7</ele>
    <time>2025-07-04T19:20:04Z</time>
   </trkpt>
   <trkpt lat="42.3632470" lon="-71.1471430">
    <ele>3.7</ele>
    <time>2025-07-04T19:20:05Z</time>
   </trkpt>
   <trkpt lat="42.3632620" lon="-71.1471310">
    <ele>3.7</ele>
    <time>2025-07-04T19:20:06Z</time>
   </trkpt>
   <trkpt lat="42.3633000" lon="-71.1470850">
    <ele>3.7</ele>
    <time>2025-07-04T19:20:07Z</time>
   </trkpt>
   <trkpt lat="42.3633330" lon="-71.1470460">
    <ele>3.7</ele>
    <time>2025-07-04T19:20:08Z</time>
   </trkpt>
   <trkpt lat="42.3633890" lon="-71.1470090">
    <ele>3.6</ele>
    <time>2025-07-04T19:20:09Z</time>
   </trkpt>
   <trkpt lat="42.3634490" lon="-71.1469400">
    <ele>3.6</ele>
    <time>2025-07-04T19:20:10Z</time>
   </trkpt>
   <trkpt lat="42.3635090" lon="-71.1468890">
    <ele>3.5</ele>
    <time>2025-07-04T19:20:11Z</time>
   </trkpt>
   <trkpt lat="42.3635770" lon="-71.1468340">
    <ele>3.5</ele>
    <time>2025-07-04T19:20:12Z</time>
   </trkpt>
   <trkpt lat="42.3636370" lon="-71.1467790">
    <ele>3.4</ele>
    <time>2025-07-04T19:20:13Z</time>
   </trkpt>
   <trkpt lat="42.3636830" lon="-71.1467290">
    <ele>3.4</ele>
    <time>2025-07-04T19:20:14Z</time>
   </trkpt>
   <trkpt lat="42.3637230" lon="-71.1466800">
    <ele>3.4</ele>
    <time>2025-07-04T19:20:15Z</time>
   </trkpt>
   <trkpt lat="42.3637460" lon="-71.1466470">
    <ele>3.4</ele>
    <time>2025-07-04T19:20:16Z</time>
   </trkpt>
   <trkpt lat="42.3638080" lon="-71.1465850">
    <ele>3.4</ele>
    <time>2025-07-04T19:20:17Z</time>
   </trkpt>
   <trkpt lat="42.3638800" lon="-71.1465260">
    <ele>3.3</ele>
    <time>2025-07-04T19:20:18Z</time>
   </trkpt>
   <trkpt lat="42.3639370" lon="-71.1464730">
    <ele>3.3</ele>
    <time>2025-07-04T19:20:19Z</time>
   </trkpt>
   <trkpt lat="42.3639710" lon="-71.1464240">
    <ele>3.3</ele>
    <time>2025-07-04T19:20:20Z</time>
   </trkpt>
   <trkpt lat="42.3640400" lon="-71.1463430">
    <ele>3.3</ele>
    <time>2025-07-04T19:20:21Z</time>
   </trkpt>
   <trkpt lat="42.3640920" lon="-71.1462800">
    <ele>3.2</ele>
    <time>2025-07-04T19:20:22Z</time>
   </trkpt>
   <trkpt lat="42.3641290" lon="-71.1462400">
    <ele>3.2</ele>
    <time>2025-07-04T19:20:23Z</time>
   </trkpt>
   <trkpt lat="42.3641710" lon="-71.1461930">
    <ele>3.2</ele>
    <time>2025-07-04T19:20:24Z</time>
   </trkpt>
   <trkpt lat="42.3642230" lon="-71.1461470">
    <ele>3.2</ele>
    <time>2025-07-04T19:20:25Z</time>
   </trkpt>
   <trkpt lat="42.3642270" lon="-71.1461040">
    <ele>3.2</ele>
    <time>2025-07-04T19:20:26Z</time>
   </trkpt>
   <trkpt lat="42.3642440" lon="-71.1460640">
    <ele>3.2</ele>
    <time>2025-07-04T19:20:27Z</time>
   </trkpt>
   <trkpt lat="42.3643010" lon="-71.1460140">
    <ele>3.3</ele>
    <time>2025-07-04T19:20:28Z</time>
   </trkpt>
   <trkpt lat="42.3643380" lon="-71.1459620">
    <ele>3.3</ele>
    <time>2025-07-04T19:20:29Z</time>
   </trkpt>
   <trkpt lat="42.3643860" lon="-71.1459220">
    <ele>3.3</ele>
    <time>2025-07-04T19:20:30Z</time>
   </trkpt>
   <trkpt lat="42.3644310" lon="-71.1458650">
    <ele>3.3</ele>
    <time>2025-07-04T19:20:31Z</time>
   </trkpt>
   <trkpt lat="42.3644640" lon="-71.1458090">
    <ele>3.3</ele>
    <time>2025-07-04T19:20:32Z</time>
   </trkpt>
   <trkpt lat="42.3644800" lon="-71.1457640">
    <ele>3.3</ele>
    <time>2025-07-04T19:20:33Z</time>
   </trkpt>
   <trkpt lat="42.3644980" lon="-71.1457250">
    <ele>3.3</ele>
    <time>2025-07-04T19:20:34Z</time>
   </trkpt>
   <trkpt lat="42.3645220" lon="-71.1456730">
    <ele>3.3</ele>
    <time>2025-07-04T19:20:35Z</time>
   </trkpt>
   <trkpt lat="42.3645400" lon="-71.1456470">
    <ele>3.3</ele>
    <time>2025-07-04T19:20:36Z</time>
   </trkpt>
   <trkpt lat="42.3645890" lon="-71.1455840">
    <ele>3.3</ele>
    <time>2025-07-04T19:20:37Z</time>
   </trkpt>
   <trkpt lat="42.3646320" lon="-71.1455390">
    <ele>3.3</ele>
    <time>2025-07-04T19:20:38Z</time>
   </trkpt>
   <trkpt lat="42.3646720" lon="-71.1454930">
    <ele>3.2</ele>
    <time>2025-07-04T19:20:39Z</time>
   </trkpt>
   <trkpt lat="42.3647190" lon="-71.1454350">
    <ele>3.2</ele>
    <time>2025-07-04T19:20:40Z</time>
   </trkpt>
   <trkpt lat="42.3647560" lon="-71.1453850">
    <ele>3.2</ele>
    <time>2025-07-04T19:20:41Z</time>
   </trkpt>
   <trkpt lat="42.3647820" lon="-71.1453320">
    <ele>3.2</ele>
    <time>2025-07-04T19:20:42Z</time>
   </trkpt>
   <trkpt lat="42.3648210" lon="-71.1452750">
    <ele>3.2</ele>
    <time>2025-07-04T19:20:43Z</time>
   </trkpt>
   <trkpt lat="42.3648420" lon="-71.1452300">
    <ele>3.1</ele>
    <time>2025-07-04T19:20:44Z</time>
   </trkpt>
   <trkpt lat="42.3648670" lon="-71.1451830">
    <ele>3.1</ele>
    <time>2025-07-04T19:20:45Z</time>
   </trkpt>
   <trkpt lat="42.3648900" lon="-71.1451200">
    <ele>3.1</ele>
    <time>2025-07-04T19:20:46Z</time>
   </trkpt>
   <trkpt lat="42.3649260" lon="-71.1450590">
    <ele>3.0</ele>
    <time>2025-07-04T19:20:47Z</time>
   </trkpt>
   <trkpt lat="42.3649580" lon="-71.1449980">
    <ele>3.0</ele>
    <time>2025-07-04T19:20:48Z</time>
   </trkpt>
   <trkpt lat="42.3649880" lon="-71.1449430">
    <ele>3.0</ele>
    <time>2025-07-04T19:20:49Z</time>
   </trkpt>
   <trkpt lat="42.3650290" lon="-71.1448470">
    <ele>3.0</ele>
    <time>2025-07-04T19:20:50Z</time>
   </trkpt>
   <trkpt lat="42.3650720" lon="-71.1447810">
    <ele>3.0</ele>
    <time>2025-07-04T19:20:51Z</time>
   </trkpt>
   <trkpt lat="42.3651100" lon="-71.1447140">
    <ele>3.0</ele>
    <time>2025-07-04T19:20:52Z</time>
   </trkpt>
   <trkpt lat="42.3651320" lon="-71.1446460">
    <ele>3.0</ele>
    <time>2025-07-04T19:20:53Z</time>
   </trkpt>
   <trkpt lat="42.3651520" lon="-71.1446120">
    <ele>3.0</ele>
    <time>2025-07-04T19:20:54Z</time>
   </trkpt>
   <trkpt lat="42.3651780" lon="-71.1445510">
    <ele>3.0</ele>
    <time>2025-07-04T19:20:55Z</time>
   </trkpt>
   <trkpt lat="42.3651960" lon="-71.1444830">
    <ele>3.0</ele>
    <time>2025-07-04T19:20:56Z</time>
   </trkpt>
   <trkpt lat="42.3652060" lon="-71.1444490">
    <ele>3.0</ele>
    <time>2025-07-04T19:20:57Z</time>
   </trkpt>
   <trkpt lat="42.3652270" lon="-71.1443750">
    <ele>3.0</ele>
    <time>2025-07-04T19:20:58Z</time>
   </trkpt>
   <trkpt lat="42.3652390" lon="-71.1443000">
    <ele>3.0</ele>
    <time>2025-07-04T19:20:59Z</time>
   </trkpt>
   <trkpt lat="42.3652700" lon="-71.1442290">
    <ele>3.0</ele>
    <time>2025-07-04T19:21:00Z</time>
   </trkpt>
   <trkpt lat="42.3652890" lon="-71.1441660">
    <ele>3.0</ele>
    <time>2025-07-04T19:21:01Z</time>
   </trkpt>
   <trkpt lat="42.3653060" lon="-71.1441060">
    <ele>3.0</ele>
    <time>2025-07-04T19:21:02Z</time>
   </trkpt>
   <trkpt lat="42.3653120" lon="-71.1440490">
    <ele>3.0</ele>
    <time>2025-07-04T19:21:03Z</time>
   </trkpt>
   <trkpt lat="42.3653170" lon="-71.1439930">
    <ele>3.0</ele>
    <time>2025-07-04T19:21:04Z</time>
   </trkpt>
   <trkpt lat="42.3653280" lon="-71.1439110">
    <ele>3.0</ele>
    <time>2025-07-04T19:21:05Z</time>
   </trkpt>
   <trkpt lat="42.3653330" lon="-71.1438420">
    <ele>3.0</ele>
    <time>2025-07-04T19:21:06Z</time>
   </trkpt>
   <trkpt lat="42.3653500" lon="-71.1437770">
    <ele>2.9</ele>
    <time>2025-07-04T19:21:07Z</time>
   </trkpt>
   <trkpt lat="42.3653540" lon="-71.1437140">
    <ele>2.9</ele>
    <time>2025-07-04T19:21:08Z</time>
   </trkpt>
   <trkpt lat="42.3653580" lon="-71.1436490">
    <ele>2.9</ele>
    <time>2025-07-04T19:21:09Z</time>
   </trkpt>
   <trkpt lat="42.3653510" lon="-71.1435810">
    <ele>2.9</ele>
    <time>2025-07-04T19:21:10Z</time>
   </trkpt>
   <trkpt lat="42.3653520" lon="-71.1434910">
    <ele>2.9</ele>
    <time>2025-07-04T19:21:11Z</time>
   </trkpt>
   <trkpt lat="42.3653600" lon="-71.1434090">
    <ele>2.9</ele>
    <time>2025-07-04T19:21:12Z</time>
   </trkpt>
   <trkpt lat="42.3653540" lon="-71.1433410">
    <ele>2.9</ele>
    <time>2025-07-04T19:21:13Z</time>
   </trkpt>
   <trkpt lat="42.3653410" lon="-71.1432810">
    <ele>2.9</ele>
    <time>2025-07-04T19:21:14Z</time>
   </trkpt>
   <trkpt lat="42.3653340" lon="-71.1432080">
    <ele>3.0</ele>
    <time>2025-07-04T19:21:15Z</time>
   </trkpt>
   <trkpt lat="42.3653360" lon="-71.1431340">
    <ele>3.0</ele>
    <time>2025-07-04T19:21:16Z</time>
   </trkpt>
   <trkpt lat="42.3653340" lon="-71.1430620">
    <ele>3.1</ele>
    <time>2025-07-04T19:21:17Z</time>
   </trkpt>
   <trkpt lat="42.3653220" lon="-71.1430150">
    <ele>3.1</ele>
    <time>2025-07-04T19:21:18Z</time>
   </trkpt>
   <trkpt lat="42.3653050" lon="-71.1429580">
    <ele>3.2</ele>
    <time>2025-07-04T19:21:19Z</time>
   </trkpt>
   <trkpt lat="42.3652900" lon="-71.1429080">
    <ele>3.2</ele>
    <time>2025-07-04T19:21:20Z</time>
   </trkpt>
   <trkpt lat="42.3652750" lon="-71.1428440">
    <ele>3.3</ele>
    <time>2025-07-04T19:21:21Z</time>
   </trkpt>
   <trkpt lat="42.3652710" lon="-71.1427770">
    <ele>3.4</ele>
    <time>2025-07-04T19:21:22Z</time>
   </trkpt>
   <trkpt lat="42.3652530" lon="-71.1427260">
    <ele>3.4</ele>
    <time>2025-07-04T19:21:23Z</time>
   </trkpt>
   <trkpt lat="42.3652390" lon="-71.1426650">
    <ele>3.4</ele>
    <time>2025-07-04T19:21:24Z</time>
   </trkpt>
   <trkpt lat="42.3652270" lon="-71.1426040">
    <ele>3.5</ele>
    <time>2025-07-04T19:21:25Z</time>
   </trkpt>
   <trkpt lat="42.3652170" lon="-71.1425420">
    <ele>3.5</ele>
    <time>2025-07-04T19:21:26Z</time>
   </trkpt>
   <trkpt lat="42.3652010" lon="-71.1424690">
    <ele>3.5</ele>
    <time>2025-07-04T19:21:27Z</time>
   </trkpt>
   <trkpt lat="42.3651800" lon="-71.1424240">
    <ele>3.6</ele>
    <time>2025-07-04T19:21:28Z</time>
   </trkpt>
   <trkpt lat="42.3651560" lon="-71.1423780">
    <ele>3.6</ele>
    <time>2025-07-04T19:21:29Z</time>
   </trkpt>
   <trkpt lat="42.3651400" lon="-71.1423150">
    <ele>3.5</ele>
    <time>2025-07-04T19:21:30Z</time>
   </trkpt>
   <trkpt lat="42.3651190" lon="-71.1422400">
    <ele>3.5</ele>
    <time>2025-07-04T19:21:31Z</time>
   </trkpt>
   <trkpt lat="42.3650980" lon="-71.1421820">
    <ele>3.5</ele>
    <time>2025-07-04T19:21:32Z</time>
   </trkpt>
   <trkpt lat="42.3650830" lon="-71.1421180">
    <ele>3.4</ele>
    <time>2025-07-04T19:21:33Z</time>
   </trkpt>
   <trkpt lat="42.3650720" lon="-71.1420450">
    <ele>3.4</ele>
    <time>2025-07-04T19:21:34Z</time>
   </trkpt>
   <trkpt lat="42.3650620" lon="-71.1419700">
    <ele>3.3</ele>
    <time>2025-07-04T19:21:35Z</time>
   </trkpt>
   <trkpt lat="42.3650440" lon="-71.1419180">
    <ele>3.3</ele>
    <time>2025-07-04T19:21:36Z</time>
   </trkpt>
   <trkpt lat="42.3650290" lon="-71.1418540">
    <ele>3.3</ele>
    <time>2025-07-04T19:21:37Z</time>
   </trkpt>
   <trkpt lat="42.3650230" lon="-71.1418000">
    <ele>3.2</ele>
    <time>2025-07-04T19:21:38Z</time>
   </trkpt>
   <trkpt lat="42.3649940" lon="-71.1417340">
    <ele>3.2</ele>
    <time>2025-07-04T19:21:39Z</time>
   </trkpt>
   <trkpt lat="42.3649830" lon="-71.1416620">
    <ele>3.2</ele>
    <time>2025-07-04T19:21:40Z</time>
   </trkpt>
   <trkpt lat="42.3649640" lon="-71.1416010">
    <ele>3.2</ele>
    <time>2025-07-04T19:21:41Z</time>
   </trkpt>
   <trkpt lat="42.3649490" lon="-71.1415410">
    <ele>3.2</ele>
    <time>2025-07-04T19:21:42Z</time>
   </trkpt>
   <trkpt lat="42.3649390" lon="-71.1414940">
    <ele>3.2</ele>
    <time>2025-07-04T19:21:43Z</time>
   </trkpt>
   <trkpt lat="42.3649310" lon="-71.1414330">
    <ele>3.2</ele>
    <time>2025-07-04T19:21:44Z</time>
   </trkpt>
   <trkpt lat="42.3649260" lon="-71.1413630">
    <ele>3.3</ele>
    <time>2025-07-04T19:21:45Z</time>
   </trkpt>
   <trkpt lat="42.3649140" lon="-71.1412970">
    <ele>3.3</ele>
    <time>2025-07-04T19:21:46Z</time>
   </trkpt>
   <trkpt lat="42.3649010" lon="-71.1412150">
    <ele>3.3</ele>
    <time>2025-07-04T19:21:47Z</time>
   </trkpt>
   <trkpt lat="42.3648810" lon="-71.1411500">
    <ele>3.4</ele>
    <time>2025-07-04T19:21:48Z</time>
   </trkpt>
   <trkpt lat="42.3648600" lon="-71.1411160">
    <ele>3.4</ele>
    <time>2025-07-04T19:21:49Z</time>
   </trkpt>
   <trkpt lat="42.3648480" lon="-71.1410670">
    <ele>3.4</ele>
    <time>2025-07-04T19:21:50Z</time>
   </trkpt>
   <trkpt lat="42.3648270" lon="-71.1409930">
    <ele>3.4</ele>
    <time>2025-07-04T19:21:51Z</time>
   </trkpt>
   <trkpt lat="42.3648120" lon="-71.1409300">
    <ele>3.5</ele>
    <time>2025-07-04T19:21:52Z</time>
   </trkpt>
   <trkpt lat="42.3648010" lon="-71.1408630">
    <ele>3.5</ele>
    <time>2025-07-04T19:21:53Z</time>
   </trkpt>
   <trkpt lat="42.3647900" lon="-71.1408030">
    <ele>3.5</ele>
    <time>2025-07-04T19:21:54Z</time>
   </trkpt>
   <trkpt lat="42.3647870" lon="-71.1407570">
    <ele>3.5</ele>
    <time>2025-07-04T19:21:55Z</time>
   </trkpt>
   <trkpt lat="42.3647740" lon="-71.1406970">
    <ele>3.6</ele>
    <time>2025-07-04T19:21:56Z</time>
   </trkpt>
   <trkpt lat="42.3647650" lon="-71.1406360">
    <ele>3.6</ele>
    <time>2025-07-04T19:21:57Z</time>
   </trkpt>
   <trkpt lat="42.3647660" lon="-71.1405660">
    <ele>3.6</ele>
    <time>2025-07-04T19:21:58Z</time>
   </trkpt>
   <trkpt lat="42.3647740" lon="-71.1404890">
    <ele>3.6</ele>
    <time>2025-07-04T19:21:59Z</time>
   </trkpt>
   <trkpt lat="42.3648020" lon="-71.1404160">
    <ele>3.6</ele>
    <time>2025-07-04T19:22:00Z</time>
   </trkpt>
   <trkpt lat="42.3648390" lon="-71.1402950">
    <ele>3.5</ele>
    <time>2025-07-04T19:22:01Z</time>
   </trkpt>
   <trkpt lat="42.3648770" lon="-71.1402220">
    <ele>3.5</ele>
    <time>2025-07-04T19:22:02Z</time>
   </trkpt>
   <trkpt lat="42.3649290" lon="-71.1401320">
    <ele>3.5</ele>
    <time>2025-07-04T19:22:03Z</time>
   </trkpt>
   <trkpt lat="42.3649760" lon="-71.1400340">
    <ele>3.6</ele>
    <time>2025-07-04T19:22:04Z</time>
   </trkpt>
   <trkpt lat="42.3650000" lon="-71.1399660">
    <ele>3.6</ele>
    <time>2025-07-04T19:22:05Z</time>
   </trkpt>
   <trkpt lat="42.3650330" lon="-71.1398900">
    <ele>3.6</ele>
    <time>2025-07-04T19:22:06Z</time>
   </trkpt>
   <trkpt lat="42.3650710" lon="-71.1398050">
    <ele>3.6</ele>
    <time>2025-07-04T19:22:07Z</time>
   </trkpt>
   <trkpt lat="42.3650900" lon="-71.1397310">
    <ele>3.6</ele>
    <time>2025-07-04T19:22:08Z</time>
   </trkpt>
   <trkpt lat="42.3651360" lon="-71.1396390">
    <ele>3.6</ele>
    <time>2025-07-04T19:22:09Z</time>
   </trkpt>
   <trkpt lat="42.3651440" lon="-71.1395700">
    <ele>3.6</ele>
    <time>2025-07-04T19:22:10Z</time>
   </trkpt>
   <trkpt lat="42.3651740" lon="-71.1394970">
    <ele>3.6</ele>
    <time>2025-07-04T19:22:11Z</time>
   </trkpt>
   <trkpt lat="42.3652030" lon="-71.1394520">
    <ele>3.6</ele>
    <time>2025-07-04T19:22:12Z</time>
   </trkpt>
   <trkpt lat="42.3652270" lon="-71.1393850">
    <ele>3.6</ele>
    <time>2025-07-04T19:22:13Z</time>
   </trkpt>
   <trkpt lat="42.3652590" lon="-71.1393310">
    <ele>3.5</ele>
    <time>2025-07-04T19:22:14Z</time>
   </trkpt>
   <trkpt lat="42.3652910" lon="-71.1392800">
    <ele>3.5</ele>
    <time>2025-07-04T19:22:15Z</time>
   </trkpt>
   <trkpt lat="42.3653100" lon="-71.1392360">
    <ele>3.5</ele>
    <time>2025-07-04T19:22:16Z</time>
   </trkpt>
   <trkpt lat="42.3653430" lon="-71.1391960">
    <ele>3.4</ele>
    <time>2025-07-04T19:22:17Z</time>
   </trkpt>
   <trkpt lat="42.3653930" lon="-71.1391430">
    <ele>3.4</ele>
    <time>2025-07-04T19:22:18Z</time>
   </trkpt>
   <trkpt lat="42.3654480" lon="-71.1390810">
    <ele>3.3</ele>
    <time>2025-07-04T19:22:19Z</time>
   </trkpt>
   <trkpt lat="42.3655070" lon="-71.1390170">
    <ele>3.3</ele>
    <time>2025-07-04T19:22:20Z</time>
   </trkpt>
   <trkpt lat="42.3655550" lon="-71.1389630">
    <ele>3.3</ele>
    <time>2025-07-04T19:22:21Z</time>
   </trkpt>
   <trkpt lat="42.3655970" lon="-71.1388990">
    <ele>3.3</ele>
    <time>2025-07-04T19:22:22Z</time>
   </trkpt>
   <trkpt lat="42.3656130" lon="-71.1388520">
    <ele>3.3</ele>
    <time>2025-07-04T19:22:23Z</time>
   </trkpt>
   <trkpt lat="42.3656430" lon="-71.1387970">
    <ele>3.3</ele>
    <time>2025-07-04T19:22:24Z</time>
   </trkpt>
   <trkpt lat="42.3656690" lon="-71.1387350">
    <ele>3.3</ele>
    <time>2025-07-04T19:22:25Z</time>
   </trkpt>
   <trkpt lat="42.3657060" lon="-71.1386670">
    <ele>3.3</ele>
    <time>2025-07-04T19:22:26Z</time>
   </trkpt>
   <trkpt lat="42.3657200" lon="-71.1386190">
    <ele>3.2</ele>
    <time>2025-07-04T19:22:27Z</time>
   </trkpt>
   <trkpt lat="42.3657570" lon="-71.1385610">
    <ele>3.2</ele>
    <time>2025-07-04T19:22:28Z</time>
   </trkpt>
   <trkpt lat="42.3657860" lon="-71.1384990">
    <ele>3.1</ele>
    <time>2025-07-04T19:22:29Z</time>
   </trkpt>
   <trkpt lat="42.3658370" lon="-71.1384360">
    <ele>3.1</ele>
    <time>2025-07-04T19:22:30Z</time>
   </trkpt>
   <trkpt lat="42.3658850" lon="-71.1383820">
    <ele>3.0</ele>
    <time>2025-07-04T19:22:31Z</time>
   </trkpt>
   <trkpt lat="42.3659230" lon="-71.1383190">
    <ele>2.9</ele>
    <time>2025-07-04T19:22:32Z</time>
   </trkpt>
   <trkpt lat="42.3659670" lon="-71.1382770">
    <ele>2.9</ele>
    <time>2025-07-04T19:22:33Z</time>
   </trkpt>
   <trkpt lat="42.3660180" lon="-71.1382280">
    <ele>2.8</ele>
    <time>2025-07-04T19:22:34Z</time>
   </trkpt>
   <trkpt lat="42.3660670" lon="-71.1381810">
    <ele>2.8</ele>
    <time>2025-07-04T19:22:35Z</time>
   </trkpt>
   <trkpt lat="42.3661390" lon="-71.1381160">
    <ele>2.7</ele>
    <time>2025-07-04T19:22:36Z</time>
   </trkpt>
   <trkpt lat="42.3661930" lon="-71.1380570">
    <ele>2.6</ele>
    <time>2025-07-04T19:22:37Z</time>
   </trkpt>
   <trkpt lat="42.3662580" lon="-71.1380030">
    <ele>2.6</ele>
    <time>2025-07-04T19:22:38Z</time>
   </trkpt>
   <trkpt lat="42.3663050" lon="-71.1379440">
    <ele>2.6</ele>
    <time>2025-07-04T19:22:39Z</time>
   </trkpt>
   <trkpt lat="42.3663580" lon="-71.1378980">
    <ele>2.6</ele>
    <time>2025-07-04T19:22:40Z</time>
   </trkpt>
   <trkpt lat="42.3664070" lon="-71.1378430">
    <ele>2.6</ele>
    <time>2025-07-04T19:22:41Z</time>
   </trkpt>
   <trkpt lat="42.3664490" lon="-71.1377860">
    <ele>2.6</ele>
    <time>2025-07-04T19:22:42Z</time>
   </trkpt>
   <trkpt lat="42.3664880" lon="-71.1377330">
    <ele>2.6</ele>
    <time>2025-07-04T19:22:43Z</time>
   </trkpt>
   <trkpt lat="42.3665320" lon="-71.1376780">
    <ele>2.6</ele>
    <time>2025-07-04T19:22:44Z</time>
   </trkpt>
   <trkpt lat="42.3665590" lon="-71.1376260">
    <ele>2.6</ele>
    <time>2025-07-04T19:22:45Z</time>
   </trkpt>
   <trkpt lat="42.3666090" lon="-71.1375670">
    <ele>2.7</ele>
    <time>2025-07-04T19:22:46Z</time>
   </trkpt>
   <trkpt lat="42.3666660" lon="-71.1375150">
    <ele>2.7</ele>
    <time>2025-07-04T19:22:47Z</time>
   </trkpt>
   <trkpt lat="42.3667190" lon="-71.1374580">
    <ele>2.7</ele>
    <time>2025-07-04T19:22:48Z</time>
   </trkpt>
   <trkpt lat="42.3667630" lon="-71.1373990">
    <ele>2.7</ele>
    <time>2025-07-04T19:22:49Z</time>
   </trkpt>
   <trkpt lat="42.3667890" lon="-71.1373400">
    <ele>2.7</ele>
    <time>2025-07-04T19:22:50Z</time>
   </trkpt>
   <trkpt lat="42.3668390" lon="-71.1372930">
    <ele>2.7</ele>
    <time>2025-07-04T19:22:51Z</time>
   </trkpt>
   <trkpt lat="42.3668620" lon="-71.1372540">
    <ele>2.7</ele>
    <time>2025-07-04T19:22:52Z</time>
   </trkpt>
   <trkpt lat="42.3668980" lon="-71.1372020">
    <ele>2.7</ele>
    <time>2025-07-04T19:22:53Z</time>
   </trkpt>
   <trkpt lat="42.3669390" lon="-71.1371550">
    <ele>2.7</ele>
    <time>2025-07-04T19:22:54Z</time>
   </trkpt>
   <trkpt lat="42.3669790" lon="-71.1371150">
    <ele>2.7</ele>
    <time>2025-07-04T19:22:55Z</time>
   </trkpt>
   <trkpt lat="42.3670210" lon="-71.1370730">
    <ele>2.7</ele>
    <time>2025-07-04T19:22:56Z</time>
   </trkpt>
   <trkpt lat="42.3670650" lon="-71.1370250">
    <ele>2.7</ele>
    <time>2025-07-04T19:22:57Z</time>
   </trkpt>
   <trkpt lat="42.3671070" lon="-71.1369730">
    <ele>2.7</ele>
    <time>2025-07-04T19:22:58Z</time>
   </trkpt>
   <trkpt lat="42.3671390" lon="-71.1369220">
    <ele>2.7</ele>
    <time>2025-07-04T19:22:59Z</time>
   </trkpt>
   <trkpt lat="42.3671720" lon="-71.1368630">
    <ele>2.7</ele>
    <time>2025-07-04T19:23:00Z</time>
   </trkpt>
   <trkpt lat="42.3672070" lon="-71.1368100">
    <ele>2.8</ele>
    <time>2025-07-04T19:23:01Z</time>
   </trkpt>
   <trkpt lat="42.3672490" lon="-71.1367540">
    <ele>2.8</ele>
    <time>2025-07-04T19:23:02Z</time>
   </trkpt>
   <trkpt lat="42.3672730" lon="-71.1367070">
    <ele>2.8</ele>
    <time>2025-07-04T19:23:03Z</time>
   </trkpt>
   <trkpt lat="42.3673000" lon="-71.1366520">
    <ele>2.8</ele>
    <time>2025-07-04T19:23:04Z</time>
   </trkpt>
   <trkpt lat="42.3673360" lon="-71.1366050">
    <ele>2.8</ele>
    <time>2025-07-04T19:23:05Z</time>
   </trkpt>
   <trkpt lat="42.3673760" lon="-71.1365430">
    <ele>2.8</ele>
    <time>2025-07-04T19:23:06Z</time>
   </trkpt>
   <trkpt lat="42.3674090" lon="-71.1364830">
    <ele>2.8</ele>
    <time>2025-07-04T19:23:07Z</time>
   </trkpt>
   <trkpt lat="42.3674340" lon="-71.1364380">
    <ele>2.9</ele>
    <time>2025-07-04T19:23:08Z</time>
   </trkpt>
   <trkpt lat="42.3674660" lon="-71.1363840">
    <ele>2.9</ele>
    <time>2025-07-04T19:23:09Z</time>
   </trkpt>
   <trkpt lat="42.3674910" lon="-71.1363170">
    <ele>2.9</ele>
    <time>2025-07-04T19:23:10Z</time>
   </trkpt>
   <trkpt lat="42.3675200" lon="-71.1362550">
    <ele>2.9</ele>
    <time>2025-07-04T19:23:11Z</time>
   </trkpt>
   <trkpt lat="42.3675440" lon="-71.1362010">
    <ele>2.9</ele>
    <time>2025-07-04T19:23:12Z</time>
   </trkpt>
   <trkpt lat="42.3675750" lon="-71.1361380">
    <ele>2.9</ele>
    <time>2025-07-04T19:23:13Z</time>
   </trkpt>
   <trkpt lat="42.3676020" lon="-71.1360830">
    <ele>2.9</ele>
    <time>2025-07-04T19:23:14Z</time>
   </trkpt>
   <trkpt lat="42.3676300" lon="-71.1360230">
    <ele>2.9</ele>
    <time>2025-07-04T19:23:15Z</time>
   </trkpt>
   <trkpt lat="42.3676660" lon="-71.1359690">
    <ele>3.0</ele>
    <time>2025-07-04T19:23:16Z</time>
   </trkpt>
   <trkpt lat="42.3676790" lon="-71.1359150">
    <ele>3.0</ele>
    <time>2025-07-04T19:23:17Z</time>
   </trkpt>
   <trkpt lat="42.3676920" lon="-71.1358590">
    <ele>3.0</ele>
    <time>2025-07-04T19:23:18Z</time>
   </trkpt>
   <trkpt lat="42.3677160" lon="-71.1358110">
    <ele>3.0</ele>
    <time>2025-07-04T19:23:19Z</time>
   </trkpt>
   <trkpt lat="42.3677560" lon="-71.1357550">
    <ele>3.0</ele>
    <time>2025-07-04T19:23:20Z</time>
   </trkpt>
   <trkpt lat="42.3677940" lon="-71.1357010">
    <ele>3.1</ele>
    <time>2025-07-04T19:23:21Z</time>
   </trkpt>
   <trkpt lat="42.3678280" lon="-71.1356490">
    <ele>3.1</ele>
    <time>2025-07-04T19:23:22Z</time>
   </trkpt>
   <trkpt lat="42.3678620" lon="-71.1356060">
    <ele>3.1</ele>
    <time>2025-07-04T19:23:23Z</time>
   </trkpt>
   <trkpt lat="42.3678980" lon="-71.1355540">
    <ele>3.1</ele>
    <time>2025-07-04T19:23:24Z</time>
   </trkpt>
   <trkpt lat="42.3679280" lon="-71.1355050">
    <ele>3.2</ele>
    <time>2025-07-04T19:23:25Z</time>
   </trkpt>
   <trkpt lat="42.3679590" lon="-71.1354650">
    <ele>3.2</ele>
    <time>2025-07-04T19:23:26Z</time>
   </trkpt>
   <trkpt lat="42.3679870" lon="-71.1354360">
    <ele>3.2</ele>
    <time>2025-07-04T19:23:27Z</time>
   </trkpt>
   <trkpt lat="42.3680230" lon="-71.1354090">
    <ele>3.2</ele>
    <time>2025-07-04T19:23:28Z</time>
   </trkpt>
   <trkpt lat="42.3680490" lon="-71.1353790">
    <ele>3.3</ele>
    <time>2025-07-04T19:23:29Z</time>
   </trkpt>
   <trkpt lat="42.3680800" lon="-71.1353360">
    <ele>3.3</ele>
    <time>2025-07-04T19:23:30Z</time>
   </trkpt>
   <trkpt lat="42.3681050" lon="-71.1352990">
    <ele>3.3</ele>
    <time>2025-07-04T19:23:31Z</time>
   </trkpt>
   <trkpt lat="42.3681170" lon="-71.1352860">
    <ele>3.4</ele>
    <time>2025-07-04T19:23:32Z</time>
   </trkpt>
   <trkpt lat="42.3681430" lon="-71.1352630">
    <ele>3.4</ele>
    <time>2025-07-04T19:23:33Z</time>
   </trkpt>
   <trkpt lat="42.3681770" lon="-71.1352130">
    <ele>3.4</ele>
    <time>2025-07-04T19:23:34Z</time>
   </trkpt>
   <trkpt lat="42.3682020" lon="-71.1351810">
    <ele>3.4</ele>
    <time>2025-07-04T19:23:35Z</time>
   </trkpt>
   <trkpt lat="42.3682290" lon="-71.1351560">
    <ele>3.4</ele>
    <time>2025-07-04T19:23:36Z</time>
   </trkpt>
   <trkpt lat="42.3682530" lon="-71.1351230">
    <ele>3.4</ele>
    <time>2025-07-04T19:23:37Z</time>
   </trkpt>
   <trkpt lat="42.3682970" lon="-71.1350800">
    <ele>3.4</ele>
    <time>2025-07-04T19:23:38Z</time>
   </trkpt>
   <trkpt lat="42.3683510" lon="-71.1350160">
    <ele>3.4</ele>
    <time>2025-07-04T19:23:39Z</time>
   </trkpt>
   <trkpt lat="42.3684000" lon="-71.1349640">
    <ele>3.4</ele>
    <time>2025-07-04T19:23:40Z</time>
   </trkpt>
   <trkpt lat="42.3684400" lon="-71.1349140">
    <ele>3.3</ele>
    <time>2025-07-04T19:23:41Z</time>
   </trkpt>
   <trkpt lat="42.3684950" lon="-71.1348710">
    <ele>3.3</ele>
    <time>2025-07-04T19:23:42Z</time>
   </trkpt>
   <trkpt lat="42.3685300" lon="-71.1348310">
    <ele>3.3</ele>
    <time>2025-07-04T19:23:43Z</time>
   </trkpt>
   <trkpt lat="42.3685540" lon="-71.1348090">
    <ele>3.3</ele>
    <time>2025-07-04T19:23:44Z</time>
   </trkpt>
   <trkpt lat="42.3686070" lon="-71.1347750">
    <ele>3.3</ele>
    <time>2025-07-04T19:23:45Z</time>
   </trkpt>
   <trkpt lat="42.3686670" lon="-71.1347350">
    <ele>3.3</ele>
    <time>2025-07-04T19:23:46Z</time>
   </trkpt>
   <trkpt lat="42.3687160" lon="-71.1346980">
    <ele>3.3</ele>
    <time>2025-07-04T19:23:47Z</time>
   </trkpt>
   <trkpt lat="42.3687530" lon="-71.1346710">
    <ele>3.2</ele>
    <time>2025-07-04T19:23:48Z</time>
   </trkpt>
   <trkpt lat="42.3688000" lon="-71.1346340">
    <ele>3.2</ele>
    <time>2025-07-04T19:23:49Z</time>
   </trkpt>
   <trkpt lat="42.3688390" lon="-71.1346010">
    <ele>3.2</ele>
    <time>2025-07-04T19:23:50Z</time>
   </trkpt>
   <trkpt lat="42.3688890" lon="-71.1345610">
    <ele>3.2</ele>
    <time>2025-07-04T19:23:51Z</time>
   </trkpt>
   <trkpt lat="42.3689420" lon="-71.1345270">
    <ele>3.1</ele>
    <time>2025-07-04T19:23:52Z</time>
   </trkpt>
   <trkpt lat="42.3689960" lon="-71.1345060">
    <ele>3.1</ele>
    <time>2025-07-04T19:23:53Z</time>
   </trkpt>
   <trkpt lat="42.3690470" lon="-71.1344690">
    <ele>3.1</ele>
    <time>2025-07-04T19:23:54Z</time>
   </trkpt>
   <trkpt lat="42.3690950" lon="-71.1344410">
    <ele>3.1</ele>
    <time>2025-07-04T19:23:55Z</time>
   </trkpt>
   <trkpt lat="42.3691490" lon="-71.1344130">
    <ele>3.0</ele>
    <time>2025-07-04T19:23:56Z</time>
   </trkpt>
   <trkpt lat="42.3692130" lon="-71.1343990">
    <ele>3.0</ele>
    <time>2025-07-04T19:23:57Z</time>
   </trkpt>
   <trkpt lat="42.3692770" lon="-71.1343710">
    <ele>3.0</ele>
    <time>2025-07-04T19:23:58Z</time>
   </trkpt>
   <trkpt lat="42.3693250" lon="-71.1343470">
    <ele>3.0</ele>
    <time>2025-07-04T19:23:59Z</time>
   </trkpt>
   <trkpt lat="42.3693600" lon="-71.1343160">
    <ele>3.0</ele>
    <time>2025-07-04T19:24:00Z</time>
   </trkpt>
   <trkpt lat="42.3693960" lon="-71.1343000">
    <ele>3.0</ele>
    <time>2025-07-04T19:24:01Z</time>
   </trkpt>
   <trkpt lat="42.3694400" lon="-71.1342770">
    <ele>3.0</ele>
    <time>2025-07-04T19:24:02Z</time>
   </trkpt>
   <trkpt lat="42.3694970" lon="-71.1342680">
    <ele>3.0</ele>
    <time>2025-07-04T19:24:03Z</time>
   </trkpt>
   <trkpt lat="42.3695610" lon="-71.1342620">
    <ele>3.0</ele>
    <time>2025-07-04T19:24:04Z</time>
   </trkpt>
   <trkpt lat="42.3696230" lon="-71.1342520">
    <ele>3.0</ele>
    <time>2025-07-04T19:24:05Z</time>
   </trkpt>
   <trkpt lat="42.3696800" lon="-71.1342300">
    <ele>3.0</ele>
    <time>2025-07-04T19:24:06Z</time>
   </trkpt>
   <trkpt lat="42.3697440" lon="-71.1342020">
    <ele>3.0</ele>
    <time>2025-07-04T19:24:07Z</time>
   </trkpt>
   <trkpt lat="42.3697990" lon="-71.1341730">
    <ele>3.0</ele>
    <time>2025-07-04T19:24:08Z</time>
   </trkpt>
   <trkpt lat="42.3698240" lon="-71.1341590">
    <ele>3.0</ele>
    <time>2025-07-04T19:24:09Z</time>
   </trkpt>
   <trkpt lat="42.3698700" lon="-71.1341260">
    <ele>3.0</ele>
    <time>2025-07-04T19:24:10Z</time>
   </trkpt>
   <trkpt lat="42.3699050" lon="-71.1341120">
    <ele>3.0</ele>
    <time>2025-07-04T19:24:11Z</time>
   </trkpt>
   <trkpt lat="42.3699360" lon="-71.1340920">
    <ele>3.0</ele>
    <time>2025-07-04T19:24:12Z</time>
   </trkpt>
   <trkpt lat="42.3699610" lon="-71.1340690">
    <ele>3.0</ele>
    <time>2025-07-04T19:24:13Z</time>
   </trkpt>
   <trkpt lat="42.3700230" lon="-71.1340270">
    <ele>3.0</ele>
    <time>2025-07-04T19:24:14Z</time>
   </trkpt>
   <trkpt lat="42.3700610" lon="-71.1339960">
    <ele>3.0</ele>
    <time>2025-07-04T19:24:15Z</time>
   </trkpt>
   <trkpt lat="42.3700940" lon="-71.1339600">
    <ele>3.0</ele>
    <time>2025-07-04T19:24:16Z</time>
   </trkpt>
   <trkpt lat="42.3701200" lon="-71.1339250">
    <ele>3.0</ele>
    <time>2025-07-04T19:24:17Z</time>
   </trkpt>
   <trkpt lat="42.3701430" lon="-71.1338760">
    <ele>3.0</ele>
    <time>2025-07-04T19:24:18Z</time>
   </trkpt>
   <trkpt lat="42.3701530" lon="-71.1338560">
    <ele>3.0</ele>
    <time>2025-07-04T19:24:19Z</time>
   </trkpt>
   <trkpt lat="42.3701770" lon="-71.1338080">
    <ele>3.0</ele>
    <time>2025-07-04T19:24:20Z</time>
   </trkpt>
   <trkpt lat="42.3702000" lon="-71.1337630">
    <ele>3.0</ele>
    <time>2025-07-04T19:24:21Z</time>
   </trkpt>
   <trkpt lat="42.3702260" lon="-71.1337110">
    <ele>3.1</ele>
    <time>2025-07-04T19:24:22Z</time>
   </trkpt>
   <trkpt lat="42.3702550" lon="-71.1336560">
    <ele>3.1</ele>
    <time>2025-07-04T19:24:23Z</time>
   </trkpt>
   <trkpt lat="42.3702870" lon="-71.1335940">
    <ele>3.1</ele>
    <time>2025-07-04T19:24:24Z</time>
   </trkpt>
   <trkpt lat="42.3703140" lon="-71.1335430">
    <ele>3.1</ele>
    <time>2025-07-04T19:24:25Z</time>
   </trkpt>
   <trkpt lat="42.3703400" lon="-71.1334930">
    <ele>3.1</ele>
    <time>2025-07-04T19:24:26Z</time>
   </trkpt>
   <trkpt lat="42.3703690" lon="-71.1334400">
    <ele>3.1</ele>
    <time>2025-07-04T19:24:27Z</time>
   </trkpt>
   <trkpt lat="42.3703980" lon="-71.1333650">
    <ele>3.2</ele>
    <time>2025-07-04T19:24:28Z</time>
   </trkpt>
   <trkpt lat="42.3704210" lon="-71.1333020">
    <ele>3.2</ele>
    <time>2025-07-04T19:24:29Z</time>
   </trkpt>
   <trkpt lat="42.3704310" lon="-71.1332360">
    <ele>3.2</ele>
    <time>2025-07-04T19:24:30Z</time>
   </trkpt>
   <trkpt lat="42.3704520" lon="-71.1331960">
    <ele>3.2</ele>
    <time>2025-07-04T19:24:31Z</time>
   </trkpt>
   <trkpt lat="42.3704930" lon="-71.1331550">
    <ele>3.2</ele>
    <time>2025-07-04T19:24:32Z</time>
   </trkpt>
   <trkpt lat="42.3705420" lon="-71.1331370">
    <ele>3.1</ele>
    <time>2025-07-04T19:24:33Z</time>
   </trkpt>
   <trkpt lat="42.3705770" lon="-71.1331290">
    <ele>3.1</ele>
    <time>2025-07-04T19:24:34Z</time>
   </trkpt>
   <trkpt lat="42.3706200" lon="-71.1331330">
    <ele>3.1</ele>
    <time>2025-07-04T19:24:35Z</time>
   </trkpt>
   <trkpt lat="42.3706820" lon="-71.1331370">
    <ele>3.1</ele>
    <time>2025-07-04T19:24:36Z</time>
   </trkpt>
   <trkpt lat="42.3707540" lon="-71.1331540">
    <ele>3.0</ele>
    <time>2025-07-04T19:24:37Z</time>
   </trkpt>
   <trkpt lat="42.3708220" lon="-71.1331720">
    <ele>3.0</ele>
    <time>2025-07-04T19:24:38Z</time>
   </trkpt>
   <trkpt lat="42.3708820" lon="-71.1331910">
    <ele>3.0</ele>
    <time>2025-07-04T19:24:39Z</time>
   </trkpt>
   <trkpt lat="42.3709260" lon="-71.1331790">
    <ele>3.0</ele>
    <time>2025-07-04T19:24:40Z</time>
   </trkpt>
   <trkpt lat="42.3709870" lon="-71.1331880">
    <ele>3.0</ele>
    <time>2025-07-04T19:24:41Z</time>
   </trkpt>
   <trkpt lat="42.3710410" lon="-71.1332000">
    <ele>3.0</ele>
    <time>2025-07-04T19:24:42Z</time>
   </trkpt>
   <trkpt lat="42.3711090" lon="-71.1332220">
    <ele>3.0</ele>
    <time>2025-07-04T19:24:43Z</time>
   </trkpt>
   <trkpt lat="42.3711700" lon="-71.1332530">
    <ele>2.9</ele>
    <time>2025-07-04T19:24:44Z</time>
   </trkpt>
   <trkpt lat="42.3712240" lon="-71.1332770">
    <ele>2.8</ele>
    <time>2025-07-04T19:24:45Z</time>
   </trkpt>
   <trkpt lat="42.3712700" lon="-71.1333120">
    <ele>2.7</ele>
    <time>2025-07-04T19:24:46Z</time>
   </trkpt>
   <trkpt lat="42.3712970" lon="-71.1333230">
    <ele>2.6</ele>
    <time>2025-07-04T19:24:47Z</time>
   </trkpt>
   <trkpt lat="42.3713350" lon="-71.1333320">
    <ele>2.5</ele>
    <time>2025-07-04T19:24:48Z</time>
   </trkpt>
   <trkpt lat="42.3713460" lon="-71.1333370">
    <ele>2.4</ele>
    <time>2025-07-04T19:24:49Z</time>
   </trkpt>
   <trkpt lat="42.3713730" lon="-71.1333500">
    <ele>2.4</ele>
    <time>2025-07-04T19:24:50Z</time>
   </trkpt>
   <trkpt lat="42.3714230" lon="-71.1333820">
    <ele>2.3</ele>
    <time>2025-07-04T19:24:51Z</time>
   </trkpt>
   <trkpt lat="42.3714470" lon="-71.1334070">
    <ele>2.2</ele>
    <time>2025-07-04T19:24:52Z</time>
   </trkpt>
   <trkpt lat="42.3715170" lon="-71.1334820">
    <ele>2.2</ele>
    <time>2025-07-04T19:24:53Z</time>
   </trkpt>
   <trkpt lat="42.3715490" lon="-71.1335540">
    <ele>2.2</ele>
    <time>2025-07-04T19:24:54Z</time>
   </trkpt>
   <trkpt lat="42.3715850" lon="-71.1336300">
    <ele>2.3</ele>
    <time>2025-07-04T19:24:55Z</time>
   </trkpt>
   <trkpt lat="42.3716050" lon="-71.1336910">
    <ele>2.4</ele>
    <time>2025-07-04T19:24:56Z</time>
   </trkpt>
   <trkpt lat="42.3716170" lon="-71.1337620">
    <ele>2.5</ele>
    <time>2025-07-04T19:24:57Z</time>
   </trkpt>
   <trkpt lat="42.3716180" lon="-71.1338110">
    <ele>2.5</ele>
    <time>2025-07-04T19:24:58Z</time>
   </trkpt>
   <trkpt lat="42.3716280" lon="-71.1338660">
    <ele>2.6</ele>
    <time>2025-07-04T19:24:59Z</time>
   </trkpt>
   <trkpt lat="42.3716370" lon="-71.1339090">
    <ele>2.7</ele>
    <time>2025-07-04T19:25:00Z</time>
   </trkpt>
   <trkpt lat="42.3716470" lon="-71.1339440">
    <ele>2.8</ele>
    <time>2025-07-04T19:25:01Z</time>
   </trkpt>
   <trkpt lat="42.3716290" lon="-71.1340100">
    <ele>2.9</ele>
    <time>2025-07-04T19:25:02Z</time>
   </trkpt>
   <trkpt lat="42.3716130" lon="-71.1340560">
    <ele>2.9</ele>
    <time>2025-07-04T19:25:03Z</time>
   </trkpt>
   <trkpt lat="42.3716010" lon="-71.1340900">
    <ele>3.0</ele>
    <time>2025-07-04T19:25:04Z</time>
   </trkpt>
   <trkpt lat="42.3715910" lon="-71.1341300">
    <ele>3.1</ele>
    <time>2025-07-04T19:25:05Z</time>
   </trkpt>
   <trkpt lat="42.3716090" lon="-71.1341630">
    <ele>3.1</ele>
    <time>2025-07-04T19:25:06Z</time>
   </trkpt>
   <trkpt lat="42.3716360" lon="-71.1341770">
    <ele>3.1</ele>
    <time>2025-07-04T19:25:07Z</time>
   </trkpt>
   <trkpt lat="42.3716540" lon="-71.1341800">
    <ele>3.1</ele>
    <time>2025-07-04T19:25:08Z</time>
   </trkpt>
   <trkpt lat="42.3716630" lon="-71.1341910">
    <ele>3.1</ele>
    <time>2025-07-04T19:25:09Z</time>
   </trkpt>
   <trkpt lat="42.3716960" lon="-71.1342170">
    <ele>3.1</ele>
    <time>2025-07-04T19:25:10Z</time>
   </trkpt>
   <trkpt lat="42.3717070" lon="-71.1342270">
    <ele>3.1</ele>
    <time>2025-07-04T19:25:11Z</time>
   </trkpt>
   <trkpt lat="42.3717390" lon="-71.1342250">
    <ele>3.1</ele>
    <time>2025-07-04T19:25:12Z</time>
   </trkpt>
   <trkpt lat="42.3717760" lon="-71.1342320">
    <ele>3.1</ele>
    <time>2025-07-04T19:25:13Z</time>
   </trkpt>
   <trkpt lat="42.3717890" lon="-71.1342430">
    <ele>3.1</ele>
    <time>2025-07-04T19:25:14Z</time>
   </trkpt>
   <trkpt lat="42.3718260" lon="-71.1342640">
    <ele>3.1</ele>
    <time>2025-07-04T19:25:15Z</time>
   </trkpt>
   <trkpt lat="42.3718410" lon="-71.1342740">
    <ele>3.1</ele>
    <time>2025-07-04T19:25:16Z</time>
   </trkpt>
   <trkpt lat="42.3718670" lon="-71.1342680">
    <ele>3.1</ele>
    <time>2025-07-04T19:25:17Z</time>
   </trkpt>
   <trkpt lat="42.3719010" lon="-71.1342600">
    <ele>3.1</ele>
    <time>2025-07-04T19:25:18Z</time>
   </trkpt>
   <trkpt lat="42.3719340" lon="-71.1342550">
    <ele>3.1</ele>
    <time>2025-07-04T19:25:19Z</time>
   </trkpt>
   <trkpt lat="42.3719700" lon="-71.1342400">
    <ele>3.2</ele>
    <time>2025-07-04T19:25:20Z</time>
   </trkpt>
   <trkpt lat="42.3719820" lon="-71.1342280">
    <ele>3.2</ele>
    <time>2025-07-04T19:25:21Z</time>
   </trkpt>
   <trkpt lat="42.3720220" lon="-71.1342170">
    <ele>3.2</ele>
    <time>2025-07-04T19:25:22Z</time>
   </trkpt>
   <trkpt lat="42.3720370" lon="-71.1342120">
    <ele>3.2</ele>
    <time>2025-07-04T19:25:23Z</time>
   </trkpt>
   <trkpt lat="42.3720670" lon="-71.1341930">
    <ele>3.2</ele>
    <time>2025-07-04T19:25:24Z</time>
   </trkpt>
   <trkpt lat="42.3721070" lon="-71.1341790">
    <ele>3.2</ele>
    <time>2025-07-04T19:25:25Z</time>
   </trkpt>
   <trkpt lat="42.3721390" lon="-71.1341650">
    <ele>3.2</ele>
    <time>2025-07-04T19:25:26Z</time>
   </trkpt>
   <trkpt lat="42.3721710" lon="-71.1341470">
    <ele>3.2</ele>
    <time>2025-07-04T19:25:27Z</time>
   </trkpt>
   <trkpt lat="42.3721920" lon="-71.1341220">
    <ele>3.2</ele>
    <time>2025-07-04T19:25:28Z</time>
   </trkpt>
   <trkpt lat="42.3722180" lon="-71.1341070">
    <ele>3.2</ele>
    <time>2025-07-04T19:25:29Z</time>
   </trkpt>
   <trkpt lat="42.3722390" lon="-71.1340760">
    <ele>3.2</ele>
    <time>2025-07-04T19:25:30Z</time>
   </trkpt>
   <trkpt lat="42.3722490" lon="-71.1340670">
    <ele>3.2</ele>
    <time>2025-07-04T19:25:31Z</time>
   </trkpt>
   <trkpt lat="42.3722820" lon="-71.1340360">
    <ele>3.2</ele>
    <time>2025-07-04T19:25:32Z</time>
   </trkpt>
   <trkpt lat="42.3723120" lon="-71.1340010">
    <ele>3.2</ele>
    <time>2025-07-04T19:25:33Z</time>
   </trkpt>
   <trkpt lat="42.3723250" lon="-71.1339870">
    <ele>3.2</ele>
    <time>2025-07-04T19:25:34Z</time>
   </trkpt>
   <trkpt lat="42.3723570" lon="-71.1339620">
    <ele>3.3</ele>
    <time>2025-07-04T19:25:35Z</time>
   </trkpt>
   <trkpt lat="42.3723840" lon="-71.1339280">
    <ele>3.3</ele>
    <time>2025-07-04T19:25:36Z</time>
   </trkpt>
   <trkpt lat="42.3724100" lon="-71.1338880">
    <ele>3.3</ele>
    <time>2025-07-04T19:25:37Z</time>
   </trkpt>
   <trkpt lat="42.3724390" lon="-71.1338510">
    <ele>3.3</ele>
    <time>2025-07-04T19:25:38Z</time>
   </trkpt>
   <trkpt lat="42.3724880" lon="-71.1338090">
    <ele>3.3</ele>
    <time>2025-07-04T19:25:39Z</time>
   </trkpt>
   <trkpt lat="42.3725350" lon="-71.1337790">
    <ele>3.3</ele>
    <time>2025-07-04T19:25:40Z</time>
   </trkpt>
   <trkpt lat="42.3725820" lon="-71.1337500">
    <ele>3.3</ele>
    <time>2025-07-04T19:25:41Z</time>
   </trkpt>
   <trkpt lat="42.3726290" lon="-71.1337080">
    <ele>3.3</ele>
    <time>2025-07-04T19:25:42Z</time>
   </trkpt>
   <trkpt lat="42.3726750" lon="-71.1336610">
    <ele>3.3</ele>
    <time>2025-07-04T19:25:43Z</time>
   </trkpt>
   <trkpt lat="42.3727080" lon="-71.1336360">
    <ele>3.3</ele>
    <time>2025-07-04T19:25:44Z</time>
   </trkpt>
   <trkpt lat="42.3727510" lon="-71.1335900">
    <ele>3.3</ele>
    <time>2025-07-04T19:25:45Z</time>
   </trkpt>
   <trkpt lat="42.3727860" lon="-71.1335810">
    <ele>3.3</ele>
    <time>2025-07-04T19:25:46Z</time>
   </trkpt>
   <trkpt lat="42.3728210" lon="-71.1335440">
    <ele>3.2</ele>
    <time>2025-07-04T19:25:47Z</time>
   </trkpt>
   <trkpt lat="42.3728520" lon="-71.1335340">
    <ele>3.3</ele>
    <time>2025-07-04T19:25:48Z</time>
   </trkpt>
   <trkpt lat="42.3728920" lon="-71.1335050">
    <ele>3.2</ele>
    <time>2025-07-04T19:25:49Z</time>
   </trkpt>
   <trkpt lat="42.3729460" lon="-71.1334690">
    <ele>3.2</ele>
    <time>2025-07-04T19:25:50Z</time>
   </trkpt>
   <trkpt lat="42.3729950" lon="-71.1334120">
    <ele>3.1</ele>
    <time>2025-07-04T19:25:51Z</time>
   </trkpt>
   <trkpt lat="42.3730170" lon="-71.1333620">
    <ele>2.9</ele>
    <time>2025-07-04T19:25:52Z</time>
   </trkpt>
   <trkpt lat="42.3730480" lon="-71.1333140">
    <ele>2.8</ele>
    <time>2025-07-04T19:25:53Z</time>
   </trkpt>
   <trkpt lat="42.3730870" lon="-71.1332680">
    <ele>2.6</ele>
    <time>2025-07-04T19:25:54Z</time>
   </trkpt>
   <trkpt lat="42.3731190" lon="-71.1332330">
    <ele>2.3</ele>
    <time>2025-07-04T19:25:55Z</time>
   </trkpt>
   <trkpt lat="42.3731580" lon="-71.1332090">
    <ele>2.1</ele>
    <time>2025-07-04T19:25:56Z</time>
   </trkpt>
   <trkpt lat="42.3731910" lon="-71.1331680">
    <ele>2.0</ele>
    <time>2025-07-04T19:25:57Z</time>
   </trkpt>
   <trkpt lat="42.3732210" lon="-71.1331270">
    <ele>1.9</ele>
    <time>2025-07-04T19:25:58Z</time>
   </trkpt>
   <trkpt lat="42.3732590" lon="-71.1330930">
    <ele>2.4</ele>
    <time>2025-07-04T19:25:59Z</time>
   </trkpt>
   <trkpt lat="42.3732790" lon="-71.1330410">
    <ele>1.7</ele>
    <time>2025-07-04T19:26:00Z</time>
   </trkpt>
   <trkpt lat="42.3733050" lon="-71.1330090">
    <ele>1.9</ele>
    <time>2025-07-04T19:26:01Z</time>
   </trkpt>
   <trkpt lat="42.3733380" lon="-71.1329770">
    <ele>1.8</ele>
    <time>2025-07-04T19:26:02Z</time>
   </trkpt>
   <trkpt lat="42.3733750" lon="-71.1329480">
    <ele>1.8</ele>
    <time>2025-07-04T19:26:03Z</time>
   </trkpt>
   <trkpt lat="42.3734010" lon="-71.1328960">
    <ele>1.7</ele>
    <time>2025-07-04T19:26:04Z</time>
   </trkpt>
   <trkpt lat="42.3734190" lon="-71.1328680">
    <ele>1.7</ele>
    <time>2025-07-04T19:26:05Z</time>
   </trkpt>
   <trkpt lat="42.3734380" lon="-71.1328380">
    <ele>1.7</ele>
    <time>2025-07-04T19:26:06Z</time>
   </trkpt>
   <trkpt lat="42.3734860" lon="-71.1327960">
    <ele>2.0</ele>
    <time>2025-07-04T19:26:07Z</time>
   </trkpt>
   <trkpt lat="42.3735440" lon="-71.1327220">
    <ele>2.0</ele>
    <time>2025-07-04T19:26:08Z</time>
   </trkpt>
   <trkpt lat="42.3735860" lon="-71.1326620">
    <ele>2.0</ele>
    <time>2025-07-04T19:26:09Z</time>
   </trkpt>
   <trkpt lat="42.3736170" lon="-71.1326070">
    <ele>1.8</ele>
    <time>2025-07-04T19:26:10Z</time>
   </trkpt>
   <trkpt lat="42.3736470" lon="-71.1325610">
    <ele>1.9</ele>
    <time>2025-07-04T19:26:11Z</time>
   </trkpt>
   <trkpt lat="42.3736720" lon="-71.1325070">
    <ele>2.1</ele>
    <time>2025-07-04T19:26:12Z</time>
   </trkpt>
   <trkpt lat="42.3737040" lon="-71.1324410">
    <ele>2.2</ele>
    <time>2025-07-04T19:26:13Z</time>
   </trkpt>
   <trkpt lat="42.3737340" lon="-71.1323960">
    <ele>2.1</ele>
    <time>2025-07-04T19:26:14Z</time>
   </trkpt>
   <trkpt lat="42.3737740" lon="-71.1323320">
    <ele>2.3</ele>
    <time>2025-07-04T19:26:15Z</time>
   </trkpt>
   <trkpt lat="42.3738130" lon="-71.1322560">
    <ele>2.2</ele>
    <time>2025-07-04T19:26:16Z</time>
   </trkpt>
   <trkpt lat="42.3738480" lon="-71.1321810">
    <ele>2.2</ele>
    <time>2025-07-04T19:26:17Z</time>
   </trkpt>
   <trkpt lat="42.3738830" lon="-71.1321250">
    <ele>2.4</ele>
    <time>2025-07-04T19:26:18Z</time>
   </trkpt>
   <trkpt lat="42.3739030" lon="-71.1320590">
    <ele>2.6</ele>
    <time>2025-07-04T19:26:19Z</time>
   </trkpt>
   <trkpt lat="42.3739200" lon="-71.1320160">
    <ele>2.4</ele>
    <time>2025-07-04T19:26:20Z</time>
   </trkpt>
   <trkpt lat="42.3739290" lon="-71.1319720">
    <ele>2.6</ele>
    <time>2025-07-04T19:26:21Z</time>
   </trkpt>
   <trkpt lat="42.3739390" lon="-71.1319290">
    <ele>2.4</ele>
    <time>2025-07-04T19:26:22Z</time>
   </trkpt>
   <trkpt lat="42.3739520" lon="-71.1318730">
    <ele>2.1</ele>
    <time>2025-07-04T19:26:23Z</time>
   </trkpt>
   <trkpt lat="42.3739710" lon="-71.1318140">
    <ele>2.3</ele>
    <time>2025-07-04T19:26:24Z</time>
   </trkpt>
   <trkpt lat="42.3739940" lon="-71.1317600">
    <ele>2.6</ele>
    <time>2025-07-04T19:26:25Z</time>
   </trkpt>
   <trkpt lat="42.3739910" lon="-71.1317030">
    <ele>2.4</ele>
    <time>2025-07-04T19:26:26Z</time>
   </trkpt>
   <trkpt lat="42.3740060" lon="-71.1316630">
    <ele>2.3</ele>
    <time>2025-07-04T19:26:27Z</time>
   </trkpt>
   <trkpt lat="42.3740160" lon="-71.1316060">
    <ele>2.2</ele>
    <time>2025-07-04T19:26:28Z</time>
   </trkpt>
   <trkpt lat="42.3740230" lon="-71.1315570">
    <ele>2.4</ele>
    <time>2025-07-04T19:26:29Z</time>
   </trkpt>
   <trkpt lat="42.3740230" lon="-71.1315150">
    <ele>2.4</ele>
    <time>2025-07-04T19:26:30Z</time>
   </trkpt>
   <trkpt lat="42.3740340" lon="-71.1314460">
    <ele>2.3</ele>
    <time>2025-07-04T19:26:31Z</time>
   </trkpt>
   <trkpt lat="42.3740530" lon="-71.1313800">
    <ele>2.6</ele>
    <time>2025-07-04T19:26:32Z</time>
   </trkpt>
   <trkpt lat="42.3740790" lon="-71.1313270">
    <ele>2.5</ele>
    <time>2025-07-04T19:26:33Z</time>
   </trkpt>
   <trkpt lat="42.3740900" lon="-71.1312620">
    <ele>2.7</ele>
    <time>2025-07-04T19:26:34Z</time>
   </trkpt>
   <trkpt lat="42.3740860" lon="-71.1311940">
    <ele>2.6</ele>
    <time>2025-07-04T19:26:35Z</time>
   </trkpt>
   <trkpt lat="42.3741020" lon="-71.1311200">
    <ele>2.6</ele>
    <time>2025-07-04T19:26:36Z</time>
   </trkpt>
   <trkpt lat="42.3741060" lon="-71.1310670">
    <ele>2.6</ele>
    <time>2025-07-04T19:26:37Z</time>
   </trkpt>
   <trkpt lat="42.3741330" lon="-71.1309900">
    <ele>2.8</ele>
    <time>2025-07-04T19:26:38Z</time>
   </trkpt>
   <trkpt lat="42.3741640" lon="-71.1309080">
    <ele>3.0</ele>
    <time>2025-07-04T19:26:39Z</time>
   </trkpt>
   <trkpt lat="42.3741820" lon="-71.1308330">
    <ele>3.2</ele>
    <time>2025-07-04T19:26:40Z</time>
   </trkpt>
   <trkpt lat="42.3741980" lon="-71.1307560">
    <ele>3.1</ele>
    <time>2025-07-04T19:26:41Z</time>
   </trkpt>
   <trkpt lat="42.3742080" lon="-71.1306840">
    <ele>3.4</ele>
    <time>2025-07-04T19:26:42Z</time>
   </trkpt>
   <trkpt lat="42.3741860" lon="-71.1306240">
    <ele>3.0</ele>
    <time>2025-07-04T19:26:43Z</time>
   </trkpt>
   <trkpt lat="42.3741780" lon="-71.1305680">
    <ele>2.9</ele>
    <time>2025-07-04T19:26:44Z</time>
   </trkpt>
   <trkpt lat="42.3741830" lon="-71.1305230">
    <ele>2.9</ele>
    <time>2025-07-04T19:26:45Z</time>
   </trkpt>
   <trkpt lat="42.3741950" lon="-71.1304670">
    <ele>2.9</ele>
    <time>2025-07-04T19:26:46Z</time>
   </trkpt>
   <trkpt lat="42.3741950" lon="-71.1303990">
    <ele>3.0</ele>
    <time>2025-07-04T19:26:47Z</time>
   </trkpt>
   <trkpt lat="42.3742000" lon="-71.1303320">
    <ele>3.1</ele>
    <time>2025-07-04T19:26:48Z</time>
   </trkpt>
   <trkpt lat="42.3742050" lon="-71.1302510">
    <ele>3.2</ele>
    <time>2025-07-04T19:26:49Z</time>
   </trkpt>
   <trkpt lat="42.3741990" lon="-71.1301960">
    <ele>3.3</ele>
    <time>2025-07-04T19:26:50Z</time>
   </trkpt>
   <trkpt lat="42.3742020" lon="-71.1301320">
    <ele>3.3</ele>
    <time>2025-07-04T19:26:51Z</time>
   </trkpt>
   <trkpt lat="42.3741980" lon="-71.1300520">
    <ele>3.5</ele>
    <time>2025-07-04T19:26:52Z</time>
   </trkpt>
   <trkpt lat="42.3741930" lon="-71.1299830">
    <ele>3.6</ele>
    <time>2025-07-04T19:26:53Z</time>
   </trkpt>
   <trkpt lat="42.3741830" lon="-71.1299140">
    <ele>3.6</ele>
    <time>2025-07-04T19:26:54Z</time>
   </trkpt>
   <trkpt lat="42.3741890" lon="-71.1298360">
    <ele>3.7</ele>
    <time>2025-07-04T19:26:55Z</time>
   </trkpt>
   <trkpt lat="42.3741860" lon="-71.1297680">
    <ele>4.0</ele>
    <time>2025-07-04T19:26:56Z</time>
   </trkpt>
   <trkpt lat="42.3741840" lon="-71.1297150">
    <ele>4.1</ele>
    <time>2025-07-04T19:26:57Z</time>
   </trkpt>
   <trkpt lat="42.3741600" lon="-71.1296570">
    <ele>3.7</ele>
    <time>2025-07-04T19:26:58Z</time>
   </trkpt>
   <trkpt lat="42.3741390" lon="-71.1296010">
    <ele>3.4</ele>
    <time>2025-07-04T19:26:59Z</time>
   </trkpt>
   <trkpt lat="42.3741230" lon="-71.1295530">
    <ele>3.6</ele>
    <time>2025-07-04T19:27:00Z</time>
   </trkpt>
   <trkpt lat="42.3741130" lon="-71.1295020">
    <ele>3.7</ele>
    <time>2025-07-04T19:27:01Z</time>
   </trkpt>
   <trkpt lat="42.3741090" lon="-71.1294450">
    <ele>3.4</ele>
    <time>2025-07-04T19:27:02Z</time>
   </trkpt>
   <trkpt lat="42.3740950" lon="-71.1294110">
    <ele>3.5</ele>
    <time>2025-07-04T19:27:03Z</time>
   </trkpt>
   <trkpt lat="42.3740650" lon="-71.1293560">
    <ele>3.2</ele>
    <time>2025-07-04T19:27:04Z</time>
   </trkpt>
   <trkpt lat="42.3740550" lon="-71.1292760">
    <ele>3.4</ele>
    <time>2025-07-04T19:27:05Z</time>
   </trkpt>
   <trkpt lat="42.3740440" lon="-71.1292090">
    <ele>3.1</ele>
    <time>2025-07-04T19:27:06Z</time>
   </trkpt>
   <trkpt lat="42.3740250" lon="-71.1291420">
    <ele>3.2</ele>
    <time>2025-07-04T19:27:07Z</time>
   </trkpt>
   <trkpt lat="42.3740080" lon="-71.1290990">
    <ele>2.9</ele>
    <time>2025-07-04T19:27:08Z</time>
   </trkpt>
   <trkpt lat="42.3740100" lon="-71.1290090">
    <ele>3.1</ele>
    <time>2025-07-04T19:27:09Z</time>
   </trkpt>
   <trkpt lat="42.3739940" lon="-71.1289430">
    <ele>3.5</ele>
    <time>2025-07-04T19:27:10Z</time>
   </trkpt>
   <trkpt lat="42.3739850" lon="-71.1288770">
    <ele>3.2</ele>
    <time>2025-07-04T19:27:11Z</time>
   </trkpt>
   <trkpt lat="42.3739560" lon="-71.1288020">
    <ele>3.4</ele>
    <time>2025-07-04T19:27:12Z</time>
   </trkpt>
   <trkpt lat="42.3739490" lon="-71.1287420">
    <ele>3.1</ele>
    <time>2025-07-04T19:27:13Z</time>
   </trkpt>
   <trkpt lat="42.3739360" lon="-71.1286670">
    <ele>3.3</ele>
    <time>2025-07-04T19:27:14Z</time>
   </trkpt>
   <trkpt lat="42.3739230" lon="-71.1285900">
    <ele>3.6</ele>
    <time>2025-07-04T19:27:15Z</time>
   </trkpt>
   <trkpt lat="42.3739090" lon="-71.1285280">
    <ele>3.4</ele>
    <time>2025-07-04T19:27:16Z</time>
   </trkpt>
   <trkpt lat="42.3739050" lon="-71.1284970">
    <ele>3.5</ele>
    <time>2025-07-04T19:27:17Z</time>
   </trkpt>
   <trkpt lat="42.3738830" lon="-71.1284620">
    <ele>3.1</ele>
    <time>2025-07-04T19:27:18Z</time>
   </trkpt>
   <trkpt lat="42.3738550" lon="-71.1284090">
    <ele>2.8</ele>
    <time>2025-07-04T19:27:19Z</time>
   </trkpt>
   <trkpt lat="42.3738340" lon="-71.1283390">
    <ele>3.2</ele>
    <time>2025-07-04T19:27:20Z</time>
   </trkpt>
   <trkpt lat="42.3738100" lon="-71.1282770">
    <ele>3.2</ele>
    <time>2025-07-04T19:27:21Z</time>
   </trkpt>
   <trkpt lat="42.3737970" lon="-71.1282210">
    <ele>3.4</ele>
    <time>2025-07-04T19:27:22Z</time>
   </trkpt>
   <trkpt lat="42.3737750" lon="-71.1281550">
    <ele>3.0</ele>
    <time>2025-07-04T19:27:23Z</time>
   </trkpt>
   <trkpt lat="42.3737530" lon="-71.1280880">
    <ele>3.0</ele>
    <time>2025-07-04T19:27:24Z</time>
   </trkpt>
   <trkpt lat="42.3737170" lon="-71.1280460">
    <ele>2.7</ele>
    <time>2025-07-04T19:27:25Z</time>
   </trkpt>
   <trkpt lat="42.3736840" lon="-71.1279860">
    <ele>2.6</ele>
    <time>2025-07-04T19:27:26Z</time>
   </trkpt>
   <trkpt lat="42.3736600" lon="-71.1279130">
    <ele>2.7</ele>
    <time>2025-07-04T19:27:27Z</time>
   </trkpt>
   <trkpt lat="42.3736280" lon="-71.1278580">
    <ele>2.5</ele>
    <time>2025-07-04T19:27:28Z</time>
   </trkpt>
   <trkpt lat="42.3736100" lon="-71.1278020">
    <ele>3.1</ele>
    <time>2025-07-04T19:27:29Z</time>
   </trkpt>
   <trkpt lat="42.3735880" lon="-71.1277780">
    <ele>2.7</ele>
    <time>2025-07-04T19:27:30Z</time>
   </trkpt>
   <trkpt lat="42.3735550" lon="-71.1277260">
    <ele>2.6</ele>
    <time>2025-07-04T19:27:31Z</time>
   </trkpt>
   <trkpt lat="42.3735280" lon="-71.1276420">
    <ele>2.7</ele>
    <time>2025-07-04T19:27:32Z</time>
   </trkpt>
   <trkpt lat="42.3735100" lon="-71.1275630">
    <ele>2.9</ele>
    <time>2025-07-04T19:27:33Z</time>
   </trkpt>
   <trkpt lat="42.3734840" lon="-71.1274940">
    <ele>3.4</ele>
    <time>2025-07-04T19:27:34Z</time>
   </trkpt>
   <trkpt lat="42.3734590" lon="-71.1274690">
    <ele>3.1</ele>
    <time>2025-07-04T19:27:35Z</time>
   </trkpt>
   <trkpt lat="42.3734380" lon="-71.1273970">
    <ele>3.2</ele>
    <time>2025-07-04T19:27:36Z</time>
   </trkpt>
   <trkpt lat="42.3734220" lon="-71.1273570">
    <ele>3.4</ele>
    <time>2025-07-04T19:27:37Z</time>
   </trkpt>
   <trkpt lat="42.3733960" lon="-71.1273160">
    <ele>3.4</ele>
    <time>2025-07-04T19:27:38Z</time>
   </trkpt>
   <trkpt lat="42.3733850" lon="-71.1273000">
    <ele>3.4</ele>
    <time>2025-07-04T19:27:39Z</time>
   </trkpt>
   <trkpt lat="42.3733560" lon="-71.1272270">
    <ele>3.6</ele>
    <time>2025-07-04T19:27:40Z</time>
   </trkpt>
   <trkpt lat="42.3733340" lon="-71.1271600">
    <ele>3.7</ele>
    <time>2025-07-04T19:27:41Z</time>
   </trkpt>
   <trkpt lat="42.3733170" lon="-71.1270980">
    <ele>3.7</ele>
    <time>2025-07-04T19:27:42Z</time>
   </trkpt>
   <trkpt lat="42.3732990" lon="-71.1270630">
    <ele>3.8</ele>
    <time>2025-07-04T19:27:43Z</time>
   </trkpt>
   <trkpt lat="42.3732700" lon="-71.1270180">
    <ele>3.7</ele>
    <time>2025-07-04T19:27:44Z</time>
   </trkpt>
   <trkpt lat="42.3732580" lon="-71.1269930">
    <ele>3.7</ele>
    <time>2025-07-04T19:27:45Z</time>
   </trkpt>
   <trkpt lat="42.3732300" lon="-71.1269800">
    <ele>3.7</ele>
    <time>2025-07-04T19:27:46Z</time>
   </trkpt>
   <trkpt lat="42.3732230" lon="-71.1269030">
    <ele>3.7</ele>
    <time>2025-07-04T19:27:47Z</time>
   </trkpt>
   <trkpt lat="42.3731850" lon="-71.1268740">
    <ele>3.7</ele>
    <time>2025-07-04T19:27:48Z</time>
   </trkpt>
   <trkpt lat="42.3731620" lon="-71.1268440">
    <ele>3.7</ele>
    <time>2025-07-04T19:27:49Z</time>
   </trkpt>
   <trkpt lat="42.3731330" lon="-71.1267990">
    <ele>3.7</ele>
    <time>2025-07-04T19:27:50Z</time>
   </trkpt>
   <trkpt lat="42.3731060" lon="-71.1267450">
    <ele>3.7</ele>
    <time>2025-07-04T19:27:51Z</time>
   </trkpt>
   <trkpt lat="42.3730810" lon="-71.1267000">
    <ele>3.7</ele>
    <time>2025-07-04T19:27:52Z</time>
   </trkpt>
   <trkpt lat="42.3730590" lon="-71.1266590">
    <ele>3.6</ele>
    <time>2025-07-04T19:27:53Z</time>
   </trkpt>
   <trkpt lat="42.3730430" lon="-71.1266230">
    <ele>3.6</ele>
    <time>2025-07-04T19:27:54Z</time>
   </trkpt>
   <trkpt lat="42.3730040" lon="-71.1265720">
    <ele>3.6</ele>
    <time>2025-07-04T19:27:55Z</time>
   </trkpt>
   <trkpt lat="42.3729860" lon="-71.1265420">
    <ele>3.6</ele>
    <time>2025-07-04T19:27:56Z</time>
   </trkpt>
   <trkpt lat="42.3729510" lon="-71.1265010">
    <ele>3.6</ele>
    <time>2025-07-04T19:27:57Z</time>
   </trkpt>
   <trkpt lat="42.3729170" lon="-71.1264700">
    <ele>3.6</ele>
    <time>2025-07-04T19:27:58Z</time>
   </trkpt>
   <trkpt lat="42.3728870" lon="-71.1264340">
    <ele>3.5</ele>
    <time>2025-07-04T19:27:59Z</time>
   </trkpt>
   <trkpt lat="42.3728610" lon="-71.1263760">
    <ele>3.5</ele>
    <time>2025-07-04T19:28:00Z</time>
   </trkpt>
   <trkpt lat="42.3728250" lon="-71.1263130">
    <ele>3.5</ele>
    <time>2025-07-04T19:28:01Z</time>
   </trkpt>
   <trkpt lat="42.3727850" lon="-71.1262590">
    <ele>3.5</ele>
    <time>2025-07-04T19:28:02Z</time>
   </trkpt>
   <trkpt lat="42.3727370" lon="-71.1262250">
    <ele>3.5</ele>
    <time>2025-07-04T19:28:03Z</time>
   </trkpt>
   <trkpt lat="42.3727120" lon="-71.1261570">
    <ele>3.5</ele>
    <time>2025-07-04T19:28:04Z</time>
   </trkpt>
   <trkpt lat="42.3726800" lon="-71.1261170">
    <ele>3.4</ele>
    <time>2025-07-04T19:28:05Z</time>
   </trkpt>
   <trkpt lat="42.3726450" lon="-71.1260750">
    <ele>3.4</ele>
    <time>2025-07-04T19:28:06Z</time>
   </trkpt>
   <trkpt lat="42.3726050" lon="-71.1260310">
    <ele>3.4</ele>
    <time>2025-07-04T19:28:07Z</time>
   </trkpt>
   <trkpt lat="42.3725660" lon="-71.1259920">
    <ele>3.4</ele>
    <time>2025-07-04T19:28:08Z</time>
   </trkpt>
   <trkpt lat="42.3725200" lon="-71.1259380">
    <ele>3.4</ele>
    <time>2025-07-04T19:28:09Z</time>
   </trkpt>
   <trkpt lat="42.3724770" lon="-71.1259090">
    <ele>3.3</ele>
    <time>2025-07-04T19:28:10Z</time>
   </trkpt>
   <trkpt lat="42.3724370" lon="-71.1258860">
    <ele>3.3</ele>
    <time>2025-07-04T19:28:11Z</time>
   </trkpt>
   <trkpt lat="42.3724020" lon="-71.1258370">
    <ele>3.4</ele>
    <time>2025-07-04T19:28:12Z</time>
   </trkpt>
   <trkpt lat="42.3723750" lon="-71.1258110">
    <ele>3.4</ele>
    <time>2025-07-04T19:28:13Z</time>
   </trkpt>
   <trkpt lat="42.3723210" lon="-71.1257600">
    <ele>3.4</ele>
    <time>2025-07-04T19:28:14Z</time>
   </trkpt>
   <trkpt lat="42.3722740" lon="-71.1256980">
    <ele>3.4</ele>
    <time>2025-07-04T19:28:15Z</time>
   </trkpt>
   <trkpt lat="42.3722290" lon="-71.1256430">
    <ele>3.4</ele>
    <time>2025-07-04T19:28:16Z</time>
   </trkpt>
   <trkpt lat="42.3721920" lon="-71.1255990">
    <ele>3.4</ele>
    <time>2025-07-04T19:28:17Z</time>
   </trkpt>
   <trkpt lat="42.3721620" lon="-71.1255600">
    <ele>3.4</ele>
    <time>2025-07-04T19:28:18Z</time>
   </trkpt>
   <trkpt lat="42.3721110" lon="-71.1255160">
    <ele>3.3</ele>
    <time>2025-07-04T19:28:19Z</time>
   </trkpt>
   <trkpt lat="42.3720630" lon="-71.1254590">
    <ele>3.3</ele>
    <time>2025-07-04T19:28:20Z</time>
   </trkpt>
   <trkpt lat="42.3720260" lon="-71.1254220">
    <ele>3.3</ele>
    <time>2025-07-04T19:28:21Z</time>
   </trkpt>
   <trkpt lat="42.3719930" lon="-71.1253780">
    <ele>3.2</ele>
    <time>2025-07-04T19:28:22Z</time>
   </trkpt>
   <trkpt lat="42.3719490" lon="-71.1253430">
    <ele>3.2</ele>
    <time>2025-07-04T19:28:23Z</time>
   </trkpt>
   <trkpt lat="42.3719050" lon="-71.1252750">
    <ele>3.2</ele>
    <time>2025-07-04T19:28:24Z</time>
   </trkpt>
   <trkpt lat="42.3718600" lon="-71.1252450">
    <ele>3.2</ele>
    <time>2025-07-04T19:28:25Z</time>
   </trkpt>
   <trkpt lat="42.3718120" lon="-71.1251950">
    <ele>3.1</ele>
    <time>2025-07-04T19:28:26Z</time>
   </trkpt>
   <trkpt lat="42.3717690" lon="-71.1251430">
    <ele>3.1</ele>
    <time>2025-07-04T19:28:27Z</time>
   </trkpt>
   <trkpt lat="42.3717260" lon="-71.1251040">
    <ele>3.1</ele>
    <time>2025-07-04T19:28:28Z</time>
   </trkpt>
   <trkpt lat="42.3716740" lon="-71.1250770">
    <ele>3.0</ele>
    <time>2025-07-04T19:28:29Z</time>
   </trkpt>
   <trkpt lat="42.3716300" lon="-71.1250460">
    <ele>3.0</ele>
    <time>2025-07-04T19:28:30Z</time>
   </trkpt>
   <trkpt lat="42.3716070" lon="-71.1250180">
    <ele>3.0</ele>
    <time>2025-07-04T19:28:31Z</time>
   </trkpt>
   <trkpt lat="42.3715630" lon="-71.1249720">
    <ele>3.0</ele>
    <time>2025-07-04T19:28:32Z</time>
   </trkpt>
   <trkpt lat="42.3715240" lon="-71.1249490">
    <ele>3.0</ele>
    <time>2025-07-04T19:28:33Z</time>
   </trkpt>
   <trkpt lat="42.3714780" lon="-71.1249250">
    <ele>3.0</ele>
    <time>2025-07-04T19:28:34Z</time>
   </trkpt>
   <trkpt lat="42.3714260" lon="-71.1248730">
    <ele>3.0</ele>
    <time>2025-07-04T19:28:35Z</time>
   </trkpt>
   <trkpt lat="42.3713770" lon="-71.1248260">
    <ele>3.0</ele>
    <time>2025-07-04T19:28:36Z</time>
   </trkpt>
   <trkpt lat="42.3713310" lon="-71.1247920">
    <ele>3.0</ele>
    <time>2025-07-04T19:28:37Z</time>
   </trkpt>
   <trkpt lat="42.3712820" lon="-71.1247330">
    <ele>3.0</ele>
    <time>2025-07-04T19:28:38Z</time>
   </trkpt>
   <trkpt lat="42.3712380" lon="-71.1246920">
    <ele>2.9</ele>
    <time>2025-07-04T19:28:39Z</time>
   </trkpt>
   <trkpt lat="42.3711960" lon="-71.1246500">
    <ele>2.9</ele>
    <time>2025-07-04T19:28:40Z</time>
   </trkpt>
   <trkpt lat="42.3711600" lon="-71.1246160">
    <ele>2.9</ele>
    <time>2025-07-04T19:28:41Z</time>
   </trkpt>
   <trkpt lat="42.3711240" lon="-71.1245770">
    <ele>2.9</ele>
    <time>2025-07-04T19:28:42Z</time>
   </trkpt>
   <trkpt lat="42.3710750" lon="-71.1245430">
    <ele>2.9</ele>
    <time>2025-07-04T19:28:43Z</time>
   </trkpt>
   <trkpt lat="42.3710250" lon="-71.1245050">
    <ele>2.9</ele>
    <time>2025-07-04T19:28:44Z</time>
   </trkpt>
   <trkpt lat="42.3709710" lon="-71.1244650">
    <ele>2.9</ele>
    <time>2025-07-04T19:28:45Z</time>
   </trkpt>
   <trkpt lat="42.3709250" lon="-71.1244330">
    <ele>3.0</ele>
    <time>2025-07-04T19:28:46Z</time>
   </trkpt>
   <trkpt lat="42.3708870" lon="-71.1244040">
    <ele>3.0</ele>
    <time>2025-07-04T19:28:47Z</time>
   </trkpt>
   <trkpt lat="42.3708480" lon="-71.1243730">
    <ele>3.0</ele>
    <time>2025-07-04T19:28:48Z</time>
   </trkpt>
   <trkpt lat="42.3707960" lon="-71.1243110">
    <ele>3.0</ele>
    <time>2025-07-04T19:28:49Z</time>
   </trkpt>
   <trkpt lat="42.3707480" lon="-71.1242630">
    <ele>3.1</ele>
    <time>2025-07-04T19:28:50Z</time>
   </trkpt>
   <trkpt lat="42.3707120" lon="-71.1242210">
    <ele>3.1</ele>
    <time>2025-07-04T19:28:51Z</time>
   </trkpt>
   <trkpt lat="42.3706780" lon="-71.1242100">
    <ele>3.2</ele>
    <time>2025-07-04T19:28:52Z</time>
   </trkpt>
   <trkpt lat="42.3706400" lon="-71.1241630">
    <ele>3.2</ele>
    <time>2025-07-04T19:28:53Z</time>
   </trkpt>
   <trkpt lat="42.3705950" lon="-71.1241250">
    <ele>3.3</ele>
    <time>2025-07-04T19:28:54Z</time>
   </trkpt>
   <trkpt lat="42.3705580" lon="-71.1240740">
    <ele>3.3</ele>
    <time>2025-07-04T19:28:55Z</time>
   </trkpt>
   <trkpt lat="42.3705190" lon="-71.1240400">
    <ele>3.3</ele>
    <time>2025-07-04T19:28:56Z</time>
   </trkpt>
   <trkpt lat="42.3704730" lon="-71.1239980">
    <ele>3.3</ele>
    <time>2025-07-04T19:28:57Z</time>
   </trkpt>
   <trkpt lat="42.3704410" lon="-71.1239630">
    <ele>3.3</ele>
    <time>2025-07-04T19:28:58Z</time>
   </trkpt>
   <trkpt lat="42.3704050" lon="-71.1239240">
    <ele>3.3</ele>
    <time>2025-07-04T19:28:59Z</time>
   </trkpt>
   <trkpt lat="42.3703560" lon="-71.1238970">
    <ele>3.3</ele>
    <time>2025-07-04T19:29:00Z</time>
   </trkpt>
   <trkpt lat="42.3703080" lon="-71.1238320">
    <ele>3.3</ele>
    <time>2025-07-04T19:29:01Z</time>
   </trkpt>
   <trkpt lat="42.3702550" lon="-71.1237750">
    <ele>3.3</ele>
    <time>2025-07-04T19:29:02Z</time>
   </trkpt>
   <trkpt lat="42.3702060" lon="-71.1237290">
    <ele>3.2</ele>
    <time>2025-07-04T19:29:03Z</time>
   </trkpt>
   <trkpt lat="42.3701620" lon="-71.1236730">
    <ele>3.2</ele>
    <time>2025-07-04T19:29:04Z</time>
   </trkpt>
   <trkpt lat="42.3701290" lon="-71.1236180">
    <ele>3.2</ele>
    <time>2025-07-04T19:29:05Z</time>
   </trkpt>
   <trkpt lat="42.3701000" lon="-71.1235660">
    <ele>3.2</ele>
    <time>2025-07-04T19:29:06Z</time>
   </trkpt>
   <trkpt lat="42.3700590" lon="-71.1235100">
    <ele>3.1</ele>
    <time>2025-07-04T19:29:07Z</time>
   </trkpt>
   <trkpt lat="42.3700070" lon="-71.1234850">
    <ele>3.1</ele>
    <time>2025-07-04T19:29:08Z</time>
   </trkpt>
   <trkpt lat="42.3699640" lon="-71.1234300">
    <ele>3.2</ele>
    <time>2025-07-04T19:29:09Z</time>
   </trkpt>
   <trkpt lat="42.3699340" lon="-71.1233710">
    <ele>3.2</ele>
    <time>2025-07-04T19:29:10Z</time>
   </trkpt>
   <trkpt lat="42.3699030" lon="-71.1233050">
    <ele>3.2</ele>
    <time>2025-07-04T19:29:11Z</time>
   </trkpt>
   <trkpt lat="42.3698590" lon="-71.1232250">
    <ele>3.3</ele>
    <time>2025-07-04T19:29:12Z</time>
   </trkpt>
   <trkpt lat="42.3698150" lon="-71.1231650">
    <ele>3.3</ele>
    <time>2025-07-04T19:29:13Z</time>
   </trkpt>
   <trkpt lat="42.3697780" lon="-71.1231030">
    <ele>3.4</ele>
    <time>2025-07-04T19:29:14Z</time>
   </trkpt>
   <trkpt lat="42.3697470" lon="-71.1230330">
    <ele>3.4</ele>
    <time>2025-07-04T19:29:15Z</time>
   </trkpt>
   <trkpt lat="42.3697190" lon="-71.1229460">
    <ele>3.5</ele>
    <time>2025-07-04T19:29:16Z</time>
   </trkpt>
   <trkpt lat="42.3696780" lon="-71.1228860">
    <ele>3.6</ele>
    <time>2025-07-04T19:29:17Z</time>
   </trkpt>
   <trkpt lat="42.3696600" lon="-71.1228070">
    <ele>3.6</ele>
    <time>2025-07-04T19:29:18Z</time>
   </trkpt>
   <trkpt lat="42.3696420" lon="-71.1227340">
    <ele>3.7</ele>
    <time>2025-07-04T19:29:19Z</time>
   </trkpt>
   <trkpt lat="42.3696230" lon="-71.1226920">
    <ele>3.7</ele>
    <time>2025-07-04T19:29:20Z</time>
   </trkpt>
   <trkpt lat="42.3695990" lon="-71.1226490">
    <ele>3.7</ele>
    <time>2025-07-04T19:29:21Z</time>
   </trkpt>
   <trkpt lat="42.3695840" lon="-71.1225990">
    <ele>3.7</ele>
    <time>2025-07-04T19:29:22Z</time>
   </trkpt>
   <trkpt lat="42.3695740" lon="-71.1225340">
    <ele>3.7</ele>
    <time>2025-07-04T19:29:23Z</time>
   </trkpt>
   <trkpt lat="42.3695580" lon="-71.1224670">
    <ele>3.6</ele>
    <time>2025-07-04T19:29:24Z</time>
   </trkpt>
   <trkpt lat="42.3695530" lon="-71.1224090">
    <ele>3.6</ele>
    <time>2025-07-04T19:29:25Z</time>
   </trkpt>
   <trkpt lat="42.3695460" lon="-71.1223540">
    <ele>3.5</ele>
    <time>2025-07-04T19:29:26Z</time>
   </trkpt>
   <trkpt lat="42.3695390" lon="-71.1223100">
    <ele>3.5</ele>
    <time>2025-07-04T19:29:27Z</time>
   </trkpt>
   <trkpt lat="42.3695440" lon="-71.1222430">
    <ele>3.5</ele>
    <time>2025-07-04T19:29:28Z</time>
   </trkpt>
   <trkpt lat="42.3695340" lon="-71.1221830">
    <ele>3.4</ele>
    <time>2025-07-04T19:29:29Z</time>
   </trkpt>
   <trkpt lat="42.3695280" lon="-71.1221540">
    <ele>3.4</ele>
    <time>2025-07-04T19:29:30Z</time>
   </trkpt>
   <trkpt lat="42.3695240" lon="-71.1221120">
    <ele>3.4</ele>
    <time>2025-07-04T19:29:31Z</time>
   </trkpt>
   <trkpt lat="42.3695270" lon="-71.1220630">
    <ele>3.4</ele>
    <time>2025-07-04T19:29:32Z</time>
   </trkpt>
   <trkpt lat="42.3695200" lon="-71.1219800">
    <ele>3.4</ele>
    <time>2025-07-04T19:29:33Z</time>
   </trkpt>
   <trkpt lat="42.3695170" lon="-71.1219040">
    <ele>3.4</ele>
    <time>2025-07-04T19:29:34Z</time>
   </trkpt>
   <trkpt lat="42.3695060" lon="-71.1218350">
    <ele>3.3</ele>
    <time>2025-07-04T19:29:35Z</time>
   </trkpt>
   <trkpt lat="42.3694970" lon="-71.1217580">
    <ele>3.3</ele>
    <time>2025-07-04T19:29:36Z</time>
   </trkpt>
   <trkpt lat="42.3694920" lon="-71.1216920">
    <ele>3.3</ele>
    <time>2025-07-04T19:29:37Z</time>
   </trkpt>
   <trkpt lat="42.3694760" lon="-71.1216470">
    <ele>3.3</ele>
    <time>2025-07-04T19:29:38Z</time>
   </trkpt>
   <trkpt lat="42.3694680" lon="-71.1215710">
    <ele>3.3</ele>
    <time>2025-07-04T19:29:39Z</time>
   </trkpt>
   <trkpt lat="42.3694600" lon="-71.1214980">
    <ele>3.3</ele>
    <time>2025-07-04T19:29:40Z</time>
   </trkpt>
   <trkpt lat="42.3694750" lon="-71.1214120">
    <ele>3.4</ele>
    <time>2025-07-04T19:29:41Z</time>
   </trkpt>
   <trkpt lat="42.3694970" lon="-71.1213160">
    <ele>3.4</ele>
    <time>2025-07-04T19:29:42Z</time>
   </trkpt>
   <trkpt lat="42.3695010" lon="-71.1212320">
    <ele>3.4</ele>
    <time>2025-07-04T19:29:43Z</time>
   </trkpt>
   <trkpt lat="42.3695070" lon="-71.1211450">
    <ele>3.4</ele>
    <time>2025-07-04T19:29:44Z</time>
   </trkpt>
   <trkpt lat="42.3695310" lon="-71.1210630">
    <ele>3.5</ele>
    <time>2025-07-04T19:29:45Z</time>
   </trkpt>
   <trkpt lat="42.3695330" lon="-71.1209970">
    <ele>3.5</ele>
    <time>2025-07-04T19:29:46Z</time>
   </trkpt>
   <trkpt lat="42.3695380" lon="-71.1209270">
    <ele>3.5</ele>
    <time>2025-07-04T19:29:47Z</time>
   </trkpt>
   <trkpt lat="42.3695440" lon="-71.1208550">
    <ele>3.5</ele>
    <time>2025-07-04T19:29:48Z</time>
   </trkpt>
   <trkpt lat="42.3695550" lon="-71.1207870">
    <ele>3.5</ele>
    <time>2025-07-04T19:29:49Z</time>
   </trkpt>
   <trkpt lat="42.3695570" lon="-71.1207230">
    <ele>3.5</ele>
    <time>2025-07-04T19:29:50Z</time>
   </trkpt>
   <trkpt lat="42.3695650" lon="-71.1206460">
    <ele>3.6</ele>
    <time>2025-07-04T19:29:51Z</time>
   </trkpt>
   <trkpt lat="42.3695860" lon="-71.1205720">
    <ele>3.6</ele>
    <time>2025-07-04T19:29:52Z</time>
   </trkpt>
   <trkpt lat="42.3695900" lon="-71.1205070">
    <ele>3.6</ele>
    <time>2025-07-04T19:29:53Z</time>
   </trkpt>
   <trkpt lat="42.3695990" lon="-71.1204290">
    <ele>3.6</ele>
    <time>2025-07-04T19:29:54Z</time>
   </trkpt>
   <trkpt lat="42.3695920" lon="-71.1203650">
    <ele>3.6</ele>
    <time>2025-07-04T19:29:55Z</time>
   </trkpt>
   <trkpt lat="42.3695970" lon="-71.1202880">
    <ele>3.6</ele>
    <time>2025-07-04T19:29:56Z</time>
   </trkpt>
   <trkpt lat="42.3696020" lon="-71.1202230">
    <ele>3.6</ele>
    <time>2025-07-04T19:29:57Z</time>
   </trkpt>
   <trkpt lat="42.3696060" lon="-71.1201570">
    <ele>3.7</ele>
    <time>2025-07-04T19:29:58Z</time>
   </trkpt>
   <trkpt lat="42.3696030" lon="-71.1200820">
    <ele>3.7</ele>
    <time>2025-07-04T19:29:59Z</time>
   </trkpt>
   <trkpt lat="42.3695900" lon="-71.1200230">
    <ele>3.7</ele>
    <time>2025-07-04T19:30:00Z</time>
   </trkpt>
   <trkpt lat="42.3695870" lon="-71.1199440">
    <ele>3.6</ele>
    <time>2025-07-04T19:30:01Z</time>
   </trkpt>
   <trkpt lat="42.3696080" lon="-71.1198740">
    <ele>3.6</ele>
    <time>2025-07-04T19:30:02Z</time>
   </trkpt>
   <trkpt lat="42.3696050" lon="-71.1197910">
    <ele>3.6</ele>
    <time>2025-07-04T19:30:03Z</time>
   </trkpt>
   <trkpt lat="42.3696060" lon="-71.1197430">
    <ele>3.6</ele>
    <time>2025-07-04T19:30:04Z</time>
   </trkpt>
   <trkpt lat="42.3695970" lon="-71.1196750">
    <ele>3.5</ele>
    <time>2025-07-04T19:30:05Z</time>
   </trkpt>
   <trkpt lat="42.3695840" lon="-71.1196080">
    <ele>3.5</ele>
    <time>2025-07-04T19:30:06Z</time>
   </trkpt>
   <trkpt lat="42.3695740" lon="-71.1195530">
    <ele>3.5</ele>
    <time>2025-07-04T19:30:07Z</time>
   </trkpt>
   <trkpt lat="42.3695800" lon="-71.1194680">
    <ele>3.5</ele>
    <time>2025-07-04T19:30:08Z</time>
   </trkpt>
   <trkpt lat="42.3695800" lon="-71.1193950">
    <ele>3.5</ele>
    <time>2025-07-04T19:30:09Z</time>
   </trkpt>
   <trkpt lat="42.3695810" lon="-71.1193210">
    <ele>3.5</ele>
    <time>2025-07-04T19:30:10Z</time>
   </trkpt>
   <trkpt lat="42.3695750" lon="-71.1192600">
    <ele>3.5</ele>
    <time>2025-07-04T19:30:11Z</time>
   </trkpt>
   <trkpt lat="42.3695710" lon="-71.1191990">
    <ele>3.5</ele>
    <time>2025-07-04T19:30:12Z</time>
   </trkpt>
   <trkpt lat="42.3695670" lon="-71.1191300">
    <ele>3.6</ele>
    <time>2025-07-04T19:30:13Z</time>
   </trkpt>
   <trkpt lat="42.3695610" lon="-71.1190600">
    <ele>3.6</ele>
    <time>2025-07-04T19:30:14Z</time>
   </trkpt>
   <trkpt lat="42.3695450" lon="-71.1190010">
    <ele>3.6</ele>
    <time>2025-07-04T19:30:15Z</time>
   </trkpt>
   <trkpt lat="42.3695350" lon="-71.1189280">
    <ele>3.6</ele>
    <time>2025-07-04T19:30:16Z</time>
   </trkpt>
   <trkpt lat="42.3695230" lon="-71.1188570">
    <ele>3.6</ele>
    <time>2025-07-04T19:30:17Z</time>
   </trkpt>
   <trkpt lat="42.3695220" lon="-71.1187760">
    <ele>3.6</ele>
    <time>2025-07-04T19:30:18Z</time>
   </trkpt>
   <trkpt lat="42.3695160" lon="-71.1187090">
    <ele>3.6</ele>
    <time>2025-07-04T19:30:19Z</time>
   </trkpt>
   <trkpt lat="42.3695000" lon="-71.1186450">
    <ele>3.6</ele>
    <time>2025-07-04T19:30:20Z</time>
   </trkpt>
   <trkpt lat="42.3694910" lon="-71.1185740">
    <ele>3.6</ele>
    <time>2025-07-04T19:30:21Z</time>
   </trkpt>
   <trkpt lat="42.3694800" lon="-71.1185010">
    <ele>3.6</ele>
    <time>2025-07-04T19:30:22Z</time>
   </trkpt>
   <trkpt lat="42.3694620" lon="-71.1184560">
    <ele>3.6</ele>
    <time>2025-07-04T19:30:23Z</time>
   </trkpt>
   <trkpt lat="42.3694470" lon="-71.1183940">
    <ele>3.6</ele>
    <time>2025-07-04T19:30:24Z</time>
   </trkpt>
   <trkpt lat="42.3694400" lon="-71.1183290">
    <ele>3.5</ele>
    <time>2025-07-04T19:30:25Z</time>
   </trkpt>
   <trkpt lat="42.3694330" lon="-71.1182640">
    <ele>3.5</ele>
    <time>2025-07-04T19:30:26Z</time>
   </trkpt>
   <trkpt lat="42.3694180" lon="-71.1182040">
    <ele>3.5</ele>
    <time>2025-07-04T19:30:27Z</time>
   </trkpt>
   <trkpt lat="42.3693950" lon="-71.1181460">
    <ele>3.5</ele>
    <time>2025-07-04T19:30:28Z</time>
   </trkpt>
   <trkpt lat="42.3693750" lon="-71.1180790">
    <ele>3.5</ele>
    <time>2025-07-04T19:30:29Z</time>
   </trkpt>
   <trkpt lat="42.3693510" lon="-71.1180230">
    <ele>3.5</ele>
    <time>2025-07-04T19:30:30Z</time>
   </trkpt>
   <trkpt lat="42.3693220" lon="-71.1179810">
    <ele>3.5</ele>
    <time>2025-07-04T19:30:31Z</time>
   </trkpt>
   <trkpt lat="42.3692960" lon="-71.1179270">
    <ele>3.5</ele>
    <time>2025-07-04T19:30:32Z</time>
   </trkpt>
   <trkpt lat="42.3692700" lon="-71.1178550">
    <ele>3.5</ele>
    <time>2025-07-04T19:30:33Z</time>
   </trkpt>
   <trkpt lat="42.3692410" lon="-71.1177950">
    <ele>3.5</ele>
    <time>2025-07-04T19:30:34Z</time>
   </trkpt>
   <trkpt lat="42.3692170" lon="-71.1177270">
    <ele>3.6</ele>
    <time>2025-07-04T19:30:35Z</time>
   </trkpt>
   <trkpt lat="42.3691890" lon="-71.1176690">
    <ele>3.6</ele>
    <time>2025-07-04T19:30:36Z</time>
   </trkpt>
   <trkpt lat="42.3691580" lon="-71.1176160">
    <ele>3.6</ele>
    <time>2025-07-04T19:30:37Z</time>
   </trkpt>
   <trkpt lat="42.3691250" lon="-71.1175980">
    <ele>3.6</ele>
    <time>2025-07-04T19:30:38Z</time>
   </trkpt>
   <trkpt lat="42.3691140" lon="-71.1175910">
    <ele>3.6</ele>
    <time>2025-07-04T19:30:39Z</time>
   </trkpt>
   <trkpt lat="42.3690800" lon="-71.1175620">
    <ele>3.6</ele>
    <time>2025-07-04T19:30:40Z</time>
   </trkpt>
   <trkpt lat="42.3690350" lon="-71.1175190">
    <ele>3.7</ele>
    <time>2025-07-04T19:30:41Z</time>
   </trkpt>
   <trkpt lat="42.3689980" lon="-71.1174800">
    <ele>3.7</ele>
    <time>2025-07-04T19:30:42Z</time>
   </trkpt>
   <trkpt lat="42.3689670" lon="-71.1174470">
    <ele>3.7</ele>
    <time>2025-07-04T19:30:43Z</time>
   </trkpt>
   <trkpt lat="42.3689230" lon="-71.1174230">
    <ele>3.8</ele>
    <time>2025-07-04T19:30:44Z</time>
   </trkpt>
   <trkpt lat="42.3688710" lon="-71.1173830">
    <ele>3.8</ele>
    <time>2025-07-04T19:30:45Z</time>
   </trkpt>
   <trkpt lat="42.3688250" lon="-71.1173280">
    <ele>3.8</ele>
    <time>2025-07-04T19:30:46Z</time>
   </trkpt>
   <trkpt lat="42.3687780" lon="-71.1172820">
    <ele>3.8</ele>
    <time>2025-07-04T19:30:47Z</time>
   </trkpt>
   <trkpt lat="42.3687340" lon="-71.1172290">
    <ele>3.8</ele>
    <time>2025-07-04T19:30:48Z</time>
   </trkpt>
   <trkpt lat="42.3686880" lon="-71.1171790">
    <ele>3.8</ele>
    <time>2025-07-04T19:30:49Z</time>
   </trkpt>
   <trkpt lat="42.3686340" lon="-71.1171450">
    <ele>3.8</ele>
    <time>2025-07-04T19:30:50Z</time>
   </trkpt>
   <trkpt lat="42.3685880" lon="-71.1171090">
    <ele>3.8</ele>
    <time>2025-07-04T19:30:51Z</time>
   </trkpt>
   <trkpt lat="42.3685430" lon="-71.1170670">
    <ele>3.8</ele>
    <time>2025-07-04T19:30:52Z</time>
   </trkpt>
   <trkpt lat="42.3684900" lon="-71.1170410">
    <ele>3.8</ele>
    <time>2025-07-04T19:30:53Z</time>
   </trkpt>
   <trkpt lat="42.3684450" lon="-71.1169940">
    <ele>3.8</ele>
    <time>2025-07-04T19:30:54Z</time>
   </trkpt>
   <trkpt lat="42.3683930" lon="-71.1169710">
    <ele>3.8</ele>
    <time>2025-07-04T19:30:55Z</time>
   </trkpt>
   <trkpt lat="42.3683400" lon="-71.1169390">
    <ele>3.8</ele>
    <time>2025-07-04T19:30:56Z</time>
   </trkpt>
   <trkpt lat="42.3682990" lon="-71.1169210">
    <ele>3.8</ele>
    <time>2025-07-04T19:30:57Z</time>
   </trkpt>
   <trkpt lat="42.3682500" lon="-71.1168670">
    <ele>3.8</ele>
    <time>2025-07-04T19:30:58Z</time>
   </trkpt>
   <trkpt lat="42.3682030" lon="-71.1168320">
    <ele>3.7</ele>
    <time>2025-07-04T19:30:59Z</time>
   </trkpt>
   <trkpt lat="42.3681490" lon="-71.1168120">
    <ele>3.7</ele>
    <time>2025-07-04T19:31:00Z</time>
   </trkpt>
   <trkpt lat="42.3680950" lon="-71.1167840">
    <ele>3.7</ele>
    <time>2025-07-04T19:31:01Z</time>
   </trkpt>
   <trkpt lat="42.3680470" lon="-71.1167630">
    <ele>3.7</ele>
    <time>2025-07-04T19:31:02Z</time>
   </trkpt>
   <trkpt lat="42.3680020" lon="-71.1167400">
    <ele>3.7</ele>
    <time>2025-07-04T19:31:03Z</time>
   </trkpt>
   <trkpt lat="42.3679580" lon="-71.1167220">
    <ele>3.7</ele>
    <time>2025-07-04T19:31:04Z</time>
   </trkpt>
   <trkpt lat="42.3679130" lon="-71.1167020">
    <ele>3.7</ele>
    <time>2025-07-04T19:31:05Z</time>
   </trkpt>
   <trkpt lat="42.3678540" lon="-71.1166690">
    <ele>3.7</ele>
    <time>2025-07-04T19:31:06Z</time>
   </trkpt>
   <trkpt lat="42.3678040" lon="-71.1166510">
    <ele>3.7</ele>
    <time>2025-07-04T19:31:07Z</time>
   </trkpt>
   <trkpt lat="42.3677620" lon="-71.1166350">
    <ele>3.7</ele>
    <time>2025-07-04T19:31:08Z</time>
   </trkpt>
   <trkpt lat="42.3677230" lon="-71.1166260">
    <ele>3.6</ele>
    <time>2025-07-04T19:31:09Z</time>
   </trkpt>
   <trkpt lat="42.3676930" lon="-71.1166200">
    <ele>3.6</ele>
    <time>2025-07-04T19:31:10Z</time>
   </trkpt>
   <trkpt lat="42.3676660" lon="-71.1166010">
    <ele>3.6</ele>
    <time>2025-07-04T19:31:11Z</time>
   </trkpt>
   <trkpt lat="42.3676270" lon="-71.1165760">
    <ele>3.6</ele>
    <time>2025-07-04T19:31:12Z</time>
   </trkpt>
   <trkpt lat="42.3675760" lon="-71.1165630">
    <ele>3.6</ele>
    <time>2025-07-04T19:31:13Z</time>
   </trkpt>
   <trkpt lat="42.3675300" lon="-71.1165470">
    <ele>3.6</ele>
    <time>2025-07-04T19:31:14Z</time>
   </trkpt>
   <trkpt lat="42.3674820" lon="-71.1165290">
    <ele>3.6</ele>
    <time>2025-07-04T19:31:15Z</time>
   </trkpt>
   <trkpt lat="42.3674220" lon="-71.1165210">
    <ele>3.6</ele>
    <time>2025-07-04T19:31:16Z</time>
   </trkpt>
   <trkpt lat="42.3673630" lon="-71.1164940">
    <ele>3.5</ele>
    <time>2025-07-04T19:31:17Z</time>
   </trkpt>
   <trkpt lat="42.3673070" lon="-71.1164710">
    <ele>3.5</ele>
    <time>2025-07-04T19:31:18Z</time>
   </trkpt>
   <trkpt lat="42.3672650" lon="-71.1164420">
    <ele>3.5</ele>
    <time>2025-07-04T19:31:19Z</time>
   </trkpt>
   <trkpt lat="42.3672320" lon="-71.1164270">
    <ele>3.5</ele>
    <time>2025-07-04T19:31:20Z</time>
   </trkpt>
   <trkpt lat="42.3671980" lon="-71.1164290">
    <ele>3.5</ele>
    <time>2025-07-04T19:31:21Z</time>
   </trkpt>
   <trkpt lat="42.3671810" lon="-71.1164280">
    <ele>3.5</ele>
    <time>2025-07-04T19:31:22Z</time>
   </trkpt>
   <trkpt lat="42.3671450" lon="-71.1164270">
    <ele>3.5</ele>
    <time>2025-07-04T19:31:23Z</time>
   </trkpt>
   <trkpt lat="42.3671010" lon="-71.1164190">
    <ele>3.5</ele>
    <time>2025-07-04T19:31:24Z</time>
   </trkpt>
   <trkpt lat="42.3670390" lon="-71.1164120">
    <ele>3.5</ele>
    <time>2025-07-04T19:31:25Z</time>
   </trkpt>
   <trkpt lat="42.3669710" lon="-71.1163940">
    <ele>3.5</ele>
    <time>2025-07-04T19:31:26Z</time>
   </trkpt>
   <trkpt lat="42.3669190" lon="-71.1163790">
    <ele>3.5</ele>
    <time>2025-07-04T19:31:27Z</time>
   </trkpt>
   <trkpt lat="42.3668620" lon="-71.1163610">
    <ele>3.5</ele>
    <time>2025-07-04T19:31:28Z</time>
   </trkpt>
   <trkpt lat="42.3668100" lon="-71.1163380">
    <ele>3.5</ele>
    <time>2025-07-04T19:31:29Z</time>
   </trkpt>
   <trkpt lat="42.3667790" lon="-71.1163280">
    <ele>3.6</ele>
    <time>2025-07-04T19:31:30Z</time>
   </trkpt>
   <trkpt lat="42.3667240" lon="-71.1163350">
    <ele>3.6</ele>
    <time>2025-07-04T19:31:31Z</time>
   </trkpt>
   <trkpt lat="42.3666780" lon="-71.1163420">
    <ele>3.6</ele>
    <time>2025-07-04T19:31:32Z</time>
   </trkpt>
   <trkpt lat="42.3666300" lon="-71.1163470">
    <ele>3.6</ele>
    <time>2025-07-04T19:31:33Z</time>
   </trkpt>
   <trkpt lat="42.3665940" lon="-71.1163340">
    <ele>3.6</ele>
    <time>2025-07-04T19:31:34Z</time>
   </trkpt>
   <trkpt lat="42.3665650" lon="-71.1163200">
    <ele>3.6</ele>
    <time>2025-07-04T19:31:35Z</time>
   </trkpt>
   <trkpt lat="42.3665320" lon="-71.1163080">
    <ele>3.6</ele>
    <time>2025-07-04T19:31:36Z</time>
   </trkpt>
   <trkpt lat="42.3664910" lon="-71.1163050">
    <ele>3.6</ele>
    <time>2025-07-04T19:31:37Z</time>
   </trkpt>
   <trkpt lat="42.3664420" lon="-71.1162990">
    <ele>3.6</ele>
    <time>2025-07-04T19:31:38Z</time>
   </trkpt>
   <trkpt lat="42.3664000" lon="-71.1163090">
    <ele>3.6</ele>
    <time>2025-07-04T19:31:39Z</time>
   </trkpt>
   <trkpt lat="42.3663610" lon="-71.1163080">
    <ele>3.6</ele>
    <time>2025-07-04T19:31:40Z</time>
   </trkpt>
   <trkpt lat="42.3663130" lon="-71.1163250">
    <ele>3.6</ele>
    <time>2025-07-04T19:31:41Z</time>
   </trkpt>
   <trkpt lat="42.3662620" lon="-71.1163040">
    <ele>3.5</ele>
    <time>2025-07-04T19:31:42Z</time>
   </trkpt>
   <trkpt lat="42.3662240" lon="-71.1163070">
    <ele>3.5</ele>
    <time>2025-07-04T19:31:43Z</time>
   </trkpt>
   <trkpt lat="42.3661780" lon="-71.1162830">
    <ele>3.5</ele>
    <time>2025-07-04T19:31:44Z</time>
   </trkpt>
   <trkpt lat="42.3661410" lon="-71.1162920">
    <ele>3.5</ele>
    <time>2025-07-04T19:31:45Z</time>
   </trkpt>
   <trkpt lat="42.3661100" lon="-71.1163000">
    <ele>3.5</ele>
    <time>2025-07-04T19:31:46Z</time>
   </trkpt>
   <trkpt lat="42.3660760" lon="-71.1163080">
    <ele>3.5</ele>
    <time>2025-07-04T19:31:47Z</time>
   </trkpt>
   <trkpt lat="42.3660430" lon="-71.1162970">
    <ele>3.5</ele>
    <time>2025-07-04T19:31:48Z</time>
   </trkpt>
   <trkpt lat="42.3659950" lon="-71.1162820">
    <ele>3.5</ele>
    <time>2025-07-04T19:31:49Z</time>
   </trkpt>
   <trkpt lat="42.3659440" lon="-71.1162540">
    <ele>3.5</ele>
    <time>2025-07-04T19:31:50Z</time>
   </trkpt>
   <trkpt lat="42.3658750" lon="-71.1162590">
    <ele>3.5</ele>
    <time>2025-07-04T19:31:51Z</time>
   </trkpt>
   <trkpt lat="42.3658190" lon="-71.1162540">
    <ele>3.4</ele>
    <time>2025-07-04T19:31:52Z</time>
   </trkpt>
   <trkpt lat="42.3657610" lon="-71.1162420">
    <ele>3.4</ele>
    <time>2025-07-04T19:31:53Z</time>
   </trkpt>
   <trkpt lat="42.3657140" lon="-71.1162490">
    <ele>3.4</ele>
    <time>2025-07-04T19:31:54Z</time>
   </trkpt>
   <trkpt lat="42.3656450" lon="-71.1162510">
    <ele>3.4</ele>
    <time>2025-07-04T19:31:55Z</time>
   </trkpt>
   <trkpt lat="42.3655770" lon="-71.1162560">
    <ele>3.4</ele>
    <time>2025-07-04T19:31:56Z</time>
   </trkpt>
   <trkpt lat="42.3655050" lon="-71.1162490">
    <ele>3.4</ele>
    <time>2025-07-04T19:31:57Z</time>
   </trkpt>
   <trkpt lat="42.3654350" lon="-71.1162240">
    <ele>3.4</ele>
    <time>2025-07-04T19:31:58Z</time>
   </trkpt>
   <trkpt lat="42.3653910" lon="-71.1162480">
    <ele>3.5</ele>
    <time>2025-07-04T19:31:59Z</time>
   </trkpt>
   <trkpt lat="42.3653350" lon="-71.1162610">
    <ele>3.6</ele>
    <time>2025-07-04T19:32:00Z</time>
   </trkpt>
   <trkpt lat="42.3652820" lon="-71.1162580">
    <ele>3.6</ele>
    <time>2025-07-04T19:32:01Z</time>
   </trkpt>
   <trkpt lat="42.3652170" lon="-71.1162580">
    <ele>3.7</ele>
    <time>2025-07-04T19:32:02Z</time>
   </trkpt>
   <trkpt lat="42.3651740" lon="-71.1162480">
    <ele>3.8</ele>
    <time>2025-07-04T19:32:03Z</time>
   </trkpt>
   <trkpt lat="42.3651310" lon="-71.1162560">
    <ele>3.8</ele>
    <time>2025-07-04T19:32:04Z</time>
   </trkpt>
   <trkpt lat="42.3651110" lon="-71.1162540">
    <ele>3.9</ele>
    <time>2025-07-04T19:32:05Z</time>
   </trkpt>
   <trkpt lat="42.3650560" lon="-71.1162580">
    <ele>4.0</ele>
    <time>2025-07-04T19:32:06Z</time>
   </trkpt>
   <trkpt lat="42.3650050" lon="-71.1162680">
    <ele>4.1</ele>
    <time>2025-07-04T19:32:07Z</time>
   </trkpt>
   <trkpt lat="42.3649510" lon="-71.1162630">
    <ele>4.2</ele>
    <time>2025-07-04T19:32:08Z</time>
   </trkpt>
   <trkpt lat="42.3649220" lon="-71.1162630">
    <ele>4.2</ele>
    <time>2025-07-04T19:32:09Z</time>
   </trkpt>
   <trkpt lat="42.3648800" lon="-71.1162580">
    <ele>4.4</ele>
    <time>2025-07-04T19:32:10Z</time>
   </trkpt>
   <trkpt lat="42.3648460" lon="-71.1162650">
    <ele>4.4</ele>
    <time>2025-07-04T19:32:11Z</time>
   </trkpt>
   <trkpt lat="42.3648050" lon="-71.1162830">
    <ele>4.5</ele>
    <time>2025-07-04T19:32:12Z</time>
   </trkpt>
   <trkpt lat="42.3647660" lon="-71.1162730">
    <ele>4.6</ele>
    <time>2025-07-04T19:32:13Z</time>
   </trkpt>
   <trkpt lat="42.3647370" lon="-71.1162680">
    <ele>4.7</ele>
    <time>2025-07-04T19:32:14Z</time>
   </trkpt>
   <trkpt lat="42.3647080" lon="-71.1162640">
    <ele>4.8</ele>
    <time>2025-07-04T19:32:15Z</time>
   </trkpt>
   <trkpt lat="42.3646970" lon="-71.1162590">
    <ele>4.8</ele>
    <time>2025-07-04T19:32:16Z</time>
   </trkpt>
   <trkpt lat="42.3646760" lon="-71.1162610">
    <ele>4.9</ele>
    <time>2025-07-04T19:32:17Z</time>
   </trkpt>
   <trkpt lat="42.3646380" lon="-71.1162610">
    <ele>4.9</ele>
    <time>2025-07-04T19:32:18Z</time>
   </trkpt>
   <trkpt lat="42.3646110" lon="-71.1162460">
    <ele>5.0</ele>
    <time>2025-07-04T19:32:19Z</time>
   </trkpt>
   <trkpt lat="42.3645800" lon="-71.1162430">
    <ele>5.1</ele>
    <time>2025-07-04T19:32:20Z</time>
   </trkpt>
   <trkpt lat="42.3645540" lon="-71.1162630">
    <ele>5.1</ele>
    <time>2025-07-04T19:32:21Z</time>
   </trkpt>
   <trkpt lat="42.3645380" lon="-71.1162630">
    <ele>5.1</ele>
    <time>2025-07-04T19:32:22Z</time>
   </trkpt>
   <trkpt lat="42.3644990" lon="-71.1162440">
    <ele>5.2</ele>
    <time>2025-07-04T19:32:23Z</time>
   </trkpt>
   <trkpt lat="42.3644750" lon="-71.1162260">
    <ele>5.2</ele>
    <time>2025-07-04T19:32:24Z</time>
   </trkpt>
   <trkpt lat="42.3644590" lon="-71.1162250">
    <ele>5.2</ele>
    <time>2025-07-04T19:32:25Z</time>
   </trkpt>
   <trkpt lat="42.3644630" lon="-71.1162330">
    <ele>5.2</ele>
    <time>2025-07-04T19:32:26Z</time>
   </trkpt>
   <trkpt lat="42.3644400" lon="-71.1162310">
    <ele>5.3</ele>
    <time>2025-07-04T19:32:27Z</time>
   </trkpt>
   <trkpt lat="42.3644410" lon="-71.1162310">
    <ele>5.3</ele>
    <time>2025-07-04T19:32:28Z</time>
   </trkpt>
   <trkpt lat="42.3644410" lon="-71.1162310">
    <ele>5.3</ele>
    <time>2025-07-04T19:32:29Z</time>
   </trkpt>
   <trkpt lat="42.3644100" lon="-71.1162280">
    <ele>5.3</ele>
    <time>2025-07-04T19:32:30Z</time>
   </trkpt>
   <trkpt lat="42.3644050" lon="-71.1162290">
    <ele>5.3</ele>
    <time>2025-07-04T19:32:31Z</time>
   </trkpt>
   <trkpt lat="42.3644020" lon="-71.1162280">
    <ele>5.3</ele>
    <time>2025-07-04T19:32:32Z</time>
   </trkpt>
   <trkpt lat="42.3643880" lon="-71.1162250">
    <ele>5.3</ele>
    <time>2025-07-04T19:32:33Z</time>
   </trkpt>
   <trkpt lat="42.3643440" lon="-71.1162350">
    <ele>5.4</ele>
    <time>2025-07-04T19:32:35Z</time>
   </trkpt>
   <trkpt lat="42.3643120" lon="-71.1162520">
    <ele>5.4</ele>
    <time>2025-07-04T19:32:36Z</time>
   </trkpt>
   <trkpt lat="42.3642980" lon="-71.1162470">
    <ele>5.4</ele>
    <time>2025-07-04T19:32:37Z</time>
   </trkpt>
   <trkpt lat="42.3642690" lon="-71.1162400">
    <ele>5.4</ele>
    <time>2025-07-04T19:32:38Z</time>
   </trkpt>
   <trkpt lat="42.3642340" lon="-71.1162390">
    <ele>5.4</ele>
    <time>2025-07-04T19:32:39Z</time>
   </trkpt>
   <trkpt lat="42.3642060" lon="-71.1162650">
    <ele>5.4</ele>
    <time>2025-07-04T19:32:40Z</time>
   </trkpt>
   <trkpt lat="42.3641700" lon="-71.1162550">
    <ele>5.4</ele>
    <time>2025-07-04T19:32:41Z</time>
   </trkpt>
   <trkpt lat="42.3641400" lon="-71.1162530">
    <ele>5.3</ele>
    <time>2025-07-04T19:32:42Z</time>
   </trkpt>
   <trkpt lat="42.3640960" lon="-71.1162530">
    <ele>5.2</ele>
    <time>2025-07-04T19:32:43Z</time>
   </trkpt>
   <trkpt lat="42.3640500" lon="-71.1162760">
    <ele>5.0</ele>
    <time>2025-07-04T19:32:44Z</time>
   </trkpt>
   <trkpt lat="42.3639950" lon="-71.1162700">
    <ele>4.8</ele>
    <time>2025-07-04T19:32:45Z</time>
   </trkpt>
   <trkpt lat="42.3639410" lon="-71.1162780">
    <ele>4.7</ele>
    <time>2025-07-04T19:32:46Z</time>
   </trkpt>
   <trkpt lat="42.3639010" lon="-71.1163080">
    <ele>4.5</ele>
    <time>2025-07-04T19:32:47Z</time>
   </trkpt>
   <trkpt lat="42.3638580" lon="-71.1163180">
    <ele>4.4</ele>
    <time>2025-07-04T19:32:48Z</time>
   </trkpt>
   <trkpt lat="42.3637850" lon="-71.1163030">
    <ele>4.2</ele>
    <time>2025-07-04T19:32:49Z</time>
   </trkpt>
   <trkpt lat="42.3637240" lon="-71.1163020">
    <ele>4.0</ele>
    <time>2025-07-04T19:32:50Z</time>
   </trkpt>
   <trkpt lat="42.3636650" lon="-71.1163020">
    <ele>3.9</ele>
    <time>2025-07-04T19:32:51Z</time>
   </trkpt>
   <trkpt lat="42.3635980" lon="-71.1162990">
    <ele>3.8</ele>
    <time>2025-07-04T19:32:52Z</time>
   </trkpt>
   <trkpt lat="42.3635370" lon="-71.1163120">
    <ele>3.7</ele>
    <time>2025-07-04T19:32:53Z</time>
   </trkpt>
   <trkpt lat="42.3634760" lon="-71.1163110">
    <ele>3.6</ele>
    <time>2025-07-04T19:32:54Z</time>
   </trkpt>
   <trkpt lat="42.3634110" lon="-71.1162990">
    <ele>3.5</ele>
    <time>2025-07-04T19:32:55Z</time>
   </trkpt>
   <trkpt lat="42.3633490" lon="-71.1163010">
    <ele>3.5</ele>
    <time>2025-07-04T19:32:56Z</time>
   </trkpt>
   <trkpt lat="42.3632900" lon="-71.1163080">
    <ele>3.4</ele>
    <time>2025-07-04T19:32:57Z</time>
   </trkpt>
   <trkpt lat="42.3632390" lon="-71.1163080">
    <ele>3.4</ele>
    <time>2025-07-04T19:32:58Z</time>
   </trkpt>
   <trkpt lat="42.3631690" lon="-71.1162980">
    <ele>3.3</ele>
    <time>2025-07-04T19:32:59Z</time>
   </trkpt>
   <trkpt lat="42.3631100" lon="-71.1162950">
    <ele>3.3</ele>
    <time>2025-07-04T19:33:00Z</time>
   </trkpt>
   <trkpt lat="42.3630540" lon="-71.1162870">
    <ele>3.3</ele>
    <time>2025-07-04T19:33:01Z</time>
   </trkpt>
   <trkpt lat="42.3630000" lon="-71.1162840">
    <ele>3.3</ele>
    <time>2025-07-04T19:33:02Z</time>
   </trkpt>
   <trkpt lat="42.3629430" lon="-71.1162810">
    <ele>3.3</ele>
    <time>2025-07-04T19:33:03Z</time>
   </trkpt>
   <trkpt lat="42.3628890" lon="-71.1162700">
    <ele>3.3</ele>
    <time>2025-07-04T19:33:04Z</time>
   </trkpt>
   <trkpt lat="42.3628380" lon="-71.1162640">
    <ele>3.3</ele>
    <time>2025-07-04T19:33:05Z</time>
   </trkpt>
   <trkpt lat="42.3627790" lon="-71.1162620">
    <ele>3.3</ele>
    <time>2025-07-04T19:33:06Z</time>
   </trkpt>
   <trkpt lat="42.3627270" lon="-71.1162590">
    <ele>3.3</ele>
    <time>2025-07-04T19:33:07Z</time>
   </trkpt>
   <trkpt lat="42.3626690" lon="-71.1162520">
    <ele>3.4</ele>
    <time>2025-07-04T19:33:08Z</time>
   </trkpt>
   <trkpt lat="42.3626180" lon="-71.1162440">
    <ele>3.4</ele>
    <time>2025-07-04T19:33:09Z</time>
   </trkpt>
   <trkpt lat="42.3625650" lon="-71.1162260">
    <ele>3.4</ele>
    <time>2025-07-04T19:33:10Z</time>
   </trkpt>
   <trkpt lat="42.3625100" lon="-71.1162420">
    <ele>3.4</ele>
    <time>2025-07-04T19:33:11Z</time>
   </trkpt>
   <trkpt lat="42.3624600" lon="-71.1162410">
    <ele>3.4</ele>
    <time>2025-07-04T19:33:12Z</time>
   </trkpt>
   <trkpt lat="42.3624110" lon="-71.1162420">
    <ele>3.4</ele>
    <time>2025-07-04T19:33:13Z</time>
   </trkpt>
   <trkpt lat="42.3623590" lon="-71.1162410">
    <ele>3.4</ele>
    <time>2025-07-04T19:33:14Z</time>
   </trkpt>
   <trkpt lat="42.3623080" lon="-71.1162310">
    <ele>3.4</ele>
    <time>2025-07-04T19:33:15Z</time>
   </trkpt>
   <trkpt lat="42.3622620" lon="-71.1162400">
    <ele>3.4</ele>
    <time>2025-07-04T19:33:16Z</time>
   </trkpt>
   <trkpt lat="42.3622150" lon="-71.1162440">
    <ele>3.5</ele>
    <time>2025-07-04T19:33:17Z</time>
   </trkpt>
   <trkpt lat="42.3621610" lon="-71.1162360">
    <ele>3.5</ele>
    <time>2025-07-04T19:33:18Z</time>
   </trkpt>
   <trkpt lat="42.3621070" lon="-71.1162320">
    <ele>3.5</ele>
    <time>2025-07-04T19:33:19Z</time>
   </trkpt>
   <trkpt lat="42.3620520" lon="-71.1162380">
    <ele>3.5</ele>
    <time>2025-07-04T19:33:20Z</time>
   </trkpt>
   <trkpt lat="42.3620010" lon="-71.1162400">
    <ele>3.5</ele>
    <time>2025-07-04T19:33:21Z</time>
   </trkpt>
   <trkpt lat="42.3619540" lon="-71.1162220">
    <ele>3.6</ele>
    <time>2025-07-04T19:33:22Z</time>
   </trkpt>
   <trkpt lat="42.3619070" lon="-71.1162120">
    <ele>3.6</ele>
    <time>2025-07-04T19:33:23Z</time>
   </trkpt>
   <trkpt lat="42.3618590" lon="-71.1162000">
    <ele>3.7</ele>
    <time>2025-07-04T19:33:24Z</time>
   </trkpt>
   <trkpt lat="42.3618120" lon="-71.1161940">
    <ele>3.8</ele>
    <time>2025-07-04T19:33:25Z</time>
   </trkpt>
   <trkpt lat="42.3617670" lon="-71.1161870">
    <ele>3.9</ele>
    <time>2025-07-04T19:33:26Z</time>
   </trkpt>
   <trkpt lat="42.3617230" lon="-71.1161780">
    <ele>3.9</ele>
    <time>2025-07-04T19:33:27Z</time>
   </trkpt>
   <trkpt lat="42.3616740" lon="-71.1161660">
    <ele>4.1</ele>
    <time>2025-07-04T19:33:28Z</time>
   </trkpt>
   <trkpt lat="42.3616300" lon="-71.1161550">
    <ele>4.2</ele>
    <time>2025-07-04T19:33:29Z</time>
   </trkpt>
   <trkpt lat="42.3615980" lon="-71.1161500">
    <ele>4.2</ele>
    <time>2025-07-04T19:33:30Z</time>
   </trkpt>
   <trkpt lat="42.3615680" lon="-71.1161490">
    <ele>4.3</ele>
    <time>2025-07-04T19:33:31Z</time>
   </trkpt>
   <trkpt lat="42.3615330" lon="-71.1161480">
    <ele>4.3</ele>
    <time>2025-07-04T19:33:32Z</time>
   </trkpt>
   <trkpt lat="42.3615240" lon="-71.1161440">
    <ele>4.3</ele>
    <time>2025-07-04T19:33:33Z</time>
   </trkpt>
   <trkpt lat="42.3615110" lon="-71.1161480">
    <ele>4.3</ele>
    <time>2025-07-04T19:33:34Z</time>
   </trkpt>
   <trkpt lat="42.3615060" lon="-71.1161480">
    <ele>4.3</ele>
    <time>2025-07-04T19:33:35Z</time>
   </trkpt>
   <trkpt lat="42.3615000" lon="-71.1161470">
    <ele>4.4</ele>
    <time>2025-07-04T19:33:36Z</time>
   </trkpt>
   <trkpt lat="42.3614950" lon="-71.1161460">
    <ele>4.4</ele>
    <time>2025-07-04T19:33:37Z</time>
   </trkpt>
   <trkpt lat="42.3614890" lon="-71.1161460">
    <ele>4.4</ele>
    <time>2025-07-04T19:33:38Z</time>
   </trkpt>
   <trkpt lat="42.3614830" lon="-71.1161450">
    <ele>4.4</ele>
    <time>2025-07-04T19:33:39Z</time>
   </trkpt>
   <trkpt lat="42.3614780" lon="-71.1161440">
    <ele>4.4</ele>
    <time>2025-07-04T19:33:40Z</time>
   </trkpt>
   <trkpt lat="42.3614720" lon="-71.1161440">
    <ele>4.4</ele>
    <time>2025-07-04T19:33:41Z</time>
   </trkpt>
   <trkpt lat="42.3614670" lon="-71.1161430">
    <ele>4.4</ele>
    <time>2025-07-04T19:33:42Z</time>
   </trkpt>
   <trkpt lat="42.3614610" lon="-71.1161420">
    <ele>4.4</ele>
    <time>2025-07-04T19:33:43Z</time>
   </trkpt>
   <trkpt lat="42.3614550" lon="-71.1161420">
    <ele>4.4</ele>
    <time>2025-07-04T19:33:44Z</time>
   </trkpt>
   <trkpt lat="42.3614500" lon="-71.1161410">
    <ele>4.4</ele>
    <time>2025-07-04T19:33:50Z</time>
   </trkpt>
   <trkpt lat="42.3614440" lon="-71.1161410">
    <ele>4.4</ele>
    <time>2025-07-04T19:33:51Z</time>
   </trkpt>
   <trkpt lat="42.3614380" lon="-71.1161400">
    <ele>4.4</ele>
    <time>2025-07-04T19:33:52Z</time>
   </trkpt>
   <trkpt lat="42.3614330" lon="-71.1161390">
    <ele>4.4</ele>
    <time>2025-07-04T19:33:53Z</time>
   </trkpt>
   <trkpt lat="42.3614270" lon="-71.1161390">
    <ele>4.4</ele>
    <time>2025-07-04T19:33:54Z</time>
   </trkpt>
   <trkpt lat="42.3614220" lon="-71.1161380">
    <ele>4.4</ele>
    <time>2025-07-04T19:33:55Z</time>
   </trkpt>
   <trkpt lat="42.3614160" lon="-71.1161370">
    <ele>4.4</ele>
    <time>2025-07-04T19:33:56Z</time>
   </trkpt>
   <trkpt lat="42.3614100" lon="-71.1161370">
    <ele>4.4</ele>
    <time>2025-07-04T19:33:57Z</time>
   </trkpt>
   <trkpt lat="42.3614050" lon="-71.1161360">
    <ele>4.4</ele>
    <time>2025-07-04T19:33:58Z</time>
   </trkpt>
   <trkpt lat="42.3613990" lon="-71.1161350">
    <ele>4.4</ele>
    <time>2025-07-04T19:33:59Z</time>
   </trkpt>
   <trkpt lat="42.3613940" lon="-71.1161350">
    <ele>4.4</ele>
    <time>2025-07-04T19:34:22Z</time>
   </trkpt>
   <trkpt lat="42.3613880" lon="-71.1161340">
    <ele>4.4</ele>
    <time>2025-07-04T19:34:23Z</time>
   </trkpt>
   <trkpt lat="42.3613540" lon="-71.1161250">
    <ele>4.4</ele>
    <time>2025-07-04T19:34:24Z</time>
   </trkpt>
   <trkpt lat="42.3613420" lon="-71.1161290">
    <ele>4.4</ele>
    <time>2025-07-04T19:34:25Z</time>
   </trkpt>
   <trkpt lat="42.3613070" lon="-71.1161300">
    <ele>4.3</ele>
    <time>2025-07-04T19:34:26Z</time>
   </trkpt>
   <trkpt lat="42.3612770" lon="-71.1161340">
    <ele>4.2</ele>
    <time>2025-07-04T19:34:27Z</time>
   </trkpt>
   <trkpt lat="42.3612490" lon="-71.1161240">
    <ele>4.1</ele>
    <time>2025-07-04T19:34:28Z</time>
   </trkpt>
   <trkpt lat="42.3612120" lon="-71.1160980">
    <ele>4.0</ele>
    <time>2025-07-04T19:34:29Z</time>
   </trkpt>
   <trkpt lat="42.3611690" lon="-71.1161020">
    <ele>3.8</ele>
    <time>2025-07-04T19:34:30Z</time>
   </trkpt>
   <trkpt lat="42.3611170" lon="-71.1161040">
    <ele>3.7</ele>
    <time>2025-07-04T19:34:31Z</time>
   </trkpt>
   <trkpt lat="42.3610540" lon="-71.1160920">
    <ele>3.6</ele>
    <time>2025-07-04T19:34:32Z</time>
   </trkpt>
   <trkpt lat="42.3610020" lon="-71.1160850">
    <ele>3.5</ele>
    <time>2025-07-04T19:34:33Z</time>
   </trkpt>
   <trkpt lat="42.3609470" lon="-71.1160760">
    <ele>3.5</ele>
    <time>2025-07-04T19:34:34Z</time>
   </trkpt>
   <trkpt lat="42.3608930" lon="-71.1160780">
    <ele>3.4</ele>
    <time>2025-07-04T19:34:35Z</time>
   </trkpt>
   <trkpt lat="42.3608460" lon="-71.1160940">
    <ele>3.4</ele>
    <time>2025-07-04T19:34:36Z</time>
   </trkpt>
   <trkpt lat="42.3608040" lon="-71.1160950">
    <ele>3.4</ele>
    <time>2025-07-04T19:34:37Z</time>
   </trkpt>
   <trkpt lat="42.3607540" lon="-71.1160950">
    <ele>3.3</ele>
    <time>2025-07-04T19:34:38Z</time>
   </trkpt>
   <trkpt lat="42.3607200" lon="-71.1161380">
    <ele>3.3</ele>
    <time>2025-07-04T19:34:39Z</time>
   </trkpt>
   <trkpt lat="42.3606830" lon="-71.1161610">
    <ele>3.3</ele>
    <time>2025-07-04T19:34:40Z</time>
   </trkpt>
   <trkpt lat="42.3606490" lon="-71.1161610">
    <ele>3.3</ele>
    <time>2025-07-04T19:34:41Z</time>
   </trkpt>
   <trkpt lat="42.3605940" lon="-71.1161340">
    <ele>3.3</ele>
    <time>2025-07-04T19:34:42Z</time>
   </trkpt>
   <trkpt lat="42.3605420" lon="-71.1161510">
    <ele>3.3</ele>
    <time>2025-07-04T19:34:43Z</time>
   </trkpt>
   <trkpt lat="42.3604820" lon="-71.1161590">
    <ele>3.3</ele>
    <time>2025-07-04T19:34:44Z</time>
   </trkpt>
   <trkpt lat="42.3604420" lon="-71.1161340">
    <ele>3.3</ele>
    <time>2025-07-04T19:34:45Z</time>
   </trkpt>
   <trkpt lat="42.3603820" lon="-71.1161110">
    <ele>3.3</ele>
    <time>2025-07-04T19:34:46Z</time>
   </trkpt>
   <trkpt lat="42.3603370" lon="-71.1160930">
    <ele>3.3</ele>
    <time>2025-07-04T19:34:47Z</time>
   </trkpt>
   <trkpt lat="42.3602860" lon="-71.1160660">
    <ele>3.3</ele>
    <time>2025-07-04T19:34:48Z</time>
   </trkpt>
   <trkpt lat="42.3602430" lon="-71.1160620">
    <ele>3.3</ele>
    <time>2025-07-04T19:34:49Z</time>
   </trkpt>
   <trkpt lat="42.3602000" lon="-71.1160470">
    <ele>3.4</ele>
    <time>2025-07-04T19:34:50Z</time>
   </trkpt>
   <trkpt lat="42.3601550" lon="-71.1160240">
    <ele>3.4</ele>
    <time>2025-07-04T19:34:51Z</time>
   </trkpt>
   <trkpt lat="42.3600980" lon="-71.1160220">
    <ele>3.4</ele>
    <time>2025-07-04T19:34:52Z</time>
   </trkpt>
   <trkpt lat="42.3600510" lon="-71.1160140">
    <ele>3.4</ele>
    <time>2025-07-04T19:34:53Z</time>
   </trkpt>
   <trkpt lat="42.3600000" lon="-71.1160130">
    <ele>3.4</ele>
    <time>2025-07-04T19:34:54Z</time>
   </trkpt>
   <trkpt lat="42.3599480" lon="-71.1160100">
    <ele>3.4</ele>
    <time>2025-07-04T19:34:55Z</time>
   </trkpt>
   <trkpt lat="42.3598990" lon="-71.1159930">
    <ele>3.4</ele>
    <time>2025-07-04T19:34:56Z</time>
   </trkpt>
   <trkpt lat="42.3598550" lon="-71.1159810">
    <ele>3.4</ele>
    <time>2025-07-04T19:34:57Z</time>
   </trkpt>
   <trkpt lat="42.3598190" lon="-71.1159650">
    <ele>3.4</ele>
    <time>2025-07-04T19:34:58Z</time>
   </trkpt>
   <trkpt lat="42.3597750" lon="-71.1159530">
    <ele>3.4</ele>
    <time>2025-07-04T19:34:59Z</time>
   </trkpt>
   <trkpt lat="42.3597260" lon="-71.1159540">
    <ele>3.4</ele>
    <time>2025-07-04T19:35:00Z</time>
   </trkpt>
   <trkpt lat="42.3596710" lon="-71.1159480">
    <ele>3.4</ele>
    <time>2025-07-04T19:35:01Z</time>
   </trkpt>
   <trkpt lat="42.3596240" lon="-71.1159540">
    <ele>3.4</ele>
    <time>2025-07-04T19:35:02Z</time>
   </trkpt>
   <trkpt lat="42.3595630" lon="-71.1159530">
    <ele>3.3</ele>
    <time>2025-07-04T19:35:03Z</time>
   </trkpt>
   <trkpt lat="42.3595290" lon="-71.1159310">
    <ele>3.3</ele>
    <time>2025-07-04T19:35:04Z</time>
   </trkpt>
   <trkpt lat="42.3594750" lon="-71.1159210">
    <ele>3.3</ele>
    <time>2025-07-04T19:35:05Z</time>
   </trkpt>
   <trkpt lat="42.3594240" lon="-71.1159110">
    <ele>3.3</ele>
    <time>2025-07-04T19:35:06Z</time>
   </trkpt>
   <trkpt lat="42.3593730" lon="-71.1159110">
    <ele>3.2</ele>
    <time>2025-07-04T19:35:07Z</time>
   </trkpt>
   <trkpt lat="42.3593110" lon="-71.1158910">
    <ele>3.2</ele>
    <time>2025-07-04T19:35:08Z</time>
   </trkpt>
   <trkpt lat="42.3592580" lon="-71.1158930">
    <ele>3.2</ele>
    <time>2025-07-04T19:35:09Z</time>
   </trkpt>
   <trkpt lat="42.3592120" lon="-71.1158680">
    <ele>3.2</ele>
    <time>2025-07-04T19:35:10Z</time>
   </trkpt>
   <trkpt lat="42.3591580" lon="-71.1158430">
    <ele>3.1</ele>
    <time>2025-07-04T19:35:11Z</time>
   </trkpt>
   <trkpt lat="42.3591180" lon="-71.1158620">
    <ele>3.1</ele>
    <time>2025-07-04T19:35:12Z</time>
   </trkpt>
   <trkpt lat="42.3590630" lon="-71.1158690">
    <ele>3.1</ele>
    <time>2025-07-04T19:35:13Z</time>
   </trkpt>
   <trkpt lat="42.3590090" lon="-71.1158550">
    <ele>3.1</ele>
    <time>2025-07-04T19:35:14Z</time>
   </trkpt>
   <trkpt lat="42.3589700" lon="-71.1158580">
    <ele>3.1</ele>
    <time>2025-07-04T19:35:15Z</time>
   </trkpt>
   <trkpt lat="42.3589210" lon="-71.1158550">
    <ele>3.1</ele>
    <time>2025-07-04T19:35:16Z</time>
   </trkpt>
   <trkpt lat="42.3588700" lon="-71.1158360">
    <ele>3.1</ele>
    <time>2025-07-04T19:35:17Z</time>
   </trkpt>
   <trkpt lat="42.3588200" lon="-71.1158300">
    <ele>3.1</ele>
    <time>2025-07-04T19:35:18Z</time>
   </trkpt>
   <trkpt lat="42.3587670" lon="-71.1158320">
    <ele>3.0</ele>
    <time>2025-07-04T19:35:19Z</time>
   </trkpt>
   <trkpt lat="42.3587080" lon="-71.1158290">
    <ele>3.0</ele>
    <time>2025-07-04T19:35:20Z</time>
   </trkpt>
   <trkpt lat="42.3586670" lon="-71.1158170">
    <ele>3.0</ele>
    <time>2025-07-04T19:35:21Z</time>
   </trkpt>
   <trkpt lat="42.3586090" lon="-71.1158050">
    <ele>3.0</ele>
    <time>2025-07-04T19:35:22Z</time>
   </trkpt>
   <trkpt lat="42.3585490" lon="-71.1157860">
    <ele>3.0</ele>
    <time>2025-07-04T19:35:23Z</time>
   </trkpt>
   <trkpt lat="42.3584910" lon="-71.1157710">
    <ele>3.0</ele>
    <time>2025-07-04T19:35:24Z</time>
   </trkpt>
   <trkpt lat="42.3584320" lon="-71.1157490">
    <ele>3.0</ele>
    <time>2025-07-04T19:35:25Z</time>
   </trkpt>
   <trkpt lat="42.3583890" lon="-71.1157550">
    <ele>3.0</ele>
    <time>2025-07-04T19:35:26Z</time>
   </trkpt>
   <trkpt lat="42.3583660" lon="-71.1157560">
    <ele>3.0</ele>
    <time>2025-07-04T19:35:27Z</time>
   </trkpt>
   <trkpt lat="42.3583210" lon="-71.1157530">
    <ele>3.0</ele>
    <time>2025-07-04T19:35:28Z</time>
   </trkpt>
   <trkpt lat="42.3582650" lon="-71.1157350">
    <ele>2.9</ele>
    <time>2025-07-04T19:35:29Z</time>
   </trkpt>
   <trkpt lat="42.3582340" lon="-71.1157430">
    <ele>2.9</ele>
    <time>2025-07-04T19:35:30Z</time>
   </trkpt>
   <trkpt lat="42.3582030" lon="-71.1157290">
    <ele>2.9</ele>
    <time>2025-07-04T19:35:31Z</time>
   </trkpt>
   <trkpt lat="42.3581530" lon="-71.1157100">
    <ele>2.9</ele>
    <time>2025-07-04T19:35:32Z</time>
   </trkpt>
   <trkpt lat="42.3581060" lon="-71.1156930">
    <ele>2.9</ele>
    <time>2025-07-04T19:35:33Z</time>
   </trkpt>
   <trkpt lat="42.3580590" lon="-71.1156800">
    <ele>2.9</ele>
    <time>2025-07-04T19:35:34Z</time>
   </trkpt>
   <trkpt lat="42.3579820" lon="-71.1156590">
    <ele>2.9</ele>
    <time>2025-07-04T19:35:35Z</time>
   </trkpt>
   <trkpt lat="42.3579380" lon="-71.1156500">
    <ele>2.9</ele>
    <time>2025-07-04T19:35:36Z</time>
   </trkpt>
   <trkpt lat="42.3578980" lon="-71.1156300">
    <ele>2.9</ele>
    <time>2025-07-04T19:35:37Z</time>
   </trkpt>
   <trkpt lat="42.3578470" lon="-71.1156180">
    <ele>2.9</ele>
    <time>2025-07-04T19:35:38Z</time>
   </trkpt>
   <trkpt lat="42.3577890" lon="-71.1155920">
    <ele>2.9</ele>
    <time>2025-07-04T19:35:39Z</time>
   </trkpt>
   <trkpt lat="42.3577280" lon="-71.1155770">
    <ele>2.9</ele>
    <time>2025-07-04T19:35:40Z</time>
   </trkpt>
   <trkpt lat="42.3576790" lon="-71.1155700">
    <ele>2.9</ele>
    <time>2025-07-04T19:35:41Z</time>
   </trkpt>
   <trkpt lat="42.3576180" lon="-71.1155420">
    <ele>2.9</ele>
    <time>2025-07-04T19:35:42Z</time>
   </trkpt>
   <trkpt lat="42.3575640" lon="-71.1155310">
    <ele>3.0</ele>
    <time>2025-07-04T19:35:43Z</time>
   </trkpt>
   <trkpt lat="42.3575220" lon="-71.1155080">
    <ele>3.0</ele>
    <time>2025-07-04T19:35:44Z</time>
   </trkpt>
   <trkpt lat="42.3574810" lon="-71.1154920">
    <ele>3.0</ele>
    <time>2025-07-04T19:35:45Z</time>
   </trkpt>
   <trkpt lat="42.3574370" lon="-71.1154900">
    <ele>3.1</ele>
    <time>2025-07-04T19:35:46Z</time>
   </trkpt>
   <trkpt lat="42.3573920" lon="-71.1154790">
    <ele>3.1</ele>
    <time>2025-07-04T19:35:47Z</time>
   </trkpt>
   <trkpt lat="42.3573390" lon="-71.1154510">
    <ele>3.1</ele>
    <time>2025-07-04T19:35:48Z</time>
   </trkpt>
   <trkpt lat="42.3572910" lon="-71.1154150">
    <ele>3.2</ele>
    <time>2025-07-04T19:35:49Z</time>
   </trkpt>
   <trkpt lat="42.3572420" lon="-71.1153980">
    <ele>3.2</ele>
    <time>2025-07-04T19:35:50Z</time>
   </trkpt>
   <trkpt lat="42.3572020" lon="-71.1153620">
    <ele>3.2</ele>
    <time>2025-07-04T19:35:51Z</time>
   </trkpt>
   <trkpt lat="42.3571580" lon="-71.1153390">
    <ele>3.2</ele>
    <time>2025-07-04T19:35:52Z</time>
   </trkpt>
   <trkpt lat="42.3571120" lon="-71.1153170">
    <ele>3.2</ele>
    <time>2025-07-04T19:35:53Z</time>
   </trkpt>
   <trkpt lat="42.3570720" lon="-71.1152680">
    <ele>3.2</ele>
    <time>2025-07-04T19:35:54Z</time>
   </trkpt>
   <trkpt lat="42.3570110" lon="-71.1152370">
    <ele>3.2</ele>
    <time>2025-07-04T19:35:55Z</time>
   </trkpt>
   <trkpt lat="42.3569710" lon="-71.1151970">
    <ele>3.2</ele>
    <time>2025-07-04T19:35:56Z</time>
   </trkpt>
   <trkpt lat="42.3569260" lon="-71.1151400">
    <ele>3.2</ele>
    <time>2025-07-04T19:35:57Z</time>
   </trkpt>
   <trkpt lat="42.3568950" lon="-71.1151110">
    <ele>3.2</ele>
    <time>2025-07-04T19:35:58Z</time>
   </trkpt>
   <trkpt lat="42.3568500" lon="-71.1150960">
    <ele>3.2</ele>
    <time>2025-07-04T19:35:59Z</time>
   </trkpt>
   <trkpt lat="42.3567940" lon="-71.1150660">
    <ele>3.2</ele>
    <time>2025-07-04T19:36:00Z</time>
   </trkpt>
   <trkpt lat="42.3567760" lon="-71.1150340">
    <ele>3.3</ele>
    <time>2025-07-04T19:36:01Z</time>
   </trkpt>
   <trkpt lat="42.3567530" lon="-71.1149940">
    <ele>3.3</ele>
    <time>2025-07-04T19:36:02Z</time>
   </trkpt>
   <trkpt lat="42.3567070" lon="-71.1149470">
    <ele>3.3</ele>
    <time>2025-07-04T19:36:03Z</time>
   </trkpt>
   <trkpt lat="42.3566570" lon="-71.1148900">
    <ele>3.4</ele>
    <time>2025-07-04T19:36:04Z</time>
   </trkpt>
   <trkpt lat="42.3566190" lon="-71.1148460">
    <ele>3.4</ele>
    <time>2025-07-04T19:36:05Z</time>
   </trkpt>
   <trkpt lat="42.3565770" lon="-71.1148190">
    <ele>3.5</ele>
    <time>2025-07-04T19:36:06Z</time>
   </trkpt>
   <trkpt lat="42.3565520" lon="-71.1147790">
    <ele>3.5</ele>
    <time>2025-07-04T19:36:07Z</time>
   </trkpt>
   <trkpt lat="42.3565000" lon="-71.1147600">
    <ele>3.6</ele>
    <time>2025-07-04T19:36:08Z</time>
   </trkpt>
   <trkpt lat="42.3564840" lon="-71.1147290">
    <ele>3.6</ele>
    <time>2025-07-04T19:36:09Z</time>
   </trkpt>
   <trkpt lat="42.3564610" lon="-71.1146970">
    <ele>3.6</ele>
    <time>2025-07-04T19:36:10Z</time>
   </trkpt>
   <trkpt lat="42.3564210" lon="-71.1146720">
    <ele>3.7</ele>
    <time>2025-07-04T19:36:11Z</time>
   </trkpt>
   <trkpt lat="42.3563790" lon="-71.1146260">
    <ele>3.7</ele>
    <time>2025-07-04T19:36:12Z</time>
   </trkpt>
   <trkpt lat="42.3563450" lon="-71.1146030">
    <ele>3.7</ele>
    <time>2025-07-04T19:36:13Z</time>
   </trkpt>
   <trkpt lat="42.3562990" lon="-71.1145650">
    <ele>3.8</ele>
    <time>2025-07-04T19:36:14Z</time>
   </trkpt>
   <trkpt lat="42.3562810" lon="-71.1145340">
    <ele>3.8</ele>
    <time>2025-07-04T19:36:15Z</time>
   </trkpt>
   <trkpt lat="42.3562510" lon="-71.1145120">
    <ele>3.8</ele>
    <time>2025-07-04T19:36:16Z</time>
   </trkpt>
   <trkpt lat="42.3562140" lon="-71.1144770">
    <ele>3.8</ele>
    <time>2025-07-04T19:36:17Z</time>
   </trkpt>
   <trkpt lat="42.3561900" lon="-71.1144350">
    <ele>3.8</ele>
    <time>2025-07-04T19:36:18Z</time>
   </trkpt>
   <trkpt lat="42.3561580" lon="-71.1143830">
    <ele>3.8</ele>
    <time>2025-07-04T19:36:19Z</time>
   </trkpt>
   <trkpt lat="42.3561310" lon="-71.1143510">
    <ele>3.8</ele>
    <time>2025-07-04T19:36:20Z</time>
   </trkpt>
   <trkpt lat="42.3561030" lon="-71.1143170">
    <ele>3.9</ele>
    <time>2025-07-04T19:36:21Z</time>
   </trkpt>
   <trkpt lat="42.3560610" lon="-71.1142720">
    <ele>3.9</ele>
    <time>2025-07-04T19:36:22Z</time>
   </trkpt>
   <trkpt lat="42.3560310" lon="-71.1142310">
    <ele>3.9</ele>
    <time>2025-07-04T19:36:23Z</time>
   </trkpt>
   <trkpt lat="42.3559940" lon="-71.1141770">
    <ele>3.9</ele>
    <time>2025-07-04T19:36:24Z</time>
   </trkpt>
   <trkpt lat="42.3559730" lon="-71.1141470">
    <ele>3.8</ele>
    <time>2025-07-04T19:36:25Z</time>
   </trkpt>
   <trkpt lat="42.3559590" lon="-71.1141160">
    <ele>3.8</ele>
    <time>2025-07-04T19:36:26Z</time>
   </trkpt>
   <trkpt lat="42.3559380" lon="-71.1140530">
    <ele>3.8</ele>
    <time>2025-07-04T19:36:27Z</time>
   </trkpt>
   <trkpt lat="42.3559100" lon="-71.1140070">
    <ele>3.8</ele>
    <time>2025-07-04T19:36:28Z</time>
   </trkpt>
   <trkpt lat="42.3558860" lon="-71.1139700">
    <ele>3.8</ele>
    <time>2025-07-04T19:36:29Z</time>
   </trkpt>
   <trkpt lat="42.3558540" lon="-71.1139440">
    <ele>3.7</ele>
    <time>2025-07-04T19:36:30Z</time>
   </trkpt>
   <trkpt lat="42.3558120" lon="-71.1139070">
    <ele>3.7</ele>
    <time>2025-07-04T19:36:31Z</time>
   </trkpt>
   <trkpt lat="42.3557680" lon="-71.1138380">
    <ele>3.6</ele>
    <time>2025-07-04T19:36:32Z</time>
   </trkpt>
   <trkpt lat="42.3557180" lon="-71.1137900">
    <ele>3.6</ele>
    <time>2025-07-04T19:36:33Z</time>
   </trkpt>
   <trkpt lat="42.3556930" lon="-71.1137680">
    <ele>3.6</ele>
    <time>2025-07-04T19:36:34Z</time>
   </trkpt>
   <trkpt lat="42.3556360" lon="-71.1137250">
    <ele>3.5</ele>
    <time>2025-07-04T19:36:35Z</time>
   </trkpt>
   <trkpt lat="42.3556010" lon="-71.1136450">
    <ele>3.5</ele>
    <time>2025-07-04T19:36:36Z</time>
   </trkpt>
   <trkpt lat="42.3555680" lon="-71.1135860">
    <ele>3.4</ele>
    <time>2025-07-04T19:36:37Z</time>
   </trkpt>
   <trkpt lat="42.3555390" lon="-71.1135560">
    <ele>3.4</ele>
    <time>2025-07-04T19:36:38Z</time>
   </trkpt>
   <trkpt lat="42.3555210" lon="-71.1135160">
    <ele>3.4</ele>
    <time>2025-07-04T19:36:39Z</time>
   </trkpt>
   <trkpt lat="42.3555130" lon="-71.1134960">
    <ele>3.4</ele>
    <time>2025-07-04T19:36:40Z</time>
   </trkpt>
   <trkpt lat="42.3554990" lon="-71.1134520">
    <ele>3.4</ele>
    <time>2025-07-04T19:36:41Z</time>
   </trkpt>
   <trkpt lat="42.3554670" lon="-71.1133930">
    <ele>3.3</ele>
    <time>2025-07-04T19:36:42Z</time>
   </trkpt>
   <trkpt lat="42.3554380" lon="-71.1133500">
    <ele>3.3</ele>
    <time>2025-07-04T19:36:43Z</time>
   </trkpt>
   <trkpt lat="42.3554080" lon="-71.1133060">
    <ele>3.3</ele>
    <time>2025-07-04T19:36:44Z</time>
   </trkpt>
   <trkpt lat="42.3553680" lon="-71.1132570">
    <ele>3.3</ele>
    <time>2025-07-04T19:36:45Z</time>
   </trkpt>
   <trkpt lat="42.3553340" lon="-71.1132180">
    <ele>3.3</ele>
    <time>2025-07-04T19:36:46Z</time>
   </trkpt>
   <trkpt lat="42.3553070" lon="-71.1131630">
    <ele>3.3</ele>
    <time>2025-07-04T19:36:47Z</time>
   </trkpt>
   <trkpt lat="42.3552750" lon="-71.1131080">
    <ele>3.3</ele>
    <time>2025-07-04T19:36:48Z</time>
   </trkpt>
   <trkpt lat="42.3552450" lon="-71.1130450">
    <ele>3.4</ele>
    <time>2025-07-04T19:36:49Z</time>
   </trkpt>
   <trkpt lat="42.3552100" lon="-71.1129840">
    <ele>3.4</ele>
    <time>2025-07-04T19:36:50Z</time>
   </trkpt>
   <trkpt lat="42.3551850" lon="-71.1129410">
    <ele>3.4</ele>
    <time>2025-07-04T19:36:51Z</time>
   </trkpt>
   <trkpt lat="42.3551720" lon="-71.1128890">
    <ele>3.4</ele>
    <time>2025-07-04T19:36:52Z</time>
   </trkpt>
   <trkpt lat="42.3551630" lon="-71.1128310">
    <ele>3.5</ele>
    <time>2025-07-04T19:36:53Z</time>
   </trkpt>
   <trkpt lat="42.3551320" lon="-71.1127690">
    <ele>3.5</ele>
    <time>2025-07-04T19:36:54Z</time>
   </trkpt>
   <trkpt lat="42.3551000" lon="-71.1127320">
    <ele>3.5</ele>
    <time>2025-07-04T19:36:55Z</time>
   </trkpt>
   <trkpt lat="42.3550480" lon="-71.1127010">
    <ele>3.5</ele>
    <time>2025-07-04T19:36:56Z</time>
   </trkpt>
   <trkpt lat="42.3550150" lon="-71.1126830">
    <ele>3.5</ele>
    <time>2025-07-04T19:36:57Z</time>
   </trkpt>
   <trkpt lat="42.3549690" lon="-71.1126140">
    <ele>3.5</ele>
    <time>2025-07-04T19:36:58Z</time>
   </trkpt>
   <trkpt lat="42.3549300" lon="-71.1125500">
    <ele>3.5</ele>
    <time>2025-07-04T19:36:59Z</time>
   </trkpt>
   <trkpt lat="42.3548960" lon="-71.1124790">
    <ele>3.5</ele>
    <time>2025-07-04T19:37:00Z</time>
   </trkpt>
   <trkpt lat="42.3548590" lon="-71.1124210">
    <ele>3.5</ele>
    <time>2025-07-04T19:37:01Z</time>
   </trkpt>
   <trkpt lat="42.3548280" lon="-71.1123560">
    <ele>3.5</ele>
    <time>2025-07-04T19:37:02Z</time>
   </trkpt>
   <trkpt lat="42.3547960" lon="-71.1123030">
    <ele>3.5</ele>
    <time>2025-07-04T19:37:03Z</time>
   </trkpt>
   <trkpt lat="42.3547660" lon="-71.1122590">
    <ele>3.4</ele>
    <time>2025-07-04T19:37:04Z</time>
   </trkpt>
   <trkpt lat="42.3547280" lon="-71.1121930">
    <ele>3.4</ele>
    <time>2025-07-04T19:37:05Z</time>
   </trkpt>
   <trkpt lat="42.3546990" lon="-71.1121360">
    <ele>3.5</ele>
    <time>2025-07-04T19:37:06Z</time>
   </trkpt>
   <trkpt lat="42.3546730" lon="-71.1120870">
    <ele>3.5</ele>
    <time>2025-07-04T19:37:07Z</time>
   </trkpt>
   <trkpt lat="42.3546460" lon="-71.1120310">
    <ele>3.5</ele>
    <time>2025-07-04T19:37:08Z</time>
   </trkpt>
   <trkpt lat="42.3546150" lon="-71.1119790">
    <ele>3.6</ele>
    <time>2025-07-04T19:37:09Z</time>
   </trkpt>
   <trkpt lat="42.3545700" lon="-71.1119590">
    <ele>3.6</ele>
    <time>2025-07-04T19:37:10Z</time>
   </trkpt>
   <trkpt lat="42.3545300" lon="-71.1119290">
    <ele>3.6</ele>
    <time>2025-07-04T19:37:11Z</time>
   </trkpt>
   <trkpt lat="42.3544960" lon="-71.1118870">
    <ele>3.7</ele>
    <time>2025-07-04T19:37:12Z</time>
   </trkpt>
   <trkpt lat="42.3544780" lon="-71.1118570">
    <ele>3.7</ele>
    <time>2025-07-04T19:37:13Z</time>
   </trkpt>
   <trkpt lat="42.3544300" lon="-71.1118330">
    <ele>3.7</ele>
    <time>2025-07-04T19:37:14Z</time>
   </trkpt>
   <trkpt lat="42.3543870" lon="-71.1118230">
    <ele>3.8</ele>
    <time>2025-07-04T19:37:15Z</time>
   </trkpt>
   <trkpt lat="42.3543500" lon="-71.1117950">
    <ele>3.8</ele>
    <time>2025-07-04T19:37:16Z</time>
   </trkpt>
   <trkpt lat="42.3543230" lon="-71.1117570">
    <ele>3.9</ele>
    <time>2025-07-04T19:37:17Z</time>
   </trkpt>
   <trkpt lat="42.3542980" lon="-71.1117080">
    <ele>3.9</ele>
    <time>2025-07-04T19:37:18Z</time>
   </trkpt>
   <trkpt lat="42.3542750" lon="-71.1116820">
    <ele>4.0</ele>
    <time>2025-07-04T19:37:19Z</time>
   </trkpt>
   <trkpt lat="42.3542260" lon="-71.1116580">
    <ele>4.0</ele>
    <time>2025-07-04T19:37:20Z</time>
   </trkpt>
   <trkpt lat="42.3541880" lon="-71.1116140">
    <ele>4.1</ele>
    <time>2025-07-04T19:37:21Z</time>
   </trkpt>
   <trkpt lat="42.3541450" lon="-71.1115560">
    <ele>4.1</ele>
    <time>2025-07-04T19:37:22Z</time>
   </trkpt>
   <trkpt lat="42.3541110" lon="-71.1115200">
    <ele>4.2</ele>
    <time>2025-07-04T19:37:23Z</time>
   </trkpt>
   <trkpt lat="42.3540620" lon="-71.1114740">
    <ele>4.2</ele>
    <time>2025-07-04T19:37:24Z</time>
   </trkpt>
   <trkpt lat="42.3540150" lon="-71.1114440">
    <ele>4.3</ele>
    <time>2025-07-04T19:37:25Z</time>
   </trkpt>
   <trkpt lat="42.3539810" lon="-71.1114240">
    <ele>4.3</ele>
    <time>2025-07-04T19:37:26Z</time>
   </trkpt>
   <trkpt lat="42.3539480" lon="-71.1113910">
    <ele>4.4</ele>
    <time>2025-07-04T19:37:27Z</time>
   </trkpt>
   <trkpt lat="42.3539180" lon="-71.1113550">
    <ele>4.5</ele>
    <time>2025-07-04T19:37:28Z</time>
   </trkpt>
   <trkpt lat="42.3538850" lon="-71.1113160">
    <ele>4.6</ele>
    <time>2025-07-04T19:37:29Z</time>
   </trkpt>
   <trkpt lat="42.3538500" lon="-71.1112620">
    <ele>4.7</ele>
    <time>2025-07-04T19:37:30Z</time>
   </trkpt>
   <trkpt lat="42.3538200" lon="-71.1112140">
    <ele>4.8</ele>
    <time>2025-07-04T19:37:31Z</time>
   </trkpt>
   <trkpt lat="42.3537910" lon="-71.1111650">
    <ele>5.0</ele>
    <time>2025-07-04T19:37:32Z</time>
   </trkpt>
   <trkpt lat="42.3537650" lon="-71.1111130">
    <ele>5.2</ele>
    <time>2025-07-04T19:37:33Z</time>
   </trkpt>
   <trkpt lat="42.3537580" lon="-71.1110850">
    <ele>5.3</ele>
    <time>2025-07-04T19:37:34Z</time>
   </trkpt>
   <trkpt lat="42.3537330" lon="-71.1110600">
    <ele>5.5</ele>
    <time>2025-07-04T19:37:35Z</time>
   </trkpt>
   <trkpt lat="42.3537110" lon="-71.1110280">
    <ele>5.6</ele>
    <time>2025-07-04T19:37:36Z</time>
   </trkpt>
   <trkpt lat="42.3536910" lon="-71.1109960">
    <ele>5.8</ele>
    <time>2025-07-04T19:37:37Z</time>
   </trkpt>
   <trkpt lat="42.3536840" lon="-71.1109740">
    <ele>5.9</ele>
    <time>2025-07-04T19:37:38Z</time>
   </trkpt>
   <trkpt lat="42.3536850" lon="-71.1109550">
    <ele>6.0</ele>
    <time>2025-07-04T19:37:39Z</time>
   </trkpt>
   <trkpt lat="42.3536910" lon="-71.1109130">
    <ele>6.2</ele>
    <time>2025-07-04T19:37:40Z</time>
   </trkpt>
   <trkpt lat="42.3536890" lon="-71.1108910">
    <ele>6.3</ele>
    <time>2025-07-04T19:37:41Z</time>
   </trkpt>
   <trkpt lat="42.3536790" lon="-71.1108680">
    <ele>6.4</ele>
    <time>2025-07-04T19:37:42Z</time>
   </trkpt>
   <trkpt lat="42.3536790" lon="-71.1108290">
    <ele>6.6</ele>
    <time>2025-07-04T19:37:43Z</time>
   </trkpt>
   <trkpt lat="42.3536790" lon="-71.1107850">
    <ele>6.8</ele>
    <time>2025-07-04T19:37:44Z</time>
   </trkpt>
   <trkpt lat="42.3536750" lon="-71.1107610">
    <ele>6.9</ele>
    <time>2025-07-04T19:37:45Z</time>
   </trkpt>
   <trkpt lat="42.3536720" lon="-71.1107370">
    <ele>7.0</ele>
    <time>2025-07-04T19:37:46Z</time>
   </trkpt>
   <trkpt lat="42.3536680" lon="-71.1107140">
    <ele>7.1</ele>
    <time>2025-07-04T19:37:47Z</time>
   </trkpt>
   <trkpt lat="42.3536650" lon="-71.1106900">
    <ele>7.1</ele>
    <time>2025-07-04T19:37:48Z</time>
   </trkpt>
   <trkpt lat="42.3536610" lon="-71.1106660">
    <ele>7.1</ele>
    <time>2025-07-04T19:37:58Z</time>
   </trkpt>
   <trkpt lat="42.3536580" lon="-71.1106420">
    <ele>7.1</ele>
    <time>2025-07-04T19:37:59Z</time>
   </trkpt>
   <trkpt lat="42.3536610" lon="-71.1105910">
    <ele>7.1</ele>
    <time>2025-07-04T19:38:00Z</time>
   </trkpt>
   <trkpt lat="42.3536620" lon="-71.1105690">
    <ele>7.1</ele>
    <time>2025-07-04T19:38:01Z</time>
   </trkpt>
   <trkpt lat="42.3536610" lon="-71.1105080">
    <ele>7.2</ele>
    <time>2025-07-04T19:38:02Z</time>
   </trkpt>
   <trkpt lat="42.3536550" lon="-71.1104820">
    <ele>7.2</ele>
    <time>2025-07-04T19:38:03Z</time>
   </trkpt>
   <trkpt lat="42.3536380" lon="-71.1104360">
    <ele>7.3</ele>
    <time>2025-07-04T19:38:04Z</time>
   </trkpt>
   <trkpt lat="42.3536260" lon="-71.1103800">
    <ele>7.3</ele>
    <time>2025-07-04T19:38:05Z</time>
   </trkpt>
   <trkpt lat="42.3536120" lon="-71.1103420">
    <ele>7.3</ele>
    <time>2025-07-04T19:38:06Z</time>
   </trkpt>
   <trkpt lat="42.3536120" lon="-71.1102860">
    <ele>7.4</ele>
    <time>2025-07-04T19:38:07Z</time>
   </trkpt>
   <trkpt lat="42.3536100" lon="-71.1102280">
    <ele>7.4</ele>
    <time>2025-07-04T19:38:08Z</time>
   </trkpt>
   <trkpt lat="42.3536000" lon="-71.1101760">
    <ele>7.4</ele>
    <time>2025-07-04T19:38:09Z</time>
   </trkpt>
   <trkpt lat="42.3535840" lon="-71.1101230">
    <ele>7.4</ele>
    <time>2025-07-04T19:38:10Z</time>
   </trkpt>
   <trkpt lat="42.3535750" lon="-71.1100770">
    <ele>7.4</ele>
    <time>2025-07-04T19:38:11Z</time>
   </trkpt>
   <trkpt lat="42.3535560" lon="-71.1100250">
    <ele>7.5</ele>
    <time>2025-07-04T19:38:12Z</time>
   </trkpt>
   <trkpt lat="42.3535490" lon="-71.1099600">
    <ele>7.6</ele>
    <time>2025-07-04T19:38:13Z</time>
   </trkpt>
   <trkpt lat="42.3535380" lon="-71.1099140">
    <ele>7.7</ele>
    <time>2025-07-04T19:38:14Z</time>
   </trkpt>
   <trkpt lat="42.3535230" lon="-71.1098770">
    <ele>7.8</ele>
    <time>2025-07-04T19:38:15Z</time>
   </trkpt>
   <trkpt lat="42.3535100" lon="-71.1098320">
    <ele>8.0</ele>
    <time>2025-07-04T19:38:16Z</time>
   </trkpt>
   <trkpt lat="42.3535060" lon="-71.1097930">
    <ele>8.0</ele>
    <time>2025-07-04T19:38:17Z</time>
   </trkpt>
   <trkpt lat="42.3534950" lon="-71.1097500">
    <ele>8.1</ele>
    <time>2025-07-04T19:38:18Z</time>
   </trkpt>
   <trkpt lat="42.3534920" lon="-71.1097360">
    <ele>8.2</ele>
    <time>2025-07-04T19:38:19Z</time>
   </trkpt>
   <trkpt lat="42.3534860" lon="-71.1096920">
    <ele>8.3</ele>
    <time>2025-07-04T19:38:20Z</time>
   </trkpt>
   <trkpt lat="42.3534860" lon="-71.1096320">
    <ele>8.4</ele>
    <time>2025-07-04T19:38:21Z</time>
   </trkpt>
   <trkpt lat="42.3534820" lon="-71.1096060">
    <ele>8.4</ele>
    <time>2025-07-04T19:38:22Z</time>
   </trkpt>
   <trkpt lat="42.3534810" lon="-71.1095610">
    <ele>8.5</ele>
    <time>2025-07-04T19:38:23Z</time>
   </trkpt>
   <trkpt lat="42.3534790" lon="-71.1095280">
    <ele>8.6</ele>
    <time>2025-07-04T19:38:24Z</time>
   </trkpt>
   <trkpt lat="42.3534730" lon="-71.1095110">
    <ele>8.6</ele>
    <time>2025-07-04T19:38:25Z</time>
   </trkpt>
   <trkpt lat="42.3534680" lon="-71.1094950">
    <ele>8.6</ele>
    <time>2025-07-04T19:38:26Z</time>
   </trkpt>
   <trkpt lat="42.3534430" lon="-71.1094550">
    <ele>8.7</ele>
    <time>2025-07-04T19:38:27Z</time>
   </trkpt>
   <trkpt lat="42.3534300" lon="-71.1094060">
    <ele>8.8</ele>
    <time>2025-07-04T19:38:28Z</time>
   </trkpt>
   <trkpt lat="42.3534230" lon="-71.1093840">
    <ele>8.8</ele>
    <time>2025-07-04T19:38:29Z</time>
   </trkpt>
   <trkpt lat="42.3534320" lon="-71.1093270">
    <ele>8.9</ele>
    <time>2025-07-04T19:38:30Z</time>
   </trkpt>
   <trkpt lat="42.3534330" lon="-71.1092990">
    <ele>9.0</ele>
    <time>2025-07-04T19:38:31Z</time>
   </trkpt>
   <trkpt lat="42.3534180" lon="-71.1092320">
    <ele>9.0</ele>
    <time>2025-07-04T19:38:32Z</time>
   </trkpt>
   <trkpt lat="42.3534100" lon="-71.1091990">
    <ele>9.1</ele>
    <time>2025-07-04T19:38:33Z</time>
   </trkpt>
   <trkpt lat="42.3533900" lon="-71.1091560">
    <ele>9.1</ele>
    <time>2025-07-04T19:38:34Z</time>
   </trkpt>
   <trkpt lat="42.3533770" lon="-71.1091310">
    <ele>9.1</ele>
    <time>2025-07-04T19:38:35Z</time>
   </trkpt>
   <trkpt lat="42.3533520" lon="-71.1090900">
    <ele>9.1</ele>
    <time>2025-07-04T19:38:36Z</time>
   </trkpt>
   <trkpt lat="42.3533380" lon="-71.1090680">
    <ele>9.1</ele>
    <time>2025-07-04T19:38:37Z</time>
   </trkpt>
   <trkpt lat="42.3533300" lon="-71.1090220">
    <ele>9.1</ele>
    <time>2025-07-04T19:38:38Z</time>
   </trkpt>
   <trkpt lat="42.3533230" lon="-71.1089980">
    <ele>9.1</ele>
    <time>2025-07-04T19:38:39Z</time>
   </trkpt>
   <trkpt lat="42.3533040" lon="-71.1089280">
    <ele>9.0</ele>
    <time>2025-07-04T19:38:40Z</time>
   </trkpt>
   <trkpt lat="42.3532910" lon="-71.1088400">
    <ele>8.9</ele>
    <time>2025-07-04T19:38:41Z</time>
   </trkpt>
   <trkpt lat="42.3532860" lon="-71.1087810">
    <ele>8.8</ele>
    <time>2025-07-04T19:38:42Z</time>
   </trkpt>
   <trkpt lat="42.3532800" lon="-71.1087090">
    <ele>8.6</ele>
    <time>2025-07-04T19:38:43Z</time>
   </trkpt>
   <trkpt lat="42.3532760" lon="-71.1086620">
    <ele>8.5</ele>
    <time>2025-07-04T19:38:44Z</time>
   </trkpt>
   <trkpt lat="42.3532630" lon="-71.1085950">
    <ele>8.3</ele>
    <time>2025-07-04T19:38:45Z</time>
   </trkpt>
   <trkpt lat="42.3532570" lon="-71.1085620">
    <ele>8.2</ele>
    <time>2025-07-04T19:38:46Z</time>
   </trkpt>
   <trkpt lat="42.3532520" lon="-71.1084770">
    <ele>8.0</ele>
    <time>2025-07-04T19:38:47Z</time>
   </trkpt>
   <trkpt lat="42.3532530" lon="-71.1084000">
    <ele>7.7</ele>
    <time>2025-07-04T19:38:48Z</time>
   </trkpt>
   <trkpt lat="42.3532640" lon="-71.1082890">
    <ele>7.4</ele>
    <time>2025-07-04T19:38:49Z</time>
   </trkpt>
   <trkpt lat="42.3532760" lon="-71.1081970">
    <ele>7.1</ele>
    <time>2025-07-04T19:38:50Z</time>
   </trkpt>
   <trkpt lat="42.3532730" lon="-71.1081180">
    <ele>6.9</ele>
    <time>2025-07-04T19:38:51Z</time>
   </trkpt>
   <trkpt lat="42.3532620" lon="-71.1080590">
    <ele>6.7</ele>
    <time>2025-07-04T19:38:52Z</time>
   </trkpt>
   <trkpt lat="42.3532470" lon="-71.1079910">
    <ele>6.5</ele>
    <time>2025-07-04T19:38:53Z</time>
   </trkpt>
   <trkpt lat="42.3532220" lon="-71.1079200">
    <ele>6.3</ele>
    <time>2025-07-04T19:38:54Z</time>
   </trkpt>
   <trkpt lat="42.3531990" lon="-71.1078190">
    <ele>6.0</ele>
    <time>2025-07-04T19:38:55Z</time>
   </trkpt>
   <trkpt lat="42.3531820" lon="-71.1077600">
    <ele>4.2</ele>
    <time>2025-07-04T19:38:56Z</time>
   </trkpt>
   <trkpt lat="42.3531770" lon="-71.1076720">
    <ele>3.9</ele>
    <time>2025-07-04T19:38:57Z</time>
   </trkpt>
   <trkpt lat="42.3531800" lon="-71.1075800">
    <ele>4.6</ele>
    <time>2025-07-04T19:38:58Z</time>
   </trkpt>
   <trkpt lat="42.3531840" lon="-71.1074990">
    <ele>5.3</ele>
    <time>2025-07-04T19:38:59Z</time>
   </trkpt>
   <trkpt lat="42.3531800" lon="-71.1074140">
    <ele>5.1</ele>
    <time>2025-07-04T19:39:00Z</time>
   </trkpt>
   <trkpt lat="42.3531860" lon="-71.1072890">
    <ele>4.8</ele>
    <time>2025-07-04T19:39:01Z</time>
   </trkpt>
   <trkpt lat="42.3531930" lon="-71.1071830">
    <ele>4.5</ele>
    <time>2025-07-04T19:39:02Z</time>
   </trkpt>
   <trkpt lat="42.3531960" lon="-71.1071020">
    <ele>4.4</ele>
    <time>2025-07-04T19:39:03Z</time>
   </trkpt>
   <trkpt lat="42.3532020" lon="-71.1070200">
    <ele>4.2</ele>
    <time>2025-07-04T19:39:04Z</time>
   </trkpt>
   <trkpt lat="42.3531960" lon="-71.1069710">
    <ele>4.1</ele>
    <time>2025-07-04T19:39:05Z</time>
   </trkpt>
   <trkpt lat="42.3531820" lon="-71.1069170">
    <ele>4.1</ele>
    <time>2025-07-04T19:39:06Z</time>
   </trkpt>
   <trkpt lat="42.3531810" lon="-71.1068080">
    <ele>4.0</ele>
    <time>2025-07-04T19:39:07Z</time>
   </trkpt>
   <trkpt lat="42.3531770" lon="-71.1067520">
    <ele>3.9</ele>
    <time>2025-07-04T19:39:08Z</time>
   </trkpt>
   <trkpt lat="42.3531750" lon="-71.1066820">
    <ele>3.9</ele>
    <time>2025-07-04T19:39:09Z</time>
   </trkpt>
   <trkpt lat="42.3531620" lon="-71.1066240">
    <ele>3.8</ele>
    <time>2025-07-04T19:39:10Z</time>
   </trkpt>
   <trkpt lat="42.3531480" lon="-71.1065700">
    <ele>3.8</ele>
    <time>2025-07-04T19:39:11Z</time>
   </trkpt>
   <trkpt lat="42.3531500" lon="-71.1064850">
    <ele>3.8</ele>
    <time>2025-07-04T19:39:12Z</time>
   </trkpt>
   <trkpt lat="42.3531530" lon="-71.1064230">
    <ele>3.8</ele>
    <time>2025-07-04T19:39:13Z</time>
   </trkpt>
   <trkpt lat="42.3531500" lon="-71.1063570">
    <ele>3.7</ele>
    <time>2025-07-04T19:39:14Z</time>
   </trkpt>
   <trkpt lat="42.3531580" lon="-71.1062620">
    <ele>3.7</ele>
    <time>2025-07-04T19:39:15Z</time>
   </trkpt>
   <trkpt lat="42.3531530" lon="-71.1061890">
    <ele>3.6</ele>
    <time>2025-07-04T19:39:16Z</time>
   </trkpt>
   <trkpt lat="42.3531670" lon="-71.1060760">
    <ele>3.6</ele>
    <time>2025-07-04T19:39:17Z</time>
   </trkpt>
   <trkpt lat="42.3531950" lon="-71.1059770">
    <ele>3.5</ele>
    <time>2025-07-04T19:39:18Z</time>
   </trkpt>
   <trkpt lat="42.3532060" lon="-71.1058540">
    <ele>3.4</ele>
    <time>2025-07-04T19:39:19Z</time>
   </trkpt>
   <trkpt lat="42.3532310" lon="-71.1057460">
    <ele>3.4</ele>
    <time>2025-07-04T19:39:20Z</time>
   </trkpt>
   <trkpt lat="42.3532500" lon="-71.1056460">
    <ele>3.2</ele>
    <time>2025-07-04T19:39:21Z</time>
   </trkpt>
   <trkpt lat="42.3532640" lon="-71.1055630">
    <ele>3.1</ele>
    <time>2025-07-04T19:39:22Z</time>
   </trkpt>
   <trkpt lat="42.3532750" lon="-71.1054750">
    <ele>2.9</ele>
    <time>2025-07-04T19:39:23Z</time>
   </trkpt>
   <trkpt lat="42.3532890" lon="-71.1053880">
    <ele>2.7</ele>
    <time>2025-07-04T19:39:24Z</time>
   </trkpt>
   <trkpt lat="42.3533050" lon="-71.1052930">
    <ele>2.5</ele>
    <time>2025-07-04T19:39:25Z</time>
   </trkpt>
   <trkpt lat="42.3533130" lon="-71.1052110">
    <ele>2.3</ele>
    <time>2025-07-04T19:39:26Z</time>
   </trkpt>
   <trkpt lat="42.3533260" lon="-71.1051260">
    <ele>2.2</ele>
    <time>2025-07-04T19:39:27Z</time>
   </trkpt>
   <trkpt lat="42.3533430" lon="-71.1050420">
    <ele>2.1</ele>
    <time>2025-07-04T19:39:28Z</time>
   </trkpt>
   <trkpt lat="42.3533560" lon="-71.1049650">
    <ele>2.1</ele>
    <time>2025-07-04T19:39:29Z</time>
   </trkpt>
   <trkpt lat="42.3533620" lon="-71.1048910">
    <ele>2.0</ele>
    <time>2025-07-04T19:39:30Z</time>
   </trkpt>
   <trkpt lat="42.3533640" lon="-71.1048240">
    <ele>2.0</ele>
    <time>2025-07-04T19:39:31Z</time>
   </trkpt>
   <trkpt lat="42.3533740" lon="-71.1047440">
    <ele>2.0</ele>
    <time>2025-07-04T19:39:32Z</time>
   </trkpt>
   <trkpt lat="42.3533840" lon="-71.1046680">
    <ele>1.9</ele>
    <time>2025-07-04T19:39:33Z</time>
   </trkpt>
   <trkpt lat="42.3533980" lon="-71.1045850">
    <ele>1.9</ele>
    <time>2025-07-04T19:39:34Z</time>
   </trkpt>
   <trkpt lat="42.3534140" lon="-71.1045050">
    <ele>1.9</ele>
    <time>2025-07-04T19:39:35Z</time>
   </trkpt>
   <trkpt lat="42.3534320" lon="-71.1044280">
    <ele>1.9</ele>
    <time>2025-07-04T19:39:36Z</time>
   </trkpt>
   <trkpt lat="42.3534420" lon="-71.1043590">
    <ele>1.9</ele>
    <time>2025-07-04T19:39:37Z</time>
   </trkpt>
   <trkpt lat="42.3534390" lon="-71.1043050">
    <ele>1.8</ele>
    <time>2025-07-04T19:39:38Z</time>
   </trkpt>
   <trkpt lat="42.3534410" lon="-71.1042290">
    <ele>1.8</ele>
    <time>2025-07-04T19:39:39Z</time>
   </trkpt>
   <trkpt lat="42.3534580" lon="-71.1041530">
    <ele>1.8</ele>
    <time>2025-07-04T19:39:40Z</time>
   </trkpt>
   <trkpt lat="42.3534830" lon="-71.1040790">
    <ele>1.8</ele>
    <time>2025-07-04T19:39:41Z</time>
   </trkpt>
   <trkpt lat="42.3535030" lon="-71.1039920">
    <ele>1.8</ele>
    <time>2025-07-04T19:39:42Z</time>
   </trkpt>
   <trkpt lat="42.3535240" lon="-71.1039350">
    <ele>1.8</ele>
    <time>2025-07-04T19:39:43Z</time>
   </trkpt>
   <trkpt lat="42.3535260" lon="-71.1038840">
    <ele>1.7</ele>
    <time>2025-07-04T19:39:44Z</time>
   </trkpt>
   <trkpt lat="42.3535450" lon="-71.1038200">
    <ele>1.7</ele>
    <time>2025-07-04T19:39:45Z</time>
   </trkpt>
   <trkpt lat="42.3535350" lon="-71.1037770">
    <ele>1.7</ele>
    <time>2025-07-04T19:39:46Z</time>
   </trkpt>
   <trkpt lat="42.3535530" lon="-71.1037100">
    <ele>1.7</ele>
    <time>2025-07-04T19:39:47Z</time>
   </trkpt>
   <trkpt lat="42.3535700" lon="-71.1036510">
    <ele>1.7</ele>
    <time>2025-07-04T19:39:48Z</time>
   </trkpt>
   <trkpt lat="42.3535950" lon="-71.1035780">
    <ele>1.7</ele>
    <time>2025-07-04T19:39:49Z</time>
   </trkpt>
   <trkpt lat="42.3536220" lon="-71.1035200">
    <ele>1.7</ele>
    <time>2025-07-04T19:39:50Z</time>
   </trkpt>
   <trkpt lat="42.3536370" lon="-71.1034600">
    <ele>1.7</ele>
    <time>2025-07-04T19:39:51Z</time>
   </trkpt>
   <trkpt lat="42.3536550" lon="-71.1033990">
    <ele>1.8</ele>
    <time>2025-07-04T19:39:52Z</time>
   </trkpt>
   <trkpt lat="42.3536610" lon="-71.1033440">
    <ele>1.8</ele>
    <time>2025-07-04T19:39:53Z</time>
   </trkpt>
   <trkpt lat="42.3536750" lon="-71.1032760">
    <ele>1.8</ele>
    <time>2025-07-04T19:39:54Z</time>
   </trkpt>
   <trkpt lat="42.3536890" lon="-71.1032090">
    <ele>1.8</ele>
    <time>2025-07-04T19:39:55Z</time>
   </trkpt>
   <trkpt lat="42.3537120" lon="-71.1031450">
    <ele>1.8</ele>
    <time>2025-07-04T19:39:56Z</time>
   </trkpt>
   <trkpt lat="42.3537350" lon="-71.1030680">
    <ele>1.8</ele>
    <time>2025-07-04T19:39:57Z</time>
   </trkpt>
   <trkpt lat="42.3537600" lon="-71.1030080">
    <ele>1.8</ele>
    <time>2025-07-04T19:39:58Z</time>
   </trkpt>
   <trkpt lat="42.3537820" lon="-71.1029520">
    <ele>1.8</ele>
    <time>2025-07-04T19:39:59Z</time>
   </trkpt>
   <trkpt lat="42.3537910" lon="-71.1028950">
    <ele>1.9</ele>
    <time>2025-07-04T19:40:00Z</time>
   </trkpt>
   <trkpt lat="42.3538140" lon="-71.1028220">
    <ele>1.9</ele>
    <time>2025-07-04T19:40:01Z</time>
   </trkpt>
   <trkpt lat="42.3538380" lon="-71.1027600">
    <ele>1.9</ele>
    <time>2025-07-04T19:40:02Z</time>
   </trkpt>
   <trkpt lat="42.3538340" lon="-71.1027150">
    <ele>1.9</ele>
    <time>2025-07-04T19:40:03Z</time>
   </trkpt>
   <trkpt lat="42.3538590" lon="-71.1026530">
    <ele>1.9</ele>
    <time>2025-07-04T19:40:04Z</time>
   </trkpt>
   <trkpt lat="42.3538860" lon="-71.1025920">
    <ele>1.9</ele>
    <time>2025-07-04T19:40:05Z</time>
   </trkpt>
   <trkpt lat="42.3539140" lon="-71.1025200">
    <ele>1.9</ele>
    <time>2025-07-04T19:40:06Z</time>
   </trkpt>
   <trkpt lat="42.3539240" lon="-71.1024540">
    <ele>1.9</ele>
    <time>2025-07-04T19:40:07Z</time>
   </trkpt>
   <trkpt lat="42.3539400" lon="-71.1024120">
    <ele>1.9</ele>
    <time>2025-07-04T19:40:08Z</time>
   </trkpt>
   <trkpt lat="42.3539690" lon="-71.1023480">
    <ele>1.9</ele>
    <time>2025-07-04T19:40:09Z</time>
   </trkpt>
   <trkpt lat="42.3539800" lon="-71.1022830">
    <ele>1.9</ele>
    <time>2025-07-04T19:40:10Z</time>
   </trkpt>
   <trkpt lat="42.3540020" lon="-71.1022210">
    <ele>1.9</ele>
    <time>2025-07-04T19:40:11Z</time>
   </trkpt>
   <trkpt lat="42.3540250" lon="-71.1021500">
    <ele>1.9</ele>
    <time>2025-07-04T19:40:12Z</time>
   </trkpt>
   <trkpt lat="42.3540420" lon="-71.1020850">
    <ele>1.9</ele>
    <time>2025-07-04T19:40:13Z</time>
   </trkpt>
   <trkpt lat="42.3540560" lon="-71.1020290">
    <ele>1.9</ele>
    <time>2025-07-04T19:40:14Z</time>
   </trkpt>
   <trkpt lat="42.3540760" lon="-71.1019790">
    <ele>1.9</ele>
    <time>2025-07-04T19:40:15Z</time>
   </trkpt>
   <trkpt lat="42.3540980" lon="-71.1019030">
    <ele>1.9</ele>
    <time>2025-07-04T19:40:16Z</time>
   </trkpt>
   <trkpt lat="42.3541320" lon="-71.1018300">
    <ele>1.9</ele>
    <time>2025-07-04T19:40:17Z</time>
   </trkpt>
   <trkpt lat="42.3541500" lon="-71.1017790">
    <ele>2.0</ele>
    <time>2025-07-04T19:40:18Z</time>
   </trkpt>
   <trkpt lat="42.3541740" lon="-71.1017060">
    <ele>2.0</ele>
    <time>2025-07-04T19:40:19Z</time>
   </trkpt>
   <trkpt lat="42.3542050" lon="-71.1016330">
    <ele>2.0</ele>
    <time>2025-07-04T19:40:20Z</time>
   </trkpt>
   <trkpt lat="42.3542340" lon="-71.1015620">
    <ele>2.0</ele>
    <time>2025-07-04T19:40:21Z</time>
   </trkpt>
   <trkpt lat="42.3542670" lon="-71.1014960">
    <ele>2.0</ele>
    <time>2025-07-04T19:40:22Z</time>
   </trkpt>
   <trkpt lat="42.3542850" lon="-71.1014370">
    <ele>2.0</ele>
    <time>2025-07-04T19:40:23Z</time>
   </trkpt>
   <trkpt lat="42.3543050" lon="-71.1013650">
    <ele>2.0</ele>
    <time>2025-07-04T19:40:24Z</time>
   </trkpt>
   <trkpt lat="42.3543240" lon="-71.1012970">
    <ele>2.0</ele>
    <time>2025-07-04T19:40:25Z</time>
   </trkpt>
   <trkpt lat="42.3543410" lon="-71.1012210">
    <ele>2.0</ele>
    <time>2025-07-04T19:40:26Z</time>
   </trkpt>
   <trkpt lat="42.3543670" lon="-71.1011600">
    <ele>2.0</ele>
    <time>2025-07-04T19:40:27Z</time>
   </trkpt>
   <trkpt lat="42.3543840" lon="-71.1011020">
    <ele>2.0</ele>
    <time>2025-07-04T19:40:28Z</time>
   </trkpt>
   <trkpt lat="42.3544220" lon="-71.1010390">
    <ele>1.9</ele>
    <time>2025-07-04T19:40:29Z</time>
   </trkpt>
   <trkpt lat="42.3544340" lon="-71.1009860">
    <ele>1.9</ele>
    <time>2025-07-04T19:40:30Z</time>
   </trkpt>
   <trkpt lat="42.3544300" lon="-71.1009290">
    <ele>1.9</ele>
    <time>2025-07-04T19:40:31Z</time>
   </trkpt>
   <trkpt lat="42.3544500" lon="-71.1008660">
    <ele>1.9</ele>
    <time>2025-07-04T19:40:32Z</time>
   </trkpt>
   <trkpt lat="42.3544790" lon="-71.1008060">
    <ele>1.9</ele>
    <time>2025-07-04T19:40:33Z</time>
   </trkpt>
   <trkpt lat="42.3544980" lon="-71.1007470">
    <ele>1.9</ele>
    <time>2025-07-04T19:40:34Z</time>
   </trkpt>
   <trkpt lat="42.3545310" lon="-71.1006780">
    <ele>1.9</ele>
    <time>2025-07-04T19:40:35Z</time>
   </trkpt>
   <trkpt lat="42.3545560" lon="-71.1006100">
    <ele>1.8</ele>
    <time>2025-07-04T19:40:36Z</time>
   </trkpt>
   <trkpt lat="42.3545720" lon="-71.1005510">
    <ele>1.8</ele>
    <time>2025-07-04T19:40:37Z</time>
   </trkpt>
   <trkpt lat="42.3545810" lon="-71.1005080">
    <ele>1.8</ele>
    <time>2025-07-04T19:40:38Z</time>
   </trkpt>
   <trkpt lat="42.3545620" lon="-71.1004780">
    <ele>1.8</ele>
    <time>2025-07-04T19:40:39Z</time>
   </trkpt>
   <trkpt lat="42.3545760" lon="-71.1004270">
    <ele>1.8</ele>
    <time>2025-07-04T19:40:40Z</time>
   </trkpt>
   <trkpt lat="42.3545910" lon="-71.1003610">
    <ele>1.8</ele>
    <time>2025-07-04T19:40:41Z</time>
   </trkpt>
   <trkpt lat="42.3546120" lon="-71.1003040">
    <ele>1.8</ele>
    <time>2025-07-04T19:40:42Z</time>
   </trkpt>
   <trkpt lat="42.3546140" lon="-71.1002560">
    <ele>1.9</ele>
    <time>2025-07-04T19:40:43Z</time>
   </trkpt>
   <trkpt lat="42.3546350" lon="-71.1001840">
    <ele>1.9</ele>
    <time>2025-07-04T19:40:44Z</time>
   </trkpt>
   <trkpt lat="42.3546360" lon="-71.1001300">
    <ele>1.9</ele>
    <time>2025-07-04T19:40:45Z</time>
   </trkpt>
   <trkpt lat="42.3546330" lon="-71.1000890">
    <ele>1.9</ele>
    <time>2025-07-04T19:40:46Z</time>
   </trkpt>
   <trkpt lat="42.3546400" lon="-71.1000450">
    <ele>1.9</ele>
    <time>2025-07-04T19:40:47Z</time>
   </trkpt>
   <trkpt lat="42.3546590" lon="-71.0999790">
    <ele>1.9</ele>
    <time>2025-07-04T19:40:48Z</time>
   </trkpt>
   <trkpt lat="42.3546770" lon="-71.0999090">
    <ele>2.0</ele>
    <time>2025-07-04T19:40:49Z</time>
   </trkpt>
   <trkpt lat="42.3546930" lon="-71.0998410">
    <ele>2.1</ele>
    <time>2025-07-04T19:40:50Z</time>
   </trkpt>
   <trkpt lat="42.3547020" lon="-71.0997560">
    <ele>2.2</ele>
    <time>2025-07-04T19:40:51Z</time>
   </trkpt>
   <trkpt lat="42.3547200" lon="-71.0996730">
    <ele>2.3</ele>
    <time>2025-07-04T19:40:52Z</time>
   </trkpt>
   <trkpt lat="42.3547320" lon="-71.0996050">
    <ele>2.3</ele>
    <time>2025-07-04T19:40:53Z</time>
   </trkpt>
   <trkpt lat="42.3547560" lon="-71.0995290">
    <ele>2.5</ele>
    <time>2025-07-04T19:40:54Z</time>
   </trkpt>
   <trkpt lat="42.3547620" lon="-71.0994690">
    <ele>2.5</ele>
    <time>2025-07-04T19:40:55Z</time>
   </trkpt>
   <trkpt lat="42.3547570" lon="-71.0993980">
    <ele>2.6</ele>
    <time>2025-07-04T19:40:56Z</time>
   </trkpt>
   <trkpt lat="42.3547680" lon="-71.0993130">
    <ele>2.7</ele>
    <time>2025-07-04T19:40:57Z</time>
   </trkpt>
   <trkpt lat="42.3547990" lon="-71.0992130">
    <ele>2.8</ele>
    <time>2025-07-04T19:40:58Z</time>
   </trkpt>
   <trkpt lat="42.3548080" lon="-71.0991390">
    <ele>2.9</ele>
    <time>2025-07-04T19:40:59Z</time>
   </trkpt>
   <trkpt lat="42.3548250" lon="-71.0990630">
    <ele>2.9</ele>
    <time>2025-07-04T19:41:00Z</time>
   </trkpt>
   <trkpt lat="42.3548450" lon="-71.0989800">
    <ele>3.0</ele>
    <time>2025-07-04T19:41:01Z</time>
   </trkpt>
   <trkpt lat="42.3548730" lon="-71.0988880">
    <ele>3.0</ele>
    <time>2025-07-04T19:41:02Z</time>
   </trkpt>
   <trkpt lat="42.3548750" lon="-71.0988270">
    <ele>3.0</ele>
    <time>2025-07-04T19:41:03Z</time>
   </trkpt>
   <trkpt lat="42.3548880" lon="-71.0987550">
    <ele>3.1</ele>
    <time>2025-07-04T19:41:04Z</time>
   </trkpt>
   <trkpt lat="42.3549160" lon="-71.0986800">
    <ele>3.1</ele>
    <time>2025-07-04T19:41:05Z</time>
   </trkpt>
   <trkpt lat="42.3549390" lon="-71.0986040">
    <ele>3.1</ele>
    <time>2025-07-04T19:41:06Z</time>
   </trkpt>
   <trkpt lat="42.3549690" lon="-71.0985210">
    <ele>3.1</ele>
    <time>2025-07-04T19:41:07Z</time>
   </trkpt>
   <trkpt lat="42.3549880" lon="-71.0984510">
    <ele>3.1</ele>
    <time>2025-07-04T19:41:08Z</time>
   </trkpt>
   <trkpt lat="42.3550140" lon="-71.0983860">
    <ele>3.1</ele>
    <time>2025-07-04T19:41:09Z</time>
   </trkpt>
   <trkpt lat="42.3550290" lon="-71.0982920">
    <ele>3.1</ele>
    <time>2025-07-04T19:41:10Z</time>
   </trkpt>
   <trkpt lat="42.3550520" lon="-71.0982420">
    <ele>3.1</ele>
    <time>2025-07-04T19:41:11Z</time>
   </trkpt>
   <trkpt lat="42.3550660" lon="-71.0981870">
    <ele>3.1</ele>
    <time>2025-07-04T19:41:12Z</time>
   </trkpt>
   <trkpt lat="42.3550750" lon="-71.0981200">
    <ele>3.1</ele>
    <time>2025-07-04T19:41:13Z</time>
   </trkpt>
   <trkpt lat="42.3551100" lon="-71.0980430">
    <ele>3.1</ele>
    <time>2025-07-04T19:41:14Z</time>
   </trkpt>
   <trkpt lat="42.3551320" lon="-71.0979800">
    <ele>3.1</ele>
    <time>2025-07-04T19:41:15Z</time>
   </trkpt>
   <trkpt lat="42.3551500" lon="-71.0979100">
    <ele>3.1</ele>
    <time>2025-07-04T19:41:16Z</time>
   </trkpt>
   <trkpt lat="42.3551640" lon="-71.0978360">
    <ele>3.1</ele>
    <time>2025-07-04T19:41:17Z</time>
   </trkpt>
   <trkpt lat="42.3551830" lon="-71.0977820">
    <ele>3.1</ele>
    <time>2025-07-04T19:41:18Z</time>
   </trkpt>
   <trkpt lat="42.3552060" lon="-71.0977280">
    <ele>3.1</ele>
    <time>2025-07-04T19:41:19Z</time>
   </trkpt>
   <trkpt lat="42.3552100" lon="-71.0976850">
    <ele>3.1</ele>
    <time>2025-07-04T19:41:20Z</time>
   </trkpt>
   <trkpt lat="42.3552190" lon="-71.0976160">
    <ele>3.1</ele>
    <time>2025-07-04T19:41:21Z</time>
   </trkpt>
   <trkpt lat="42.3552220" lon="-71.0975430">
    <ele>3.1</ele>
    <time>2025-07-04T19:41:22Z</time>
   </trkpt>
   <trkpt lat="42.3552500" lon="-71.0974560">
    <ele>3.1</ele>
    <time>2025-07-04T19:41:23Z</time>
   </trkpt>
   <trkpt lat="42.3552770" lon="-71.0974030">
    <ele>3.1</ele>
    <time>2025-07-04T19:41:24Z</time>
   </trkpt>
   <trkpt lat="42.3553090" lon="-71.0973330">
    <ele>3.1</ele>
    <time>2025-07-04T19:41:25Z</time>
   </trkpt>
   <trkpt lat="42.3553250" lon="-71.0972800">
    <ele>3.1</ele>
    <time>2025-07-04T19:41:26Z</time>
   </trkpt>
   <trkpt lat="42.3553520" lon="-71.0972100">
    <ele>3.1</ele>
    <time>2025-07-04T19:41:27Z</time>
   </trkpt>
   <trkpt lat="42.3553650" lon="-71.0971490">
    <ele>3.1</ele>
    <time>2025-07-04T19:41:28Z</time>
   </trkpt>
   <trkpt lat="42.3553920" lon="-71.0970830">
    <ele>3.1</ele>
    <time>2025-07-04T19:41:29Z</time>
   </trkpt>
   <trkpt lat="42.3554220" lon="-71.0970070">
    <ele>3.1</ele>
    <time>2025-07-04T19:41:30Z</time>
   </trkpt>
   <trkpt lat="42.3554480" lon="-71.0969430">
    <ele>3.1</ele>
    <time>2025-07-04T19:41:31Z</time>
   </trkpt>
   <trkpt lat="42.3554570" lon="-71.0968800">
    <ele>3.1</ele>
    <time>2025-07-04T19:41:32Z</time>
   </trkpt>
   <trkpt lat="42.3554750" lon="-71.0968240">
    <ele>3.1</ele>
    <time>2025-07-04T19:41:33Z</time>
   </trkpt>
   <trkpt lat="42.3555050" lon="-71.0967620">
    <ele>3.1</ele>
    <time>2025-07-04T19:41:34Z</time>
   </trkpt>
   <trkpt lat="42.3555340" lon="-71.0967030">
    <ele>3.1</ele>
    <time>2025-07-04T19:41:35Z</time>
   </trkpt>
   <trkpt lat="42.3555620" lon="-71.0966580">
    <ele>3.0</ele>
    <time>2025-07-04T19:41:36Z</time>
   </trkpt>
   <trkpt lat="42.3555770" lon="-71.0966220">
    <ele>3.0</ele>
    <time>2025-07-04T19:41:37Z</time>
   </trkpt>
   <trkpt lat="42.3555800" lon="-71.0965800">
    <ele>3.0</ele>
    <time>2025-07-04T19:41:38Z</time>
   </trkpt>
   <trkpt lat="42.3555950" lon="-71.0965130">
    <ele>3.0</ele>
    <time>2025-07-04T19:41:39Z</time>
   </trkpt>
   <trkpt lat="42.3556060" lon="-71.0964800">
    <ele>3.0</ele>
    <time>2025-07-04T19:41:40Z</time>
   </trkpt>
   <trkpt lat="42.3556090" lon="-71.0964310">
    <ele>3.0</ele>
    <time>2025-07-04T19:41:41Z</time>
   </trkpt>
   <trkpt lat="42.3556370" lon="-71.0963720">
    <ele>3.0</ele>
    <time>2025-07-04T19:41:42Z</time>
   </trkpt>
   <trkpt lat="42.3556670" lon="-71.0963130">
    <ele>3.0</ele>
    <time>2025-07-04T19:41:43Z</time>
   </trkpt>
   <trkpt lat="42.3556710" lon="-71.0962700">
    <ele>3.0</ele>
    <time>2025-07-04T19:41:44Z</time>
   </trkpt>
   <trkpt lat="42.3556780" lon="-71.0962320">
    <ele>3.0</ele>
    <time>2025-07-04T19:41:45Z</time>
   </trkpt>
   <trkpt lat="42.3556860" lon="-71.0961810">
    <ele>3.0</ele>
    <time>2025-07-04T19:41:46Z</time>
   </trkpt>
   <trkpt lat="42.3557180" lon="-71.0961170">
    <ele>3.0</ele>
    <time>2025-07-04T19:41:47Z</time>
   </trkpt>
   <trkpt lat="42.3557370" lon="-71.0960600">
    <ele>3.0</ele>
    <time>2025-07-04T19:41:48Z</time>
   </trkpt>
   <trkpt lat="42.3557610" lon="-71.0960150">
    <ele>3.0</ele>
    <time>2025-07-04T19:41:49Z</time>
   </trkpt>
   <trkpt lat="42.3557890" lon="-71.0959540">
    <ele>3.0</ele>
    <time>2025-07-04T19:41:50Z</time>
   </trkpt>
   <trkpt lat="42.3558180" lon="-71.0959000">
    <ele>3.0</ele>
    <time>2025-07-04T19:41:51Z</time>
   </trkpt>
   <trkpt lat="42.3558480" lon="-71.0958340">
    <ele>3.0</ele>
    <time>2025-07-04T19:41:52Z</time>
   </trkpt>
   <trkpt lat="42.3558730" lon="-71.0957870">
    <ele>3.0</ele>
    <time>2025-07-04T19:41:53Z</time>
   </trkpt>
   <trkpt lat="42.3558800" lon="-71.0957230">
    <ele>3.0</ele>
    <time>2025-07-04T19:41:54Z</time>
   </trkpt>
   <trkpt lat="42.3558900" lon="-71.0956630">
    <ele>3.0</ele>
    <time>2025-07-04T19:41:55Z</time>
   </trkpt>
   <trkpt lat="42.3559250" lon="-71.0955790">
    <ele>3.0</ele>
    <time>2025-07-04T19:41:56Z</time>
   </trkpt>
   <trkpt lat="42.3559540" lon="-71.0954960">
    <ele>3.0</ele>
    <time>2025-07-04T19:41:57Z</time>
   </trkpt>
   <trkpt lat="42.3559830" lon="-71.0954170">
    <ele>3.0</ele>
    <time>2025-07-04T19:41:58Z</time>
   </trkpt>
   <trkpt lat="42.3560150" lon="-71.0953440">
    <ele>3.0</ele>
    <time>2025-07-04T19:41:59Z</time>
   </trkpt>
   <trkpt lat="42.3560430" lon="-71.0952730">
    <ele>3.0</ele>
    <time>2025-07-04T19:42:00Z</time>
   </trkpt>
   <trkpt lat="42.3560670" lon="-71.0951920">
    <ele>3.0</ele>
    <time>2025-07-04T19:42:01Z</time>
   </trkpt>
   <trkpt lat="42.3560840" lon="-71.0951240">
    <ele>3.0</ele>
    <time>2025-07-04T19:42:02Z</time>
   </trkpt>
   <trkpt lat="42.3561120" lon="-71.0950760">
    <ele>3.0</ele>
    <time>2025-07-04T19:42:03Z</time>
   </trkpt>
   <trkpt lat="42.3561250" lon="-71.0950080">
    <ele>3.0</ele>
    <time>2025-07-04T19:42:04Z</time>
   </trkpt>
   <trkpt lat="42.3561430" lon="-71.0949430">
    <ele>3.0</ele>
    <time>2025-07-04T19:42:05Z</time>
   </trkpt>
   <trkpt lat="42.3561690" lon="-71.0948870">
    <ele>3.0</ele>
    <time>2025-07-04T19:42:06Z</time>
   </trkpt>
   <trkpt lat="42.3561900" lon="-71.0948170">
    <ele>3.0</ele>
    <time>2025-07-04T19:42:07Z</time>
   </trkpt>
   <trkpt lat="42.3562070" lon="-71.0947640">
    <ele>3.1</ele>
    <time>2025-07-04T19:42:08Z</time>
   </trkpt>
   <trkpt lat="42.3562420" lon="-71.0947080">
    <ele>3.1</ele>
    <time>2025-07-04T19:42:09Z</time>
   </trkpt>
   <trkpt lat="42.3562600" lon="-71.0946330">
    <ele>3.1</ele>
    <time>2025-07-04T19:42:10Z</time>
   </trkpt>
   <trkpt lat="42.3562830" lon="-71.0945660">
    <ele>3.1</ele>
    <time>2025-07-04T19:42:11Z</time>
   </trkpt>
   <trkpt lat="42.3563060" lon="-71.0945010">
    <ele>3.1</ele>
    <time>2025-07-04T19:42:12Z</time>
   </trkpt>
   <trkpt lat="42.3563210" lon="-71.0944410">
    <ele>3.1</ele>
    <time>2025-07-04T19:42:13Z</time>
   </trkpt>
   <trkpt lat="42.3563460" lon="-71.0943710">
    <ele>3.1</ele>
    <time>2025-07-04T19:42:14Z</time>
   </trkpt>
   <trkpt lat="42.3563700" lon="-71.0942930">
    <ele>3.1</ele>
    <time>2025-07-04T19:42:15Z</time>
   </trkpt>
   <trkpt lat="42.3563850" lon="-71.0942400">
    <ele>3.1</ele>
    <time>2025-07-04T19:42:16Z</time>
   </trkpt>
   <trkpt lat="42.3563940" lon="-71.0941830">
    <ele>3.1</ele>
    <time>2025-07-04T19:42:17Z</time>
   </trkpt>
   <trkpt lat="42.3564250" lon="-71.0941130">
    <ele>3.1</ele>
    <time>2025-07-04T19:42:18Z</time>
   </trkpt>
   <trkpt lat="42.3564360" lon="-71.0940630">
    <ele>3.1</ele>
    <time>2025-07-04T19:42:19Z</time>
   </trkpt>
   <trkpt lat="42.3564530" lon="-71.0939950">
    <ele>3.1</ele>
    <time>2025-07-04T19:42:20Z</time>
   </trkpt>
   <trkpt lat="42.3564810" lon="-71.0939190">
    <ele>3.1</ele>
    <time>2025-07-04T19:42:21Z</time>
   </trkpt>
   <trkpt lat="42.3565100" lon="-71.0938390">
    <ele>3.1</ele>
    <time>2025-07-04T19:42:22Z</time>
   </trkpt>
   <trkpt lat="42.3565320" lon="-71.0937760">
    <ele>3.1</ele>
    <time>2025-07-04T19:42:23Z</time>
   </trkpt>
   <trkpt lat="42.3565470" lon="-71.0937160">
    <ele>3.1</ele>
    <time>2025-07-04T19:42:24Z</time>
   </trkpt>
   <trkpt lat="42.3565660" lon="-71.0936520">
    <ele>3.1</ele>
    <time>2025-07-04T19:42:25Z</time>
   </trkpt>
   <trkpt lat="42.3565920" lon="-71.0935760">
    <ele>3.1</ele>
    <time>2025-07-04T19:42:26Z</time>
   </trkpt>
   <trkpt lat="42.3566200" lon="-71.0935060">
    <ele>3.2</ele>
    <time>2025-07-04T19:42:27Z</time>
   </trkpt>
   <trkpt lat="42.3566510" lon="-71.0934360">
    <ele>3.2</ele>
    <time>2025-07-04T19:42:28Z</time>
   </trkpt>
   <trkpt lat="42.3566830" lon="-71.0933700">
    <ele>3.3</ele>
    <time>2025-07-04T19:42:29Z</time>
   </trkpt>
   <trkpt lat="42.3566990" lon="-71.0933150">
    <ele>3.3</ele>
    <time>2025-07-04T19:42:30Z</time>
   </trkpt>
   <trkpt lat="42.3567180" lon="-71.0932670">
    <ele>3.4</ele>
    <time>2025-07-04T19:42:31Z</time>
   </trkpt>
   <trkpt lat="42.3567320" lon="-71.0932080">
    <ele>3.5</ele>
    <time>2025-07-04T19:42:32Z</time>
   </trkpt>
   <trkpt lat="42.3567350" lon="-71.0931650">
    <ele>3.5</ele>
    <time>2025-07-04T19:42:33Z</time>
   </trkpt>
   <trkpt lat="42.3567510" lon="-71.0930800">
    <ele>3.6</ele>
    <time>2025-07-04T19:42:34Z</time>
   </trkpt>
   <trkpt lat="42.3567740" lon="-71.0930090">
    <ele>3.7</ele>
    <time>2025-07-04T19:42:35Z</time>
   </trkpt>
   <trkpt lat="42.3567920" lon="-71.0929420">
    <ele>3.8</ele>
    <time>2025-07-04T19:42:36Z</time>
   </trkpt>
   <trkpt lat="42.3568010" lon="-71.0928850">
    <ele>3.8</ele>
    <time>2025-07-04T19:42:37Z</time>
   </trkpt>
   <trkpt lat="42.3568230" lon="-71.0928320">
    <ele>3.9</ele>
    <time>2025-07-04T19:42:38Z</time>
   </trkpt>
   <trkpt lat="42.3568320" lon="-71.0927820">
    <ele>4.0</ele>
    <time>2025-07-04T19:42:39Z</time>
   </trkpt>
   <trkpt lat="42.3568590" lon="-71.0927370">
    <ele>4.1</ele>
    <time>2025-07-04T19:42:40Z</time>
   </trkpt>
   <trkpt lat="42.3568780" lon="-71.0927100">
    <ele>4.1</ele>
    <time>2025-07-04T19:42:41Z</time>
   </trkpt>
   <trkpt lat="42.3568790" lon="-71.0926900">
    <ele>4.2</ele>
    <time>2025-07-04T19:42:42Z</time>
   </trkpt>
   <trkpt lat="42.3568730" lon="-71.0926690">
    <ele>4.2</ele>
    <time>2025-07-04T19:42:43Z</time>
   </trkpt>
   <trkpt lat="42.3568830" lon="-71.0926230">
    <ele>4.3</ele>
    <time>2025-07-04T19:42:44Z</time>
   </trkpt>
   <trkpt lat="42.3569090" lon="-71.0925730">
    <ele>4.3</ele>
    <time>2025-07-04T19:42:45Z</time>
   </trkpt>
   <trkpt lat="42.3569440" lon="-71.0925390">
    <ele>4.3</ele>
    <time>2025-07-04T19:42:46Z</time>
   </trkpt>
   <trkpt lat="42.3569710" lon="-71.0925120">
    <ele>4.4</ele>
    <time>2025-07-04T19:42:47Z</time>
   </trkpt>
   <trkpt lat="42.3569740" lon="-71.0924750">
    <ele>4.3</ele>
    <time>2025-07-04T19:42:48Z</time>
   </trkpt>
   <trkpt lat="42.3569880" lon="-71.0924390">
    <ele>4.3</ele>
    <time>2025-07-04T19:42:49Z</time>
   </trkpt>
   <trkpt lat="42.3569720" lon="-71.0924080">
    <ele>4.2</ele>
    <time>2025-07-04T19:42:50Z</time>
   </trkpt>
   <trkpt lat="42.3569810" lon="-71.0923540">
    <ele>4.2</ele>
    <time>2025-07-04T19:42:51Z</time>
   </trkpt>
   <trkpt lat="42.3569850" lon="-71.0923200">
    <ele>4.2</ele>
    <time>2025-07-04T19:42:52Z</time>
   </trkpt>
   <trkpt lat="42.3570110" lon="-71.0922710">
    <ele>4.1</ele>
    <time>2025-07-04T19:42:53Z</time>
   </trkpt>
   <trkpt lat="42.3570320" lon="-71.0922070">
    <ele>4.0</ele>
    <time>2025-07-04T19:42:54Z</time>
   </trkpt>
   <trkpt lat="42.3570630" lon="-71.0921480">
    <ele>3.9</ele>
    <time>2025-07-04T19:42:55Z</time>
   </trkpt>
   <trkpt lat="42.3570880" lon="-71.0920930">
    <ele>3.8</ele>
    <time>2025-07-04T19:42:56Z</time>
   </trkpt>
   <trkpt lat="42.3571120" lon="-71.0920370">
    <ele>3.7</ele>
    <time>2025-07-04T19:42:57Z</time>
   </trkpt>
   <trkpt lat="42.3571370" lon="-71.0919950">
    <ele>3.7</ele>
    <time>2025-07-04T19:42:58Z</time>
   </trkpt>
   <trkpt lat="42.3571560" lon="-71.0919510">
    <ele>3.6</ele>
    <time>2025-07-04T19:42:59Z</time>
   </trkpt>
   <trkpt lat="42.3571610" lon="-71.0919060">
    <ele>3.6</ele>
    <time>2025-07-04T19:43:00Z</time>
   </trkpt>
   <trkpt lat="42.3571780" lon="-71.0918590">
    <ele>3.5</ele>
    <time>2025-07-04T19:43:01Z</time>
   </trkpt>
   <trkpt lat="42.3571980" lon="-71.0918180">
    <ele>3.4</ele>
    <time>2025-07-04T19:43:02Z</time>
   </trkpt>
   <trkpt lat="42.3572100" lon="-71.0917790">
    <ele>3.4</ele>
    <time>2025-07-04T19:43:03Z</time>
   </trkpt>
   <trkpt lat="42.3572100" lon="-71.0917590">
    <ele>3.4</ele>
    <time>2025-07-04T19:43:04Z</time>
   </trkpt>
   <trkpt lat="42.3572290" lon="-71.0916920">
    <ele>3.3</ele>
    <time>2025-07-04T19:43:05Z</time>
   </trkpt>
   <trkpt lat="42.3572430" lon="-71.0916380">
    <ele>3.2</ele>
    <time>2025-07-04T19:43:06Z</time>
   </trkpt>
   <trkpt lat="42.3572620" lon="-71.0915740">
    <ele>3.2</ele>
    <time>2025-07-04T19:43:07Z</time>
   </trkpt>
   <trkpt lat="42.3573030" lon="-71.0915050">
    <ele>3.1</ele>
    <time>2025-07-04T19:43:08Z</time>
   </trkpt>
   <trkpt lat="42.3573250" lon="-71.0914340">
    <ele>3.0</ele>
    <time>2025-07-04T19:43:09Z</time>
   </trkpt>
   <trkpt lat="42.3573400" lon="-71.0913660">
    <ele>3.0</ele>
    <time>2025-07-04T19:43:10Z</time>
   </trkpt>
   <trkpt lat="42.3573620" lon="-71.0913110">
    <ele>3.0</ele>
    <time>2025-07-04T19:43:11Z</time>
   </trkpt>
   <trkpt lat="42.3573820" lon="-71.0912430">
    <ele>3.0</ele>
    <time>2025-07-04T19:43:12Z</time>
   </trkpt>
   <trkpt lat="42.3574030" lon="-71.0911870">
    <ele>3.0</ele>
    <time>2025-07-04T19:43:13Z</time>
   </trkpt>
   <trkpt lat="42.3574160" lon="-71.0911280">
    <ele>3.0</ele>
    <time>2025-07-04T19:43:14Z</time>
   </trkpt>
   <trkpt lat="42.3574240" lon="-71.0910730">
    <ele>2.9</ele>
    <time>2025-07-04T19:43:15Z</time>
   </trkpt>
   <trkpt lat="42.3574400" lon="-71.0910260">
    <ele>2.9</ele>
    <time>2025-07-04T19:43:16Z</time>
   </trkpt>
   <trkpt lat="42.3574620" lon="-71.0909610">
    <ele>2.9</ele>
    <time>2025-07-04T19:43:17Z</time>
   </trkpt>
   <trkpt lat="42.3574800" lon="-71.0909030">
    <ele>2.9</ele>
    <time>2025-07-04T19:43:18Z</time>
   </trkpt>
   <trkpt lat="42.3574970" lon="-71.0908470">
    <ele>2.9</ele>
    <time>2025-07-04T19:43:19Z</time>
   </trkpt>
   <trkpt lat="42.3575190" lon="-71.0907890">
    <ele>2.9</ele>
    <time>2025-07-04T19:43:20Z</time>
   </trkpt>
   <trkpt lat="42.3575350" lon="-71.0907280">
    <ele>2.9</ele>
    <time>2025-07-04T19:43:21Z</time>
   </trkpt>
   <trkpt lat="42.3575490" lon="-71.0906620">
    <ele>2.9</ele>
    <time>2025-07-04T19:43:22Z</time>
   </trkpt>
   <trkpt lat="42.3575480" lon="-71.0905950">
    <ele>2.9</ele>
    <time>2025-07-04T19:43:23Z</time>
   </trkpt>
   <trkpt lat="42.3575780" lon="-71.0905260">
    <ele>2.9</ele>
    <time>2025-07-04T19:43:24Z</time>
   </trkpt>
   <trkpt lat="42.3575970" lon="-71.0904760">
    <ele>2.9</ele>
    <time>2025-07-04T19:43:25Z</time>
   </trkpt>
   <trkpt lat="42.3576070" lon="-71.0904580">
    <ele>2.9</ele>
    <time>2025-07-04T19:43:26Z</time>
   </trkpt>
   <trkpt lat="42.3576210" lon="-71.0904170">
    <ele>2.9</ele>
    <time>2025-07-04T19:43:27Z</time>
   </trkpt>
   <trkpt lat="42.3576390" lon="-71.0903570">
    <ele>2.9</ele>
    <time>2025-07-04T19:43:28Z</time>
   </trkpt>
   <trkpt lat="42.3576500" lon="-71.0903320">
    <ele>2.9</ele>
    <time>2025-07-04T19:43:29Z</time>
   </trkpt>
   <trkpt lat="42.3576640" lon="-71.0902890">
    <ele>2.9</ele>
    <time>2025-07-04T19:43:30Z</time>
   </trkpt>
   <trkpt lat="42.3576840" lon="-71.0902300">
    <ele>2.9</ele>
    <time>2025-07-04T19:43:31Z</time>
   </trkpt>
   <trkpt lat="42.3577040" lon="-71.0901750">
    <ele>2.9</ele>
    <time>2025-07-04T19:43:32Z</time>
   </trkpt>
   <trkpt lat="42.3577270" lon="-71.0901240">
    <ele>2.8</ele>
    <time>2025-07-04T19:43:33Z</time>
   </trkpt>
   <trkpt lat="42.3577350" lon="-71.0900830">
    <ele>2.8</ele>
    <time>2025-07-04T19:43:34Z</time>
   </trkpt>
   <trkpt lat="42.3577570" lon="-71.0900330">
    <ele>2.8</ele>
    <time>2025-07-04T19:43:35Z</time>
   </trkpt>
   <trkpt lat="42.3577810" lon="-71.0899870">
    <ele>2.8</ele>
    <time>2025-07-04T19:43:36Z</time>
   </trkpt>
   <trkpt lat="42.3578000" lon="-71.0899450">
    <ele>2.8</ele>
    <time>2025-07-04T19:43:37Z</time>
   </trkpt>
   <trkpt lat="42.3578200" lon="-71.0898910">
    <ele>2.8</ele>
    <time>2025-07-04T19:43:38Z</time>
   </trkpt>
   <trkpt lat="42.3578370" lon="-71.0898420">
    <ele>2.8</ele>
    <time>2025-07-04T19:43:39Z</time>
   </trkpt>
   <trkpt lat="42.3578550" lon="-71.0897850">
    <ele>2.8</ele>
    <time>2025-07-04T19:43:40Z</time>
   </trkpt>
   <trkpt lat="42.3578810" lon="-71.0897170">
    <ele>2.7</ele>
    <time>2025-07-04T19:43:41Z</time>
   </trkpt>
   <trkpt lat="42.3579110" lon="-71.0896480">
    <ele>2.7</ele>
    <time>2025-07-04T19:43:42Z</time>
   </trkpt>
   <trkpt lat="42.3579360" lon="-71.0895820">
    <ele>2.7</ele>
    <time>2025-07-04T19:43:43Z</time>
   </trkpt>
   <trkpt lat="42.3579550" lon="-71.0895190">
    <ele>2.7</ele>
    <time>2025-07-04T19:43:44Z</time>
   </trkpt>
   <trkpt lat="42.3579780" lon="-71.0894540">
    <ele>2.7</ele>
    <time>2025-07-04T19:43:45Z</time>
   </trkpt>
   <trkpt lat="42.3580110" lon="-71.0894000">
    <ele>2.7</ele>
    <time>2025-07-04T19:43:46Z</time>
   </trkpt>
   <trkpt lat="42.3580240" lon="-71.0893270">
    <ele>2.7</ele>
    <time>2025-07-04T19:43:47Z</time>
   </trkpt>
   <trkpt lat="42.3580460" lon="-71.0892450">
    <ele>2.7</ele>
    <time>2025-07-04T19:43:48Z</time>
   </trkpt>
   <trkpt lat="42.3580760" lon="-71.0891750">
    <ele>2.7</ele>
    <time>2025-07-04T19:43:49Z</time>
   </trkpt>
   <trkpt lat="42.3580880" lon="-71.0891250">
    <ele>2.7</ele>
    <time>2025-07-04T19:43:50Z</time>
   </trkpt>
   <trkpt lat="42.3581120" lon="-71.0890640">
    <ele>2.7</ele>
    <time>2025-07-04T19:43:51Z</time>
   </trkpt>
   <trkpt lat="42.3581180" lon="-71.0890040">
    <ele>2.7</ele>
    <time>2025-07-04T19:43:52Z</time>
   </trkpt>
   <trkpt lat="42.3581500" lon="-71.0889520">
    <ele>2.7</ele>
    <time>2025-07-04T19:43:53Z</time>
   </trkpt>
   <trkpt lat="42.3581810" lon="-71.0888920">
    <ele>2.7</ele>
    <time>2025-07-04T19:43:54Z</time>
   </trkpt>
   <trkpt lat="42.3582070" lon="-71.0888180">
    <ele>2.7</ele>
    <time>2025-07-04T19:43:55Z</time>
   </trkpt>
   <trkpt lat="42.3582270" lon="-71.0887540">
    <ele>2.7</ele>
    <time>2025-07-04T19:43:56Z</time>
   </trkpt>
   <trkpt lat="42.3582430" lon="-71.0886860">
    <ele>2.7</ele>
    <time>2025-07-04T19:43:57Z</time>
   </trkpt>
   <trkpt lat="42.3582470" lon="-71.0886350">
    <ele>2.7</ele>
    <time>2025-07-04T19:43:58Z</time>
   </trkpt>
   <trkpt lat="42.3582640" lon="-71.0885780">
    <ele>2.7</ele>
    <time>2025-07-04T19:43:59Z</time>
   </trkpt>
   <trkpt lat="42.3582750" lon="-71.0885320">
    <ele>2.7</ele>
    <time>2025-07-04T19:44:00Z</time>
   </trkpt>
   <trkpt lat="42.3582780" lon="-71.0884910">
    <ele>2.7</ele>
    <time>2025-07-04T19:44:01Z</time>
   </trkpt>
   <trkpt lat="42.3582780" lon="-71.0884380">
    <ele>2.7</ele>
    <time>2025-07-04T19:44:02Z</time>
   </trkpt>
   <trkpt lat="42.3582750" lon="-71.0884220">
    <ele>2.7</ele>
    <time>2025-07-04T19:44:03Z</time>
   </trkpt>
   <trkpt lat="42.3582910" lon="-71.0883680">
    <ele>2.7</ele>
    <time>2025-07-04T19:44:04Z</time>
   </trkpt>
   <trkpt lat="42.3583100" lon="-71.0883060">
    <ele>2.7</ele>
    <time>2025-07-04T19:44:05Z</time>
   </trkpt>
   <trkpt lat="42.3583440" lon="-71.0882380">
    <ele>2.7</ele>
    <time>2025-07-04T19:44:06Z</time>
   </trkpt>
   <trkpt lat="42.3583640" lon="-71.0881710">
    <ele>2.7</ele>
    <time>2025-07-04T19:44:07Z</time>
   </trkpt>
   <trkpt lat="42.3583930" lon="-71.0881090">
    <ele>2.7</ele>
    <time>2025-07-04T19:44:08Z</time>
   </trkpt>
   <trkpt lat="42.3584030" lon="-71.0880540">
    <ele>2.7</ele>
    <time>2025-07-04T19:44:09Z</time>
   </trkpt>
   <trkpt lat="42.3584220" lon="-71.0879990">
    <ele>2.7</ele>
    <time>2025-07-04T19:44:10Z</time>
   </trkpt>
   <trkpt lat="42.3584490" lon="-71.0879500">
    <ele>2.7</ele>
    <time>2025-07-04T19:44:11Z</time>
   </trkpt>
   <trkpt lat="42.3584650" lon="-71.0879000">
    <ele>2.7</ele>
    <time>2025-07-04T19:44:12Z</time>
   </trkpt>
   <trkpt lat="42.3584820" lon="-71.0878640">
    <ele>2.7</ele>
    <time>2025-07-04T19:44:13Z</time>
   </trkpt>
   <trkpt lat="42.3584890" lon="-71.0877890">
    <ele>2.7</ele>
    <time>2025-07-04T19:44:14Z</time>
   </trkpt>
   <trkpt lat="42.3585010" lon="-71.0877460">
    <ele>2.7</ele>
    <time>2025-07-04T19:44:15Z</time>
   </trkpt>
   <trkpt lat="42.3585400" lon="-71.0876690">
    <ele>2.7</ele>
    <time>2025-07-04T19:44:16Z</time>
   </trkpt>
   <trkpt lat="42.3585620" lon="-71.0875980">
    <ele>2.7</ele>
    <time>2025-07-04T19:44:17Z</time>
   </trkpt>
   <trkpt lat="42.3585850" lon="-71.0875340">
    <ele>2.7</ele>
    <time>2025-07-04T19:44:18Z</time>
   </trkpt>
   <trkpt lat="42.3586160" lon="-71.0874670">
    <ele>2.7</ele>
    <time>2025-07-04T19:44:19Z</time>
   </trkpt>
   <trkpt lat="42.3586430" lon="-71.0874180">
    <ele>2.7</ele>
    <time>2025-07-04T19:44:20Z</time>
   </trkpt>
   <trkpt lat="42.3586650" lon="-71.0873540">
    <ele>2.7</ele>
    <time>2025-07-04T19:44:21Z</time>
   </trkpt>
   <trkpt lat="42.3586830" lon="-71.0872980">
    <ele>2.6</ele>
    <time>2025-07-04T19:44:22Z</time>
   </trkpt>
   <trkpt lat="42.3587080" lon="-71.0872470">
    <ele>2.6</ele>
    <time>2025-07-04T19:44:23Z</time>
   </trkpt>
   <trkpt lat="42.3587200" lon="-71.0871840">
    <ele>2.6</ele>
    <time>2025-07-04T19:44:24Z</time>
   </trkpt>
   <trkpt lat="42.3587460" lon="-71.0871060">
    <ele>2.6</ele>
    <time>2025-07-04T19:44:25Z</time>
   </trkpt>
   <trkpt lat="42.3587750" lon="-71.0870390">
    <ele>2.5</ele>
    <time>2025-07-04T19:44:26Z</time>
   </trkpt>
   <trkpt lat="42.3587940" lon="-71.0869680">
    <ele>2.5</ele>
    <time>2025-07-04T19:44:27Z</time>
   </trkpt>
   <trkpt lat="42.3588220" lon="-71.0868850">
    <ele>2.5</ele>
    <time>2025-07-04T19:44:28Z</time>
   </trkpt>
   <trkpt lat="42.3588560" lon="-71.0868150">
    <ele>2.5</ele>
    <time>2025-07-04T19:44:29Z</time>
   </trkpt>
   <trkpt lat="42.3588790" lon="-71.0867540">
    <ele>2.5</ele>
    <time>2025-07-04T19:44:30Z</time>
   </trkpt>
   <trkpt lat="42.3589020" lon="-71.0866850">
    <ele>2.5</ele>
    <time>2025-07-04T19:44:31Z</time>
   </trkpt>
   <trkpt lat="42.3589150" lon="-71.0866310">
    <ele>2.5</ele>
    <time>2025-07-04T19:44:32Z</time>
   </trkpt>
   <trkpt lat="42.3589330" lon="-71.0865700">
    <ele>2.5</ele>
    <time>2025-07-04T19:44:33Z</time>
   </trkpt>
   <trkpt lat="42.3589540" lon="-71.0865130">
    <ele>2.5</ele>
    <time>2025-07-04T19:44:34Z</time>
   </trkpt>
   <trkpt lat="42.3589730" lon="-71.0864470">
    <ele>2.5</ele>
    <time>2025-07-04T19:44:35Z</time>
   </trkpt>
   <trkpt lat="42.3590020" lon="-71.0863710">
    <ele>2.5</ele>
    <time>2025-07-04T19:44:36Z</time>
   </trkpt>
   <trkpt lat="42.3590230" lon="-71.0862980">
    <ele>2.5</ele>
    <time>2025-07-04T19:44:37Z</time>
   </trkpt>
   <trkpt lat="42.3590200" lon="-71.0862420">
    <ele>2.5</ele>
    <time>2025-07-04T19:44:38Z</time>
   </trkpt>
   <trkpt lat="42.3590410" lon="-71.0861770">
    <ele>2.5</ele>
    <time>2025-07-04T19:44:39Z</time>
   </trkpt>
   <trkpt lat="42.3590570" lon="-71.0861260">
    <ele>2.5</ele>
    <time>2025-07-04T19:44:40Z</time>
   </trkpt>
   <trkpt lat="42.3590810" lon="-71.0860700">
    <ele>2.5</ele>
    <time>2025-07-04T19:44:41Z</time>
   </trkpt>
   <trkpt lat="42.3591130" lon="-71.0859940">
    <ele>2.5</ele>
    <time>2025-07-04T19:44:42Z</time>
   </trkpt>
   <trkpt lat="42.3591330" lon="-71.0859370">
    <ele>2.5</ele>
    <time>2025-07-04T19:44:43Z</time>
   </trkpt>
   <trkpt lat="42.3591480" lon="-71.0858710">
    <ele>2.5</ele>
    <time>2025-07-04T19:44:44Z</time>
   </trkpt>
   <trkpt lat="42.3591930" lon="-71.0857890">
    <ele>2.5</ele>
    <time>2025-07-04T19:44:45Z</time>
   </trkpt>
   <trkpt lat="42.3592070" lon="-71.0857140">
    <ele>2.5</ele>
    <time>2025-07-04T19:44:46Z</time>
   </trkpt>
   <trkpt lat="42.3592300" lon="-71.0856450">
    <ele>2.5</ele>
    <time>2025-07-04T19:44:47Z</time>
   </trkpt>
   <trkpt lat="42.3592500" lon="-71.0855670">
    <ele>2.5</ele>
    <time>2025-07-04T19:44:48Z</time>
   </trkpt>
   <trkpt lat="42.3592680" lon="-71.0855060">
    <ele>2.5</ele>
    <time>2025-07-04T19:44:49Z</time>
   </trkpt>
   <trkpt lat="42.3592920" lon="-71.0854530">
    <ele>2.5</ele>
    <time>2025-07-04T19:44:50Z</time>
   </trkpt>
   <trkpt lat="42.3593070" lon="-71.0853820">
    <ele>2.5</ele>
    <time>2025-07-04T19:44:51Z</time>
   </trkpt>
   <trkpt lat="42.3593310" lon="-71.0853120">
    <ele>2.5</ele>
    <time>2025-07-04T19:44:52Z</time>
   </trkpt>
   <trkpt lat="42.3593480" lon="-71.0852540">
    <ele>2.5</ele>
    <time>2025-07-04T19:44:53Z</time>
   </trkpt>
   <trkpt lat="42.3593720" lon="-71.0852010">
    <ele>2.5</ele>
    <time>2025-07-04T19:44:54Z</time>
   </trkpt>
   <trkpt lat="42.3593910" lon="-71.0851260">
    <ele>2.5</ele>
    <time>2025-07-04T19:44:55Z</time>
   </trkpt>
   <trkpt lat="42.3594190" lon="-71.0850620">
    <ele>2.5</ele>
    <time>2025-07-04T19:44:56Z</time>
   </trkpt>
   <trkpt lat="42.3594430" lon="-71.0850170">
    <ele>2.5</ele>
    <time>2025-07-04T19:44:57Z</time>
   </trkpt>
   <trkpt lat="42.3594470" lon="-71.0849650">
    <ele>2.5</ele>
    <time>2025-07-04T19:44:58Z</time>
   </trkpt>
   <trkpt lat="42.3594550" lon="-71.0849150">
    <ele>2.5</ele>
    <time>2025-07-04T19:44:59Z</time>
   </trkpt>
   <trkpt lat="42.3594680" lon="-71.0848600">
    <ele>2.5</ele>
    <time>2025-07-04T19:45:00Z</time>
   </trkpt>
   <trkpt lat="42.3594850" lon="-71.0848210">
    <ele>2.6</ele>
    <time>2025-07-04T19:45:01Z</time>
   </trkpt>
   <trkpt lat="42.3594980" lon="-71.0847860">
    <ele>2.6</ele>
    <time>2025-07-04T19:45:02Z</time>
   </trkpt>
   <trkpt lat="42.3595040" lon="-71.0847710">
    <ele>2.6</ele>
    <time>2025-07-04T19:45:03Z</time>
   </trkpt>
   <trkpt lat="42.3595150" lon="-71.0847460">
    <ele>2.6</ele>
    <time>2025-07-04T19:45:04Z</time>
   </trkpt>
   <trkpt lat="42.3595240" lon="-71.0847290">
    <ele>2.6</ele>
    <time>2025-07-04T19:45:05Z</time>
   </trkpt>
   <trkpt lat="42.3595320" lon="-71.0847070">
    <ele>2.6</ele>
    <time>2025-07-04T19:45:06Z</time>
   </trkpt>
   <trkpt lat="42.3595460" lon="-71.0846910">
    <ele>2.6</ele>
    <time>2025-07-04T19:45:07Z</time>
   </trkpt>
   <trkpt lat="42.3595650" lon="-71.0846550">
    <ele>2.6</ele>
    <time>2025-07-04T19:45:08Z</time>
   </trkpt>
   <trkpt lat="42.3595690" lon="-71.0846410">
    <ele>2.6</ele>
    <time>2025-07-04T19:45:09Z</time>
   </trkpt>
   <trkpt lat="42.3595780" lon="-71.0845840">
    <ele>2.6</ele>
    <time>2025-07-04T19:45:10Z</time>
   </trkpt>
   <trkpt lat="42.3595770" lon="-71.0845600">
    <ele>2.6</ele>
    <time>2025-07-04T19:45:11Z</time>
   </trkpt>
   <trkpt lat="42.3595790" lon="-71.0845140">
    <ele>2.6</ele>
    <time>2025-07-04T19:45:12Z</time>
   </trkpt>
   <trkpt lat="42.3595970" lon="-71.0844690">
    <ele>2.6</ele>
    <time>2025-07-04T19:45:13Z</time>
   </trkpt>
   <trkpt lat="42.3596000" lon="-71.0844230">
    <ele>2.6</ele>
    <time>2025-07-04T19:45:14Z</time>
   </trkpt>
   <trkpt lat="42.3596160" lon="-71.0843880">
    <ele>2.6</ele>
    <time>2025-07-04T19:45:15Z</time>
   </trkpt>
   <trkpt lat="42.3596210" lon="-71.0843680">
    <ele>2.6</ele>
    <time>2025-07-04T19:45:16Z</time>
   </trkpt>
   <trkpt lat="42.3596380" lon="-71.0843090">
    <ele>2.6</ele>
    <time>2025-07-04T19:45:17Z</time>
   </trkpt>
   <trkpt lat="42.3596500" lon="-71.0842470">
    <ele>2.7</ele>
    <time>2025-07-04T19:45:18Z</time>
   </trkpt>
   <trkpt lat="42.3596610" lon="-71.0842120">
    <ele>2.7</ele>
    <time>2025-07-04T19:45:19Z</time>
   </trkpt>
   <trkpt lat="42.3596870" lon="-71.0841710">
    <ele>2.7</ele>
    <time>2025-07-04T19:45:20Z</time>
   </trkpt>
   <trkpt lat="42.3597020" lon="-71.0841300">
    <ele>2.7</ele>
    <time>2025-07-04T19:45:21Z</time>
   </trkpt>
   <trkpt lat="42.3597160" lon="-71.0840820">
    <ele>2.7</ele>
    <time>2025-07-04T19:45:22Z</time>
   </trkpt>
   <trkpt lat="42.3597350" lon="-71.0840360">
    <ele>2.7</ele>
    <time>2025-07-04T19:45:23Z</time>
   </trkpt>
   <trkpt lat="42.3597540" lon="-71.0839720">
    <ele>2.7</ele>
    <time>2025-07-04T19:45:24Z</time>
   </trkpt>
   <trkpt lat="42.3597700" lon="-71.0839210">
    <ele>2.7</ele>
    <time>2025-07-04T19:45:25Z</time>
   </trkpt>
   <trkpt lat="42.3597760" lon="-71.0838660">
    <ele>2.7</ele>
    <time>2025-07-04T19:45:26Z</time>
   </trkpt>
   <trkpt lat="42.3597870" lon="-71.0838030">
    <ele>2.7</ele>
    <time>2025-07-04T19:45:27Z</time>
   </trkpt>
   <trkpt lat="42.3598050" lon="-71.0837440">
    <ele>2.7</ele>
    <time>2025-07-04T19:45:28Z</time>
   </trkpt>
   <trkpt lat="42.3598260" lon="-71.0836730">
    <ele>2.7</ele>
    <time>2025-07-04T19:45:29Z</time>
   </trkpt>
   <trkpt lat="42.3598510" lon="-71.0835970">
    <ele>2.7</ele>
    <time>2025-07-04T19:45:30Z</time>
   </trkpt>
   <trkpt lat="42.3598860" lon="-71.0835110">
    <ele>2.7</ele>
    <time>2025-07-04T19:45:31Z</time>
   </trkpt>
   <trkpt lat="42.3599000" lon="-71.0834600">
    <ele>2.7</ele>
    <time>2025-07-04T19:45:32Z</time>
   </trkpt>
   <trkpt lat="42.3599100" lon="-71.0834250">
    <ele>2.8</ele>
    <time>2025-07-04T19:45:33Z</time>
   </trkpt>
   <trkpt lat="42.3599290" lon="-71.0833510">
    <ele>2.8</ele>
    <time>2025-07-04T19:45:34Z</time>
   </trkpt>
   <trkpt lat="42.3599480" lon="-71.0832930">
    <ele>2.8</ele>
    <time>2025-07-04T19:45:35Z</time>
   </trkpt>
   <trkpt lat="42.3599710" lon="-71.0832350">
    <ele>2.8</ele>
    <time>2025-07-04T19:45:36Z</time>
   </trkpt>
   <trkpt lat="42.3599850" lon="-71.0831690">
    <ele>2.8</ele>
    <time>2025-07-04T19:45:37Z</time>
   </trkpt>
   <trkpt lat="42.3600140" lon="-71.0831020">
    <ele>2.8</ele>
    <time>2025-07-04T19:45:38Z</time>
   </trkpt>
   <trkpt lat="42.3600340" lon="-71.0830430">
    <ele>2.8</ele>
    <time>2025-07-04T19:45:39Z</time>
   </trkpt>
   <trkpt lat="42.3600610" lon="-71.0829810">
    <ele>2.8</ele>
    <time>2025-07-04T19:45:40Z</time>
   </trkpt>
   <trkpt lat="42.3600850" lon="-71.0829180">
    <ele>2.8</ele>
    <time>2025-07-04T19:45:41Z</time>
   </trkpt>
   <trkpt lat="42.3601060" lon="-71.0828710">
    <ele>2.8</ele>
    <time>2025-07-04T19:45:42Z</time>
   </trkpt>
   <trkpt lat="42.3601270" lon="-71.0828070">
    <ele>2.8</ele>
    <time>2025-07-04T19:45:43Z</time>
   </trkpt>
   <trkpt lat="42.3601500" lon="-71.0827450">
    <ele>2.7</ele>
    <time>2025-07-04T19:45:44Z</time>
   </trkpt>
   <trkpt lat="42.3601820" lon="-71.0826750">
    <ele>2.7</ele>
    <time>2025-07-04T19:45:45Z</time>
   </trkpt>
   <trkpt lat="42.3601770" lon="-71.0826270">
    <ele>2.7</ele>
    <time>2025-07-04T19:45:46Z</time>
   </trkpt>
   <trkpt lat="42.3601910" lon="-71.0825950">
    <ele>2.7</ele>
    <time>2025-07-04T19:45:47Z</time>
   </trkpt>
   <trkpt lat="42.3602180" lon="-71.0825350">
    <ele>2.7</ele>
    <time>2025-07-04T19:45:48Z</time>
   </trkpt>
   <trkpt lat="42.3602330" lon="-71.0824720">
    <ele>2.7</ele>
    <time>2025-07-04T19:45:49Z</time>
   </trkpt>
   <trkpt lat="42.3602450" lon="-71.0824150">
    <ele>2.7</ele>
    <time>2025-07-04T19:45:50Z</time>
   </trkpt>
   <trkpt lat="42.3602590" lon="-71.0823690">
    <ele>2.7</ele>
    <time>2025-07-04T19:45:51Z</time>
   </trkpt>
   <trkpt lat="42.3602810" lon="-71.0823080">
    <ele>2.7</ele>
    <time>2025-07-04T19:45:52Z</time>
   </trkpt>
   <trkpt lat="42.3602760" lon="-71.0822710">
    <ele>2.7</ele>
    <time>2025-07-04T19:45:53Z</time>
   </trkpt>
   <trkpt lat="42.3602910" lon="-71.0822180">
    <ele>2.8</ele>
    <time>2025-07-04T19:45:54Z</time>
   </trkpt>
   <trkpt lat="42.3602970" lon="-71.0821790">
    <ele>2.8</ele>
    <time>2025-07-04T19:45:55Z</time>
   </trkpt>
   <trkpt lat="42.3603180" lon="-71.0821130">
    <ele>2.8</ele>
    <time>2025-07-04T19:45:56Z</time>
   </trkpt>
   <trkpt lat="42.3603400" lon="-71.0820570">
    <ele>2.8</ele>
    <time>2025-07-04T19:45:57Z</time>
   </trkpt>
   <trkpt lat="42.3603610" lon="-71.0819990">
    <ele>2.8</ele>
    <time>2025-07-04T19:45:58Z</time>
   </trkpt>
   <trkpt lat="42.3603950" lon="-71.0819340">
    <ele>2.8</ele>
    <time>2025-07-04T19:45:59Z</time>
   </trkpt>
   <trkpt lat="42.3604090" lon="-71.0818930">
    <ele>2.8</ele>
    <time>2025-07-04T19:46:00Z</time>
   </trkpt>
   <trkpt lat="42.3604290" lon="-71.0818310">
    <ele>2.8</ele>
    <time>2025-07-04T19:46:01Z</time>
   </trkpt>
   <trkpt lat="42.3604450" lon="-71.0817880">
    <ele>2.8</ele>
    <time>2025-07-04T19:46:02Z</time>
   </trkpt>
   <trkpt lat="42.3604540" lon="-71.0817320">
    <ele>2.8</ele>
    <time>2025-07-04T19:46:03Z</time>
   </trkpt>
   <trkpt lat="42.3604680" lon="-71.0816690">
    <ele>2.8</ele>
    <time>2025-07-04T19:46:04Z</time>
   </trkpt>
   <trkpt lat="42.3604870" lon="-71.0816020">
    <ele>2.8</ele>
    <time>2025-07-04T19:46:05Z</time>
   </trkpt>
   <trkpt lat="42.3604980" lon="-71.0815380">
    <ele>2.8</ele>
    <time>2025-07-04T19:46:06Z</time>
   </trkpt>
   <trkpt lat="42.3605070" lon="-71.0814770">
    <ele>2.8</ele>
    <time>2025-07-04T19:46:07Z</time>
   </trkpt>
   <trkpt lat="42.3605170" lon="-71.0814220">
    <ele>2.8</ele>
    <time>2025-07-04T19:46:08Z</time>
   </trkpt>
   <trkpt lat="42.3605280" lon="-71.0813620">
    <ele>2.9</ele>
    <time>2025-07-04T19:46:09Z</time>
   </trkpt>
   <trkpt lat="42.3605310" lon="-71.0813130">
    <ele>2.9</ele>
    <time>2025-07-04T19:46:10Z</time>
   </trkpt>
   <trkpt lat="42.3605300" lon="-71.0812580">
    <ele>2.9</ele>
    <time>2025-07-04T19:46:11Z</time>
   </trkpt>
   <trkpt lat="42.3605310" lon="-71.0812360">
    <ele>2.9</ele>
    <time>2025-07-04T19:46:12Z</time>
   </trkpt>
   <trkpt lat="42.3605360" lon="-71.0811950">
    <ele>3.0</ele>
    <time>2025-07-04T19:46:13Z</time>
   </trkpt>
   <trkpt lat="42.3605360" lon="-71.0811560">
    <ele>3.0</ele>
    <time>2025-07-04T19:46:14Z</time>
   </trkpt>
   <trkpt lat="42.3605400" lon="-71.0811430">
    <ele>3.0</ele>
    <time>2025-07-04T19:46:15Z</time>
   </trkpt>
   <trkpt lat="42.3605500" lon="-71.0811210">
    <ele>3.0</ele>
    <time>2025-07-04T19:46:16Z</time>
   </trkpt>
   <trkpt lat="42.3605470" lon="-71.0810990">
    <ele>3.0</ele>
    <time>2025-07-04T19:46:17Z</time>
   </trkpt>
   <trkpt lat="42.3605530" lon="-71.0810630">
    <ele>3.0</ele>
    <time>2025-07-04T19:46:18Z</time>
   </trkpt>
   <trkpt lat="42.3605590" lon="-71.0810410">
    <ele>3.1</ele>
    <time>2025-07-04T19:46:19Z</time>
   </trkpt>
   <trkpt lat="42.3605650" lon="-71.0809940">
    <ele>3.1</ele>
    <time>2025-07-04T19:46:20Z</time>
   </trkpt>
   <trkpt lat="42.3605670" lon="-71.0809710">
    <ele>3.1</ele>
    <time>2025-07-04T19:46:21Z</time>
   </trkpt>
   <trkpt lat="42.3605630" lon="-71.0809320">
    <ele>3.1</ele>
    <time>2025-07-04T19:46:22Z</time>
   </trkpt>
   <trkpt lat="42.3605580" lon="-71.0808820">
    <ele>3.1</ele>
    <time>2025-07-04T19:46:23Z</time>
   </trkpt>
   <trkpt lat="42.3605420" lon="-71.0808270">
    <ele>3.2</ele>
    <time>2025-07-04T19:46:24Z</time>
   </trkpt>
   <trkpt lat="42.3605320" lon="-71.0807920">
    <ele>3.2</ele>
    <time>2025-07-04T19:46:25Z</time>
   </trkpt>
   <trkpt lat="42.3605270" lon="-71.0807520">
    <ele>3.2</ele>
    <time>2025-07-04T19:46:26Z</time>
   </trkpt>
   <trkpt lat="42.3605330" lon="-71.0806970">
    <ele>3.3</ele>
    <time>2025-07-04T19:46:27Z</time>
   </trkpt>
   <trkpt lat="42.3605320" lon="-71.0806300">
    <ele>3.3</ele>
    <time>2025-07-04T19:46:28Z</time>
   </trkpt>
   <trkpt lat="42.3605300" lon="-71.0805910">
    <ele>3.4</ele>
    <time>2025-07-04T19:46:29Z</time>
   </trkpt>
   <trkpt lat="42.3605340" lon="-71.0805420">
    <ele>3.4</ele>
    <time>2025-07-04T19:46:30Z</time>
   </trkpt>
   <trkpt lat="42.3605370" lon="-71.0804750">
    <ele>3.5</ele>
    <time>2025-07-04T19:46:31Z</time>
   </trkpt>
   <trkpt lat="42.3605390" lon="-71.0804400">
    <ele>3.5</ele>
    <time>2025-07-04T19:46:32Z</time>
   </trkpt>
   <trkpt lat="42.3605430" lon="-71.0803860">
    <ele>3.5</ele>
    <time>2025-07-04T19:46:33Z</time>
   </trkpt>
   <trkpt lat="42.3605350" lon="-71.0803410">
    <ele>3.6</ele>
    <time>2025-07-04T19:46:34Z</time>
   </trkpt>
   <trkpt lat="42.3605360" lon="-71.0802690">
    <ele>3.6</ele>
    <time>2025-07-04T19:46:35Z</time>
   </trkpt>
   <trkpt lat="42.3605390" lon="-71.0802090">
    <ele>3.7</ele>
    <time>2025-07-04T19:46:36Z</time>
   </trkpt>
   <trkpt lat="42.3605440" lon="-71.0801390">
    <ele>3.7</ele>
    <time>2025-07-04T19:46:37Z</time>
   </trkpt>
   <trkpt lat="42.3605360" lon="-71.0800860">
    <ele>3.8</ele>
    <time>2025-07-04T19:46:38Z</time>
   </trkpt>
   <trkpt lat="42.3605350" lon="-71.0800280">
    <ele>3.8</ele>
    <time>2025-07-04T19:46:39Z</time>
   </trkpt>
   <trkpt lat="42.3605430" lon="-71.0799660">
    <ele>3.9</ele>
    <time>2025-07-04T19:46:40Z</time>
   </trkpt>
   <trkpt lat="42.3605320" lon="-71.0799160">
    <ele>3.9</ele>
    <time>2025-07-04T19:46:41Z</time>
   </trkpt>
   <trkpt lat="42.3605330" lon="-71.0798920">
    <ele>3.9</ele>
    <time>2025-07-04T19:46:42Z</time>
   </trkpt>
   <trkpt lat="42.3605400" lon="-71.0798210">
    <ele>4.0</ele>
    <time>2025-07-04T19:46:43Z</time>
   </trkpt>
   <trkpt lat="42.3605620" lon="-71.0797370">
    <ele>4.0</ele>
    <time>2025-07-04T19:46:44Z</time>
   </trkpt>
   <trkpt lat="42.3605680" lon="-71.0796790">
    <ele>4.0</ele>
    <time>2025-07-04T19:46:45Z</time>
   </trkpt>
   <trkpt lat="42.3605770" lon="-71.0796150">
    <ele>4.0</ele>
    <time>2025-07-04T19:46:46Z</time>
   </trkpt>
   <trkpt lat="42.3606040" lon="-71.0795450">
    <ele>4.0</ele>
    <time>2025-07-04T19:46:47Z</time>
   </trkpt>
   <trkpt lat="42.3606350" lon="-71.0794720">
    <ele>3.9</ele>
    <time>2025-07-04T19:46:48Z</time>
   </trkpt>
   <trkpt lat="42.3606530" lon="-71.0794110">
    <ele>3.9</ele>
    <time>2025-07-04T19:46:49Z</time>
   </trkpt>
   <trkpt lat="42.3606710" lon="-71.0793530">
    <ele>3.9</ele>
    <time>2025-07-04T19:46:50Z</time>
   </trkpt>
   <trkpt lat="42.3606870" lon="-71.0792900">
    <ele>3.9</ele>
    <time>2025-07-04T19:46:51Z</time>
   </trkpt>
   <trkpt lat="42.3607010" lon="-71.0792360">
    <ele>3.8</ele>
    <time>2025-07-04T19:46:52Z</time>
   </trkpt>
   <trkpt lat="42.3607270" lon="-71.0791910">
    <ele>3.8</ele>
    <time>2025-07-04T19:46:53Z</time>
   </trkpt>
   <trkpt lat="42.3607580" lon="-71.0791390">
    <ele>3.8</ele>
    <time>2025-07-04T19:46:54Z</time>
   </trkpt>
   <trkpt lat="42.3607850" lon="-71.0790840">
    <ele>3.8</ele>
    <time>2025-07-04T19:46:55Z</time>
   </trkpt>
   <trkpt lat="42.3608130" lon="-71.0790380">
    <ele>3.8</ele>
    <time>2025-07-04T19:46:56Z</time>
   </trkpt>
   <trkpt lat="42.3608500" lon="-71.0789810">
    <ele>3.8</ele>
    <time>2025-07-04T19:46:57Z</time>
   </trkpt>
   <trkpt lat="42.3608800" lon="-71.0789330">
    <ele>3.7</ele>
    <time>2025-07-04T19:46:58Z</time>
   </trkpt>
   <trkpt lat="42.3609130" lon="-71.0788830">
    <ele>3.7</ele>
    <time>2025-07-04T19:46:59Z</time>
   </trkpt>
   <trkpt lat="42.3609420" lon="-71.0788380">
    <ele>3.7</ele>
    <time>2025-07-04T19:47:00Z</time>
   </trkpt>
   <trkpt lat="42.3609820" lon="-71.0787890">
    <ele>3.7</ele>
    <time>2025-07-04T19:47:01Z</time>
   </trkpt>
   <trkpt lat="42.3610260" lon="-71.0787460">
    <ele>3.6</ele>
    <time>2025-07-04T19:47:02Z</time>
   </trkpt>
   <trkpt lat="42.3610660" lon="-71.0787110">
    <ele>3.6</ele>
    <time>2025-07-04T19:47:03Z</time>
   </trkpt>
   <trkpt lat="42.3611050" lon="-71.0786780">
    <ele>3.5</ele>
    <time>2025-07-04T19:47:04Z</time>
   </trkpt>
   <trkpt lat="42.3611460" lon="-71.0786360">
    <ele>3.4</ele>
    <time>2025-07-04T19:47:05Z</time>
   </trkpt>
   <trkpt lat="42.3611980" lon="-71.0786000">
    <ele>3.3</ele>
    <time>2025-07-04T19:47:06Z</time>
   </trkpt>
   <trkpt lat="42.3612440" lon="-71.0785800">
    <ele>3.1</ele>
    <time>2025-07-04T19:47:07Z</time>
   </trkpt>
   <trkpt lat="42.3612890" lon="-71.0785480">
    <ele>3.0</ele>
    <time>2025-07-04T19:47:08Z</time>
   </trkpt>
   <trkpt lat="42.3613550" lon="-71.0785160">
    <ele>2.8</ele>
    <time>2025-07-04T19:47:09Z</time>
   </trkpt>
   <trkpt lat="42.3614150" lon="-71.0784990">
    <ele>2.5</ele>
    <time>2025-07-04T19:47:10Z</time>
   </trkpt>
   <trkpt lat="42.3614660" lon="-71.0784740">
    <ele>2.3</ele>
    <time>2025-07-04T19:47:11Z</time>
   </trkpt>
   <trkpt lat="42.3615100" lon="-71.0784650">
    <ele>2.1</ele>
    <time>2025-07-04T19:47:12Z</time>
   </trkpt>
   <trkpt lat="42.3615240" lon="-71.0784610">
    <ele>2.1</ele>
    <time>2025-07-04T19:47:13Z</time>
   </trkpt>
   <trkpt lat="42.3615410" lon="-71.0784610">
    <ele>2.0</ele>
    <time>2025-07-04T19:47:14Z</time>
   </trkpt>
   <trkpt lat="42.3615530" lon="-71.0784510">
    <ele>2.0</ele>
    <time>2025-07-04T19:47:15Z</time>
   </trkpt>
   <trkpt lat="42.3615610" lon="-71.0784440">
    <ele>2.0</ele>
    <time>2025-07-04T19:47:16Z</time>
   </trkpt>
   <trkpt lat="42.3615630" lon="-71.0784290">
    <ele>2.0</ele>
    <time>2025-07-04T19:47:17Z</time>
   </trkpt>
   <trkpt lat="42.3615860" lon="-71.0784230">
    <ele>1.9</ele>
    <time>2025-07-04T19:47:18Z</time>
   </trkpt>
   <trkpt lat="42.3615920" lon="-71.0784310">
    <ele>1.9</ele>
    <time>2025-07-04T19:47:19Z</time>
   </trkpt>
   <trkpt lat="42.3615990" lon="-71.0784380">
    <ele>1.9</ele>
    <time>2025-07-04T19:47:20Z</time>
   </trkpt>
   <trkpt lat="42.3616350" lon="-71.0784280">
    <ele>1.8</ele>
    <time>2025-07-04T19:47:21Z</time>
   </trkpt>
   <trkpt lat="42.3616510" lon="-71.0784410">
    <ele>1.8</ele>
    <time>2025-07-04T19:47:22Z</time>
   </trkpt>
   <trkpt lat="42.3616770" lon="-71.0784250">
    <ele>1.8</ele>
    <time>2025-07-04T19:47:23Z</time>
   </trkpt>
   <trkpt lat="42.3616900" lon="-71.0784190">
    <ele>1.8</ele>
    <time>2025-07-04T19:47:24Z</time>
   </trkpt>
   <trkpt lat="42.3617240" lon="-71.0784060">
    <ele>1.7</ele>
    <time>2025-07-04T19:47:25Z</time>
   </trkpt>
   <trkpt lat="42.3617330" lon="-71.0783970">
    <ele>1.7</ele>
    <time>2025-07-04T19:47:26Z</time>
   </trkpt>
   <trkpt lat="42.3617420" lon="-71.0784070">
    <ele>1.7</ele>
    <time>2025-07-04T19:47:27Z</time>
   </trkpt>
   <trkpt lat="42.3617510" lon="-71.0784090">
    <ele>1.7</ele>
    <time>2025-07-04T19:47:28Z</time>
   </trkpt>
   <trkpt lat="42.3617600" lon="-71.0784100">
    <ele>1.7</ele>
    <time>2025-07-04T19:47:29Z</time>
   </trkpt>
   <trkpt lat="42.3617690" lon="-71.0784120">
    <ele>1.7</ele>
    <time>2025-07-04T19:47:30Z</time>
   </trkpt>
   <trkpt lat="42.3617590" lon="-71.0784030">
    <ele>1.8</ele>
    <time>2025-07-04T19:47:31Z</time>
   </trkpt>
   <trkpt lat="42.3617610" lon="-71.0783920">
    <ele>1.8</ele>
    <time>2025-07-04T19:47:32Z</time>
   </trkpt>
   <trkpt lat="42.3617550" lon="-71.0783780">
    <ele>1.8</ele>
    <time>2025-07-04T19:47:33Z</time>
   </trkpt>
   <trkpt lat="42.3617820" lon="-71.0783800">
    <ele>1.8</ele>
    <time>2025-07-04T19:47:34Z</time>
   </trkpt>
   <trkpt lat="42.3618080" lon="-71.0783810">
    <ele>1.8</ele>
    <time>2025-07-04T19:47:35Z</time>
   </trkpt>
   <trkpt lat="42.3618350" lon="-71.0783830">
    <ele>1.9</ele>
    <time>2025-07-04T19:47:36Z</time>
   </trkpt>
   <trkpt lat="42.3618610" lon="-71.0783850">
    <ele>1.9</ele>
    <time>2025-07-04T19:47:37Z</time>
   </trkpt>
   <trkpt lat="42.3618880" lon="-71.0783860">
    <ele>2.0</ele>
    <time>2025-07-04T19:47:38Z</time>
   </trkpt>
   <trkpt lat="42.3619150" lon="-71.0783880">
    <ele>2.1</ele>
    <time>2025-07-04T19:47:39Z</time>
   </trkpt>
   <trkpt lat="42.3619410" lon="-71.0783900">
    <ele>2.1</ele>
    <time>2025-07-04T19:47:40Z</time>
   </trkpt>
   <trkpt lat="42.3619680" lon="-71.0783920">
    <ele>2.2</ele>
    <time>2025-07-04T19:49:37Z</time>
   </trkpt>
   <trkpt lat="42.3619940" lon="-71.0783930">
    <ele>2.3</ele>
    <time>2025-07-04T19:49:38Z</time>
   </trkpt>
   <trkpt lat="42.3620210" lon="-71.0783950">
    <ele>2.3</ele>
    <time>2025-07-04T19:49:39Z</time>
   </trkpt>
   <trkpt lat="42.3620390" lon="-71.0783880">
    <ele>2.4</ele>
    <time>2025-07-04T19:49:40Z</time>
   </trkpt>
   <trkpt lat="42.3620510" lon="-71.0783880">
    <ele>2.4</ele>
    <time>2025-07-04T19:49:41Z</time>
   </trkpt>
   <trkpt lat="42.3620580" lon="-71.0783790">
    <ele>2.4</ele>
    <time>2025-07-04T19:49:42Z</time>
   </trkpt>
   <trkpt lat="42.3620650" lon="-71.0783780">
    <ele>2.4</ele>
    <time>2025-07-04T19:49:43Z</time>
   </trkpt>
   <trkpt lat="42.3620800" lon="-71.0783750">
    <ele>2.5</ele>
    <time>2025-07-04T19:49:44Z</time>
   </trkpt>
   <trkpt lat="42.3620920" lon="-71.0783730">
    <ele>2.5</ele>
    <time>2025-07-04T19:49:45Z</time>
   </trkpt>
   <trkpt lat="42.3621080" lon="-71.0783680">
    <ele>2.5</ele>
    <time>2025-07-04T19:49:46Z</time>
   </trkpt>
   <trkpt lat="42.3621300" lon="-71.0783680">
    <ele>2.6</ele>
    <time>2025-07-04T19:49:47Z</time>
   </trkpt>
   <trkpt lat="42.3621390" lon="-71.0783710">
    <ele>2.6</ele>
    <time>2025-07-04T19:49:48Z</time>
   </trkpt>
   <trkpt lat="42.3621490" lon="-71.0783730">
    <ele>2.6</ele>
    <time>2025-07-04T19:49:49Z</time>
   </trkpt>
   <trkpt lat="42.3621630" lon="-71.0783700">
    <ele>2.6</ele>
    <time>2025-07-04T19:49:50Z</time>
   </trkpt>
   <trkpt lat="42.3621780" lon="-71.0783680">
    <ele>2.7</ele>
    <time>2025-07-04T19:49:51Z</time>
   </trkpt>
   <trkpt lat="42.3621940" lon="-71.0783660">
    <ele>2.7</ele>
    <time>2025-07-04T19:49:52Z</time>
   </trkpt>
   <trkpt lat="42.3622070" lon="-71.0783650">
    <ele>2.7</ele>
    <time>2025-07-04T19:49:53Z</time>
   </trkpt>
   <trkpt lat="42.3622210" lon="-71.0783600">
    <ele>2.7</ele>
    <time>2025-07-04T19:49:54Z</time>
   </trkpt>
   <trkpt lat="42.3622330" lon="-71.0783490">
    <ele>2.8</ele>
    <time>2025-07-04T19:49:55Z</time>
   </trkpt>
   <trkpt lat="42.3622460" lon="-71.0783530">
    <ele>2.8</ele>
    <time>2025-07-04T19:49:56Z</time>
   </trkpt>
   <trkpt lat="42.3622590" lon="-71.0783560">
    <ele>2.8</ele>
    <time>2025-07-04T19:49:57Z</time>
   </trkpt>
   <trkpt lat="42.3622720" lon="-71.0783560">
    <ele>2.9</ele>
    <time>2025-07-04T19:49:58Z</time>
   </trkpt>
   <trkpt lat="42.3622870" lon="-71.0783550">
    <ele>2.9</ele>
    <time>2025-07-04T19:49:59Z</time>
   </trkpt>
   <trkpt lat="42.3623000" lon="-71.0783550">
    <ele>2.9</ele>
    <time>2025-07-04T19:50:00Z</time>
   </trkpt>
   <trkpt lat="42.3623100" lon="-71.0783610">
    <ele>2.9</ele>
    <time>2025-07-04T19:50:01Z</time>
   </trkpt>
   <trkpt lat="42.3623230" lon="-71.0783570">
    <ele>2.9</ele>
    <time>2025-07-04T19:50:02Z</time>
   </trkpt>
   <trkpt lat="42.3623330" lon="-71.0783590">
    <ele>2.9</ele>
    <time>2025-07-04T19:50:03Z</time>
   </trkpt>
   <trkpt lat="42.3623390" lon="-71.0783620">
    <ele>3.0</ele>
    <time>2025-07-04T19:50:04Z</time>
   </trkpt>
   <trkpt lat="42.3623390" lon="-71.0783620">
    <ele>3.0</ele>
    <time>2025-07-04T19:50:05Z</time>
   </trkpt>
   <trkpt lat="42.3623500" lon="-71.0783520">
    <ele>3.0</ele>
    <time>2025-07-04T19:50:06Z</time>
   </trkpt>
   <trkpt lat="42.3623590" lon="-71.0783420">
    <ele>3.0</ele>
    <time>2025-07-04T19:50:07Z</time>
   </trkpt>
   <trkpt lat="42.3623770" lon="-71.0783360">
    <ele>3.0</ele>
    <time>2025-07-04T19:50:08Z</time>
   </trkpt>
   <trkpt lat="42.3623990" lon="-71.0783050">
    <ele>3.0</ele>
    <time>2025-07-04T19:50:09Z</time>
   </trkpt>
   <trkpt lat="42.3624090" lon="-71.0783000">
    <ele>3.1</ele>
    <time>2025-07-04T19:50:10Z</time>
   </trkpt>
   <trkpt lat="42.3624360" lon="-71.0783000">
    <ele>3.1</ele>
    <time>2025-07-04T19:50:11Z</time>
   </trkpt>
   <trkpt lat="42.3624700" lon="-71.0782900">
    <ele>3.1</ele>
    <time>2025-07-04T19:50:12Z</time>
   </trkpt>
   <trkpt lat="42.3624790" lon="-71.0782860">
    <ele>3.1</ele>
    <time>2025-07-04T19:50:13Z</time>
   </trkpt>
   <trkpt lat="42.3625060" lon="-71.0782800">
    <ele>3.1</ele>
    <time>2025-07-04T19:50:14Z</time>
   </trkpt>
   <trkpt lat="42.3625150" lon="-71.0782760">
    <ele>3.1</ele>
    <time>2025-07-04T19:50:15Z</time>
   </trkpt>
   <trkpt lat="42.3625430" lon="-71.0782560">
    <ele>3.2</ele>
    <time>2025-07-04T19:50:16Z</time>
   </trkpt>
   <trkpt lat="42.3625540" lon="-71.0782430">
    <ele>3.2</ele>
    <time>2025-07-04T19:50:17Z</time>
   </trkpt>
   <trkpt lat="42.3625940" lon="-71.0782330">
    <ele>3.2</ele>
    <time>2025-07-04T19:50:18Z</time>
   </trkpt>
   <trkpt lat="42.3626330" lon="-71.0782270">
    <ele>3.2</ele>
    <time>2025-07-04T19:50:19Z</time>
   </trkpt>
   <trkpt lat="42.3626720" lon="-71.0782080">
    <ele>3.2</ele>
    <time>2025-07-04T19:50:20Z</time>
   </trkpt>
   <trkpt lat="42.3627100" lon="-71.0781940">
    <ele>3.1</ele>
    <time>2025-07-04T19:50:21Z</time>
   </trkpt>
   <trkpt lat="42.3627460" lon="-71.0781790">
    <ele>3.1</ele>
    <time>2025-07-04T19:50:22Z</time>
   </trkpt>
   <trkpt lat="42.3627750" lon="-71.0781640">
    <ele>3.1</ele>
    <time>2025-07-04T19:50:23Z</time>
   </trkpt>
   <trkpt lat="42.3628030" lon="-71.0781430">
    <ele>3.1</ele>
    <time>2025-07-04T19:50:24Z</time>
   </trkpt>
   <trkpt lat="42.3628240" lon="-71.0781020">
    <ele>3.1</ele>
    <time>2025-07-04T19:50:25Z</time>
   </trkpt>
   <trkpt lat="42.3628420" lon="-71.0780510">
    <ele>3.0</ele>
    <time>2025-07-04T19:50:26Z</time>
   </trkpt>
   <trkpt lat="42.3628730" lon="-71.0780150">
    <ele>3.0</ele>
    <time>2025-07-04T19:50:27Z</time>
   </trkpt>
   <trkpt lat="42.3628980" lon="-71.0779930">
    <ele>3.0</ele>
    <time>2025-07-04T19:50:28Z</time>
   </trkpt>
   <trkpt lat="42.3629180" lon="-71.0779850">
    <ele>3.0</ele>
    <time>2025-07-04T19:50:29Z</time>
   </trkpt>
   <trkpt lat="42.3629540" lon="-71.0779600">
    <ele>3.0</ele>
    <time>2025-07-04T19:50:30Z</time>
   </trkpt>
   <trkpt lat="42.3630150" lon="-71.0778930">
    <ele>3.0</ele>
    <time>2025-07-04T19:50:31Z</time>
   </trkpt>
   <trkpt lat="42.3630850" lon="-71.0778530">
    <ele>2.9</ele>
    <time>2025-07-04T19:50:32Z</time>
   </trkpt>
   <trkpt lat="42.3631280" lon="-71.0778080">
    <ele>2.9</ele>
    <time>2025-07-04T19:50:33Z</time>
   </trkpt>
   <trkpt lat="42.3631620" lon="-71.0777650">
    <ele>2.9</ele>
    <time>2025-07-04T19:50:34Z</time>
   </trkpt>
   <trkpt lat="42.3632020" lon="-71.0777150">
    <ele>2.9</ele>
    <time>2025-07-04T19:50:35Z</time>
   </trkpt>
   <trkpt lat="42.3632460" lon="-71.0776750">
    <ele>2.9</ele>
    <time>2025-07-04T19:50:36Z</time>
   </trkpt>
   <trkpt lat="42.3632850" lon="-71.0776230">
    <ele>2.8</ele>
    <time>2025-07-04T19:50:37Z</time>
   </trkpt>
   <trkpt lat="42.3633090" lon="-71.0775890">
    <ele>2.8</ele>
    <time>2025-07-04T19:50:38Z</time>
   </trkpt>
   <trkpt lat="42.3633430" lon="-71.0775440">
    <ele>2.8</ele>
    <time>2025-07-04T19:50:39Z</time>
   </trkpt>
   <trkpt lat="42.3633970" lon="-71.0775070">
    <ele>2.8</ele>
    <time>2025-07-04T19:50:40Z</time>
   </trkpt>
   <trkpt lat="42.3634310" lon="-71.0774770">
    <ele>2.8</ele>
    <time>2025-07-04T19:50:41Z</time>
   </trkpt>
   <trkpt lat="42.3634810" lon="-71.0774420">
    <ele>2.8</ele>
    <time>2025-07-04T19:50:42Z</time>
   </trkpt>
   <trkpt lat="42.3635290" lon="-71.0773930">
    <ele>2.8</ele>
    <time>2025-07-04T19:50:43Z</time>
   </trkpt>
   <trkpt lat="42.3635700" lon="-71.0773640">
    <ele>2.8</ele>
    <time>2025-07-04T19:50:44Z</time>
   </trkpt>
   <trkpt lat="42.3636160" lon="-71.0773340">
    <ele>2.8</ele>
    <time>2025-07-04T19:50:45Z</time>
   </trkpt>
   <trkpt lat="42.3636490" lon="-71.0772910">
    <ele>2.8</ele>
    <time>2025-07-04T19:50:46Z</time>
   </trkpt>
   <trkpt lat="42.3637060" lon="-71.0772670">
    <ele>2.9</ele>
    <time>2025-07-04T19:50:47Z</time>
   </trkpt>
   <trkpt lat="42.3637530" lon="-71.0772240">
    <ele>2.9</ele>
    <time>2025-07-04T19:50:48Z</time>
   </trkpt>
   <trkpt lat="42.3638040" lon="-71.0771740">
    <ele>2.9</ele>
    <time>2025-07-04T19:50:49Z</time>
   </trkpt>
   <trkpt lat="42.3638500" lon="-71.0771320">
    <ele>2.9</ele>
    <time>2025-07-04T19:50:50Z</time>
   </trkpt>
   <trkpt lat="42.3638870" lon="-71.0770910">
    <ele>2.9</ele>
    <time>2025-07-04T19:50:51Z</time>
   </trkpt>
   <trkpt lat="42.3639200" lon="-71.0770520">
    <ele>2.9</ele>
    <time>2025-07-04T19:50:52Z</time>
   </trkpt>
   <trkpt lat="42.3639520" lon="-71.0770190">
    <ele>2.9</ele>
    <time>2025-07-04T19:50:53Z</time>
   </trkpt>
   <trkpt lat="42.3639910" lon="-71.0769760">
    <ele>2.9</ele>
    <time>2025-07-04T19:50:54Z</time>
   </trkpt>
   <trkpt lat="42.3640240" lon="-71.0769310">
    <ele>2.8</ele>
    <time>2025-07-04T19:50:55Z</time>
   </trkpt>
   <trkpt lat="42.3640570" lon="-71.0768960">
    <ele>2.8</ele>
    <time>2025-07-04T19:50:56Z</time>
   </trkpt>
   <trkpt lat="42.3640840" lon="-71.0768600">
    <ele>2.8</ele>
    <time>2025-07-04T19:50:57Z</time>
   </trkpt>
   <trkpt lat="42.3641250" lon="-71.0768160">
    <ele>2.9</ele>
    <time>2025-07-04T19:50:58Z</time>
   </trkpt>
   <trkpt lat="42.3641590" lon="-71.0767950">
    <ele>2.9</ele>
    <time>2025-07-04T19:50:59Z</time>
   </trkpt>
   <trkpt lat="42.3641890" lon="-71.0767510">
    <ele>2.9</ele>
    <time>2025-07-04T19:51:00Z</time>
   </trkpt>
   <trkpt lat="42.3642280" lon="-71.0767070">
    <ele>2.9</ele>
    <time>2025-07-04T19:51:01Z</time>
   </trkpt>
   <trkpt lat="42.3642690" lon="-71.0766680">
    <ele>2.9</ele>
    <time>2025-07-04T19:51:02Z</time>
   </trkpt>
   <trkpt lat="42.3643000" lon="-71.0766170">
    <ele>2.9</ele>
    <time>2025-07-04T19:51:03Z</time>
   </trkpt>
   <trkpt lat="42.3643330" lon="-71.0765850">
    <ele>2.9</ele>
    <time>2025-07-04T19:51:04Z</time>
   </trkpt>
   <trkpt lat="42.3643740" lon="-71.0765510">
    <ele>2.9</ele>
    <time>2025-07-04T19:51:05Z</time>
   </trkpt>
   <trkpt lat="42.3644160" lon="-71.0765190">
    <ele>2.9</ele>
    <time>2025-07-04T19:51:06Z</time>
   </trkpt>
   <trkpt lat="42.3644600" lon="-71.0764900">
    <ele>2.9</ele>
    <time>2025-07-04T19:51:07Z</time>
   </trkpt>
   <trkpt lat="42.3645080" lon="-71.0764500">
    <ele>2.9</ele>
    <time>2025-07-04T19:51:08Z</time>
   </trkpt>
   <trkpt lat="42.3645500" lon="-71.0764080">
    <ele>2.9</ele>
    <time>2025-07-04T19:51:09Z</time>
   </trkpt>
   <trkpt lat="42.3646050" lon="-71.0763820">
    <ele>2.9</ele>
    <time>2025-07-04T19:51:10Z</time>
   </trkpt>
   <trkpt lat="42.3646520" lon="-71.0763310">
    <ele>2.9</ele>
    <time>2025-07-04T19:51:11Z</time>
   </trkpt>
   <trkpt lat="42.3647030" lon="-71.0762910">
    <ele>2.9</ele>
    <time>2025-07-04T19:51:12Z</time>
   </trkpt>
   <trkpt lat="42.3647400" lon="-71.0762350">
    <ele>2.9</ele>
    <time>2025-07-04T19:51:13Z</time>
   </trkpt>
   <trkpt lat="42.3647870" lon="-71.0761940">
    <ele>2.9</ele>
    <time>2025-07-04T19:51:14Z</time>
   </trkpt>
   <trkpt lat="42.3648350" lon="-71.0761530">
    <ele>2.9</ele>
    <time>2025-07-04T19:51:15Z</time>
   </trkpt>
   <trkpt lat="42.3648750" lon="-71.0761190">
    <ele>2.9</ele>
    <time>2025-07-04T19:51:16Z</time>
   </trkpt>
   <trkpt lat="42.3649180" lon="-71.0760900">
    <ele>2.9</ele>
    <time>2025-07-04T19:51:17Z</time>
   </trkpt>
   <trkpt lat="42.3649530" lon="-71.0760600">
    <ele>2.9</ele>
    <time>2025-07-04T19:51:18Z</time>
   </trkpt>
   <trkpt lat="42.3650060" lon="-71.0760230">
    <ele>2.9</ele>
    <time>2025-07-04T19:51:19Z</time>
   </trkpt>
   <trkpt lat="42.3650410" lon="-71.0759730">
    <ele>2.9</ele>
    <time>2025-07-04T19:51:20Z</time>
   </trkpt>
   <trkpt lat="42.3650860" lon="-71.0759400">
    <ele>2.9</ele>
    <time>2025-07-04T19:51:21Z</time>
   </trkpt>
   <trkpt lat="42.3651240" lon="-71.0759110">
    <ele>2.9</ele>
    <time>2025-07-04T19:51:22Z</time>
   </trkpt>
   <trkpt lat="42.3651650" lon="-71.0758720">
    <ele>2.9</ele>
    <time>2025-07-04T19:51:23Z</time>
   </trkpt>
   <trkpt lat="42.3652020" lon="-71.0758390">
    <ele>2.9</ele>
    <time>2025-07-04T19:51:24Z</time>
   </trkpt>
   <trkpt lat="42.3652490" lon="-71.0758170">
    <ele>2.9</ele>
    <time>2025-07-04T19:51:25Z</time>
   </trkpt>
   <trkpt lat="42.3652800" lon="-71.0757820">
    <ele>2.9</ele>
    <time>2025-07-04T19:51:26Z</time>
   </trkpt>
   <trkpt lat="42.3653190" lon="-71.0757520">
    <ele>2.9</ele>
    <time>2025-07-04T19:51:27Z</time>
   </trkpt>
   <trkpt lat="42.3653590" lon="-71.0757100">
    <ele>2.9</ele>
    <time>2025-07-04T19:51:28Z</time>
   </trkpt>
   <trkpt lat="42.3654020" lon="-71.0756760">
    <ele>2.9</ele>
    <time>2025-07-04T19:51:29Z</time>
   </trkpt>
   <trkpt lat="42.3654340" lon="-71.0756360">
    <ele>2.9</ele>
    <time>2025-07-04T19:51:30Z</time>
   </trkpt>
   <trkpt lat="42.3654740" lon="-71.0755970">
    <ele>2.9</ele>
    <time>2025-07-04T19:51:31Z</time>
   </trkpt>
   <trkpt lat="42.3655210" lon="-71.0755560">
    <ele>2.9</ele>
    <time>2025-07-04T19:51:32Z</time>
   </trkpt>
   <trkpt lat="42.3655560" lon="-71.0755100">
    <ele>2.9</ele>
    <time>2025-07-04T19:51:33Z</time>
   </trkpt>
   <trkpt lat="42.3656010" lon="-71.0754810">
    <ele>2.9</ele>
    <time>2025-07-04T19:51:34Z</time>
   </trkpt>
   <trkpt lat="42.3656470" lon="-71.0754470">
    <ele>2.9</ele>
    <time>2025-07-04T19:51:35Z</time>
   </trkpt>
   <trkpt lat="42.3656850" lon="-71.0754070">
    <ele>2.9</ele>
    <time>2025-07-04T19:51:36Z</time>
   </trkpt>
   <trkpt lat="42.3657110" lon="-71.0753740">
    <ele>2.9</ele>
    <time>2025-07-04T19:51:37Z</time>
   </trkpt>
   <trkpt lat="42.3657510" lon="-71.0753380">
    <ele>2.9</ele>
    <time>2025-07-04T19:51:38Z</time>
   </trkpt>
   <trkpt lat="42.3657880" lon="-71.0753050">
    <ele>2.9</ele>
    <time>2025-07-04T19:51:39Z</time>
   </trkpt>
   <trkpt lat="42.3658270" lon="-71.0752710">
    <ele>2.9</ele>
    <time>2025-07-04T19:51:40Z</time>
   </trkpt>
   <trkpt lat="42.3658600" lon="-71.0752390">
    <ele>2.9</ele>
    <time>2025-07-04T19:51:41Z</time>
   </trkpt>
   <trkpt lat="42.3659120" lon="-71.0751930">
    <ele>2.9</ele>
    <time>2025-07-04T19:51:42Z</time>
   </trkpt>
   <trkpt lat="42.3659390" lon="-71.0751570">
    <ele>2.9</ele>
    <time>2025-07-04T19:51:43Z</time>
   </trkpt>
   <trkpt lat="42.3660000" lon="-71.0750940">
    <ele>2.9</ele>
    <time>2025-07-04T19:51:44Z</time>
   </trkpt>
   <trkpt lat="42.3660360" lon="-71.0750460">
    <ele>2.9</ele>
    <time>2025-07-04T19:51:45Z</time>
   </trkpt>
   <trkpt lat="42.3660700" lon="-71.0750060">
    <ele>2.9</ele>
    <time>2025-07-04T19:51:46Z</time>
   </trkpt>
   <trkpt lat="42.3661030" lon="-71.0749680">
    <ele>2.9</ele>
    <time>2025-07-04T19:51:47Z</time>
   </trkpt>
   <trkpt lat="42.3661480" lon="-71.0749370">
    <ele>2.9</ele>
    <time>2025-07-04T19:51:48Z</time>
   </trkpt>
   <trkpt lat="42.3661840" lon="-71.0749040">
    <ele>2.9</ele>
    <time>2025-07-04T19:51:49Z</time>
   </trkpt>
   <trkpt lat="42.3662280" lon="-71.0748640">
    <ele>2.9</ele>
    <time>2025-07-04T19:51:50Z</time>
   </trkpt>
   <trkpt lat="42.3662620" lon="-71.0748370">
    <ele>2.9</ele>
    <time>2025-07-04T19:51:51Z</time>
   </trkpt>
   <trkpt lat="42.3662860" lon="-71.0747930">
    <ele>2.9</ele>
    <time>2025-07-04T19:51:52Z</time>
   </trkpt>
   <trkpt lat="42.3663380" lon="-71.0747680">
    <ele>2.9</ele>
    <time>2025-07-04T19:51:53Z</time>
   </trkpt>
   <trkpt lat="42.3663690" lon="-71.0747360">
    <ele>2.9</ele>
    <time>2025-07-04T19:51:54Z</time>
   </trkpt>
   <trkpt lat="42.3664070" lon="-71.0747010">
    <ele>2.9</ele>
    <time>2025-07-04T19:51:55Z</time>
   </trkpt>
   <trkpt lat="42.3664350" lon="-71.0746620">
    <ele>2.8</ele>
    <time>2025-07-04T19:51:56Z</time>
   </trkpt>
   <trkpt lat="42.3664790" lon="-71.0746310">
    <ele>2.8</ele>
    <time>2025-07-04T19:51:57Z</time>
   </trkpt>
   <trkpt lat="42.3665120" lon="-71.0745950">
    <ele>2.8</ele>
    <time>2025-07-04T19:51:58Z</time>
   </trkpt>
   <trkpt lat="42.3665460" lon="-71.0745670">
    <ele>2.8</ele>
    <time>2025-07-04T19:51:59Z</time>
   </trkpt>
   <trkpt lat="42.3665810" lon="-71.0745420">
    <ele>2.7</ele>
    <time>2025-07-04T19:52:00Z</time>
   </trkpt>
   <trkpt lat="42.3666130" lon="-71.0745060">
    <ele>2.7</ele>
    <time>2025-07-04T19:52:01Z</time>
   </trkpt>
   <trkpt lat="42.3666320" lon="-71.0744730">
    <ele>2.7</ele>
    <time>2025-07-04T19:52:02Z</time>
   </trkpt>
   <trkpt lat="42.3666740" lon="-71.0744520">
    <ele>2.7</ele>
    <time>2025-07-04T19:52:03Z</time>
   </trkpt>
   <trkpt lat="42.3667080" lon="-71.0744190">
    <ele>2.8</ele>
    <time>2025-07-04T19:52:04Z</time>
   </trkpt>
   <trkpt lat="42.3667470" lon="-71.0743890">
    <ele>2.8</ele>
    <time>2025-07-04T19:52:05Z</time>
   </trkpt>
   <trkpt lat="42.3667750" lon="-71.0743600">
    <ele>2.8</ele>
    <time>2025-07-04T19:52:06Z</time>
   </trkpt>
   <trkpt lat="42.3668240" lon="-71.0743320">
    <ele>2.8</ele>
    <time>2025-07-04T19:52:07Z</time>
   </trkpt>
   <trkpt lat="42.3668540" lon="-71.0743050">
    <ele>2.8</ele>
    <time>2025-07-04T19:52:08Z</time>
   </trkpt>
   <trkpt lat="42.3668680" lon="-71.0742570">
    <ele>2.8</ele>
    <time>2025-07-04T19:52:09Z</time>
   </trkpt>
   <trkpt lat="42.3668920" lon="-71.0742260">
    <ele>2.8</ele>
    <time>2025-07-04T19:52:10Z</time>
   </trkpt>
   <trkpt lat="42.3669300" lon="-71.0741940">
    <ele>2.8</ele>
    <time>2025-07-04T19:52:11Z</time>
   </trkpt>
   <trkpt lat="42.3669620" lon="-71.0741750">
    <ele>2.8</ele>
    <time>2025-07-04T19:52:12Z</time>
   </trkpt>
   <trkpt lat="42.3669890" lon="-71.0741530">
    <ele>2.9</ele>
    <time>2025-07-04T19:52:13Z</time>
   </trkpt>
   <trkpt lat="42.3670030" lon="-71.0741200">
    <ele>2.9</ele>
    <time>2025-07-04T19:52:14Z</time>
   </trkpt>
   <trkpt lat="42.3670210" lon="-71.0740850">
    <ele>2.9</ele>
    <time>2025-07-04T19:52:15Z</time>
   </trkpt>
   <trkpt lat="42.3670450" lon="-71.0740550">
    <ele>2.9</ele>
    <time>2025-07-04T19:52:16Z</time>
   </trkpt>
   <trkpt lat="42.3670840" lon="-71.0740330">
    <ele>2.9</ele>
    <time>2025-07-04T19:52:17Z</time>
   </trkpt>
   <trkpt lat="42.3671280" lon="-71.0740260">
    <ele>3.0</ele>
    <time>2025-07-04T19:52:18Z</time>
   </trkpt>
   <trkpt lat="42.3671490" lon="-71.0740230">
    <ele>3.0</ele>
    <time>2025-07-04T19:52:19Z</time>
   </trkpt>
   <trkpt lat="42.3671830" lon="-71.0740020">
    <ele>3.0</ele>
    <time>2025-07-04T19:52:20Z</time>
   </trkpt>
   <trkpt lat="42.3672180" lon="-71.0739930">
    <ele>3.0</ele>
    <time>2025-07-04T19:52:21Z</time>
   </trkpt>
   <trkpt lat="42.3672590" lon="-71.0739860">
    <ele>3.1</ele>
    <time>2025-07-04T19:52:22Z</time>
   </trkpt>
   <trkpt lat="42.3673040" lon="-71.0739780">
    <ele>3.1</ele>
    <time>2025-07-04T19:52:23Z</time>
   </trkpt>
   <trkpt lat="42.3673430" lon="-71.0739650">
    <ele>3.1</ele>
    <time>2025-07-04T19:52:24Z</time>
   </trkpt>
   <trkpt lat="42.3673700" lon="-71.0739640">
    <ele>3.1</ele>
    <time>2025-07-04T19:52:25Z</time>
   </trkpt>
   <trkpt lat="42.3674000" lon="-71.0739540">
    <ele>3.2</ele>
    <time>2025-07-04T19:52:26Z</time>
   </trkpt>
   <trkpt lat="42.3674130" lon="-71.0739600">
    <ele>3.2</ele>
    <time>2025-07-04T19:52:27Z</time>
   </trkpt>
   <trkpt lat="42.3674460" lon="-71.0739750">
    <ele>3.2</ele>
    <time>2025-07-04T19:52:28Z</time>
   </trkpt>
   <trkpt lat="42.3674770" lon="-71.0739780">
    <ele>3.2</ele>
    <time>2025-07-04T19:52:29Z</time>
   </trkpt>
   <trkpt lat="42.3675080" lon="-71.0740030">
    <ele>3.2</ele>
    <time>2025-07-04T19:52:30Z</time>
   </trkpt>
   <trkpt lat="42.3675510" lon="-71.0740270">
    <ele>3.3</ele>
    <time>2025-07-04T19:52:31Z</time>
   </trkpt>
   <trkpt lat="42.3675940" lon="-71.0740710">
    <ele>3.3</ele>
    <time>2025-07-04T19:52:32Z</time>
   </trkpt>
   <trkpt lat="42.3676420" lon="-71.0740920">
    <ele>3.4</ele>
    <time>2025-07-04T19:52:33Z</time>
   </trkpt>
   <trkpt lat="42.3676910" lon="-71.0741210">
    <ele>3.5</ele>
    <time>2025-07-04T19:52:34Z</time>
   </trkpt>
   <trkpt lat="42.3677320" lon="-71.0741050">
    <ele>3.6</ele>
    <time>2025-07-04T19:52:35Z</time>
   </trkpt>
   <trkpt lat="42.3677790" lon="-71.0741030">
    <ele>4.0</ele>
    <time>2025-07-04T19:52:36Z</time>
   </trkpt>
   <trkpt lat="42.3678050" lon="-71.0740740">
    <ele>4.0</ele>
    <time>2025-07-04T19:52:37Z</time>
   </trkpt>
   <trkpt lat="42.3678270" lon="-71.0740630">
    <ele>4.1</ele>
    <time>2025-07-04T19:52:38Z</time>
   </trkpt>
   <trkpt lat="42.3678340" lon="-71.0740690">
    <ele>4.1</ele>
    <time>2025-07-04T19:52:39Z</time>
   </trkpt>
   <trkpt lat="42.3678650" lon="-71.0740550">
    <ele>4.1</ele>
    <time>2025-07-04T19:52:40Z</time>
   </trkpt>
   <trkpt lat="42.3678950" lon="-71.0740400">
    <ele>4.2</ele>
    <time>2025-07-04T19:52:41Z</time>
   </trkpt>
   <trkpt lat="42.3679460" lon="-71.0740260">
    <ele>4.3</ele>
    <time>2025-07-04T19:52:42Z</time>
   </trkpt>
   <trkpt lat="42.3679800" lon="-71.0740050">
    <ele>4.4</ele>
    <time>2025-07-04T19:52:43Z</time>
   </trkpt>
   <trkpt lat="42.3680060" lon="-71.0739690">
    <ele>4.5</ele>
    <time>2025-07-04T19:52:44Z</time>
   </trkpt>
   <trkpt lat="42.3680110" lon="-71.0739540">
    <ele>4.5</ele>
    <time>2025-07-04T19:52:45Z</time>
   </trkpt>
   <trkpt lat="42.3680430" lon="-71.0739300">
    <ele>4.5</ele>
    <time>2025-07-04T19:52:46Z</time>
   </trkpt>
   <trkpt lat="42.3680800" lon="-71.0739160">
    <ele>4.6</ele>
    <time>2025-07-04T19:52:47Z</time>
   </trkpt>
   <trkpt lat="42.3680930" lon="-71.0739040">
    <ele>4.6</ele>
    <time>2025-07-04T19:52:48Z</time>
   </trkpt>
   <trkpt lat="42.3681240" lon="-71.0738870">
    <ele>4.7</ele>
    <time>2025-07-04T19:52:49Z</time>
   </trkpt>
   <trkpt lat="42.3681610" lon="-71.0738770">
    <ele>4.8</ele>
    <time>2025-07-04T19:52:50Z</time>
   </trkpt>
   <trkpt lat="42.3681930" lon="-71.0738570">
    <ele>4.8</ele>
    <time>2025-07-04T19:52:51Z</time>
   </trkpt>
   <trkpt lat="42.3682170" lon="-71.0738400">
    <ele>4.9</ele>
    <time>2025-07-04T19:52:52Z</time>
   </trkpt>
   <trkpt lat="42.3682400" lon="-71.0738150">
    <ele>4.9</ele>
    <time>2025-07-04T19:52:53Z</time>
   </trkpt>
   <trkpt lat="42.3682670" lon="-71.0737910">
    <ele>5.0</ele>
    <time>2025-07-04T19:52:54Z</time>
   </trkpt>
   <trkpt lat="42.3683080" lon="-71.0737550">
    <ele>5.0</ele>
    <time>2025-07-04T19:52:55Z</time>
   </trkpt>
   <trkpt lat="42.3683390" lon="-71.0737210">
    <ele>5.0</ele>
    <time>2025-07-04T19:52:56Z</time>
   </trkpt>
   <trkpt lat="42.3683720" lon="-71.0736830">
    <ele>5.0</ele>
    <time>2025-07-04T19:52:57Z</time>
   </trkpt>
   <trkpt lat="42.3684040" lon="-71.0736300">
    <ele>4.9</ele>
    <time>2025-07-04T19:52:58Z</time>
   </trkpt>
   <trkpt lat="42.3684410" lon="-71.0736010">
    <ele>4.9</ele>
    <time>2025-07-04T19:52:59Z</time>
   </trkpt>
   <trkpt lat="42.3684740" lon="-71.0735670">
    <ele>4.8</ele>
    <time>2025-07-04T19:53:00Z</time>
   </trkpt>
   <trkpt lat="42.3684980" lon="-71.0735200">
    <ele>4.8</ele>
    <time>2025-07-04T19:53:01Z</time>
   </trkpt>
   <trkpt lat="42.3685310" lon="-71.0734890">
    <ele>4.8</ele>
    <time>2025-07-04T19:53:02Z</time>
   </trkpt>
   <trkpt lat="42.3685620" lon="-71.0734490">
    <ele>4.7</ele>
    <time>2025-07-04T19:53:03Z</time>
   </trkpt>
   <trkpt lat="42.3685910" lon="-71.0734220">
    <ele>4.7</ele>
    <time>2025-07-04T19:53:04Z</time>
   </trkpt>
   <trkpt lat="42.3686290" lon="-71.0733800">
    <ele>4.7</ele>
    <time>2025-07-04T19:53:05Z</time>
   </trkpt>
   <trkpt lat="42.3686630" lon="-71.0733470">
    <ele>4.6</ele>
    <time>2025-07-04T19:53:06Z</time>
   </trkpt>
   <trkpt lat="42.3686940" lon="-71.0733240">
    <ele>4.6</ele>
    <time>2025-07-04T19:53:07Z</time>
   </trkpt>
   <trkpt lat="42.3687200" lon="-71.0733140">
    <ele>4.6</ele>
    <time>2025-07-04T19:53:08Z</time>
   </trkpt>
   <trkpt lat="42.3687550" lon="-71.0732860">
    <ele>4.7</ele>
    <time>2025-07-04T19:53:09Z</time>
   </trkpt>
   <trkpt lat="42.3687660" lon="-71.0732680">
    <ele>4.7</ele>
    <time>2025-07-04T19:53:10Z</time>
   </trkpt>
   <trkpt lat="42.3687540" lon="-71.0732460">
    <ele>4.7</ele>
    <time>2025-07-04T19:53:11Z</time>
   </trkpt>
   <trkpt lat="42.3687520" lon="-71.0732270">
    <ele>4.7</ele>
    <time>2025-07-04T19:53:12Z</time>
   </trkpt>
   <trkpt lat="42.3687530" lon="-71.0731710">
    <ele>4.7</ele>
    <time>2025-07-04T19:53:13Z</time>
   </trkpt>
   <trkpt lat="42.3687410" lon="-71.0731270">
    <ele>4.8</ele>
    <time>2025-07-04T19:53:14Z</time>
   </trkpt>
   <trkpt lat="42.3687380" lon="-71.0731030">
    <ele>4.8</ele>
    <time>2025-07-04T19:53:15Z</time>
   </trkpt>
   <trkpt lat="42.3687390" lon="-71.0730880">
    <ele>4.8</ele>
    <time>2025-07-04T19:53:16Z</time>
   </trkpt>
   <trkpt lat="42.3687400" lon="-71.0730590">
    <ele>4.8</ele>
    <time>2025-07-04T19:53:17Z</time>
   </trkpt>
   <trkpt lat="42.3687260" lon="-71.0730190">
    <ele>4.8</ele>
    <time>2025-07-04T19:53:18Z</time>
   </trkpt>
   <trkpt lat="42.3687200" lon="-71.0729810">
    <ele>4.8</ele>
    <time>2025-07-04T19:53:19Z</time>
   </trkpt>
   <trkpt lat="42.3687130" lon="-71.0729720">
    <ele>4.8</ele>
    <time>2025-07-04T19:53:20Z</time>
   </trkpt>
   <trkpt lat="42.3687130" lon="-71.0729070">
    <ele>4.6</ele>
    <time>2025-07-04T19:53:21Z</time>
   </trkpt>
   <trkpt lat="42.3687170" lon="-71.0728600">
    <ele>4.6</ele>
    <time>2025-07-04T19:53:22Z</time>
   </trkpt>
   <trkpt lat="42.3687110" lon="-71.0728050">
    <ele>4.6</ele>
    <time>2025-07-04T19:53:23Z</time>
   </trkpt>
   <trkpt lat="42.3687050" lon="-71.0727700">
    <ele>4.7</ele>
    <time>2025-07-04T19:53:24Z</time>
   </trkpt>
   <trkpt lat="42.3686910" lon="-71.0727250">
    <ele>4.7</ele>
    <time>2025-07-04T19:53:25Z</time>
   </trkpt>
   <trkpt lat="42.3686680" lon="-71.0726790">
    <ele>4.7</ele>
    <time>2025-07-04T19:53:26Z</time>
   </trkpt>
   <trkpt lat="42.3686560" lon="-71.0726280">
    <ele>4.7</ele>
    <time>2025-07-04T19:53:27Z</time>
   </trkpt>
   <trkpt lat="42.3686370" lon="-71.0725920">
    <ele>4.7</ele>
    <time>2025-07-04T19:53:28Z</time>
   </trkpt>
   <trkpt lat="42.3686090" lon="-71.0725430">
    <ele>4.7</ele>
    <time>2025-07-04T19:53:29Z</time>
   </trkpt>
   <trkpt lat="42.3685860" lon="-71.0724870">
    <ele>4.7</ele>
    <time>2025-07-04T19:53:30Z</time>
   </trkpt>
   <trkpt lat="42.3685740" lon="-71.0724590">
    <ele>4.8</ele>
    <time>2025-07-04T19:53:31Z</time>
   </trkpt>
   <trkpt lat="42.3685580" lon="-71.0724140">
    <ele>4.8</ele>
    <time>2025-07-04T19:53:32Z</time>
   </trkpt>
   <trkpt lat="42.3685390" lon="-71.0723710">
    <ele>4.8</ele>
    <time>2025-07-04T19:53:33Z</time>
   </trkpt>
   <trkpt lat="42.3685140" lon="-71.0723260">
    <ele>4.8</ele>
    <time>2025-07-04T19:53:34Z</time>
   </trkpt>
   <trkpt lat="42.3684920" lon="-71.0722760">
    <ele>4.8</ele>
    <time>2025-07-04T19:53:35Z</time>
   </trkpt>
   <trkpt lat="42.3684620" lon="-71.0722340">
    <ele>4.8</ele>
    <time>2025-07-04T19:53:36Z</time>
   </trkpt>
   <trkpt lat="42.3684440" lon="-71.0721810">
    <ele>4.9</ele>
    <time>2025-07-04T19:53:37Z</time>
   </trkpt>
   <trkpt lat="42.3684180" lon="-71.0721290">
    <ele>4.9</ele>
    <time>2025-07-04T19:53:38Z</time>
   </trkpt>
   <trkpt lat="42.3683850" lon="-71.0720870">
    <ele>4.9</ele>
    <time>2025-07-04T19:53:39Z</time>
   </trkpt>
   <trkpt lat="42.3683520" lon="-71.0720500">
    <ele>4.9</ele>
    <time>2025-07-04T19:53:40Z</time>
   </trkpt>
   <trkpt lat="42.3683250" lon="-71.0720240">
    <ele>4.9</ele>
    <time>2025-07-04T19:53:41Z</time>
   </trkpt>
   <trkpt lat="42.3682920" lon="-71.0719810">
    <ele>4.9</ele>
    <time>2025-07-04T19:53:42Z</time>
   </trkpt>
   <trkpt lat="42.3682780" lon="-71.0719520">
    <ele>4.9</ele>
    <time>2025-07-04T19:53:43Z</time>
   </trkpt>
   <trkpt lat="42.3682310" lon="-71.0719160">
    <ele>4.9</ele>
    <time>2025-07-04T19:53:44Z</time>
   </trkpt>
   <trkpt lat="42.3681980" lon="-71.0718520">
    <ele>4.9</ele>
    <time>2025-07-04T19:53:45Z</time>
   </trkpt>
   <trkpt lat="42.3681600" lon="-71.0718230">
    <ele>4.9</ele>
    <time>2025-07-04T19:53:46Z</time>
   </trkpt>
   <trkpt lat="42.3681290" lon="-71.0717640">
    <ele>5.0</ele>
    <time>2025-07-04T19:53:47Z</time>
   </trkpt>
   <trkpt lat="42.3681040" lon="-71.0717150">
    <ele>5.0</ele>
    <time>2025-07-04T19:53:48Z</time>
   </trkpt>
   <trkpt lat="42.3680950" lon="-71.0716930">
    <ele>5.1</ele>
    <time>2025-07-04T19:53:49Z</time>
   </trkpt>
   <trkpt lat="42.3680660" lon="-71.0716600">
    <ele>5.1</ele>
    <time>2025-07-04T19:53:50Z</time>
   </trkpt>
   <trkpt lat="42.3680410" lon="-71.0716230">
    <ele>5.2</ele>
    <time>2025-07-04T19:53:51Z</time>
   </trkpt>
   <trkpt lat="42.3680230" lon="-71.0715650">
    <ele>5.3</ele>
    <time>2025-07-04T19:53:52Z</time>
   </trkpt>
   <trkpt lat="42.3679820" lon="-71.0715210">
    <ele>5.3</ele>
    <time>2025-07-04T19:53:53Z</time>
   </trkpt>
   <trkpt lat="42.3679510" lon="-71.0714710">
    <ele>5.4</ele>
    <time>2025-07-04T19:53:54Z</time>
   </trkpt>
   <trkpt lat="42.3679130" lon="-71.0714120">
    <ele>5.4</ele>
    <time>2025-07-04T19:53:55Z</time>
   </trkpt>
   <trkpt lat="42.3678830" lon="-71.0713500">
    <ele>5.4</ele>
    <time>2025-07-04T19:53:56Z</time>
   </trkpt>
   <trkpt lat="42.3678660" lon="-71.0712910">
    <ele>5.5</ele>
    <time>2025-07-04T19:53:57Z</time>
   </trkpt>
   <trkpt lat="42.3678440" lon="-71.0712360">
    <ele>5.5</ele>
    <time>2025-07-04T19:53:58Z</time>
   </trkpt>
   <trkpt lat="42.3678270" lon="-71.0711780">
    <ele>5.5</ele>
    <time>2025-07-04T19:53:59Z</time>
   </trkpt>
   <trkpt lat="42.3678010" lon="-71.0711420">
    <ele>5.5</ele>
    <time>2025-07-04T19:54:00Z</time>
   </trkpt>
   <trkpt lat="42.3677860" lon="-71.0710910">
    <ele>5.6</ele>
    <time>2025-07-04T19:54:01Z</time>
   </trkpt>
   <trkpt lat="42.3677530" lon="-71.0710270">
    <ele>5.6</ele>
    <time>2025-07-04T19:54:02Z</time>
   </trkpt>
   <trkpt lat="42.3677240" lon="-71.0709640">
    <ele>5.6</ele>
    <time>2025-07-04T19:54:03Z</time>
   </trkpt>
   <trkpt lat="42.3677000" lon="-71.0709150">
    <ele>5.6</ele>
    <time>2025-07-04T19:54:04Z</time>
   </trkpt>
   <trkpt lat="42.3676570" lon="-71.0708600">
    <ele>5.6</ele>
    <time>2025-07-04T19:54:05Z</time>
   </trkpt>
   <trkpt lat="42.3676390" lon="-71.0708240">
    <ele>5.6</ele>
    <time>2025-07-04T19:54:06Z</time>
   </trkpt>
   <trkpt lat="42.3676210" lon="-71.0707860">
    <ele>5.6</ele>
    <time>2025-07-04T19:54:07Z</time>
   </trkpt>
   <trkpt lat="42.3676070" lon="-71.0707290">
    <ele>5.6</ele>
    <time>2025-07-04T19:54:08Z</time>
   </trkpt>
   <trkpt lat="42.3675900" lon="-71.0706740">
    <ele>5.5</ele>
    <time>2025-07-04T19:54:09Z</time>
   </trkpt>
   <trkpt lat="42.3675700" lon="-71.0706210">
    <ele>5.5</ele>
    <time>2025-07-04T19:54:10Z</time>
   </trkpt>
   <trkpt lat="42.3675530" lon="-71.0705760">
    <ele>5.5</ele>
    <time>2025-07-04T19:54:11Z</time>
   </trkpt>
   <trkpt lat="42.3675350" lon="-71.0705420">
    <ele>5.4</ele>
    <time>2025-07-04T19:54:12Z</time>
   </trkpt>
   <trkpt lat="42.3675090" lon="-71.0704870">
    <ele>5.4</ele>
    <time>2025-07-04T19:54:13Z</time>
   </trkpt>
   <trkpt lat="42.3674890" lon="-71.0704450">
    <ele>5.4</ele>
    <time>2025-07-04T19:54:14Z</time>
   </trkpt>
   <trkpt lat="42.3674660" lon="-71.0703910">
    <ele>5.3</ele>
    <time>2025-07-04T19:54:15Z</time>
   </trkpt>
   <trkpt lat="42.3674300" lon="-71.0703230">
    <ele>5.3</ele>
    <time>2025-07-04T19:54:16Z</time>
   </trkpt>
   <trkpt lat="42.3673960" lon="-71.0702630">
    <ele>5.2</ele>
    <time>2025-07-04T19:54:17Z</time>
   </trkpt>
   <trkpt lat="42.3673700" lon="-71.0702080">
    <ele>5.2</ele>
    <time>2025-07-04T19:54:18Z</time>
   </trkpt>
   <trkpt lat="42.3673370" lon="-71.0701570">
    <ele>5.2</ele>
    <time>2025-07-04T19:54:19Z</time>
   </trkpt>
   <trkpt lat="42.3672880" lon="-71.0701170">
    <ele>5.2</ele>
    <time>2025-07-04T19:54:20Z</time>
   </trkpt>
   <trkpt lat="42.3672450" lon="-71.0700550">
    <ele>5.2</ele>
    <time>2025-07-04T19:54:21Z</time>
   </trkpt>
   <trkpt lat="42.3672140" lon="-71.0699980">
    <ele>5.2</ele>
    <time>2025-07-04T19:54:22Z</time>
   </trkpt>
   <trkpt lat="42.3671840" lon="-71.0699260">
    <ele>5.2</ele>
    <time>2025-07-04T19:54:23Z</time>
   </trkpt>
   <trkpt lat="42.3671480" lon="-71.0698700">
    <ele>5.3</ele>
    <time>2025-07-04T19:54:24Z</time>
   </trkpt>
   <trkpt lat="42.3671180" lon="-71.0698230">
    <ele>5.3</ele>
    <time>2025-07-04T19:54:25Z</time>
   </trkpt>
   <trkpt lat="42.3670900" lon="-71.0697920">
    <ele>5.2</ele>
    <time>2025-07-04T19:54:26Z</time>
   </trkpt>
   <trkpt lat="42.3670640" lon="-71.0697420">
    <ele>5.2</ele>
    <time>2025-07-04T19:54:27Z</time>
   </trkpt>
   <trkpt lat="42.3670380" lon="-71.0697020">
    <ele>5.1</ele>
    <time>2025-07-04T19:54:28Z</time>
   </trkpt>
   <trkpt lat="42.3670170" lon="-71.0696530">
    <ele>5.3</ele>
    <time>2025-07-04T19:54:29Z</time>
   </trkpt>
   <trkpt lat="42.3670070" lon="-71.0696040">
    <ele>5.5</ele>
    <time>2025-07-04T19:54:30Z</time>
   </trkpt>
   <trkpt lat="42.3669750" lon="-71.0695220">
    <ele>5.5</ele>
    <time>2025-07-04T19:54:31Z</time>
   </trkpt>
   <trkpt lat="42.3669500" lon="-71.0694500">
    <ele>5.6</ele>
    <time>2025-07-04T19:54:32Z</time>
   </trkpt>
   <trkpt lat="42.3669310" lon="-71.0693900">
    <ele>5.6</ele>
    <time>2025-07-04T19:54:33Z</time>
   </trkpt>
   <trkpt lat="42.3669130" lon="-71.0693230">
    <ele>5.6</ele>
    <time>2025-07-04T19:54:34Z</time>
   </trkpt>
   <trkpt lat="42.3669130" lon="-71.0692770">
    <ele>5.6</ele>
    <time>2025-07-04T19:54:35Z</time>
   </trkpt>
   <trkpt lat="42.3668880" lon="-71.0692350">
    <ele>5.6</ele>
    <time>2025-07-04T19:54:36Z</time>
   </trkpt>
   <trkpt lat="42.3668740" lon="-71.0692220">
    <ele>5.6</ele>
    <time>2025-07-04T19:54:37Z</time>
   </trkpt>
   <trkpt lat="42.3668360" lon="-71.0691650">
    <ele>5.6</ele>
    <time>2025-07-04T19:54:38Z</time>
   </trkpt>
   <trkpt lat="42.3668150" lon="-71.0691360">
    <ele>5.5</ele>
    <time>2025-07-04T19:54:39Z</time>
   </trkpt>
   <trkpt lat="42.3667850" lon="-71.0690940">
    <ele>5.5</ele>
    <time>2025-07-04T19:54:40Z</time>
   </trkpt>
   <trkpt lat="42.3667680" lon="-71.0690470">
    <ele>5.4</ele>
    <time>2025-07-04T19:54:41Z</time>
   </trkpt>
   <trkpt lat="42.3667530" lon="-71.0690020">
    <ele>5.4</ele>
    <time>2025-07-04T19:54:42Z</time>
   </trkpt>
   <trkpt lat="42.3667280" lon="-71.0689780">
    <ele>5.3</ele>
    <time>2025-07-04T19:54:43Z</time>
   </trkpt>
   <trkpt lat="42.3667190" lon="-71.0689660">
    <ele>5.3</ele>
    <time>2025-07-04T19:54:44Z</time>
   </trkpt>
   <trkpt lat="42.3667050" lon="-71.0689260">
    <ele>5.2</ele>
    <time>2025-07-04T19:54:45Z</time>
   </trkpt>
   <trkpt lat="42.3666960" lon="-71.0688770">
    <ele>5.2</ele>
    <time>2025-07-04T19:54:46Z</time>
   </trkpt>
   <trkpt lat="42.3666910" lon="-71.0688620">
    <ele>5.1</ele>
    <time>2025-07-04T19:54:47Z</time>
   </trkpt>
   <trkpt lat="42.3666870" lon="-71.0688440">
    <ele>5.1</ele>
    <time>2025-07-04T19:54:48Z</time>
   </trkpt>
   <trkpt lat="42.3666780" lon="-71.0688240">
    <ele>5.1</ele>
    <time>2025-07-04T19:54:49Z</time>
   </trkpt>
   <trkpt lat="42.3666650" lon="-71.0687840">
    <ele>5.0</ele>
    <time>2025-07-04T19:54:50Z</time>
   </trkpt>
   <trkpt lat="42.3666620" lon="-71.0687370">
    <ele>5.0</ele>
    <time>2025-07-04T19:54:51Z</time>
   </trkpt>
   <trkpt lat="42.3666580" lon="-71.0687200">
    <ele>4.9</ele>
    <time>2025-07-04T19:54:52Z</time>
   </trkpt>
   <trkpt lat="42.3666600" lon="-71.0687030">
    <ele>4.9</ele>
    <time>2025-07-04T19:54:53Z</time>
   </trkpt>
   <trkpt lat="42.3666550" lon="-71.0686870">
    <ele>4.9</ele>
    <time>2025-07-04T19:54:54Z</time>
   </trkpt>
   <trkpt lat="42.3666550" lon="-71.0686720">
    <ele>4.9</ele>
    <time>2025-07-04T19:54:55Z</time>
   </trkpt>
   <trkpt lat="42.3666520" lon="-71.0686470">
    <ele>4.9</ele>
    <time>2025-07-04T19:54:56Z</time>
   </trkpt>
   <trkpt lat="42.3666480" lon="-71.0686210">
    <ele>4.8</ele>
    <time>2025-07-04T19:54:57Z</time>
   </trkpt>
   <trkpt lat="42.3666440" lon="-71.0685940">
    <ele>4.8</ele>
    <time>2025-07-04T19:54:58Z</time>
   </trkpt>
   <trkpt lat="42.3666400" lon="-71.0685670">
    <ele>4.8</ele>
    <time>2025-07-04T19:54:59Z</time>
   </trkpt>
   <trkpt lat="42.3666360" lon="-71.0685400">
    <ele>4.7</ele>
    <time>2025-07-04T19:55:09Z</time>
   </trkpt>
   <trkpt lat="42.3666320" lon="-71.0685140">
    <ele>4.7</ele>
    <time>2025-07-04T19:55:10Z</time>
   </trkpt>
   <trkpt lat="42.3666280" lon="-71.0684870">
    <ele>4.7</ele>
    <time>2025-07-04T19:55:11Z</time>
   </trkpt>
   <trkpt lat="42.3666480" lon="-71.0684420">
    <ele>4.8</ele>
    <time>2025-07-04T19:55:12Z</time>
   </trkpt>
   <trkpt lat="42.3666570" lon="-71.0684260">
    <ele>4.8</ele>
    <time>2025-07-04T19:55:13Z</time>
   </trkpt>
   <trkpt lat="42.3666640" lon="-71.0684110">
    <ele>4.8</ele>
    <time>2025-07-04T19:55:14Z</time>
   </trkpt>
   <trkpt lat="42.3666670" lon="-71.0684020">
    <ele>4.8</ele>
    <time>2025-07-04T19:55:15Z</time>
   </trkpt>
   <trkpt lat="42.3666620" lon="-71.0684040">
    <ele>4.8</ele>
    <time>2025-07-04T19:55:16Z</time>
   </trkpt>
   <trkpt lat="42.3666580" lon="-71.0683960">
    <ele>4.8</ele>
    <time>2025-07-04T19:55:17Z</time>
   </trkpt>
   <trkpt lat="42.3666560" lon="-71.0683940">
    <ele>4.8</ele>
    <time>2025-07-04T19:55:18Z</time>
   </trkpt>
   <trkpt lat="42.3666540" lon="-71.0683890">
    <ele>4.8</ele>
    <time>2025-07-04T19:55:19Z</time>
   </trkpt>
   <trkpt lat="42.3666570" lon="-71.0683640">
    <ele>4.8</ele>
    <time>2025-07-04T19:55:20Z</time>
   </trkpt>
   <trkpt lat="42.3666590" lon="-71.0683410">
    <ele>4.8</ele>
    <time>2025-07-04T19:55:21Z</time>
   </trkpt>
   <trkpt lat="42.3666610" lon="-71.0683190">
    <ele>4.8</ele>
    <time>2025-07-04T19:55:22Z</time>
   </trkpt>
   <trkpt lat="42.3666640" lon="-71.0682970">
    <ele>4.8</ele>
    <time>2025-07-04T19:55:23Z</time>
   </trkpt>
   <trkpt lat="42.3666660" lon="-71.0682740">
    <ele>4.8</ele>
    <time>2025-07-04T19:55:24Z</time>
   </trkpt>
   <trkpt lat="42.3666680" lon="-71.0682520">
    <ele>4.8</ele>
    <time>2025-07-04T19:55:25Z</time>
   </trkpt>
   <trkpt lat="42.3666700" lon="-71.0682290">
    <ele>4.8</ele>
    <time>2025-07-04T19:55:44Z</time>
   </trkpt>
   <trkpt lat="42.3666720" lon="-71.0682070">
    <ele>4.8</ele>
    <time>2025-07-04T19:55:45Z</time>
   </trkpt>
   <trkpt lat="42.3666950" lon="-71.0681830">
    <ele>4.8</ele>
    <time>2025-07-04T19:55:46Z</time>
   </trkpt>
   <trkpt lat="42.3667020" lon="-71.0681720">
    <ele>4.8</ele>
    <time>2025-07-04T19:55:47Z</time>
   </trkpt>
   <trkpt lat="42.3667090" lon="-71.0681620">
    <ele>4.9</ele>
    <time>2025-07-04T19:55:48Z</time>
   </trkpt>
   <trkpt lat="42.3667290" lon="-71.0681300">
    <ele>4.9</ele>
    <time>2025-07-04T19:55:49Z</time>
   </trkpt>
   <trkpt lat="42.3667520" lon="-71.0681050">
    <ele>4.9</ele>
    <time>2025-07-04T19:55:50Z</time>
   </trkpt>
   <trkpt lat="42.3667810" lon="-71.0680760">
    <ele>4.9</ele>
    <time>2025-07-04T19:55:51Z</time>
   </trkpt>
   <trkpt lat="42.3668090" lon="-71.0680700">
    <ele>4.9</ele>
    <time>2025-07-04T19:55:52Z</time>
   </trkpt>
   <trkpt lat="42.3668220" lon="-71.0680710">
    <ele>4.9</ele>
    <time>2025-07-04T19:55:53Z</time>
   </trkpt>
   <trkpt lat="42.3668350" lon="-71.0680710">
    <ele>4.9</ele>
    <time>2025-07-04T19:55:54Z</time>
   </trkpt>
   <trkpt lat="42.3668710" lon="-71.0680630">
    <ele>4.9</ele>
    <time>2025-07-04T19:55:55Z</time>
   </trkpt>
   <trkpt lat="42.3669170" lon="-71.0680360">
    <ele>4.8</ele>
    <time>2025-07-04T19:55:56Z</time>
   </trkpt>
   <trkpt lat="42.3669540" lon="-71.0679990">
    <ele>4.8</ele>
    <time>2025-07-04T19:55:57Z</time>
   </trkpt>
   <trkpt lat="42.3669760" lon="-71.0679620">
    <ele>4.8</ele>
    <time>2025-07-04T19:55:58Z</time>
   </trkpt>
   <trkpt lat="42.3670130" lon="-71.0679290">
    <ele>4.8</ele>
    <time>2025-07-04T19:55:59Z</time>
   </trkpt>
   <trkpt lat="42.3670310" lon="-71.0679080">
    <ele>4.8</ele>
    <time>2025-07-04T19:56:00Z</time>
   </trkpt>
   <trkpt lat="42.3670520" lon="-71.0678700">
    <ele>4.8</ele>
    <time>2025-07-04T19:56:01Z</time>
   </trkpt>
   <trkpt lat="42.3670580" lon="-71.0678540">
    <ele>4.8</ele>
    <time>2025-07-04T19:56:02Z</time>
   </trkpt>
   <trkpt lat="42.3670670" lon="-71.0678120">
    <ele>4.8</ele>
    <time>2025-07-04T19:56:03Z</time>
   </trkpt>
   <trkpt lat="42.3670890" lon="-71.0677760">
    <ele>4.8</ele>
    <time>2025-07-04T19:56:04Z</time>
   </trkpt>
   <trkpt lat="42.3671040" lon="-71.0677670">
    <ele>4.8</ele>
    <time>2025-07-04T19:56:05Z</time>
   </trkpt>
   <trkpt lat="42.3671360" lon="-71.0677340">
    <ele>4.8</ele>
    <time>2025-07-04T19:56:06Z</time>
   </trkpt>
   <trkpt lat="42.3671480" lon="-71.0677190">
    <ele>4.8</ele>
    <time>2025-07-04T19:56:07Z</time>
   </trkpt>
   <trkpt lat="42.3671770" lon="-71.0676780">
    <ele>4.8</ele>
    <time>2025-07-04T19:56:08Z</time>
   </trkpt>
   <trkpt lat="42.3671980" lon="-71.0676340">
    <ele>4.8</ele>
    <time>2025-07-04T19:56:09Z</time>
   </trkpt>
   <trkpt lat="42.3672250" lon="-71.0675740">
    <ele>4.8</ele>
    <time>2025-07-04T19:56:10Z</time>
   </trkpt>
   <trkpt lat="42.3672500" lon="-71.0675140">
    <ele>4.7</ele>
    <time>2025-07-04T19:56:11Z</time>
   </trkpt>
   <trkpt lat="42.3672930" lon="-71.0674100">
    <ele>4.7</ele>
    <time>2025-07-04T19:56:12Z</time>
   </trkpt>
   <trkpt lat="42.3673360" lon="-71.0673440">
    <ele>4.6</ele>
    <time>2025-07-04T19:56:13Z</time>
   </trkpt>
   <trkpt lat="42.3673700" lon="-71.0672860">
    <ele>4.6</ele>
    <time>2025-07-04T19:56:14Z</time>
   </trkpt>
   <trkpt lat="42.3674100" lon="-71.0672400">
    <ele>4.5</ele>
    <time>2025-07-04T19:56:15Z</time>
   </trkpt>
   <trkpt lat="42.3674470" lon="-71.0671990">
    <ele>4.5</ele>
    <time>2025-07-04T19:56:16Z</time>
   </trkpt>
   <trkpt lat="42.3674850" lon="-71.0671620">
    <ele>4.5</ele>
    <time>2025-07-04T19:56:17Z</time>
   </trkpt>
   <trkpt lat="42.3674840" lon="-71.0670950">
    <ele>4.4</ele>
    <time>2025-07-04T19:56:18Z</time>
   </trkpt>
   <trkpt lat="42.3675050" lon="-71.0670440">
    <ele>4.4</ele>
    <time>2025-07-04T19:56:19Z</time>
   </trkpt>
   <trkpt lat="42.3675340" lon="-71.0669980">
    <ele>4.4</ele>
    <time>2025-07-04T19:56:20Z</time>
   </trkpt>
   <trkpt lat="42.3675610" lon="-71.0669580">
    <ele>4.4</ele>
    <time>2025-07-04T19:56:21Z</time>
   </trkpt>
   <trkpt lat="42.3675880" lon="-71.0669080">
    <ele>4.4</ele>
    <time>2025-07-04T19:56:22Z</time>
   </trkpt>
   <trkpt lat="42.3676140" lon="-71.0668480">
    <ele>4.4</ele>
    <time>2025-07-04T19:56:23Z</time>
   </trkpt>
   <trkpt lat="42.3676540" lon="-71.0667750">
    <ele>4.4</ele>
    <time>2025-07-04T19:56:24Z</time>
   </trkpt>
   <trkpt lat="42.3676960" lon="-71.0666920">
    <ele>4.4</ele>
    <time>2025-07-04T19:56:25Z</time>
   </trkpt>
   <trkpt lat="42.3677170" lon="-71.0666260">
    <ele>4.4</ele>
    <time>2025-07-04T19:56:26Z</time>
   </trkpt>
   <trkpt lat="42.3677410" lon="-71.0665700">
    <ele>4.4</ele>
    <time>2025-07-04T19:56:27Z</time>
   </trkpt>
   <trkpt lat="42.3677600" lon="-71.0665190">
    <ele>4.4</ele>
    <time>2025-07-04T19:56:28Z</time>
   </trkpt>
   <trkpt lat="42.3677650" lon="-71.0664790">
    <ele>4.4</ele>
    <time>2025-07-04T19:56:29Z</time>
   </trkpt>
   <trkpt lat="42.3677530" lon="-71.0664330">
    <ele>4.4</ele>
    <time>2025-07-04T19:56:30Z</time>
   </trkpt>
   <trkpt lat="42.3677490" lon="-71.0664170">
    <ele>4.4</ele>
    <time>2025-07-04T19:56:31Z</time>
   </trkpt>
   <trkpt lat="42.3677790" lon="-71.0663650">
    <ele>4.4</ele>
    <time>2025-07-04T19:56:32Z</time>
   </trkpt>
   <trkpt lat="42.3677750" lon="-71.0663240">
    <ele>4.5</ele>
    <time>2025-07-04T19:56:33Z</time>
   </trkpt>
   <trkpt lat="42.3677800" lon="-71.0662560">
    <ele>4.5</ele>
    <time>2025-07-04T19:56:34Z</time>
   </trkpt>
   <trkpt lat="42.3677860" lon="-71.0661960">
    <ele>4.5</ele>
    <time>2025-07-04T19:56:35Z</time>
   </trkpt>
   <trkpt lat="42.3678020" lon="-71.0661650">
    <ele>4.5</ele>
    <time>2025-07-04T19:56:36Z</time>
   </trkpt>
   <trkpt lat="42.3678330" lon="-71.0661250">
    <ele>4.6</ele>
    <time>2025-07-04T19:56:37Z</time>
   </trkpt>
   <trkpt lat="42.3678470" lon="-71.0660890">
    <ele>4.6</ele>
    <time>2025-07-04T19:56:38Z</time>
   </trkpt>
   <trkpt lat="42.3678700" lon="-71.0660370">
    <ele>4.6</ele>
    <time>2025-07-04T19:56:39Z</time>
   </trkpt>
   <trkpt lat="42.3678890" lon="-71.0659990">
    <ele>4.6</ele>
    <time>2025-07-04T19:56:40Z</time>
   </trkpt>
   <trkpt lat="42.3679100" lon="-71.0659630">
    <ele>4.6</ele>
    <time>2025-07-04T19:56:41Z</time>
   </trkpt>
   <trkpt lat="42.3679330" lon="-71.0659330">
    <ele>4.7</ele>
    <time>2025-07-04T19:56:42Z</time>
   </trkpt>
   <trkpt lat="42.3679640" lon="-71.0658890">
    <ele>4.6</ele>
    <time>2025-07-04T19:56:43Z</time>
   </trkpt>
   <trkpt lat="42.3679860" lon="-71.0658410">
    <ele>4.5</ele>
    <time>2025-07-04T19:56:44Z</time>
   </trkpt>
   <trkpt lat="42.3680090" lon="-71.0658080">
    <ele>4.5</ele>
    <time>2025-07-04T19:56:45Z</time>
   </trkpt>
   <trkpt lat="42.3680310" lon="-71.0657580">
    <ele>4.4</ele>
    <time>2025-07-04T19:56:46Z</time>
   </trkpt>
   <trkpt lat="42.3680400" lon="-71.0657230">
    <ele>4.4</ele>
    <time>2025-07-04T19:56:47Z</time>
   </trkpt>
   <trkpt lat="42.3680520" lon="-71.0656850">
    <ele>4.4</ele>
    <time>2025-07-04T19:56:48Z</time>
   </trkpt>
   <trkpt lat="42.3680590" lon="-71.0656430">
    <ele>4.4</ele>
    <time>2025-07-04T19:56:49Z</time>
   </trkpt>
   <trkpt lat="42.3680610" lon="-71.0656220">
    <ele>4.4</ele>
    <time>2025-07-04T19:56:50Z</time>
   </trkpt>
   <trkpt lat="42.3680580" lon="-71.0656000">
    <ele>4.4</ele>
    <time>2025-07-04T19:56:51Z</time>
   </trkpt>
   <trkpt lat="42.3680520" lon="-71.0655510">
    <ele>4.4</ele>
    <time>2025-07-04T19:56:52Z</time>
   </trkpt>
   <trkpt lat="42.3680480" lon="-71.0655320">
    <ele>4.4</ele>
    <time>2025-07-04T19:56:53Z</time>
   </trkpt>
   <trkpt lat="42.3680210" lon="-71.0655400">
    <ele>4.4</ele>
    <time>2025-07-04T19:56:54Z</time>
   </trkpt>
   <trkpt lat="42.3680130" lon="-71.0655480">
    <ele>4.4</ele>
    <time>2025-07-04T19:56:55Z</time>
   </trkpt>
   <trkpt lat="42.3679990" lon="-71.0655490">
    <ele>4.4</ele>
    <time>2025-07-04T19:56:56Z</time>
   </trkpt>
   <trkpt lat="42.3679840" lon="-71.0655650">
    <ele>4.4</ele>
    <time>2025-07-04T19:56:57Z</time>
   </trkpt>
   <trkpt lat="42.3679500" lon="-71.0655670">
    <ele>4.4</ele>
    <time>2025-07-04T19:56:58Z</time>
   </trkpt>
   <trkpt lat="42.3679180" lon="-71.0655550">
    <ele>4.4</ele>
    <time>2025-07-04T19:56:59Z</time>
   </trkpt>
   <trkpt lat="42.3679050" lon="-71.0655510">
    <ele>4.4</ele>
    <time>2025-07-04T19:57:00Z</time>
   </trkpt>
   <trkpt lat="42.3678690" lon="-71.0655550">
    <ele>4.4</ele>
    <time>2025-07-04T19:57:01Z</time>
   </trkpt>
   <trkpt lat="42.3678560" lon="-71.0655590">
    <ele>4.4</ele>
    <time>2025-07-04T19:57:02Z</time>
   </trkpt>
   <trkpt lat="42.3678330" lon="-71.0655830">
    <ele>4.4</ele>
    <time>2025-07-04T19:57:03Z</time>
   </trkpt>
   <trkpt lat="42.3678320" lon="-71.0655970">
    <ele>4.4</ele>
    <time>2025-07-04T19:57:04Z</time>
   </trkpt>
   <trkpt lat="42.3678490" lon="-71.0656090">
    <ele>4.4</ele>
    <time>2025-07-04T19:57:05Z</time>
   </trkpt>
   <trkpt lat="42.3678610" lon="-71.0656000">
    <ele>4.4</ele>
    <time>2025-07-04T19:57:06Z</time>
   </trkpt>
   <trkpt lat="42.3678740" lon="-71.0655920">
    <ele>4.4</ele>
    <time>2025-07-04T19:57:07Z</time>
   </trkpt>
   <trkpt lat="42.3679020" lon="-71.0655720">
    <ele>4.4</ele>
    <time>2025-07-04T19:57:08Z</time>
   </trkpt>
   <trkpt lat="42.3679250" lon="-71.0656000">
    <ele>4.4</ele>
    <time>2025-07-04T19:57:09Z</time>
   </trkpt>
   <trkpt lat="42.3679340" lon="-71.0656040">
    <ele>4.4</ele>
    <time>2025-07-04T19:57:10Z</time>
   </trkpt>
   <trkpt lat="42.3679420" lon="-71.0656090">
    <ele>4.4</ele>
    <time>2025-07-04T19:57:11Z</time>
   </trkpt>
   <trkpt lat="42.3679260" lon="-71.0656540">
    <ele>4.4</ele>
    <time>2025-07-04T19:57:12Z</time>
   </trkpt>
   <trkpt lat="42.3679170" lon="-71.0656770">
    <ele>4.4</ele>
    <time>2025-07-04T19:57:13Z</time>
   </trkpt>
   <trkpt lat="42.3679070" lon="-71.0657310">
    <ele>4.4</ele>
    <time>2025-07-04T19:57:14Z</time>
   </trkpt>
   <trkpt lat="42.3679060" lon="-71.0657850">
    <ele>4.4</ele>
    <time>2025-07-04T19:57:15Z</time>
   </trkpt>
   <trkpt lat="42.3679060" lon="-71.0658280">
    <ele>4.4</ele>
    <time>2025-07-04T19:57:16Z</time>
   </trkpt>
   <trkpt lat="42.3678760" lon="-71.0658480">
    <ele>4.4</ele>
    <time>2025-07-04T19:57:17Z</time>
   </trkpt>
   <trkpt lat="42.3678380" lon="-71.0658400">
    <ele>4.5</ele>
    <time>2025-07-04T19:57:18Z</time>
   </trkpt>
   <trkpt lat="42.3678050" lon="-71.0658180">
    <ele>4.6</ele>
    <time>2025-07-04T19:57:19Z</time>
   </trkpt>
   <trkpt lat="42.3677720" lon="-71.0657920">
    <ele>4.7</ele>
    <time>2025-07-04T19:57:20Z</time>
   </trkpt>
   <trkpt lat="42.3677400" lon="-71.0657710">
    <ele>4.7</ele>
    <time>2025-07-04T19:57:21Z</time>
   </trkpt>
   <trkpt lat="42.3677060" lon="-71.0657470">
    <ele>4.8</ele>
    <time>2025-07-04T19:57:22Z</time>
   </trkpt>
   <trkpt lat="42.3676920" lon="-71.0657050">
    <ele>4.8</ele>
    <time>2025-07-04T19:57:23Z</time>
   </trkpt>
   <trkpt lat="42.3676620" lon="-71.0656780">
    <ele>4.8</ele>
    <time>2025-07-04T19:57:24Z</time>
   </trkpt>
   <trkpt lat="42.3676460" lon="-71.0656320">
    <ele>4.8</ele>
    <time>2025-07-04T19:57:25Z</time>
   </trkpt>
   <trkpt lat="42.3676350" lon="-71.0656140">
    <ele>4.8</ele>
    <time>2025-07-04T19:57:26Z</time>
   </trkpt>
   <trkpt lat="42.3676080" lon="-71.0655840">
    <ele>4.8</ele>
    <time>2025-07-04T19:57:27Z</time>
   </trkpt>
   <trkpt lat="42.3675930" lon="-71.0655500">
    <ele>4.8</ele>
    <time>2025-07-04T19:57:28Z</time>
   </trkpt>
   <trkpt lat="42.3675620" lon="-71.0655190">
    <ele>4.9</ele>
    <time>2025-07-04T19:57:29Z</time>
   </trkpt>
   <trkpt lat="42.3675450" lon="-71.0655160">
    <ele>4.9</ele>
    <time>2025-07-04T19:57:30Z</time>
   </trkpt>
   <trkpt lat="42.3675180" lon="-71.0655000">
    <ele>4.9</ele>
    <time>2025-07-04T19:57:31Z</time>
   </trkpt>
   <trkpt lat="42.3674800" lon="-71.0654570">
    <ele>4.9</ele>
    <time>2025-07-04T19:57:32Z</time>
   </trkpt>
   <trkpt lat="42.3674500" lon="-71.0654450">
    <ele>4.9</ele>
    <time>2025-07-04T19:57:33Z</time>
   </trkpt>
   <trkpt lat="42.3674240" lon="-71.0653950">
    <ele>4.9</ele>
    <time>2025-07-04T19:57:34Z</time>
   </trkpt>
   <trkpt lat="42.3673830" lon="-71.0653830">
    <ele>4.9</ele>
    <time>2025-07-04T19:57:35Z</time>
   </trkpt>
   <trkpt lat="42.3673530" lon="-71.0653820">
    <ele>4.9</ele>
    <time>2025-07-04T19:57:36Z</time>
   </trkpt>
   <trkpt lat="42.3673190" lon="-71.0653870">
    <ele>4.9</ele>
    <time>2025-07-04T19:57:37Z</time>
   </trkpt>
   <trkpt lat="42.3672750" lon="-71.0653630">
    <ele>4.8</ele>
    <time>2025-07-04T19:57:38Z</time>
   </trkpt>
   <trkpt lat="42.3672480" lon="-71.0653660">
    <ele>4.8</ele>
    <time>2025-07-04T19:57:39Z</time>
   </trkpt>
   <trkpt lat="42.3672200" lon="-71.0653510">
    <ele>4.8</ele>
    <time>2025-07-04T19:57:40Z</time>
   </trkpt>
   <trkpt lat="42.3671900" lon="-71.0653140">
    <ele>4.8</ele>
    <time>2025-07-04T19:57:41Z</time>
   </trkpt>
   <trkpt lat="42.3671680" lon="-71.0653080">
    <ele>4.8</ele>
    <time>2025-07-04T19:57:42Z</time>
   </trkpt>
   <trkpt lat="42.3671290" lon="-71.0652750">
    <ele>4.8</ele>
    <time>2025-07-04T19:57:43Z</time>
   </trkpt>
   <trkpt lat="42.3670970" lon="-71.0652310">
    <ele>4.7</ele>
    <time>2025-07-04T19:57:44Z</time>
   </trkpt>
   <trkpt lat="42.3670730" lon="-71.0651860">
    <ele>4.7</ele>
    <time>2025-07-04T19:57:45Z</time>
   </trkpt>
   <trkpt lat="42.3670420" lon="-71.0651420">
    <ele>4.7</ele>
    <time>2025-07-04T19:57:46Z</time>
   </trkpt>
   <trkpt lat="42.3670230" lon="-71.0651050">
    <ele>4.7</ele>
    <time>2025-07-04T19:57:47Z</time>
   </trkpt>
   <trkpt lat="42.3670130" lon="-71.0650830">
    <ele>4.7</ele>
    <time>2025-07-04T19:57:48Z</time>
   </trkpt>
   <trkpt lat="42.3669840" lon="-71.0650150">
    <ele>4.7</ele>
    <time>2025-07-04T19:57:49Z</time>
   </trkpt>
   <trkpt lat="42.3669610" lon="-71.0649770">
    <ele>4.7</ele>
    <time>2025-07-04T19:57:50Z</time>
   </trkpt>
   <trkpt lat="42.3669410" lon="-71.0649200">
    <ele>4.7</ele>
    <time>2025-07-04T19:57:51Z</time>
   </trkpt>
   <trkpt lat="42.3669160" lon="-71.0648800">
    <ele>4.6</ele>
    <time>2025-07-04T19:57:52Z</time>
   </trkpt>
   <trkpt lat="42.3668940" lon="-71.0648330">
    <ele>4.6</ele>
    <time>2025-07-04T19:57:53Z</time>
   </trkpt>
   <trkpt lat="42.3668880" lon="-71.0648140">
    <ele>4.6</ele>
    <time>2025-07-04T19:57:54Z</time>
   </trkpt>
   <trkpt lat="42.3668730" lon="-71.0647800">
    <ele>4.6</ele>
    <time>2025-07-04T19:57:55Z</time>
   </trkpt>
   <trkpt lat="42.3668500" lon="-71.0647320">
    <ele>4.6</ele>
    <time>2025-07-04T19:57:56Z</time>
   </trkpt>
   <trkpt lat="42.3668180" lon="-71.0646840">
    <ele>4.6</ele>
    <time>2025-07-04T19:57:57Z</time>
   </trkpt>
   <trkpt lat="42.3667870" lon="-71.0646710">
    <ele>4.6</ele>
    <time>2025-07-04T19:57:58Z</time>
   </trkpt>
   <trkpt lat="42.3667560" lon="-71.0646280">
    <ele>4.6</ele>
    <time>2025-07-04T19:57:59Z</time>
   </trkpt>
   <trkpt lat="42.3667150" lon="-71.0645810">
    <ele>4.6</ele>
    <time>2025-07-04T19:58:00Z</time>
   </trkpt>
   <trkpt lat="42.3666860" lon="-71.0645470">
    <ele>4.6</ele>
    <time>2025-07-04T19:58:01Z</time>
   </trkpt>
   <trkpt lat="42.3666560" lon="-71.0645260">
    <ele>4.7</ele>
    <time>2025-07-04T19:58:02Z</time>
   </trkpt>
   <trkpt lat="42.3666270" lon="-71.0644900">
    <ele>4.7</ele>
    <time>2025-07-04T19:58:03Z</time>
   </trkpt>
   <trkpt lat="42.3665960" lon="-71.0644570">
    <ele>4.7</ele>
    <time>2025-07-04T19:58:04Z</time>
   </trkpt>
   <trkpt lat="42.3665640" lon="-71.0644210">
    <ele>4.7</ele>
    <time>2025-07-04T19:58:05Z</time>
   </trkpt>
   <trkpt lat="42.3665340" lon="-71.0643990">
    <ele>4.8</ele>
    <time>2025-07-04T19:58:06Z</time>
   </trkpt>
   <trkpt lat="42.3665210" lon="-71.0643840">
    <ele>4.8</ele>
    <time>2025-07-04T19:58:07Z</time>
   </trkpt>
   <trkpt lat="42.3664870" lon="-71.0643640">
    <ele>4.8</ele>
    <time>2025-07-04T19:58:08Z</time>
   </trkpt>
   <trkpt lat="42.3664540" lon="-71.0643370">
    <ele>4.9</ele>
    <time>2025-07-04T19:58:09Z</time>
   </trkpt>
   <trkpt lat="42.3664280" lon="-71.0642960">
    <ele>4.9</ele>
    <time>2025-07-04T19:58:10Z</time>
   </trkpt>
   <trkpt lat="42.3663950" lon="-71.0642690">
    <ele>5.0</ele>
    <time>2025-07-04T19:58:11Z</time>
   </trkpt>
   <trkpt lat="42.3663790" lon="-71.0642640">
    <ele>5.0</ele>
    <time>2025-07-04T19:58:12Z</time>
   </trkpt>
   <trkpt lat="42.3663510" lon="-71.0642530">
    <ele>5.0</ele>
    <time>2025-07-04T19:58:13Z</time>
   </trkpt>
   <trkpt lat="42.3663420" lon="-71.0642520">
    <ele>5.0</ele>
    <time>2025-07-04T19:58:14Z</time>
   </trkpt>
   <trkpt lat="42.3663190" lon="-71.0642510">
    <ele>5.0</ele>
    <time>2025-07-04T19:58:15Z</time>
   </trkpt>
   <trkpt lat="42.3663120" lon="-71.0642490">
    <ele>5.0</ele>
    <time>2025-07-04T19:58:16Z</time>
   </trkpt>
   <trkpt lat="42.3663040" lon="-71.0642460">
    <ele>5.1</ele>
    <time>2025-07-04T19:58:17Z</time>
   </trkpt>
   <trkpt lat="42.3662960" lon="-71.0642440">
    <ele>5.1</ele>
    <time>2025-07-04T19:58:18Z</time>
   </trkpt>
   <trkpt lat="42.3662610" lon="-71.0642280">
    <ele>5.1</ele>
    <time>2025-07-04T19:58:19Z</time>
   </trkpt>
   <trkpt lat="42.3662380" lon="-71.0642330">
    <ele>5.1</ele>
    <time>2025-07-04T19:58:20Z</time>
   </trkpt>
   <trkpt lat="42.3662290" lon="-71.0642310">
    <ele>5.1</ele>
    <time>2025-07-04T19:58:21Z</time>
   </trkpt>
   <trkpt lat="42.3662190" lon="-71.0642300">
    <ele>5.1</ele>
    <time>2025-07-04T19:58:22Z</time>
   </trkpt>
   <trkpt lat="42.3661870" lon="-71.0642240">
    <ele>5.2</ele>
    <time>2025-07-04T19:58:23Z</time>
   </trkpt>
   <trkpt lat="42.3661670" lon="-71.0642210">
    <ele>5.2</ele>
    <time>2025-07-04T19:58:24Z</time>
   </trkpt>
   <trkpt lat="42.3661280" lon="-71.0642180">
    <ele>5.2</ele>
    <time>2025-07-04T19:58:25Z</time>
   </trkpt>
   <trkpt lat="42.3661080" lon="-71.0641860">
    <ele>5.2</ele>
    <time>2025-07-04T19:58:26Z</time>
   </trkpt>
   <trkpt lat="42.3660740" lon="-71.0641620">
    <ele>5.3</ele>
    <time>2025-07-04T19:58:27Z</time>
   </trkpt>
   <trkpt lat="42.3660620" lon="-71.0641280">
    <ele>5.3</ele>
    <time>2025-07-04T19:58:28Z</time>
   </trkpt>
   <trkpt lat="42.3660640" lon="-71.0640900">
    <ele>5.3</ele>
    <time>2025-07-04T19:58:29Z</time>
   </trkpt>
   <trkpt lat="42.3660570" lon="-71.0640790">
    <ele>5.3</ele>
    <time>2025-07-04T19:58:30Z</time>
   </trkpt>
   <trkpt lat="42.3660530" lon="-71.0640590">
    <ele>5.3</ele>
    <time>2025-07-04T19:58:31Z</time>
   </trkpt>
   <trkpt lat="42.3660390" lon="-71.0640500">
    <ele>5.3</ele>
    <time>2025-07-04T19:58:32Z</time>
   </trkpt>
   <trkpt lat="42.3660180" lon="-71.0640350">
    <ele>5.3</ele>
    <time>2025-07-04T19:58:33Z</time>
   </trkpt>
   <trkpt lat="42.3660100" lon="-71.0640220">
    <ele>5.3</ele>
    <time>2025-07-04T19:58:34Z</time>
   </trkpt>
   <trkpt lat="42.3660020" lon="-71.0640100">
    <ele>5.3</ele>
    <time>2025-07-04T19:58:35Z</time>
   </trkpt>
   <trkpt lat="42.3659930" lon="-71.0639660">
    <ele>5.3</ele>
    <time>2025-07-04T19:58:36Z</time>
   </trkpt>
   <trkpt lat="42.3659910" lon="-71.0639470">
    <ele>5.3</ele>
    <time>2025-07-04T19:58:37Z</time>
   </trkpt>
   <trkpt lat="42.3659920" lon="-71.0639690">
    <ele>5.3</ele>
    <time>2025-07-04T19:58:38Z</time>
   </trkpt>
   <trkpt lat="42.3659870" lon="-71.0639640">
    <ele>5.3</ele>
    <time>2025-07-04T19:58:39Z</time>
   </trkpt>
   <trkpt lat="42.3659820" lon="-71.0639580">
    <ele>5.2</ele>
    <time>2025-07-04T19:58:40Z</time>
   </trkpt>
   <trkpt lat="42.3659750" lon="-71.0639510">
    <ele>5.2</ele>
    <time>2025-07-04T19:58:41Z</time>
   </trkpt>
   <trkpt lat="42.3659680" lon="-71.0639460">
    <ele>5.2</ele>
    <time>2025-07-04T19:58:42Z</time>
   </trkpt>
   <trkpt lat="42.3659690" lon="-71.0639470">
    <ele>5.2</ele>
    <time>2025-07-04T19:58:43Z</time>
   </trkpt>
   <trkpt lat="42.3659570" lon="-71.0639580">
    <ele>5.2</ele>
    <time>2025-07-04T19:58:44Z</time>
   </trkpt>
   <trkpt lat="42.3659540" lon="-71.0639530">
    <ele>5.2</ele>
    <time>2025-07-04T19:58:45Z</time>
   </trkpt>
   <trkpt lat="42.3659440" lon="-71.0639460">
    <ele>5.2</ele>
    <time>2025-07-04T19:58:46Z</time>
   </trkpt>
   <trkpt lat="42.3659370" lon="-71.0639290">
    <ele>5.2</ele>
    <time>2025-07-04T19:58:47Z</time>
   </trkpt>
  </trkseg>
 </trk>
</gpx>
