<?xml version='1.0' encoding='UTF-8'?>
<gpx version="1.1" creator="https://www.komoot.de" xmlns="http://www.topografix.com/GPX/1/1" xmlns:xsi="http://www.w3.org/2001/XMLSchema-instance" xsi:schemaLocation="http://www.topografix.com/GPX/1/1 http://www.topografix.com/GPX/1/1/gpx.xsd">
  <metadata>
    <name>Dedham + Westwood + Medfield + Walpole + Norwood Mains</name>
    <author>
      <link href="https://www.komoot.de">
        <text>komoot</text>
        <type>text/html</type>
      </link>
    </author>
  </metadata>
  <wpt lat="42.247580" lon="-71.171938">
    <name>Parking</name>
    <sym>Flag, Blue</sym>
  </wpt>
  <trk>
    <name>Dedham + Westwood + Medfield + Walpole + Norwood Mains</name>
    <type>touring_bicycle</type>
    <trkseg>
      <trkpt lat="42.247590" lon="-71.171984">
        <ele>32.377684</ele>
        <time>2026-08-07T11:41:16.675Z</time>
      </trkpt>
      <trkpt lat="42.247879" lon="-71.171874">
        <ele>32.377684</ele>
        <time>2026-08-07T11:41:23.753Z</time>
      </trkpt>
      <trkpt lat="42.247834" lon="-71.172202">
        <ele>32.377684</ele>
        <time>2026-08-07T11:41:29.793Z</time>
      </trkpt>
      <trkpt lat="42.247885" lon="-71.172335">
        <ele>32.377684</ele>
        <time>2026-08-07T11:41:37.492Z</time>
      </trkpt>
      <trkpt lat="42.247900" lon="-71.172370">
        <ele>32.377684</ele>
        <time>2026-08-07T11:41:39.603Z</time>
      </trkpt>
      <trkpt lat="42.247909" lon="-71.172375">
        <ele>32.377684</ele>
        <time>2026-08-07T11:41:40.273Z</time>
      </trkpt>
      <trkpt lat="42.248001" lon="-71.172432">
        <ele>32.377684</ele>
        <time>2026-08-07T11:41:47.293Z</time>
      </trkpt>
      <trkpt lat="42.247995" lon="-71.172512">
        <ele>32.377684</ele>
        <time>2026-08-07T11:41:48.822Z</time>
      </trkpt>
      <trkpt lat="42.248021" lon="-71.172613">
        <ele>32.399000</ele>
        <time>2026-08-07T11:41:50.802Z</time>
      </trkpt>
      <trkpt lat="42.248164" lon="-71.173214">
        <ele>32.659049</ele>
        <time>2026-08-07T11:42:02.465Z</time>
      </trkpt>
      <trkpt lat="42.248218" lon="-71.173444">
        <ele>32.758446</ele>
        <time>2026-08-07T11:42:06.742Z</time>
      </trkpt>
      <trkpt lat="42.248258" lon="-71.173597">
        <ele>32.825287</ele>
        <time>2026-08-07T11:42:09.583Z</time>
      </trkpt>
      <trkpt lat="42.248397" lon="-71.174141">
        <ele>33.062354</ele>
        <time>2026-08-07T11:42:19.785Z</time>
      </trkpt>
      <trkpt lat="42.248434" lon="-71.174273">
        <ele>33.120497</ele>
        <time>2026-08-07T11:42:22.383Z</time>
      </trkpt>
      <trkpt lat="42.248454" lon="-71.174349">
        <ele>33.153724</ele>
        <time>2026-08-07T11:42:23.901Z</time>
      </trkpt>
      <trkpt lat="42.248635" lon="-71.175017">
        <ele>33.472459</ele>
        <time>2026-08-07T11:42:36.712Z</time>
      </trkpt>
      <trkpt lat="42.248682" lon="-71.175186">
        <ele>33.574884</ele>
        <time>2026-08-07T11:42:39.993Z</time>
      </trkpt>
      <trkpt lat="42.248741" lon="-71.175396">
        <ele>33.702320</ele>
        <time>2026-08-07T11:42:44.189Z</time>
      </trkpt>
      <trkpt lat="42.248773" lon="-71.175510">
        <ele>33.771492</ele>
        <time>2026-08-07T11:42:46.454Z</time>
      </trkpt>
      <trkpt lat="42.248801" lon="-71.175616">
        <ele>33.835345</ele>
        <time>2026-08-07T11:42:48.477Z</time>
      </trkpt>
      <trkpt lat="42.248815" lon="-71.175667">
        <ele>33.866205</ele>
        <time>2026-08-07T11:42:49.530Z</time>
      </trkpt>
      <trkpt lat="42.248879" lon="-71.175633">
        <ele>33.918914</ele>
        <time>2026-08-07T11:42:54.279Z</time>
      </trkpt>
      <trkpt lat="42.248925" lon="-71.175609">
        <ele>33.956708</ele>
        <time>2026-08-07T11:42:57.733Z</time>
      </trkpt>
      <trkpt lat="42.248879" lon="-71.175633">
        <ele>33.994503</ele>
        <time>2026-08-07T11:43:01.187Z</time>
      </trkpt>
      <trkpt lat="42.248815" lon="-71.175667">
        <ele>34.047211</ele>
        <time>2026-08-07T11:43:05.937Z</time>
      </trkpt>
      <trkpt lat="42.248922" lon="-71.176029">
        <ele>34.268359</ele>
        <time>2026-08-07T11:43:13.367Z</time>
      </trkpt>
      <trkpt lat="42.249033" lon="-71.176396">
        <ele>34.493284</ele>
        <time>2026-08-07T11:43:21.165Z</time>
      </trkpt>
      <trkpt lat="42.249054" lon="-71.176467">
        <ele>34.536662</ele>
        <time>2026-08-07T11:43:22.655Z</time>
      </trkpt>
      <trkpt lat="42.249093" lon="-71.176605">
        <ele>34.620468</ele>
        <time>2026-08-07T11:43:25.545Z</time>
      </trkpt>
      <trkpt lat="42.249276" lon="-71.177276">
        <ele>34.945054</ele>
        <time>2026-08-07T11:43:38.976Z</time>
      </trkpt>
      <trkpt lat="42.249299" lon="-71.177360">
        <ele>34.980544</ele>
        <time>2026-08-07T11:43:40.645Z</time>
      </trkpt>
      <trkpt lat="42.249431" lon="-71.177841">
        <ele>35.183823</ele>
        <time>2026-08-07T11:43:49.860Z</time>
      </trkpt>
      <trkpt lat="42.249978" lon="-71.179968">
        <ele>35.970601</ele>
        <time>2026-08-07T11:44:29.694Z</time>
      </trkpt>
      <trkpt lat="42.250256" lon="-71.180972">
        <ele>36.269529</ele>
        <time>2026-08-07T11:44:48.554Z</time>
      </trkpt>
      <trkpt lat="42.250800" lon="-71.182580">
        <ele>36.709779</ele>
        <time>2026-08-07T11:45:19.049Z</time>
      </trkpt>
      <trkpt lat="42.251005" lon="-71.183127">
        <ele>36.856026</ele>
        <time>2026-08-07T11:45:29.854Z</time>
      </trkpt>
      <trkpt lat="42.251091" lon="-71.183281">
        <ele>36.902042</ele>
        <time>2026-08-07T11:45:33.328Z</time>
      </trkpt>
      <trkpt lat="42.251210" lon="-71.183495">
        <ele>36.965886</ele>
        <time>2026-08-07T11:45:38.180Z</time>
      </trkpt>
      <trkpt lat="42.252053" lon="-71.184329">
        <ele>37.132906</ele>
        <time>2026-08-07T11:46:02.690Z</time>
      </trkpt>
      <trkpt lat="42.251516" lon="-71.185825">
        <ele>37.352673</ele>
        <time>2026-08-07T11:46:29.564Z</time>
      </trkpt>
      <trkpt lat="42.251351" lon="-71.186271">
        <ele>37.434667</ele>
        <time>2026-08-07T11:46:37.903Z</time>
      </trkpt>
      <trkpt lat="42.251214" lon="-71.186509">
        <ele>37.484246</ele>
        <time>2026-08-07T11:46:43.082Z</time>
      </trkpt>
      <trkpt lat="42.250814" lon="-71.187106">
        <ele>37.616667</ele>
        <time>2026-08-07T11:46:57.231Z</time>
      </trkpt>
      <trkpt lat="42.250701" lon="-71.187270">
        <ele>37.653512</ele>
        <time>2026-08-07T11:47:01.301Z</time>
      </trkpt>
      <trkpt lat="42.250185" lon="-71.188020">
        <ele>38.079314</ele>
        <time>2026-08-07T11:47:19.978Z</time>
      </trkpt>
      <trkpt lat="42.249819" lon="-71.188610">
        <ele>38.400169</ele>
        <time>2026-08-07T11:47:33.610Z</time>
      </trkpt>
      <trkpt lat="42.249536" lon="-71.189146">
        <ele>38.671573</ele>
        <time>2026-08-07T11:47:45.936Z</time>
      </trkpt>
      <trkpt lat="42.249159" lon="-71.189826">
        <ele>38.886067</ele>
        <time>2026-08-07T11:48:01.529Z</time>
      </trkpt>
      <trkpt lat="42.248782" lon="-71.190411">
        <ele>39.081894</ele>
        <time>2026-08-07T11:48:15.246Z</time>
      </trkpt>
      <trkpt lat="42.248504" lon="-71.190789">
        <ele>39.216424</ele>
        <time>2026-08-07T11:48:24.029Z</time>
      </trkpt>
      <trkpt lat="42.248418" lon="-71.190923">
        <ele>39.261201</ele>
        <time>2026-08-07T11:48:26.815Z</time>
      </trkpt>
      <trkpt lat="42.248041" lon="-71.191476">
        <ele>39.637815</ele>
        <time>2026-08-07T11:48:38.918Z</time>
      </trkpt>
      <trkpt lat="42.247864" lon="-71.191836">
        <ele>39.866406</ele>
        <time>2026-08-07T11:48:46.597Z</time>
      </trkpt>
      <trkpt lat="42.247803" lon="-71.192010">
        <ele>39.968240</ele>
        <time>2026-08-07T11:48:50.201Z</time>
      </trkpt>
      <trkpt lat="42.247720" lon="-71.192372">
        <ele>40.168690</ele>
        <time>2026-08-07T11:48:57.408Z</time>
      </trkpt>
      <trkpt lat="42.247683" lon="-71.192585">
        <ele>40.284414</ele>
        <time>2026-08-07T11:49:01.721Z</time>
      </trkpt>
      <trkpt lat="42.247569" lon="-71.193186">
        <ele>40.673251</ele>
        <time>2026-08-07T11:49:14.863Z</time>
      </trkpt>
      <trkpt lat="42.247360" lon="-71.193852">
        <ele>41.550253</ele>
        <time>2026-08-07T11:49:30.411Z</time>
      </trkpt>
      <trkpt lat="42.247250" lon="-71.194144">
        <ele>41.947472</ele>
        <time>2026-08-07T11:49:37.080Z</time>
      </trkpt>
      <trkpt lat="42.247207" lon="-71.194262">
        <ele>42.106928</ele>
        <time>2026-08-07T11:49:39.580Z</time>
      </trkpt>
      <trkpt lat="42.246955" lon="-71.194875">
        <ele>42.957031</ele>
        <time>2026-08-07T11:49:52.370Z</time>
      </trkpt>
      <trkpt lat="42.246454" lon="-71.195916">
        <ele>45.858163</ele>
        <time>2026-08-07T11:50:23.966Z</time>
      </trkpt>
      <trkpt lat="42.246388" lon="-71.196069">
        <ele>46.387961</ele>
        <time>2026-08-07T11:50:28.885Z</time>
      </trkpt>
      <trkpt lat="42.246262" lon="-71.196392">
        <ele>47.480287</ele>
        <time>2026-08-07T11:50:39.265Z</time>
      </trkpt>
      <trkpt lat="42.246226" lon="-71.196493">
        <ele>47.815666</ele>
        <time>2026-08-07T11:50:42.598Z</time>
      </trkpt>
      <trkpt lat="42.246210" lon="-71.196641">
        <ele>48.263154</ele>
        <time>2026-08-07T11:50:47.175Z</time>
      </trkpt>
      <trkpt lat="42.246068" lon="-71.197028">
        <ele>49.555424</ele>
        <time>2026-08-07T11:51:01.121Z</time>
      </trkpt>
      <trkpt lat="42.245854" lon="-71.197603">
        <ele>51.298401</ele>
        <time>2026-08-07T11:51:22.960Z</time>
      </trkpt>
      <trkpt lat="42.245618" lon="-71.198245">
        <ele>52.883896</ele>
        <time>2026-08-07T11:51:43.368Z</time>
      </trkpt>
      <trkpt lat="42.245476" lon="-71.198721">
        <ele>54.019047</ele>
        <time>2026-08-07T11:51:55.700Z</time>
      </trkpt>
      <trkpt lat="42.245370" lon="-71.199141">
        <ele>55.000562</ele>
        <time>2026-08-07T11:52:06.015Z</time>
      </trkpt>
      <trkpt lat="42.244764" lon="-71.201286">
        <ele>58.169364</ele>
        <time>2026-08-07T11:52:50.155Z</time>
      </trkpt>
      <trkpt lat="42.244653" lon="-71.201640">
        <ele>58.605893</ele>
        <time>2026-08-07T11:52:58.606Z</time>
      </trkpt>
      <trkpt lat="42.244480" lon="-71.202171">
        <ele>59.755288</ele>
        <time>2026-08-07T11:53:13.246Z</time>
      </trkpt>
      <trkpt lat="42.243860" lon="-71.203884">
        <ele>64.949668</ele>
        <time>2026-08-07T11:54:08.317Z</time>
      </trkpt>
      <trkpt lat="42.243415" lon="-71.204983">
        <ele>67.884001</ele>
        <time>2026-08-07T11:54:41.824Z</time>
      </trkpt>
      <trkpt lat="42.243208" lon="-71.205476">
        <ele>69.167095</ele>
        <time>2026-08-07T11:54:56.192Z</time>
      </trkpt>
      <trkpt lat="42.242911" lon="-71.206207">
        <ele>71.050599</ele>
        <time>2026-08-07T11:55:16.223Z</time>
      </trkpt>
      <trkpt lat="42.242100" lon="-71.208364">
        <ele>75.465281</ele>
        <time>2026-08-07T11:56:13.627Z</time>
      </trkpt>
      <trkpt lat="42.241865" lon="-71.208987">
        <ele>76.687635</ele>
        <time>2026-08-07T11:56:30.532Z</time>
      </trkpt>
      <trkpt lat="42.241584" lon="-71.209716">
        <ele>78.124409</ele>
        <time>2026-08-07T11:56:50.593Z</time>
      </trkpt>
      <trkpt lat="42.241175" lon="-71.211095">
        <ele>79.944656</ele>
        <time>2026-08-07T11:57:24.067Z</time>
      </trkpt>
      <trkpt lat="42.241129" lon="-71.211266">
        <ele>80.017533</ele>
        <time>2026-08-07T11:57:27.620Z</time>
      </trkpt>
      <trkpt lat="42.240983" lon="-71.211842">
        <ele>80.261403</ele>
        <time>2026-08-07T11:57:38.614Z</time>
      </trkpt>
      <trkpt lat="42.240769" lon="-71.212526">
        <ele>80.558847</ele>
        <time>2026-08-07T11:57:50.292Z</time>
      </trkpt>
      <trkpt lat="42.240627" lon="-71.212812">
        <ele>80.673135</ele>
        <time>2026-08-07T11:57:55.376Z</time>
      </trkpt>
      <trkpt lat="42.240279" lon="-71.213511">
        <ele>80.198141</ele>
        <time>2026-08-07T11:58:07.860Z</time>
      </trkpt>
      <trkpt lat="42.240220" lon="-71.213618">
        <ele>80.122909</ele>
        <time>2026-08-07T11:58:09.849Z</time>
      </trkpt>
      <trkpt lat="42.239821" lon="-71.214243">
        <ele>79.657539</ele>
        <time>2026-08-07T11:58:22.242Z</time>
      </trkpt>
      <trkpt lat="42.239382" lon="-71.214864">
        <ele>79.139897</ele>
        <time>2026-08-07T11:58:34.377Z</time>
      </trkpt>
      <trkpt lat="42.239250" lon="-71.215067">
        <ele>78.952048</ele>
        <time>2026-08-07T11:58:38.020Z</time>
      </trkpt>
      <trkpt lat="42.239007" lon="-71.215469">
        <ele>78.591220</ele>
        <time>2026-08-07T11:58:45.287Z</time>
      </trkpt>
      <trkpt lat="42.238648" lon="-71.216058">
        <ele>78.060778</ele>
        <time>2026-08-07T11:58:56.247Z</time>
      </trkpt>
      <trkpt lat="42.238436" lon="-71.216329">
        <ele>77.786662</ele>
        <time>2026-08-07T11:59:02.053Z</time>
      </trkpt>
      <trkpt lat="42.238361" lon="-71.216402">
        <ele>77.699846</ele>
        <time>2026-08-07T11:59:03.916Z</time>
      </trkpt>
      <trkpt lat="42.238278" lon="-71.216469">
        <ele>77.610865</ele>
        <time>2026-08-07T11:59:05.875Z</time>
      </trkpt>
      <trkpt lat="42.237643" lon="-71.216910">
        <ele>77.005353</ele>
        <time>2026-08-07T11:59:20.996Z</time>
      </trkpt>
      <trkpt lat="42.237077" lon="-71.217284">
        <ele>76.471008</ele>
        <time>2026-08-07T11:59:33.141Z</time>
      </trkpt>
      <trkpt lat="42.236800" lon="-71.217490">
        <ele>76.202850</ele>
        <time>2026-08-07T11:59:38.906Z</time>
      </trkpt>
      <trkpt lat="42.236352" lon="-71.217885">
        <ele>76.117932</ele>
        <time>2026-08-07T11:59:49.024Z</time>
      </trkpt>
      <trkpt lat="42.236074" lon="-71.218098">
        <ele>76.129731</ele>
        <time>2026-08-07T11:59:55.379Z</time>
      </trkpt>
      <trkpt lat="42.235990" lon="-71.218150">
        <ele>76.133142</ele>
        <time>2026-08-07T11:59:57.276Z</time>
      </trkpt>
      <trkpt lat="42.235743" lon="-71.218305">
        <ele>76.143197</ele>
        <time>2026-08-07T12:00:03.432Z</time>
      </trkpt>
      <trkpt lat="42.235400" lon="-71.218470">
        <ele>76.156638</ele>
        <time>2026-08-07T12:00:12.763Z</time>
      </trkpt>
      <trkpt lat="42.234233" lon="-71.218852">
        <ele>76.790176</ele>
        <time>2026-08-07T12:00:46.624Z</time>
      </trkpt>
      <trkpt lat="42.233590" lon="-71.219092">
        <ele>77.267980</ele>
        <time>2026-08-07T12:01:02.850Z</time>
      </trkpt>
      <trkpt lat="42.233193" lon="-71.219275">
        <ele>77.286652</ele>
        <time>2026-08-07T12:01:11.596Z</time>
      </trkpt>
      <trkpt lat="42.232950" lon="-71.219415">
        <ele>76.996512</ele>
        <time>2026-08-07T12:01:16.858Z</time>
      </trkpt>
      <trkpt lat="42.232533" lon="-71.219642">
        <ele>76.502745</ele>
        <time>2026-08-07T12:01:25.495Z</time>
      </trkpt>
      <trkpt lat="42.232354" lon="-71.219736">
        <ele>76.291822</ele>
        <time>2026-08-07T12:01:29.088Z</time>
      </trkpt>
      <trkpt lat="42.232088" lon="-71.219879">
        <ele>75.977396</ele>
        <time>2026-08-07T12:01:34.340Z</time>
      </trkpt>
      <trkpt lat="42.231163" lon="-71.220392">
        <ele>74.876848</ele>
        <time>2026-08-07T12:01:52.456Z</time>
      </trkpt>
      <trkpt lat="42.230130" lon="-71.220866">
        <ele>73.673983</ele>
        <time>2026-08-07T12:02:13.223Z</time>
      </trkpt>
      <trkpt lat="42.230016" lon="-71.220907">
        <ele>73.543913</ele>
        <time>2026-08-07T12:02:15.710Z</time>
      </trkpt>
      <trkpt lat="42.229927" lon="-71.220940">
        <ele>73.497783</ele>
        <time>2026-08-07T12:02:17.710Z</time>
      </trkpt>
      <trkpt lat="42.229657" lon="-71.221039">
        <ele>73.492343</ele>
        <time>2026-08-07T12:02:23.870Z</time>
      </trkpt>
      <trkpt lat="42.229136" lon="-71.221209">
        <ele>73.481921</ele>
        <time>2026-08-07T12:02:36.419Z</time>
      </trkpt>
      <trkpt lat="42.229080" lon="-71.221227">
        <ele>73.480802</ele>
        <time>2026-08-07T12:02:37.817Z</time>
      </trkpt>
      <trkpt lat="42.228802" lon="-71.221319">
        <ele>73.475236</ele>
        <time>2026-08-07T12:02:44.645Z</time>
      </trkpt>
      <trkpt lat="42.228701" lon="-71.221352">
        <ele>73.473216</ele>
        <time>2026-08-07T12:02:47.031Z</time>
      </trkpt>
      <trkpt lat="42.228470" lon="-71.221427">
        <ele>73.468596</ele>
        <time>2026-08-07T12:02:52.459Z</time>
      </trkpt>
      <trkpt lat="42.228340" lon="-71.221470">
        <ele>73.465994</ele>
        <time>2026-08-07T12:02:55.387Z</time>
      </trkpt>
      <trkpt lat="42.228031" lon="-71.221575">
        <ele>73.363467</ele>
        <time>2026-08-07T12:03:02.055Z</time>
      </trkpt>
      <trkpt lat="42.227211" lon="-71.221844">
        <ele>72.952913</ele>
        <time>2026-08-07T12:03:19.067Z</time>
      </trkpt>
      <trkpt lat="42.226386" lon="-71.222130">
        <ele>72.525301</ele>
        <time>2026-08-07T12:03:36.544Z</time>
      </trkpt>
      <trkpt lat="42.226328" lon="-71.222150">
        <ele>72.488511</ele>
        <time>2026-08-07T12:03:37.781Z</time>
      </trkpt>
      <trkpt lat="42.226141" lon="-71.222214">
        <ele>72.369951</ele>
        <time>2026-08-07T12:03:41.703Z</time>
      </trkpt>
      <trkpt lat="42.225922" lon="-71.222288">
        <ele>72.231208</ele>
        <time>2026-08-07T12:03:46.296Z</time>
      </trkpt>
      <trkpt lat="42.225731" lon="-71.222352">
        <ele>72.110263</ele>
        <time>2026-08-07T12:03:50.345Z</time>
      </trkpt>
      <trkpt lat="42.225623" lon="-71.222389">
        <ele>72.041786</ele>
        <time>2026-08-07T12:03:52.647Z</time>
      </trkpt>
      <trkpt lat="42.225349" lon="-71.222488">
        <ele>71.867467</ele>
        <time>2026-08-07T12:03:58.426Z</time>
      </trkpt>
      <trkpt lat="42.225116" lon="-71.222573">
        <ele>71.719136</ele>
        <time>2026-08-07T12:04:03.257Z</time>
      </trkpt>
      <trkpt lat="42.225003" lon="-71.222614">
        <ele>71.647225</ele>
        <time>2026-08-07T12:04:05.584Z</time>
      </trkpt>
      <trkpt lat="42.224899" lon="-71.222652">
        <ele>71.581010</ele>
        <time>2026-08-07T12:04:07.728Z</time>
      </trkpt>
      <trkpt lat="42.224576" lon="-71.222771">
        <ele>71.336939</ele>
        <time>2026-08-07T12:04:14.333Z</time>
      </trkpt>
      <trkpt lat="42.224496" lon="-71.222798">
        <ele>71.268296</ele>
        <time>2026-08-07T12:04:15.941Z</time>
      </trkpt>
      <trkpt lat="42.224048" lon="-71.222912">
        <ele>70.888798</ele>
        <time>2026-08-07T12:04:24.876Z</time>
      </trkpt>
      <trkpt lat="42.223972" lon="-71.222926">
        <ele>70.824946</ele>
        <time>2026-08-07T12:04:26.399Z</time>
      </trkpt>
      <trkpt lat="42.223952" lon="-71.222929">
        <ele>70.808195</ele>
        <time>2026-08-07T12:04:26.810Z</time>
      </trkpt>
      <trkpt lat="42.223745" lon="-71.222965">
        <ele>70.634457</ele>
        <time>2026-08-07T12:04:30.994Z</time>
      </trkpt>
      <trkpt lat="42.223565" lon="-71.222996">
        <ele>70.483403</ele>
        <time>2026-08-07T12:04:34.597Z</time>
      </trkpt>
      <trkpt lat="42.223500" lon="-71.223007">
        <ele>70.428871</ele>
        <time>2026-08-07T12:04:35.881Z</time>
      </trkpt>
      <trkpt lat="42.223294" lon="-71.223046">
        <ele>70.255711</ele>
        <time>2026-08-07T12:04:39.941Z</time>
      </trkpt>
      <trkpt lat="42.223117" lon="-71.223082">
        <ele>70.106707</ele>
        <time>2026-08-07T12:04:43.439Z</time>
      </trkpt>
      <trkpt lat="42.223011" lon="-71.223104">
        <ele>70.017432</ele>
        <time>2026-08-07T12:04:45.530Z</time>
      </trkpt>
      <trkpt lat="42.222210" lon="-71.223270">
        <ele>69.345106</ele>
        <time>2026-08-07T12:05:01.311Z</time>
      </trkpt>
      <trkpt lat="42.221115" lon="-71.223419">
        <ele>68.432210</ele>
        <time>2026-08-07T12:05:23.129Z</time>
      </trkpt>
      <trkpt lat="42.220917" lon="-71.223431">
        <ele>68.267842</ele>
        <time>2026-08-07T12:05:27.114Z</time>
      </trkpt>
      <trkpt lat="42.220789" lon="-71.223462">
        <ele>68.159997</ele>
        <time>2026-08-07T12:05:29.720Z</time>
      </trkpt>
      <trkpt lat="42.220104" lon="-71.223489">
        <ele>67.591681</ele>
        <time>2026-08-07T12:05:43.323Z</time>
      </trkpt>
      <trkpt lat="42.219954" lon="-71.223483">
        <ele>67.467231</ele>
        <time>2026-08-07T12:05:46.264Z</time>
      </trkpt>
      <trkpt lat="42.219843" lon="-71.223479">
        <ele>67.375145</ele>
        <time>2026-08-07T12:05:48.416Z</time>
      </trkpt>
      <trkpt lat="42.219748" lon="-71.223476">
        <ele>67.296340</ele>
        <time>2026-08-07T12:05:50.261Z</time>
      </trkpt>
      <trkpt lat="42.219518" lon="-71.223445">
        <ele>67.104652</ele>
        <time>2026-08-07T12:05:54.786Z</time>
      </trkpt>
      <trkpt lat="42.218831" lon="-71.223415">
        <ele>66.182967</ele>
        <time>2026-08-07T12:06:07.959Z</time>
      </trkpt>
      <trkpt lat="42.218723" lon="-71.223440">
        <ele>66.023787</ele>
        <time>2026-08-07T12:06:09.958Z</time>
      </trkpt>
      <trkpt lat="42.218679" lon="-71.223457">
        <ele>65.957303</ele>
        <time>2026-08-07T12:06:10.798Z</time>
      </trkpt>
      <trkpt lat="42.218489" lon="-71.223530">
        <ele>65.670333</ele>
        <time>2026-08-07T12:06:14.359Z</time>
      </trkpt>
      <trkpt lat="42.218232" lon="-71.223670">
        <ele>65.267751</ele>
        <time>2026-08-07T12:06:19.277Z</time>
      </trkpt>
      <trkpt lat="42.217802" lon="-71.224072">
        <ele>64.507977</ele>
        <time>2026-08-07T12:06:28.685Z</time>
      </trkpt>
      <trkpt lat="42.217575" lon="-71.224447">
        <ele>64.107257</ele>
        <time>2026-08-07T12:06:35.403Z</time>
      </trkpt>
      <trkpt lat="42.217538" lon="-71.224516">
        <ele>64.043002</ele>
        <time>2026-08-07T12:06:36.576Z</time>
      </trkpt>
      <trkpt lat="42.217505" lon="-71.224589">
        <ele>63.978493</ele>
        <time>2026-08-07T12:06:37.745Z</time>
      </trkpt>
      <trkpt lat="42.217481" lon="-71.224648">
        <ele>63.927720</ele>
        <time>2026-08-07T12:06:38.658Z</time>
      </trkpt>
      <trkpt lat="42.217423" lon="-71.224822">
        <ele>63.783796</ele>
        <time>2026-08-07T12:06:41.257Z</time>
      </trkpt>
      <trkpt lat="42.217325" lon="-71.225110">
        <ele>63.544732</ele>
        <time>2026-08-07T12:06:45.649Z</time>
      </trkpt>
      <trkpt lat="42.217248" lon="-71.225325">
        <ele>63.364596</ele>
        <time>2026-08-07T12:06:49.017Z</time>
      </trkpt>
      <trkpt lat="42.217219" lon="-71.225412">
        <ele>63.292634</ele>
        <time>2026-08-07T12:06:50.387Z</time>
      </trkpt>
      <trkpt lat="42.217123" lon="-71.225687">
        <ele>63.063319</ele>
        <time>2026-08-07T12:06:54.824Z</time>
      </trkpt>
      <trkpt lat="42.216949" lon="-71.226076">
        <ele>62.720542</ele>
        <time>2026-08-07T12:07:01.773Z</time>
      </trkpt>
      <trkpt lat="42.216697" lon="-71.226444">
        <ele>62.430504</ele>
        <time>2026-08-07T12:07:09.616Z</time>
      </trkpt>
      <trkpt lat="42.216055" lon="-71.227030">
        <ele>61.964056</ele>
        <time>2026-08-07T12:07:25.211Z</time>
      </trkpt>
      <trkpt lat="42.214490" lon="-71.228380">
        <ele>60.629249</ele>
        <time>2026-08-07T12:08:02.768Z</time>
      </trkpt>
      <trkpt lat="42.214184" lon="-71.228636">
        <ele>60.337809</ele>
        <time>2026-08-07T12:08:09.623Z</time>
      </trkpt>
      <trkpt lat="42.213967" lon="-71.228830">
        <ele>60.127103</ele>
        <time>2026-08-07T12:08:14.605Z</time>
      </trkpt>
      <trkpt lat="42.213826" lon="-71.228964">
        <ele>59.995526</ele>
        <time>2026-08-07T12:08:17.875Z</time>
      </trkpt>
      <trkpt lat="42.213463" lon="-71.229401">
        <ele>59.702522</ele>
        <time>2026-08-07T12:08:27.125Z</time>
      </trkpt>
      <trkpt lat="42.212275" lon="-71.230909">
        <ele>58.980196</ele>
        <time>2026-08-07T12:09:00.957Z</time>
      </trkpt>
      <trkpt lat="42.211808" lon="-71.231609">
        <ele>59.068093</ele>
        <time>2026-08-07T12:09:18.074Z</time>
      </trkpt>
      <trkpt lat="42.211551" lon="-71.232016">
        <ele>59.117994</ele>
        <time>2026-08-07T12:09:27.629Z</time>
      </trkpt>
      <trkpt lat="42.211449" lon="-71.232193">
        <ele>59.138918</ele>
        <time>2026-08-07T12:09:31.549Z</time>
      </trkpt>
      <trkpt lat="42.210450" lon="-71.233926">
        <ele>58.570882</ele>
        <time>2026-08-07T12:10:05.223Z</time>
      </trkpt>
      <trkpt lat="42.210150" lon="-71.234455">
        <ele>58.362829</ele>
        <time>2026-08-07T12:10:15.329Z</time>
      </trkpt>
      <trkpt lat="42.210054" lon="-71.234632">
        <ele>58.289122</ele>
        <time>2026-08-07T12:10:18.587Z</time>
      </trkpt>
      <trkpt lat="42.209949" lon="-71.234807">
        <ele>58.213456</ele>
        <time>2026-08-07T12:10:21.955Z</time>
      </trkpt>
      <trkpt lat="42.209788" lon="-71.235073">
        <ele>58.098042</ele>
        <time>2026-08-07T12:10:27.163Z</time>
      </trkpt>
      <trkpt lat="42.209372" lon="-71.235761">
        <ele>57.799649</ele>
        <time>2026-08-07T12:10:41.053Z</time>
      </trkpt>
      <trkpt lat="42.209321" lon="-71.235839">
        <ele>57.764693</ele>
        <time>2026-08-07T12:10:42.751Z</time>
      </trkpt>
      <trkpt lat="42.208985" lon="-71.236281">
        <ele>57.563612</ele>
        <time>2026-08-07T12:10:52.323Z</time>
      </trkpt>
      <trkpt lat="42.208677" lon="-71.236580">
        <ele>57.426021</ele>
        <time>2026-08-07T12:11:00.029Z</time>
      </trkpt>
      <trkpt lat="42.208525" lon="-71.236720">
        <ele>57.359283</ele>
        <time>2026-08-07T12:11:03.989Z</time>
      </trkpt>
      <trkpt lat="42.208417" lon="-71.236823">
        <ele>57.311324</ele>
        <time>2026-08-07T12:11:06.821Z</time>
      </trkpt>
      <trkpt lat="42.208027" lon="-71.237180">
        <ele>57.140424</ele>
        <time>2026-08-07T12:11:16.845Z</time>
      </trkpt>
      <trkpt lat="42.207650" lon="-71.237545">
        <ele>56.972162</ele>
        <time>2026-08-07T12:11:26.711Z</time>
      </trkpt>
      <trkpt lat="42.207344" lon="-71.237912">
        <ele>56.783477</ele>
        <time>2026-08-07T12:11:35.162Z</time>
      </trkpt>
      <trkpt lat="42.207220" lon="-71.238075">
        <ele>56.701900</ele>
        <time>2026-08-07T12:11:38.780Z</time>
      </trkpt>
      <trkpt lat="42.207052" lon="-71.238351">
        <ele>56.577175</ele>
        <time>2026-08-07T12:11:44.333Z</time>
      </trkpt>
      <trkpt lat="42.206442" lon="-71.239355">
        <ele>56.123801</ele>
        <time>2026-08-07T12:12:03.930Z</time>
      </trkpt>
      <trkpt lat="42.206165" lon="-71.239811">
        <ele>55.978871</ele>
        <time>2026-08-07T12:12:12.864Z</time>
      </trkpt>
      <trkpt lat="42.205981" lon="-71.240118">
        <ele>55.884707</ele>
        <time>2026-08-07T12:12:18.831Z</time>
      </trkpt>
      <trkpt lat="42.205783" lon="-71.240389">
        <ele>55.793944</ele>
        <time>2026-08-07T12:12:24.705Z</time>
      </trkpt>
      <trkpt lat="42.205708" lon="-71.240478">
        <ele>55.761800</ele>
        <time>2026-08-07T12:12:26.854Z</time>
      </trkpt>
      <trkpt lat="42.205178" lon="-71.241160">
        <ele>55.534986</ele>
        <time>2026-08-07T12:12:42.837Z</time>
      </trkpt>
      <trkpt lat="42.204790" lon="-71.241660">
        <ele>55.662723</ele>
        <time>2026-08-07T12:12:54.641Z</time>
      </trkpt>
      <trkpt lat="42.204595" lon="-71.241914">
        <ele>55.727252</ele>
        <time>2026-08-07T12:13:00.524Z</time>
      </trkpt>
      <trkpt lat="42.204548" lon="-71.241977">
        <ele>55.743025</ele>
        <time>2026-08-07T12:13:02.002Z</time>
      </trkpt>
      <trkpt lat="42.204502" lon="-71.242041">
        <ele>55.758756</ele>
        <time>2026-08-07T12:13:03.508Z</time>
      </trkpt>
      <trkpt lat="42.203990" lon="-71.242740">
        <ele>55.932165</ele>
        <time>2026-08-07T12:13:20.457Z</time>
      </trkpt>
      <trkpt lat="42.203890" lon="-71.242900">
        <ele>56.030526</ele>
        <time>2026-08-07T12:13:24.291Z</time>
      </trkpt>
      <trkpt lat="42.203348" lon="-71.243713">
        <ele>57.463822</ele>
        <time>2026-08-07T12:13:46.634Z</time>
      </trkpt>
      <trkpt lat="42.202790" lon="-71.244350">
        <ele>58.756569</ele>
        <time>2026-08-07T12:14:10.155Z</time>
      </trkpt>
      <trkpt lat="42.202092" lon="-71.245180">
        <ele>60.213310</ele>
        <time>2026-08-07T12:14:39.293Z</time>
      </trkpt>
      <trkpt lat="42.201909" lon="-71.245493">
        <ele>60.657605</ele>
        <time>2026-08-07T12:14:47.824Z</time>
      </trkpt>
      <trkpt lat="42.201821" lon="-71.245699">
        <ele>60.922569</ele>
        <time>2026-08-07T12:14:52.653Z</time>
      </trkpt>
      <trkpt lat="42.201580" lon="-71.246560">
        <ele>61.937070</ele>
        <time>2026-08-07T12:15:09.642Z</time>
      </trkpt>
      <trkpt lat="42.201509" lon="-71.246833">
        <ele>62.224269</ele>
        <time>2026-08-07T12:15:14.616Z</time>
      </trkpt>
      <trkpt lat="42.201402" lon="-71.247433">
        <ele>62.836852</ele>
        <time>2026-08-07T12:15:25.874Z</time>
      </trkpt>
      <trkpt lat="42.201380" lon="-71.248020">
        <ele>63.420262</ele>
        <time>2026-08-07T12:15:37.673Z</time>
      </trkpt>
      <trkpt lat="42.201406" lon="-71.248478">
        <ele>63.876213</ele>
        <time>2026-08-07T12:15:47.648Z</time>
      </trkpt>
      <trkpt lat="42.201535" lon="-71.249081">
        <ele>64.885113</ele>
        <time>2026-08-07T12:16:02.502Z</time>
      </trkpt>
      <trkpt lat="42.201578" lon="-71.249211">
        <ele>65.251453</ele>
        <time>2026-08-07T12:16:06.077Z</time>
      </trkpt>
      <trkpt lat="42.201727" lon="-71.249552">
        <ele>66.270160</ele>
        <time>2026-08-07T12:16:16.218Z</time>
      </trkpt>
      <trkpt lat="42.201790" lon="-71.249660">
        <ele>66.623877</ele>
        <time>2026-08-07T12:16:19.803Z</time>
      </trkpt>
      <trkpt lat="42.202170" lon="-71.250344">
        <ele>68.823855</ele>
        <time>2026-08-07T12:16:42.634Z</time>
      </trkpt>
      <trkpt lat="42.202400" lon="-71.250870">
        <ele>70.395513</ele>
        <time>2026-08-07T12:17:00.128Z</time>
      </trkpt>
      <trkpt lat="42.202496" lon="-71.251217">
        <ele>71.851486</ele>
        <time>2026-08-07T12:17:11.470Z</time>
      </trkpt>
      <trkpt lat="42.202567" lon="-71.251505">
        <ele>73.097779</ele>
        <time>2026-08-07T12:17:21.281Z</time>
      </trkpt>
      <trkpt lat="42.202600" lon="-71.251750">
        <ele>74.120242</ele>
        <time>2026-08-07T12:17:29.595Z</time>
      </trkpt>
      <trkpt lat="42.202636" lon="-71.252122">
        <ele>75.660651</ele>
        <time>2026-08-07T12:17:42.441Z</time>
      </trkpt>
      <trkpt lat="42.202659" lon="-71.253313">
        <ele>80.528345</ele>
        <time>2026-08-07T12:18:24.129Z</time>
      </trkpt>
      <trkpt lat="42.202693" lon="-71.253930">
        <ele>82.284971</ele>
        <time>2026-08-07T12:18:44.091Z</time>
      </trkpt>
      <trkpt lat="42.202787" lon="-71.254369">
        <ele>83.582404</ele>
        <time>2026-08-07T12:18:57.494Z</time>
      </trkpt>
      <trkpt lat="42.203027" lon="-71.255068">
        <ele>85.769811</ele>
        <time>2026-08-07T12:19:17.602Z</time>
      </trkpt>
      <trkpt lat="42.203230" lon="-71.255612">
        <ele>87.434686</ele>
        <time>2026-08-07T12:19:31.746Z</time>
      </trkpt>
      <trkpt lat="42.203317" lon="-71.255789">
        <ele>87.741497</ele>
        <time>2026-08-07T12:19:36.353Z</time>
      </trkpt>
      <trkpt lat="42.203519" lon="-71.256269">
        <ele>88.538854</ele>
        <time>2026-08-07T12:19:48.277Z</time>
      </trkpt>
      <trkpt lat="42.203664" lon="-71.256697">
        <ele>89.218618</ele>
        <time>2026-08-07T12:19:58.872Z</time>
      </trkpt>
      <trkpt lat="42.203730" lon="-71.256930">
        <ele>89.578916</ele>
        <time>2026-08-07T12:20:04.405Z</time>
      </trkpt>
      <trkpt lat="42.203852" lon="-71.257512">
        <ele>90.452534</ele>
        <time>2026-08-07T12:20:17.602Z</time>
      </trkpt>
      <trkpt lat="42.203885" lon="-71.257693">
        <ele>90.721761</ele>
        <time>2026-08-07T12:20:21.742Z</time>
      </trkpt>
      <trkpt lat="42.203901" lon="-71.257786">
        <ele>90.859660</ele>
        <time>2026-08-07T12:20:23.870Z</time>
      </trkpt>
      <trkpt lat="42.203941" lon="-71.258019">
        <ele>91.110962</ele>
        <time>2026-08-07T12:20:29.082Z</time>
      </trkpt>
      <trkpt lat="42.204010" lon="-71.258450">
        <ele>91.566275</ele>
        <time>2026-08-07T12:20:38.671Z</time>
      </trkpt>
      <trkpt lat="42.204110" lon="-71.259100">
        <ele>92.251768</ele>
        <time>2026-08-07T12:20:53.569Z</time>
      </trkpt>
      <trkpt lat="42.204193" lon="-71.259815">
        <ele>92.999065</ele>
        <time>2026-08-07T12:21:08.140Z</time>
      </trkpt>
      <trkpt lat="42.204220" lon="-71.260210">
        <ele>93.368125</ele>
        <time>2026-08-07T12:21:15.577Z</time>
      </trkpt>
      <trkpt lat="42.204220" lon="-71.260551">
        <ele>93.183509</ele>
        <time>2026-08-07T12:21:21.468Z</time>
      </trkpt>
      <trkpt lat="42.204173" lon="-71.261068">
        <ele>92.901507</ele>
        <time>2026-08-07T12:21:29.766Z</time>
      </trkpt>
      <trkpt lat="42.204130" lon="-71.261370">
        <ele>92.735012</ele>
        <time>2026-08-07T12:21:34.430Z</time>
      </trkpt>
      <trkpt lat="42.204016" lon="-71.261858">
        <ele>92.457984</ele>
        <time>2026-08-07T12:21:41.589Z</time>
      </trkpt>
      <trkpt lat="42.203939" lon="-71.262118">
        <ele>92.306387</ele>
        <time>2026-08-07T12:21:45.311Z</time>
      </trkpt>
      <trkpt lat="42.203882" lon="-71.262303">
        <ele>92.197910</ele>
        <time>2026-08-07T12:21:47.969Z</time>
      </trkpt>
      <trkpt lat="42.203768" lon="-71.262659">
        <ele>91.828699</ele>
        <time>2026-08-07T12:21:53.141Z</time>
      </trkpt>
      <trkpt lat="42.203621" lon="-71.263171">
        <ele>90.936400</ele>
        <time>2026-08-07T12:22:00.392Z</time>
      </trkpt>
      <trkpt lat="42.203610" lon="-71.263210">
        <ele>90.868587</ele>
        <time>2026-08-07T12:22:00.914Z</time>
      </trkpt>
      <trkpt lat="42.203521" lon="-71.263434">
        <ele>90.455535</ele>
        <time>2026-08-07T12:22:04.184Z</time>
      </trkpt>
      <trkpt lat="42.203316" lon="-71.263875">
        <ele>89.609498</ele>
        <time>2026-08-07T12:22:10.776Z</time>
      </trkpt>
      <trkpt lat="42.203127" lon="-71.264203">
        <ele>88.934231</ele>
        <time>2026-08-07T12:22:16.029Z</time>
      </trkpt>
      <trkpt lat="42.203070" lon="-71.264300">
        <ele>88.733034</ele>
        <time>2026-08-07T12:22:17.563Z</time>
      </trkpt>
      <trkpt lat="42.202797" lon="-71.264737">
        <ele>87.861837</ele>
        <time>2026-08-07T12:22:24.736Z</time>
      </trkpt>
      <trkpt lat="42.202671" lon="-71.264950">
        <ele>87.499379</ele>
        <time>2026-08-07T12:22:28.184Z</time>
      </trkpt>
      <trkpt lat="42.202190" lon="-71.265740">
        <ele>86.139592</ele>
        <time>2026-08-07T12:22:41.457Z</time>
      </trkpt>
      <trkpt lat="42.201663" lon="-71.266531">
        <ele>84.791410</ele>
        <time>2026-08-07T12:22:56.109Z</time>
      </trkpt>
      <trkpt lat="42.201637" lon="-71.266566">
        <ele>84.751536</ele>
        <time>2026-08-07T12:22:56.836Z</time>
      </trkpt>
      <trkpt lat="42.201408" lon="-71.266888">
        <ele>84.392449</ele>
        <time>2026-08-07T12:23:03.521Z</time>
      </trkpt>
      <trkpt lat="42.201174" lon="-71.267243">
        <ele>84.010176</ele>
        <time>2026-08-07T12:23:10.920Z</time>
      </trkpt>
      <trkpt lat="42.201039" lon="-71.267460">
        <ele>83.782213</ele>
        <time>2026-08-07T12:23:15.309Z</time>
      </trkpt>
      <trkpt lat="42.200871" lon="-71.267965">
        <ele>83.336872</ele>
        <time>2026-08-07T12:23:23.232Z</time>
      </trkpt>
      <trkpt lat="42.200769" lon="-71.268449">
        <ele>82.916577</ele>
        <time>2026-08-07T12:23:29.949Z</time>
      </trkpt>
      <trkpt lat="42.200734" lon="-71.268641">
        <ele>82.445766</ele>
        <time>2026-08-07T12:23:32.510Z</time>
      </trkpt>
      <trkpt lat="42.200710" lon="-71.268783">
        <ele>82.098960</ele>
        <time>2026-08-07T12:23:34.358Z</time>
      </trkpt>
      <trkpt lat="42.200700" lon="-71.268840">
        <ele>81.959483</ele>
        <time>2026-08-07T12:23:35.115Z</time>
      </trkpt>
      <trkpt lat="42.200641" lon="-71.269246">
        <ele>80.974328</ele>
        <time>2026-08-07T12:23:40.327Z</time>
      </trkpt>
      <trkpt lat="42.200617" lon="-71.269372">
        <ele>80.664549</ele>
        <time>2026-08-07T12:23:41.920Z</time>
      </trkpt>
      <trkpt lat="42.200580" lon="-71.269556">
        <ele>80.210570</ele>
        <time>2026-08-07T12:23:44.229Z</time>
      </trkpt>
      <trkpt lat="42.200471" lon="-71.270265">
        <ele>78.486389</ele>
        <time>2026-08-07T12:23:52.660Z</time>
      </trkpt>
      <trkpt lat="42.200445" lon="-71.270450">
        <ele>78.038025</ele>
        <time>2026-08-07T12:23:54.803Z</time>
      </trkpt>
      <trkpt lat="42.200435" lon="-71.270522">
        <ele>77.863598</ele>
        <time>2026-08-07T12:23:55.635Z</time>
      </trkpt>
      <trkpt lat="42.200310" lon="-71.271431">
        <ele>75.600840</ele>
        <time>2026-08-07T12:24:06.331Z</time>
      </trkpt>
      <trkpt lat="42.200135" lon="-71.272015">
        <ele>74.039315</ele>
        <time>2026-08-07T12:24:13.907Z</time>
      </trkpt>
      <trkpt lat="42.199960" lon="-71.272430">
        <ele>72.855655</ele>
        <time>2026-08-07T12:24:19.755Z</time>
      </trkpt>
      <trkpt lat="42.199410" lon="-71.273460">
        <ele>69.952482</ele>
        <time>2026-08-07T12:24:35.475Z</time>
      </trkpt>
      <trkpt lat="42.199270" lon="-71.273790">
        <ele>69.170518</ele>
        <time>2026-08-07T12:24:39.994Z</time>
      </trkpt>
      <trkpt lat="42.199151" lon="-71.274264">
        <ele>68.141393</ele>
        <time>2026-08-07T12:24:46.038Z</time>
      </trkpt>
      <trkpt lat="42.199119" lon="-71.274448">
        <ele>67.752750</ele>
        <time>2026-08-07T12:24:48.352Z</time>
      </trkpt>
      <trkpt lat="42.199070" lon="-71.274920">
        <ele>66.772701</ele>
        <time>2026-08-07T12:24:54.245Z</time>
      </trkpt>
      <trkpt lat="42.199095" lon="-71.276219">
        <ele>65.280773</ele>
        <time>2026-08-07T12:25:11.267Z</time>
      </trkpt>
      <trkpt lat="42.199100" lon="-71.276630">
        <ele>64.922763</ele>
        <time>2026-08-07T12:25:17.281Z</time>
      </trkpt>
      <trkpt lat="42.199080" lon="-71.276940">
        <ele>64.651745</ele>
        <time>2026-08-07T12:25:21.986Z</time>
      </trkpt>
      <trkpt lat="42.199028" lon="-71.277242">
        <ele>64.381705</ele>
        <time>2026-08-07T12:25:26.707Z</time>
      </trkpt>
      <trkpt lat="42.198904" lon="-71.277806">
        <ele>64.018714</ele>
        <time>2026-08-07T12:25:35.975Z</time>
      </trkpt>
      <trkpt lat="42.198838" lon="-71.278074">
        <ele>63.996883</ele>
        <time>2026-08-07T12:25:40.461Z</time>
      </trkpt>
      <trkpt lat="42.198724" lon="-71.278567">
        <ele>63.956963</ele>
        <time>2026-08-07T12:25:48.451Z</time>
      </trkpt>
      <trkpt lat="42.198648" lon="-71.278902">
        <ele>63.929882</ele>
        <time>2026-08-07T12:25:53.863Z</time>
      </trkpt>
      <trkpt lat="42.198570" lon="-71.279240">
        <ele>63.902517</ele>
        <time>2026-08-07T12:25:59.731Z</time>
      </trkpt>
      <trkpt lat="42.198386" lon="-71.279968">
        <ele>63.863247</ele>
        <time>2026-08-07T12:26:12.823Z</time>
      </trkpt>
      <trkpt lat="42.198170" lon="-71.280700">
        <ele>64.287342</ele>
        <time>2026-08-07T12:26:26.616Z</time>
      </trkpt>
      <trkpt lat="42.198009" lon="-71.281053">
        <ele>64.510462</ele>
        <time>2026-08-07T12:26:34.248Z</time>
      </trkpt>
      <trkpt lat="42.197750" lon="-71.281506">
        <ele>64.818455</ele>
        <time>2026-08-07T12:26:45.250Z</time>
      </trkpt>
      <trkpt lat="42.197592" lon="-71.281754">
        <ele>64.994511</ele>
        <time>2026-08-07T12:26:51.673Z</time>
      </trkpt>
      <trkpt lat="42.197393" lon="-71.282074">
        <ele>65.282542</ele>
        <time>2026-08-07T12:26:59.849Z</time>
      </trkpt>
      <trkpt lat="42.197135" lon="-71.282490">
        <ele>65.849782</ele>
        <time>2026-08-07T12:27:10.879Z</time>
      </trkpt>
      <trkpt lat="42.196906" lon="-71.282940">
        <ele>66.420589</ele>
        <time>2026-08-07T12:27:22.200Z</time>
      </trkpt>
      <trkpt lat="42.196852" lon="-71.283059">
        <ele>66.566495</ele>
        <time>2026-08-07T12:27:25.100Z</time>
      </trkpt>
      <trkpt lat="42.196822" lon="-71.283126">
        <ele>66.648348</ele>
        <time>2026-08-07T12:27:26.760Z</time>
      </trkpt>
      <trkpt lat="42.196792" lon="-71.283204">
        <ele>66.740237</ele>
        <time>2026-08-07T12:27:28.598Z</time>
      </trkpt>
      <trkpt lat="42.196701" lon="-71.283453">
        <ele>67.030535</ele>
        <time>2026-08-07T12:27:34.480Z</time>
      </trkpt>
      <trkpt lat="42.196300" lon="-71.285250">
        <ele>68.651047</ele>
        <time>2026-08-07T12:28:14.060Z</time>
      </trkpt>
      <trkpt lat="42.196120" lon="-71.286030">
        <ele>69.281028</ele>
        <time>2026-08-07T12:28:29.328Z</time>
      </trkpt>
      <trkpt lat="42.195807" lon="-71.286989">
        <ele>69.703196</ele>
        <time>2026-08-07T12:28:47.122Z</time>
      </trkpt>
      <trkpt lat="42.195617" lon="-71.287493">
        <ele>69.819418</ele>
        <time>2026-08-07T12:28:56.947Z</time>
      </trkpt>
      <trkpt lat="42.195429" lon="-71.287994">
        <ele>69.934839</ele>
        <time>2026-08-07T12:29:06.928Z</time>
      </trkpt>
      <trkpt lat="42.195230" lon="-71.288490">
        <ele>70.050765</ele>
        <time>2026-08-07T12:29:16.788Z</time>
      </trkpt>
      <trkpt lat="42.194950" lon="-71.289070">
        <ele>69.421469</ele>
        <time>2026-08-07T12:29:28.208Z</time>
      </trkpt>
      <trkpt lat="42.194760" lon="-71.289370">
        <ele>69.025244</ele>
        <time>2026-08-07T12:29:34.254Z</time>
      </trkpt>
      <trkpt lat="42.194270" lon="-71.290040">
        <ele>68.080095</ele>
        <time>2026-08-07T12:29:46.691Z</time>
      </trkpt>
      <trkpt lat="42.194102" lon="-71.290248">
        <ele>67.771177</ele>
        <time>2026-08-07T12:29:50.486Z</time>
      </trkpt>
      <trkpt lat="42.193847" lon="-71.290574">
        <ele>67.019146</ele>
        <time>2026-08-07T12:29:56.231Z</time>
      </trkpt>
      <trkpt lat="42.193677" lon="-71.290808">
        <ele>66.414348</ele>
        <time>2026-08-07T12:30:00.183Z</time>
      </trkpt>
      <trkpt lat="42.193560" lon="-71.290961">
        <ele>66.008574</ele>
        <time>2026-08-07T12:30:02.831Z</time>
      </trkpt>
      <trkpt lat="42.193347" lon="-71.291253">
        <ele>65.252359</ele>
        <time>2026-08-07T12:30:07.809Z</time>
      </trkpt>
      <trkpt lat="42.193097" lon="-71.291575">
        <ele>64.391615</ele>
        <time>2026-08-07T12:30:13.495Z</time>
      </trkpt>
      <trkpt lat="42.191353" lon="-71.293853">
        <ele>60.824025</ele>
        <time>2026-08-07T12:30:58.998Z</time>
      </trkpt>
      <trkpt lat="42.190638" lon="-71.294777">
        <ele>60.175954</ele>
        <time>2026-08-07T12:31:19.408Z</time>
      </trkpt>
      <trkpt lat="42.190594" lon="-71.294837">
        <ele>60.135005</ele>
        <time>2026-08-07T12:31:20.699Z</time>
      </trkpt>
      <trkpt lat="42.190350" lon="-71.295170">
        <ele>59.907830</ele>
        <time>2026-08-07T12:31:27.831Z</time>
      </trkpt>
      <trkpt lat="42.190242" lon="-71.295389">
        <ele>59.780221</ele>
        <time>2026-08-07T12:31:31.806Z</time>
      </trkpt>
      <trkpt lat="42.190070" lon="-71.295790">
        <ele>59.499178</ele>
        <time>2026-08-07T12:31:38.651Z</time>
      </trkpt>
      <trkpt lat="42.189922" lon="-71.296322">
        <ele>59.134652</ele>
        <time>2026-08-07T12:31:46.881Z</time>
      </trkpt>
      <trkpt lat="42.189834" lon="-71.296734">
        <ele>58.859603</ele>
        <time>2026-08-07T12:31:53.046Z</time>
      </trkpt>
      <trkpt lat="42.189650" lon="-71.297340">
        <ele>58.439495</ele>
        <time>2026-08-07T12:32:02.373Z</time>
      </trkpt>
      <trkpt lat="42.189465" lon="-71.297832">
        <ele>58.116848</ele>
        <time>2026-08-07T12:32:10.263Z</time>
      </trkpt>
      <trkpt lat="42.189431" lon="-71.297923">
        <ele>58.074908</ele>
        <time>2026-08-07T12:32:11.748Z</time>
      </trkpt>
      <trkpt lat="42.189046" lon="-71.298928">
        <ele>57.609327</ele>
        <time>2026-08-07T12:32:28.588Z</time>
      </trkpt>
      <trkpt lat="42.188985" lon="-71.299092">
        <ele>57.533811</ele>
        <time>2026-08-07T12:32:31.403Z</time>
      </trkpt>
      <trkpt lat="42.188549" lon="-71.300226">
        <ele>57.100307</ele>
        <time>2026-08-07T12:32:51.550Z</time>
      </trkpt>
      <trkpt lat="42.188508" lon="-71.300339">
        <ele>57.077340</ele>
        <time>2026-08-07T12:32:53.618Z</time>
      </trkpt>
      <trkpt lat="42.187870" lon="-71.302120">
        <ele>56.717436</ele>
        <time>2026-08-07T12:33:24.883Z</time>
      </trkpt>
      <trkpt lat="42.187626" lon="-71.302816">
        <ele>56.588530</ele>
        <time>2026-08-07T12:33:37.013Z</time>
      </trkpt>
      <trkpt lat="42.187410" lon="-71.303430">
        <ele>56.474739</ele>
        <time>2026-08-07T12:33:47.642Z</time>
      </trkpt>
      <trkpt lat="42.187240" lon="-71.303889">
        <ele>56.388830</ele>
        <time>2026-08-07T12:33:55.712Z</time>
      </trkpt>
      <trkpt lat="42.187148" lon="-71.304137">
        <ele>56.342398</ele>
        <time>2026-08-07T12:34:00.210Z</time>
      </trkpt>
      <trkpt lat="42.187102" lon="-71.304271">
        <ele>56.320340</ele>
        <time>2026-08-07T12:34:02.636Z</time>
      </trkpt>
      <trkpt lat="42.186982" lon="-71.304624">
        <ele>56.281379</ele>
        <time>2026-08-07T12:34:09.027Z</time>
      </trkpt>
      <trkpt lat="42.186783" lon="-71.305120">
        <ele>56.224795</ele>
        <time>2026-08-07T12:34:18.232Z</time>
      </trkpt>
      <trkpt lat="42.186715" lon="-71.305284">
        <ele>56.205942</ele>
        <time>2026-08-07T12:34:21.232Z</time>
      </trkpt>
      <trkpt lat="42.186653" lon="-71.305400">
        <ele>56.191593</ele>
        <time>2026-08-07T12:34:23.515Z</time>
      </trkpt>
      <trkpt lat="42.186554" lon="-71.305635">
        <ele>56.164475</ele>
        <time>2026-08-07T12:34:27.806Z</time>
      </trkpt>
      <trkpt lat="42.186445" lon="-71.305902">
        <ele>56.133893</ele>
        <time>2026-08-07T12:34:32.700Z</time>
      </trkpt>
      <trkpt lat="42.186379" lon="-71.306072">
        <ele>56.114640</ele>
        <time>2026-08-07T12:34:35.809Z</time>
      </trkpt>
      <trkpt lat="42.186268" lon="-71.306344">
        <ele>56.083488</ele>
        <time>2026-08-07T12:34:40.851Z</time>
      </trkpt>
      <trkpt lat="42.186208" lon="-71.306511">
        <ele>56.033094</ele>
        <time>2026-08-07T12:34:43.860Z</time>
      </trkpt>
      <trkpt lat="42.186057" lon="-71.307031">
        <ele>55.865381</ele>
        <time>2026-08-07T12:34:52.890Z</time>
      </trkpt>
      <trkpt lat="42.185910" lon="-71.307548">
        <ele>55.699094</ele>
        <time>2026-08-07T12:35:01.514Z</time>
      </trkpt>
      <trkpt lat="42.185856" lon="-71.307771">
        <ele>55.628644</ele>
        <time>2026-08-07T12:35:05.105Z</time>
      </trkpt>
      <trkpt lat="42.185821" lon="-71.307894">
        <ele>55.589078</ele>
        <time>2026-08-07T12:35:07.153Z</time>
      </trkpt>
      <trkpt lat="42.185809" lon="-71.307941">
        <ele>55.574150</ele>
        <time>2026-08-07T12:35:07.909Z</time>
      </trkpt>
      <trkpt lat="42.185717" lon="-71.308305">
        <ele>55.458661</ele>
        <time>2026-08-07T12:35:13.780Z</time>
      </trkpt>
      <trkpt lat="42.185670" lon="-71.308490">
        <ele>55.399933</ele>
        <time>2026-08-07T12:35:16.695Z</time>
      </trkpt>
      <trkpt lat="42.185631" lon="-71.308635">
        <ele>55.353611</ele>
        <time>2026-08-07T12:35:18.966Z</time>
      </trkpt>
      <trkpt lat="42.185592" lon="-71.308790">
        <ele>55.227956</ele>
        <time>2026-08-07T12:35:21.350Z</time>
      </trkpt>
      <trkpt lat="42.185563" lon="-71.308905">
        <ele>55.132639</ele>
        <time>2026-08-07T12:35:23.109Z</time>
      </trkpt>
      <trkpt lat="42.185491" lon="-71.308823">
        <ele>55.032875</ele>
        <time>2026-08-07T12:35:24.963Z</time>
      </trkpt>
      <trkpt lat="42.185260" lon="-71.308560">
        <ele>54.712840</ele>
        <time>2026-08-07T12:35:30.812Z</time>
      </trkpt>
      <trkpt lat="42.185220" lon="-71.308518">
        <ele>54.659172</ele>
        <time>2026-08-07T12:35:31.783Z</time>
      </trkpt>
      <trkpt lat="42.184890" lon="-71.308170">
        <ele>54.215688</ele>
        <time>2026-08-07T12:35:39.520Z</time>
      </trkpt>
      <trkpt lat="42.184317" lon="-71.307627">
        <ele>53.474263</ele>
        <time>2026-08-07T12:35:52.549Z</time>
      </trkpt>
      <trkpt lat="42.184190" lon="-71.307501">
        <ele>53.323465</ele>
        <time>2026-08-07T12:35:55.623Z</time>
      </trkpt>
      <trkpt lat="42.184075" lon="-71.307387">
        <ele>53.189776</ele>
        <time>2026-08-07T12:35:58.492Z</time>
      </trkpt>
      <trkpt lat="42.183836" lon="-71.307150">
        <ele>52.911902</ele>
        <time>2026-08-07T12:36:04.813Z</time>
      </trkpt>
      <trkpt lat="42.183751" lon="-71.307065">
        <ele>52.812784</ele>
        <time>2026-08-07T12:36:07.093Z</time>
      </trkpt>
      <trkpt lat="42.182920" lon="-71.306240">
        <ele>51.846226</ele>
        <time>2026-08-07T12:36:26.873Z</time>
      </trkpt>
      <trkpt lat="42.182398" lon="-71.305726">
        <ele>51.391883</ele>
        <time>2026-08-07T12:36:39.003Z</time>
      </trkpt>
      <trkpt lat="42.182034" lon="-71.305357">
        <ele>51.088970</ele>
        <time>2026-08-07T12:36:47.725Z</time>
      </trkpt>
      <trkpt lat="42.181930" lon="-71.305250">
        <ele>51.001956</ele>
        <time>2026-08-07T12:36:50.213Z</time>
      </trkpt>
      <trkpt lat="42.181805" lon="-71.305128">
        <ele>50.899313</ele>
        <time>2026-08-07T12:36:53.270Z</time>
      </trkpt>
      <trkpt lat="42.181330" lon="-71.304656">
        <ele>50.571346</ele>
        <time>2026-08-07T12:37:06.838Z</time>
      </trkpt>
      <trkpt lat="42.180973" lon="-71.304295">
        <ele>50.602045</ele>
        <time>2026-08-07T12:37:18.407Z</time>
      </trkpt>
      <trkpt lat="42.180679" lon="-71.304032">
        <ele>50.626319</ele>
        <time>2026-08-07T12:37:27.493Z</time>
      </trkpt>
      <trkpt lat="42.180326" lon="-71.303680">
        <ele>50.656523</ele>
        <time>2026-08-07T12:37:37.545Z</time>
      </trkpt>
      <trkpt lat="42.179868" lon="-71.303234">
        <ele>50.491807</ele>
        <time>2026-08-07T12:37:48.905Z</time>
      </trkpt>
      <trkpt lat="42.179483" lon="-71.302858">
        <ele>49.470379</ele>
        <time>2026-08-07T12:37:57.632Z</time>
      </trkpt>
      <trkpt lat="42.179247" lon="-71.302633">
        <ele>48.849336</ele>
        <time>2026-08-07T12:38:02.691Z</time>
      </trkpt>
      <trkpt lat="42.178677" lon="-71.302079">
        <ele>47.339581</ele>
        <time>2026-08-07T12:38:14.363Z</time>
      </trkpt>
      <trkpt lat="42.178061" lon="-71.301462">
        <ele>45.550364</ele>
        <time>2026-08-07T12:38:27.055Z</time>
      </trkpt>
      <trkpt lat="42.177770" lon="-71.301172">
        <ele>44.676462</ele>
        <time>2026-08-07T12:38:33.232Z</time>
      </trkpt>
      <trkpt lat="42.177363" lon="-71.300745">
        <ele>43.431059</ele>
        <time>2026-08-07T12:38:42.201Z</time>
      </trkpt>
      <trkpt lat="42.176988" lon="-71.300403">
        <ele>42.384917</ele>
        <time>2026-08-07T12:38:50.142Z</time>
      </trkpt>
      <trkpt lat="42.176668" lon="-71.300179">
        <ele>41.806657</ele>
        <time>2026-08-07T12:38:56.376Z</time>
      </trkpt>
      <trkpt lat="42.176170" lon="-71.299927">
        <ele>40.953507</ele>
        <time>2026-08-07T12:39:05.511Z</time>
      </trkpt>
      <trkpt lat="42.175550" lon="-71.299622">
        <ele>39.894953</ele>
        <time>2026-08-07T12:39:17.556Z</time>
      </trkpt>
      <trkpt lat="42.174778" lon="-71.299234">
        <ele>39.903783</ele>
        <time>2026-08-07T12:39:36.259Z</time>
      </trkpt>
      <trkpt lat="42.174700" lon="-71.299196">
        <ele>39.944307</ele>
        <time>2026-08-07T12:39:38.368Z</time>
      </trkpt>
      <trkpt lat="42.174297" lon="-71.298994">
        <ele>40.154393</ele>
        <time>2026-08-07T12:39:49.432Z</time>
      </trkpt>
      <trkpt lat="42.173006" lon="-71.298341">
        <ele>41.975757</ele>
        <time>2026-08-07T12:40:24.827Z</time>
      </trkpt>
      <trkpt lat="42.172462" lon="-71.298132">
        <ele>43.143095</ele>
        <time>2026-08-07T12:40:41.755Z</time>
      </trkpt>
      <trkpt lat="42.172012" lon="-71.297994">
        <ele>44.095495</ele>
        <time>2026-08-07T12:40:58.676Z</time>
      </trkpt>
      <trkpt lat="42.171911" lon="-71.297952">
        <ele>44.374037</ele>
        <time>2026-08-07T12:41:02.834Z</time>
      </trkpt>
      <trkpt lat="42.171738" lon="-71.297864">
        <ele>44.933706</ele>
        <time>2026-08-07T12:41:10.167Z</time>
      </trkpt>
      <trkpt lat="42.171524" lon="-71.297717">
        <ele>45.660626</ele>
        <time>2026-08-07T12:41:19.477Z</time>
      </trkpt>
      <trkpt lat="42.171412" lon="-71.297624">
        <ele>46.058720</ele>
        <time>2026-08-07T12:41:24.496Z</time>
      </trkpt>
      <trkpt lat="42.171230" lon="-71.297480">
        <ele>46.697391</ele>
        <time>2026-08-07T12:41:32.331Z</time>
      </trkpt>
      <trkpt lat="42.170950" lon="-71.297190">
        <ele>47.765904</ele>
        <time>2026-08-07T12:41:45.048Z</time>
      </trkpt>
      <trkpt lat="42.170559" lon="-71.296723">
        <ele>49.346616</ele>
        <time>2026-08-07T12:42:01.762Z</time>
      </trkpt>
      <trkpt lat="42.170250" lon="-71.296370">
        <ele>49.850578</ele>
        <time>2026-08-07T12:42:12.427Z</time>
      </trkpt>
      <trkpt lat="42.169982" lon="-71.296130">
        <ele>50.079424</ele>
        <time>2026-08-07T12:42:19.926Z</time>
      </trkpt>
      <trkpt lat="42.169820" lon="-71.296000">
        <ele>50.213525</ele>
        <time>2026-08-07T12:42:24.152Z</time>
      </trkpt>
      <trkpt lat="42.169233" lon="-71.295638">
        <ele>50.672707</ele>
        <time>2026-08-07T12:42:38.081Z</time>
      </trkpt>
      <trkpt lat="42.169220" lon="-71.295630">
        <ele>50.682873</ele>
        <time>2026-08-07T12:42:38.414Z</time>
      </trkpt>
      <trkpt lat="42.168850" lon="-71.295400">
        <ele>51.155766</ele>
        <time>2026-08-07T12:42:48.943Z</time>
      </trkpt>
      <trkpt lat="42.168736" lon="-71.295329">
        <ele>51.499839</ele>
        <time>2026-08-07T12:42:52.635Z</time>
      </trkpt>
      <trkpt lat="42.168640" lon="-71.295270">
        <ele>51.788916</ele>
        <time>2026-08-07T12:42:55.910Z</time>
      </trkpt>
      <trkpt lat="42.168500" lon="-71.295150">
        <ele>52.243433</ele>
        <time>2026-08-07T12:43:01.297Z</time>
      </trkpt>
      <trkpt lat="42.168220" lon="-71.294850">
        <ele>53.223229</ele>
        <time>2026-08-07T12:43:13.648Z</time>
      </trkpt>
      <trkpt lat="42.167790" lon="-71.294270">
        <ele>54.889424</ele>
        <time>2026-08-07T12:43:35.110Z</time>
      </trkpt>
      <trkpt lat="42.167601" lon="-71.293928">
        <ele>55.755883</ele>
        <time>2026-08-07T12:43:46.945Z</time>
      </trkpt>
      <trkpt lat="42.167420" lon="-71.293600">
        <ele>56.695588</ele>
        <time>2026-08-07T12:43:58.234Z</time>
      </trkpt>
      <trkpt lat="42.167384" lon="-71.293533">
        <ele>56.888158</ele>
        <time>2026-08-07T12:44:00.433Z</time>
      </trkpt>
      <trkpt lat="42.166910" lon="-71.292640">
        <ele>59.444119</ele>
        <time>2026-08-07T12:44:27.802Z</time>
      </trkpt>
      <trkpt lat="42.166447" lon="-71.291531">
        <ele>62.483993</ele>
        <time>2026-08-07T12:45:00.651Z</time>
      </trkpt>
      <trkpt lat="42.166310" lon="-71.291150">
        <ele>63.552755</ele>
        <time>2026-08-07T12:45:11.752Z</time>
      </trkpt>
      <trkpt lat="42.165905" lon="-71.289980">
        <ele>66.811800</ele>
        <time>2026-08-07T12:45:46.804Z</time>
      </trkpt>
      <trkpt lat="42.165842" lon="-71.289796">
        <ele>67.323342</ele>
        <time>2026-08-07T12:45:52.311Z</time>
      </trkpt>
      <trkpt lat="42.165800" lon="-71.289670">
        <ele>67.626050</ele>
        <time>2026-08-07T12:45:56.005Z</time>
      </trkpt>
      <trkpt lat="42.165673" lon="-71.289171">
        <ele>67.987879</ele>
        <time>2026-08-07T12:46:09.888Z</time>
      </trkpt>
      <trkpt lat="42.165480" lon="-71.288380">
        <ele>68.558989</ele>
        <time>2026-08-07T12:46:29.658Z</time>
      </trkpt>
      <trkpt lat="42.165397" lon="-71.288061">
        <ele>68.790850</ele>
        <time>2026-08-07T12:46:35.999Z</time>
      </trkpt>
      <trkpt lat="42.165301" lon="-71.287687">
        <ele>69.062288</ele>
        <time>2026-08-07T12:46:41.751Z</time>
      </trkpt>
      <trkpt lat="42.165153" lon="-71.287111">
        <ele>68.292550</ele>
        <time>2026-08-07T12:46:49.256Z</time>
      </trkpt>
      <trkpt lat="42.164930" lon="-71.286200">
        <ele>65.179926</ele>
        <time>2026-08-07T12:47:00.019Z</time>
      </trkpt>
      <trkpt lat="42.164750" lon="-71.285510">
        <ele>62.806708</ele>
        <time>2026-08-07T12:47:08.055Z</time>
      </trkpt>
      <trkpt lat="42.164565" lon="-71.284960">
        <ele>61.084421</ele>
        <time>2026-08-07T12:47:14.811Z</time>
      </trkpt>
      <trkpt lat="42.164487" lon="-71.284735">
        <ele>60.624232</ele>
        <time>2026-08-07T12:47:17.716Z</time>
      </trkpt>
      <trkpt lat="42.164366" lon="-71.284383">
        <ele>59.905375</ele>
        <time>2026-08-07T12:47:22.422Z</time>
      </trkpt>
      <trkpt lat="42.164220" lon="-71.283960">
        <ele>59.040893</ele>
        <time>2026-08-07T12:47:28.489Z</time>
      </trkpt>
      <trkpt lat="42.163947" lon="-71.283059">
        <ele>57.237544</ele>
        <time>2026-08-07T12:47:41.440Z</time>
      </trkpt>
      <trkpt lat="42.163793" lon="-71.282619">
        <ele>56.936451</ele>
        <time>2026-08-07T12:47:48.279Z</time>
      </trkpt>
      <trkpt lat="42.163361" lon="-71.281712">
        <ele>57.048404</ele>
        <time>2026-08-07T12:48:05.849Z</time>
      </trkpt>
      <trkpt lat="42.162970" lon="-71.281050">
        <ele>57.136302</ele>
        <time>2026-08-07T12:48:21.420Z</time>
      </trkpt>
      <trkpt lat="42.162625" lon="-71.280550">
        <ele>57.567605</ele>
        <time>2026-08-07T12:48:35.724Z</time>
      </trkpt>
      <trkpt lat="42.162257" lon="-71.280111">
        <ele>58.125826</ele>
        <time>2026-08-07T12:48:50.099Z</time>
      </trkpt>
      <trkpt lat="42.162154" lon="-71.279956">
        <ele>58.301170</ele>
        <time>2026-08-07T12:48:54.470Z</time>
      </trkpt>
      <trkpt lat="42.161690" lon="-71.279160">
        <ele>59.154150</ele>
        <time>2026-08-07T12:49:14.359Z</time>
      </trkpt>
      <trkpt lat="42.161420" lon="-71.278650">
        <ele>58.772958</ele>
        <time>2026-08-07T12:49:25.221Z</time>
      </trkpt>
      <trkpt lat="42.161075" lon="-71.278104">
        <ele>58.236483</ele>
        <time>2026-08-07T12:49:35.741Z</time>
      </trkpt>
      <trkpt lat="42.160912" lon="-71.277875">
        <ele>57.999084</ele>
        <time>2026-08-07T12:49:39.989Z</time>
      </trkpt>
      <trkpt lat="42.160679" lon="-71.277577">
        <ele>57.675205</ele>
        <time>2026-08-07T12:49:45.599Z</time>
      </trkpt>
      <trkpt lat="42.160405" lon="-71.277235">
        <ele>57.266883</ele>
        <time>2026-08-07T12:49:52.043Z</time>
      </trkpt>
      <trkpt lat="42.159972" lon="-71.276741">
        <ele>56.486999</ele>
        <time>2026-08-07T12:50:01.760Z</time>
      </trkpt>
      <trkpt lat="42.159160" lon="-71.275790">
        <ele>55.008162</ele>
        <time>2026-08-07T12:50:21.916Z</time>
      </trkpt>
      <trkpt lat="42.158744" lon="-71.275292">
        <ele>55.137600</ele>
        <time>2026-08-07T12:50:35.355Z</time>
      </trkpt>
      <trkpt lat="42.158685" lon="-71.275222">
        <ele>55.173952</ele>
        <time>2026-08-07T12:50:37.418Z</time>
      </trkpt>
      <trkpt lat="42.158516" lon="-71.275019">
        <ele>55.278643</ele>
        <time>2026-08-07T12:50:43.413Z</time>
      </trkpt>
      <trkpt lat="42.157717" lon="-71.274076">
        <ele>55.708168</ele>
        <time>2026-08-07T12:51:10.729Z</time>
      </trkpt>
      <trkpt lat="42.157163" lon="-71.273602">
        <ele>55.269041</ele>
        <time>2026-08-07T12:51:24.802Z</time>
      </trkpt>
      <trkpt lat="42.156600" lon="-71.273174">
        <ele>54.836465</ele>
        <time>2026-08-07T12:51:37.015Z</time>
      </trkpt>
      <trkpt lat="42.156483" lon="-71.273085">
        <ele>54.746556</ele>
        <time>2026-08-07T12:51:39.496Z</time>
      </trkpt>
      <trkpt lat="42.156394" lon="-71.273020">
        <ele>54.678812</ele>
        <time>2026-08-07T12:51:41.366Z</time>
      </trkpt>
      <trkpt lat="42.156184" lon="-71.272869">
        <ele>54.507661</ele>
        <time>2026-08-07T12:51:45.774Z</time>
      </trkpt>
      <trkpt lat="42.153883" lon="-71.271116">
        <ele>51.215673</ele>
        <time>2026-08-07T12:52:36.763Z</time>
      </trkpt>
      <trkpt lat="42.153630" lon="-71.270889">
        <ele>50.713986</ele>
        <time>2026-08-07T12:52:42.177Z</time>
      </trkpt>
      <trkpt lat="42.153280" lon="-71.270500">
        <ele>49.965221</ele>
        <time>2026-08-07T12:52:49.999Z</time>
      </trkpt>
      <trkpt lat="42.152906" lon="-71.269937">
        <ele>48.922816</ele>
        <time>2026-08-07T12:52:59.371Z</time>
      </trkpt>
      <trkpt lat="42.152411" lon="-71.269103">
        <ele>47.380160</ele>
        <time>2026-08-07T12:53:12.800Z</time>
      </trkpt>
      <trkpt lat="42.152108" lon="-71.268599">
        <ele>46.443183</ele>
        <time>2026-08-07T12:53:21.728Z</time>
      </trkpt>
      <trkpt lat="42.151370" lon="-71.267360">
        <ele>46.298499</ele>
        <time>2026-08-07T12:53:46.669Z</time>
      </trkpt>
      <trkpt lat="42.151240" lon="-71.267130">
        <ele>46.321047</ele>
        <time>2026-08-07T12:53:51.786Z</time>
      </trkpt>
      <trkpt lat="42.151005" lon="-71.266630">
        <ele>46.367201</ele>
        <time>2026-08-07T12:54:03.178Z</time>
      </trkpt>
      <trkpt lat="42.150893" lon="-71.266299">
        <ele>46.603566</ele>
        <time>2026-08-07T12:54:10.572Z</time>
      </trkpt>
      <trkpt lat="42.150811" lon="-71.265969">
        <ele>46.942935</ele>
        <time>2026-08-07T12:54:17.545Z</time>
      </trkpt>
      <trkpt lat="42.150736" lon="-71.265648">
        <ele>47.271111</ele>
        <time>2026-08-07T12:54:24.277Z</time>
      </trkpt>
      <trkpt lat="42.150643" lon="-71.265173">
        <ele>47.750155</ele>
        <time>2026-08-07T12:54:34.491Z</time>
      </trkpt>
      <trkpt lat="42.150410" lon="-71.263920">
        <ele>48.736966</ele>
        <time>2026-08-07T12:55:02.323Z</time>
      </trkpt>
      <trkpt lat="42.150338" lon="-71.263404">
        <ele>48.725173</ele>
        <time>2026-08-07T12:55:11.960Z</time>
      </trkpt>
      <trkpt lat="42.150070" lon="-71.261180">
        <ele>47.927169</ele>
        <time>2026-08-07T12:55:45.703Z</time>
      </trkpt>
      <trkpt lat="42.149920" lon="-71.260380">
        <ele>46.922918</ele>
        <time>2026-08-07T12:55:56.319Z</time>
      </trkpt>
      <trkpt lat="42.149778" lon="-71.259858">
        <ele>46.246231</ele>
        <time>2026-08-07T12:56:03.535Z</time>
      </trkpt>
      <trkpt lat="42.149682" lon="-71.259578">
        <ele>45.870797</ele>
        <time>2026-08-07T12:56:07.558Z</time>
      </trkpt>
      <trkpt lat="42.149547" lon="-71.259250">
        <ele>45.485168</ele>
        <time>2026-08-07T12:56:12.541Z</time>
      </trkpt>
      <trkpt lat="42.149277" lon="-71.258698">
        <ele>44.857701</ele>
        <time>2026-08-07T12:56:21.424Z</time>
      </trkpt>
      <trkpt lat="42.148975" lon="-71.258253">
        <ele>44.285289</ele>
        <time>2026-08-07T12:56:30.013Z</time>
      </trkpt>
      <trkpt lat="42.148613" lon="-71.257806">
        <ele>43.657185</ele>
        <time>2026-08-07T12:56:39.384Z</time>
      </trkpt>
      <trkpt lat="42.148522" lon="-71.257690">
        <ele>43.496943</ele>
        <time>2026-08-07T12:56:41.789Z</time>
      </trkpt>
      <trkpt lat="42.147841" lon="-71.257119">
        <ele>43.203775</ele>
        <time>2026-08-07T12:56:57.710Z</time>
      </trkpt>
      <trkpt lat="42.146986" lon="-71.256548">
        <ele>42.911694</ele>
        <time>2026-08-07T12:57:18.649Z</time>
      </trkpt>
      <trkpt lat="42.146929" lon="-71.256500">
        <ele>42.891122</ele>
        <time>2026-08-07T12:57:20.188Z</time>
      </trkpt>
      <trkpt lat="42.146413" lon="-71.255992">
        <ele>43.694699</ele>
        <time>2026-08-07T12:57:35.922Z</time>
      </trkpt>
      <trkpt lat="42.146250" lon="-71.255790">
        <ele>43.986939</ele>
        <time>2026-08-07T12:57:41.926Z</time>
      </trkpt>
      <trkpt lat="42.146181" lon="-71.255695">
        <ele>44.117114</ele>
        <time>2026-08-07T12:57:44.752Z</time>
      </trkpt>
      <trkpt lat="42.146153" lon="-71.255655">
        <ele>44.170961</ele>
        <time>2026-08-07T12:57:45.932Z</time>
      </trkpt>
      <trkpt lat="42.146138" lon="-71.255633">
        <ele>44.200216</ele>
        <time>2026-08-07T12:57:46.583Z</time>
      </trkpt>
      <trkpt lat="42.146084" lon="-71.255547">
        <ele>44.310529</ele>
        <time>2026-08-07T12:57:49.036Z</time>
      </trkpt>
      <trkpt lat="42.145609" lon="-71.254785">
        <ele>45.265557</ele>
        <time>2026-08-07T12:58:11.385Z</time>
      </trkpt>
      <trkpt lat="42.145544" lon="-71.254681">
        <ele>45.302087</ele>
        <time>2026-08-07T12:58:14.583Z</time>
      </trkpt>
      <trkpt lat="42.145406" lon="-71.254461">
        <ele>45.379479</ele>
        <time>2026-08-07T12:58:21.326Z</time>
      </trkpt>
      <trkpt lat="42.145337" lon="-71.254352">
        <ele>45.417971</ele>
        <time>2026-08-07T12:58:24.569Z</time>
      </trkpt>
      <trkpt lat="42.145283" lon="-71.254277">
        <ele>45.446048</ele>
        <time>2026-08-07T12:58:26.891Z</time>
      </trkpt>
      <trkpt lat="42.145314" lon="-71.254211">
        <ele>45.467031</ele>
        <time>2026-08-07T12:58:28.564Z</time>
      </trkpt>
      <trkpt lat="42.145453" lon="-71.253903">
        <ele>45.563867</ele>
        <time>2026-08-07T12:58:35.794Z</time>
      </trkpt>
      <trkpt lat="42.145636" lon="-71.253471">
        <ele>45.697488</ele>
        <time>2026-08-07T12:58:44.117Z</time>
      </trkpt>
      <trkpt lat="42.145679" lon="-71.253188">
        <ele>45.775071</ele>
        <time>2026-08-07T12:58:48.244Z</time>
      </trkpt>
      <trkpt lat="42.145801" lon="-71.253091">
        <ele>45.826369</ele>
        <time>2026-08-07T12:58:50.843Z</time>
      </trkpt>
      <trkpt lat="42.145980" lon="-71.252949">
        <ele>45.901590</ele>
        <time>2026-08-07T12:58:54.571Z</time>
      </trkpt>
      <trkpt lat="42.146271" lon="-71.252717">
        <ele>45.692510</ele>
        <time>2026-08-07T12:59:00.662Z</time>
      </trkpt>
      <trkpt lat="42.146376" lon="-71.252631">
        <ele>45.607974</ele>
        <time>2026-08-07T12:59:02.869Z</time>
      </trkpt>
      <trkpt lat="42.146499" lon="-71.252535">
        <ele>45.510180</ele>
        <time>2026-08-07T12:59:05.413Z</time>
      </trkpt>
      <trkpt lat="42.146949" lon="-71.252175">
        <ele>45.150135</ele>
        <time>2026-08-07T12:59:15.013Z</time>
      </trkpt>
      <trkpt lat="42.147030" lon="-71.252111">
        <ele>45.085534</ele>
        <time>2026-08-07T12:59:16.819Z</time>
      </trkpt>
      <trkpt lat="42.147729" lon="-71.251615">
        <ele>44.998106</ele>
        <time>2026-08-07T12:59:35.883Z</time>
      </trkpt>
      <trkpt lat="42.147842" lon="-71.251534">
        <ele>45.219102</ele>
        <time>2026-08-07T12:59:39.701Z</time>
      </trkpt>
      <trkpt lat="42.147935" lon="-71.251469">
        <ele>45.399993</ele>
        <time>2026-08-07T12:59:42.883Z</time>
      </trkpt>
      <trkpt lat="42.148027" lon="-71.251403">
        <ele>45.579951</ele>
        <time>2026-08-07T12:59:46.133Z</time>
      </trkpt>
      <trkpt lat="42.148203" lon="-71.251278">
        <ele>45.923462</ele>
        <time>2026-08-07T12:59:52.361Z</time>
      </trkpt>
      <trkpt lat="42.148283" lon="-71.251221">
        <ele>46.079712</ele>
        <time>2026-08-07T12:59:55.267Z</time>
      </trkpt>
      <trkpt lat="42.148574" lon="-71.251019">
        <ele>46.644911</ele>
        <time>2026-08-07T13:00:05.683Z</time>
      </trkpt>
      <trkpt lat="42.148800" lon="-71.250860">
        <ele>47.085111</ele>
        <time>2026-08-07T13:00:13.653Z</time>
      </trkpt>
      <trkpt lat="42.148909" lon="-71.250784">
        <ele>47.297016</ele>
        <time>2026-08-07T13:00:17.487Z</time>
      </trkpt>
      <trkpt lat="42.149329" lon="-71.250492">
        <ele>47.787659</ele>
        <time>2026-08-07T13:00:31.425Z</time>
      </trkpt>
      <trkpt lat="42.149640" lon="-71.250278">
        <ele>47.804736</ele>
        <time>2026-08-07T13:00:40.166Z</time>
      </trkpt>
      <trkpt lat="42.149708" lon="-71.250232">
        <ele>47.808457</ele>
        <time>2026-08-07T13:00:41.895Z</time>
      </trkpt>
      <trkpt lat="42.149999" lon="-71.250039">
        <ele>47.824319</ele>
        <time>2026-08-07T13:00:48.925Z</time>
      </trkpt>
      <trkpt lat="42.150237" lon="-71.249896">
        <ele>47.837063</ele>
        <time>2026-08-07T13:00:54.278Z</time>
      </trkpt>
      <trkpt lat="42.150541" lon="-71.249719">
        <ele>47.853259</ele>
        <time>2026-08-07T13:01:00.902Z</time>
      </trkpt>
      <trkpt lat="42.150754" lon="-71.249593">
        <ele>47.864636</ele>
        <time>2026-08-07T13:01:05.593Z</time>
      </trkpt>
      <trkpt lat="42.151702" lon="-71.249019">
        <ele>45.828114</ele>
        <time>2026-08-07T13:01:24.883Z</time>
      </trkpt>
      <trkpt lat="42.151851" lon="-71.248893">
        <ele>45.472588</ele>
        <time>2026-08-07T13:01:27.837Z</time>
      </trkpt>
      <trkpt lat="42.152097" lon="-71.248626">
        <ele>44.834255</ele>
        <time>2026-08-07T13:01:33.103Z</time>
      </trkpt>
      <trkpt lat="42.152136" lon="-71.248576">
        <ele>44.725479</ele>
        <time>2026-08-07T13:01:33.984Z</time>
      </trkpt>
      <trkpt lat="42.152197" lon="-71.248490">
        <ele>44.547093</ele>
        <time>2026-08-07T13:01:35.430Z</time>
      </trkpt>
      <trkpt lat="42.152483" lon="-71.248079">
        <ele>43.573081</ele>
        <time>2026-08-07T13:01:42.191Z</time>
      </trkpt>
      <trkpt lat="42.152588" lon="-71.247950">
        <ele>43.215671</ele>
        <time>2026-08-07T13:01:44.472Z</time>
      </trkpt>
      <trkpt lat="42.152978" lon="-71.247555">
        <ele>41.988359</ele>
        <time>2026-08-07T13:01:52.324Z</time>
      </trkpt>
      <trkpt lat="42.153114" lon="-71.247427">
        <ele>41.571036</ele>
        <time>2026-08-07T13:01:55.062Z</time>
      </trkpt>
      <trkpt lat="42.153241" lon="-71.247306">
        <ele>41.179753</ele>
        <time>2026-08-07T13:01:57.697Z</time>
      </trkpt>
      <trkpt lat="42.153323" lon="-71.247229">
        <ele>40.928320</ele>
        <time>2026-08-07T13:01:59.445Z</time>
      </trkpt>
      <trkpt lat="42.153577" lon="-71.246984">
        <ele>40.142513</ele>
        <time>2026-08-07T13:02:05.153Z</time>
      </trkpt>
      <trkpt lat="42.153748" lon="-71.246820">
        <ele>39.718021</ele>
        <time>2026-08-07T13:02:09.091Z</time>
      </trkpt>
      <trkpt lat="42.153852" lon="-71.246720">
        <ele>39.769950</ele>
        <time>2026-08-07T13:02:11.579Z</time>
      </trkpt>
      <trkpt lat="42.153981" lon="-71.246596">
        <ele>39.834355</ele>
        <time>2026-08-07T13:02:14.719Z</time>
      </trkpt>
      <trkpt lat="42.154108" lon="-71.246475">
        <ele>39.897574</ele>
        <time>2026-08-07T13:02:17.896Z</time>
      </trkpt>
      <trkpt lat="42.154310" lon="-71.246280">
        <ele>39.998570</ele>
        <time>2026-08-07T13:02:23.271Z</time>
      </trkpt>
      <trkpt lat="42.154576" lon="-71.246028">
        <ele>40.130732</ele>
        <time>2026-08-07T13:02:31.113Z</time>
      </trkpt>
      <trkpt lat="42.155042" lon="-71.245588">
        <ele>40.362008</ele>
        <time>2026-08-07T13:02:46.296Z</time>
      </trkpt>
      <trkpt lat="42.155107" lon="-71.245526">
        <ele>40.394376</ele>
        <time>2026-08-07T13:02:48.597Z</time>
      </trkpt>
      <trkpt lat="42.155191" lon="-71.245447">
        <ele>40.439878</ele>
        <time>2026-08-07T13:02:51.670Z</time>
      </trkpt>
      <trkpt lat="42.156096" lon="-71.244578">
        <ele>42.512090</ele>
        <time>2026-08-07T13:03:27.132Z</time>
      </trkpt>
      <trkpt lat="42.156501" lon="-71.244190">
        <ele>43.438718</ele>
        <time>2026-08-07T13:03:41.970Z</time>
      </trkpt>
      <trkpt lat="42.156519" lon="-71.244173">
        <ele>43.479707</ele>
        <time>2026-08-07T13:03:42.581Z</time>
      </trkpt>
      <trkpt lat="42.156733" lon="-71.243968">
        <ele>43.799876</ele>
        <time>2026-08-07T13:03:49.690Z</time>
      </trkpt>
      <trkpt lat="42.156998" lon="-71.243737">
        <ele>43.831938</ele>
        <time>2026-08-07T13:03:57.441Z</time>
      </trkpt>
      <trkpt lat="42.157497" lon="-71.243371">
        <ele>43.889655</ele>
        <time>2026-08-07T13:04:09.300Z</time>
      </trkpt>
      <trkpt lat="42.157534" lon="-71.243345">
        <ele>43.893894</ele>
        <time>2026-08-07T13:04:10.064Z</time>
      </trkpt>
      <trkpt lat="42.157924" lon="-71.243037">
        <ele>43.939817</ele>
        <time>2026-08-07T13:04:18.952Z</time>
      </trkpt>
      <trkpt lat="42.157963" lon="-71.242999">
        <ele>43.944705</ele>
        <time>2026-08-07T13:04:19.944Z</time>
      </trkpt>
      <trkpt lat="42.157985" lon="-71.242977">
        <ele>43.947488</ele>
        <time>2026-08-07T13:04:20.536Z</time>
      </trkpt>
      <trkpt lat="42.158058" lon="-71.242894">
        <ele>43.957190</ele>
        <time>2026-08-07T13:04:22.657Z</time>
      </trkpt>
      <trkpt lat="42.158122" lon="-71.242820">
        <ele>43.965755</ele>
        <time>2026-08-07T13:04:24.582Z</time>
      </trkpt>
      <trkpt lat="42.158310" lon="-71.242571">
        <ele>44.407909</ele>
        <time>2026-08-07T13:04:30.829Z</time>
      </trkpt>
      <trkpt lat="42.158354" lon="-71.242510">
        <ele>44.549908</ele>
        <time>2026-08-07T13:04:32.444Z</time>
      </trkpt>
      <trkpt lat="42.158422" lon="-71.242414">
        <ele>44.771434</ele>
        <time>2026-08-07T13:04:34.909Z</time>
      </trkpt>
      <trkpt lat="42.158680" lon="-71.242051">
        <ele>45.610440</ele>
        <time>2026-08-07T13:04:45.294Z</time>
      </trkpt>
      <trkpt lat="42.158792" lon="-71.241897">
        <ele>45.970371</ele>
        <time>2026-08-07T13:04:50.116Z</time>
      </trkpt>
      <trkpt lat="42.159223" lon="-71.241339">
        <ele>47.314830</ele>
        <time>2026-08-07T13:05:10.690Z</time>
      </trkpt>
      <trkpt lat="42.160157" lon="-71.240405">
        <ele>51.254507</ele>
        <time>2026-08-07T13:05:56.412Z</time>
      </trkpt>
      <trkpt lat="42.160614" lon="-71.239933">
        <ele>53.446898</ele>
        <time>2026-08-07T13:06:19.082Z</time>
      </trkpt>
      <trkpt lat="42.160830" lon="-71.239703">
        <ele>54.495101</ele>
        <time>2026-08-07T13:06:29.283Z</time>
      </trkpt>
      <trkpt lat="42.160879" lon="-71.239647">
        <ele>54.739724</ele>
        <time>2026-08-07T13:06:31.528Z</time>
      </trkpt>
      <trkpt lat="42.161258" lon="-71.239219">
        <ele>55.010025</ele>
        <time>2026-08-07T13:06:46.868Z</time>
      </trkpt>
      <trkpt lat="42.161486" lon="-71.238905">
        <ele>55.107705</ele>
        <time>2026-08-07T13:06:55.171Z</time>
      </trkpt>
      <trkpt lat="42.161548" lon="-71.238808">
        <ele>55.136168</ele>
        <time>2026-08-07T13:06:57.349Z</time>
      </trkpt>
      <trkpt lat="42.161627" lon="-71.238665">
        <ele>55.175801</ele>
        <time>2026-08-07T13:07:00.192Z</time>
      </trkpt>
      <trkpt lat="42.161800" lon="-71.238330">
        <ele>55.266532</ele>
        <time>2026-08-07T13:07:06.081Z</time>
      </trkpt>
      <trkpt lat="42.161925" lon="-71.238076">
        <ele>55.334284</ele>
        <time>2026-08-07T13:07:10.235Z</time>
      </trkpt>
      <trkpt lat="42.161999" lon="-71.237920">
        <ele>55.375442</ele>
        <time>2026-08-07T13:07:12.671Z</time>
      </trkpt>
      <trkpt lat="42.162209" lon="-71.237514">
        <ele>55.111218</ele>
        <time>2026-08-07T13:07:19.155Z</time>
      </trkpt>
      <trkpt lat="42.162308" lon="-71.237313">
        <ele>54.893456</ele>
        <time>2026-08-07T13:07:22.354Z</time>
      </trkpt>
      <trkpt lat="42.162678" lon="-71.236581">
        <ele>54.093982</ele>
        <time>2026-08-07T13:07:34.881Z</time>
      </trkpt>
      <trkpt lat="42.162806" lon="-71.236377">
        <ele>53.852809</ele>
        <time>2026-08-07T13:07:38.720Z</time>
      </trkpt>
      <trkpt lat="42.162906" lon="-71.236230">
        <ele>53.672771</ele>
        <time>2026-08-07T13:07:41.587Z</time>
      </trkpt>
      <trkpt lat="42.163046" lon="-71.236045">
        <ele>53.434208</ele>
        <time>2026-08-07T13:07:45.459Z</time>
      </trkpt>
      <trkpt lat="42.163130" lon="-71.235938">
        <ele>53.293573</ele>
        <time>2026-08-07T13:07:47.755Z</time>
      </trkpt>
      <trkpt lat="42.163895" lon="-71.234893">
        <ele>51.910323</ele>
        <time>2026-08-07T13:08:08.589Z</time>
      </trkpt>
      <trkpt lat="42.164611" lon="-71.234012">
        <ele>50.748228</ele>
        <time>2026-08-07T13:08:26.216Z</time>
      </trkpt>
      <trkpt lat="42.164703" lon="-71.233885">
        <ele>50.627997</ele>
        <time>2026-08-07T13:08:28.568Z</time>
      </trkpt>
      <trkpt lat="42.164746" lon="-71.233825">
        <ele>50.571490</ele>
        <time>2026-08-07T13:08:29.679Z</time>
      </trkpt>
      <trkpt lat="42.164803" lon="-71.233743">
        <ele>50.495377</ele>
        <time>2026-08-07T13:08:31.182Z</time>
      </trkpt>
      <trkpt lat="42.164994" lon="-71.233445">
        <ele>50.228645</ele>
        <time>2026-08-07T13:08:36.518Z</time>
      </trkpt>
      <trkpt lat="42.165074" lon="-71.233314">
        <ele>50.113725</ele>
        <time>2026-08-07T13:08:38.858Z</time>
      </trkpt>
      <trkpt lat="42.165154" lon="-71.233174">
        <ele>49.994040</ele>
        <time>2026-08-07T13:08:41.309Z</time>
      </trkpt>
      <trkpt lat="42.165252" lon="-71.232991">
        <ele>49.841186</ele>
        <time>2026-08-07T13:08:44.540Z</time>
      </trkpt>
      <trkpt lat="42.165281" lon="-71.232937">
        <ele>49.796038</ele>
        <time>2026-08-07T13:08:45.510Z</time>
      </trkpt>
      <trkpt lat="42.165357" lon="-71.232792">
        <ele>49.675800</ele>
        <time>2026-08-07T13:08:48.163Z</time>
      </trkpt>
      <trkpt lat="42.165685" lon="-71.232142">
        <ele>49.469714</ele>
        <time>2026-08-07T13:09:01.143Z</time>
      </trkpt>
      <trkpt lat="42.165797" lon="-71.231920">
        <ele>49.697635</ele>
        <time>2026-08-07T13:09:06.093Z</time>
      </trkpt>
      <trkpt lat="42.165903" lon="-71.231708">
        <ele>49.914677</ele>
        <time>2026-08-07T13:09:11.203Z</time>
      </trkpt>
      <trkpt lat="42.165999" lon="-71.231525">
        <ele>50.104958</ele>
        <time>2026-08-07T13:09:15.863Z</time>
      </trkpt>
      <trkpt lat="42.166126" lon="-71.231292">
        <ele>50.350425</ele>
        <time>2026-08-07T13:09:22.045Z</time>
      </trkpt>
      <trkpt lat="42.166297" lon="-71.231032">
        <ele>50.645440</ele>
        <time>2026-08-07T13:09:29.577Z</time>
      </trkpt>
      <trkpt lat="42.167016" lon="-71.230098">
        <ele>51.642674</ele>
        <time>2026-08-07T13:09:57.795Z</time>
      </trkpt>
      <trkpt lat="42.167828" lon="-71.229078">
        <ele>52.493068</ele>
        <time>2026-08-07T13:10:25.348Z</time>
      </trkpt>
      <trkpt lat="42.168174" lon="-71.228736">
        <ele>52.689725</ele>
        <time>2026-08-07T13:10:35.532Z</time>
      </trkpt>
      <trkpt lat="42.168472" lon="-71.228501">
        <ele>52.587987</ele>
        <time>2026-08-07T13:10:43.488Z</time>
      </trkpt>
      <trkpt lat="42.168797" lon="-71.228268">
        <ele>52.479511</ele>
        <time>2026-08-07T13:10:51.724Z</time>
      </trkpt>
      <trkpt lat="42.169125" lon="-71.228031">
        <ele>52.369843</ele>
        <time>2026-08-07T13:10:59.772Z</time>
      </trkpt>
      <trkpt lat="42.170306" lon="-71.227182">
        <ele>50.419941</ele>
        <time>2026-08-07T13:11:25.237Z</time>
      </trkpt>
      <trkpt lat="42.171806" lon="-71.226103">
        <ele>45.479026</ele>
        <time>2026-08-07T13:11:52.840Z</time>
      </trkpt>
      <trkpt lat="42.172009" lon="-71.225958">
        <ele>44.612799</ele>
        <time>2026-08-07T13:11:56.494Z</time>
      </trkpt>
      <trkpt lat="42.172801" lon="-71.225390">
        <ele>41.230248</ele>
        <time>2026-08-07T13:12:10.469Z</time>
      </trkpt>
      <trkpt lat="42.173238" lon="-71.225077">
        <ele>39.677602</ele>
        <time>2026-08-07T13:12:18.218Z</time>
      </trkpt>
      <trkpt lat="42.173670" lon="-71.224767">
        <ele>38.156179</ele>
        <time>2026-08-07T13:12:25.991Z</time>
      </trkpt>
      <trkpt lat="42.173731" lon="-71.224723">
        <ele>37.941103</ele>
        <time>2026-08-07T13:12:27.103Z</time>
      </trkpt>
      <trkpt lat="42.174430" lon="-71.224222">
        <ele>35.533771</ele>
        <time>2026-08-07T13:12:40.538Z</time>
      </trkpt>
      <trkpt lat="42.175619" lon="-71.223383">
        <ele>34.301720</ele>
        <time>2026-08-07T13:13:06.259Z</time>
      </trkpt>
      <trkpt lat="42.176150" lon="-71.223090">
        <ele>33.950333</ele>
        <time>2026-08-07T13:13:18.942Z</time>
      </trkpt>
      <trkpt lat="42.176631" lon="-71.222893">
        <ele>34.112520</ele>
        <time>2026-08-07T13:13:31.286Z</time>
      </trkpt>
      <trkpt lat="42.176725" lon="-71.222854">
        <ele>34.144250</ele>
        <time>2026-08-07T13:13:33.843Z</time>
      </trkpt>
      <trkpt lat="42.177819" lon="-71.222416">
        <ele>34.404651</ele>
        <time>2026-08-07T13:14:01.477Z</time>
      </trkpt>
      <trkpt lat="42.177871" lon="-71.222394">
        <ele>34.352998</ele>
        <time>2026-08-07T13:14:02.651Z</time>
      </trkpt>
      <trkpt lat="42.178144" lon="-71.222285">
        <ele>34.083156</ele>
        <time>2026-08-07T13:14:08.725Z</time>
      </trkpt>
      <trkpt lat="42.178180" lon="-71.222271">
        <ele>34.047646</ele>
        <time>2026-08-07T13:14:09.494Z</time>
      </trkpt>
      <trkpt lat="42.178436" lon="-71.222170">
        <ele>33.794847</ele>
        <time>2026-08-07T13:14:14.958Z</time>
      </trkpt>
      <trkpt lat="42.178475" lon="-71.222155">
        <ele>33.756410</ele>
        <time>2026-08-07T13:14:15.736Z</time>
      </trkpt>
      <trkpt lat="42.178548" lon="-71.222131">
        <ele>33.685195</ele>
        <time>2026-08-07T13:14:17.218Z</time>
      </trkpt>
      <trkpt lat="42.178617" lon="-71.222102">
        <ele>33.616697</ele>
        <time>2026-08-07T13:14:18.617Z</time>
      </trkpt>
      <trkpt lat="42.178938" lon="-71.221962">
        <ele>33.296952</ele>
        <time>2026-08-07T13:14:24.886Z</time>
      </trkpt>
      <trkpt lat="42.179289" lon="-71.221702">
        <ele>32.917442</ele>
        <time>2026-08-07T13:14:32.062Z</time>
      </trkpt>
      <trkpt lat="42.179550" lon="-71.221386">
        <ele>32.623560</ele>
        <time>2026-08-07T13:14:38.185Z</time>
      </trkpt>
      <trkpt lat="42.179779" lon="-71.221091">
        <ele>32.382631</ele>
        <time>2026-08-07T13:14:43.779Z</time>
      </trkpt>
      <trkpt lat="42.179857" lon="-71.220992">
        <ele>32.301142</ele>
        <time>2026-08-07T13:14:45.710Z</time>
      </trkpt>
      <trkpt lat="42.179891" lon="-71.220948">
        <ele>32.265293</ele>
        <time>2026-08-07T13:14:46.555Z</time>
      </trkpt>
      <trkpt lat="42.179988" lon="-71.220817">
        <ele>32.160858</ele>
        <time>2026-08-07T13:14:49.077Z</time>
      </trkpt>
      <trkpt lat="42.180014" lon="-71.220782">
        <ele>32.132910</ele>
        <time>2026-08-07T13:14:49.758Z</time>
      </trkpt>
      <trkpt lat="42.180055" lon="-71.220726">
        <ele>32.088516</ele>
        <time>2026-08-07T13:14:50.834Z</time>
      </trkpt>
      <trkpt lat="42.180114" lon="-71.220633">
        <ele>32.019475</ele>
        <time>2026-08-07T13:14:52.535Z</time>
      </trkpt>
      <trkpt lat="42.180289" lon="-71.220359">
        <ele>31.815485</ele>
        <time>2026-08-07T13:14:57.771Z</time>
      </trkpt>
      <trkpt lat="42.180527" lon="-71.219967">
        <ele>31.529701</ele>
        <time>2026-08-07T13:15:06.121Z</time>
      </trkpt>
      <trkpt lat="42.180664" lon="-71.219741">
        <ele>31.619127</ele>
        <time>2026-08-07T13:15:11.760Z</time>
      </trkpt>
      <trkpt lat="42.180801" lon="-71.219516">
        <ele>32.353049</ele>
        <time>2026-08-07T13:15:17.887Z</time>
      </trkpt>
      <trkpt lat="42.180827" lon="-71.219473">
        <ele>32.492916</ele>
        <time>2026-08-07T13:15:19.158Z</time>
      </trkpt>
      <trkpt lat="42.181244" lon="-71.218803">
        <ele>34.698021</ele>
        <time>2026-08-07T13:15:42.433Z</time>
      </trkpt>
      <trkpt lat="42.181477" lon="-71.218430">
        <ele>35.927494</ele>
        <time>2026-08-07T13:15:57.098Z</time>
      </trkpt>
      <trkpt lat="42.181687" lon="-71.218085">
        <ele>37.052687</ele>
        <time>2026-08-07T13:16:10.864Z</time>
      </trkpt>
      <trkpt lat="42.181798" lon="-71.217861">
        <ele>37.768156</ele>
        <time>2026-08-07T13:16:19.151Z</time>
      </trkpt>
      <trkpt lat="42.181898" lon="-71.217591">
        <ele>38.664986</ele>
        <time>2026-08-07T13:16:28.363Z</time>
      </trkpt>
      <trkpt lat="42.182022" lon="-71.217193">
        <ele>39.947767</ele>
        <time>2026-08-07T13:16:41.394Z</time>
      </trkpt>
      <trkpt lat="42.182392" lon="-71.216121">
        <ele>43.461368</ele>
        <time>2026-08-07T13:17:15.363Z</time>
      </trkpt>
      <trkpt lat="42.182760" lon="-71.215090">
        <ele>45.742613</ele>
        <time>2026-08-07T13:17:43.811Z</time>
      </trkpt>
      <trkpt lat="42.182976" lon="-71.214529">
        <ele>46.630171</ele>
        <time>2026-08-07T13:17:57.538Z</time>
      </trkpt>
      <trkpt lat="42.183145" lon="-71.214169">
        <ele>47.228458</ele>
        <time>2026-08-07T13:18:06.760Z</time>
      </trkpt>
      <trkpt lat="42.183164" lon="-71.214135">
        <ele>47.288242</ele>
        <time>2026-08-07T13:18:07.630Z</time>
      </trkpt>
      <trkpt lat="42.183409" lon="-71.213692">
        <ele>48.064285</ele>
        <time>2026-08-07T13:18:18.547Z</time>
      </trkpt>
      <trkpt lat="42.183528" lon="-71.213503">
        <ele>48.229479</ele>
        <time>2026-08-07T13:18:23.145Z</time>
      </trkpt>
      <trkpt lat="42.183572" lon="-71.213431">
        <ele>48.269825</ele>
        <time>2026-08-07T13:18:24.855Z</time>
      </trkpt>
      <trkpt lat="42.183629" lon="-71.213346">
        <ele>48.319385</ele>
        <time>2026-08-07T13:18:26.929Z</time>
      </trkpt>
      <trkpt lat="42.183727" lon="-71.213204">
        <ele>48.403274</ele>
        <time>2026-08-07T13:18:30.371Z</time>
      </trkpt>
      <trkpt lat="42.183771" lon="-71.213143">
        <ele>48.440076</ele>
        <time>2026-08-07T13:18:31.874Z</time>
      </trkpt>
      <trkpt lat="42.183828" lon="-71.213070">
        <ele>48.485922</ele>
        <time>2026-08-07T13:18:33.705Z</time>
      </trkpt>
      <trkpt lat="42.184214" lon="-71.212651">
        <ele>48.774928</ele>
        <time>2026-08-07T13:18:45.500Z</time>
      </trkpt>
      <trkpt lat="42.184941" lon="-71.211982">
        <ele>49.292885</ele>
        <time>2026-08-07T13:19:07.012Z</time>
      </trkpt>
      <trkpt lat="42.185212" lon="-71.211747">
        <ele>49.490316</ele>
        <time>2026-08-07T13:19:14.827Z</time>
      </trkpt>
      <trkpt lat="42.185319" lon="-71.211651">
        <ele>49.569068</ele>
        <time>2026-08-07T13:19:17.987Z</time>
      </trkpt>
      <trkpt lat="42.185722" lon="-71.211283">
        <ele>49.867299</ele>
        <time>2026-08-07T13:19:30.210Z</time>
      </trkpt>
      <trkpt lat="42.186362" lon="-71.210739">
        <ele>50.296561</ele>
        <time>2026-08-07T13:19:49.385Z</time>
      </trkpt>
      <trkpt lat="42.186398" lon="-71.210710">
        <ele>50.293864</ele>
        <time>2026-08-07T13:19:50.390Z</time>
      </trkpt>
      <trkpt lat="42.186449" lon="-71.210666">
        <ele>50.289971</ele>
        <time>2026-08-07T13:19:51.843Z</time>
      </trkpt>
      <trkpt lat="42.186504" lon="-71.210611">
        <ele>50.285568</ele>
        <time>2026-08-07T13:19:53.447Z</time>
      </trkpt>
      <trkpt lat="42.186829" lon="-71.210275">
        <ele>50.259235</ele>
        <time>2026-08-07T13:20:02.872Z</time>
      </trkpt>
      <trkpt lat="42.187108" lon="-71.209883">
        <ele>50.233331</ele>
        <time>2026-08-07T13:20:11.389Z</time>
      </trkpt>
      <trkpt lat="42.187160" lon="-71.209817">
        <ele>50.228739</ele>
        <time>2026-08-07T13:20:12.869Z</time>
      </trkpt>
      <trkpt lat="42.187265" lon="-71.209667">
        <ele>50.218905</ele>
        <time>2026-08-07T13:20:16.066Z</time>
      </trkpt>
      <trkpt lat="42.187485" lon="-71.209350">
        <ele>50.198205</ele>
        <time>2026-08-07T13:20:22.936Z</time>
      </trkpt>
      <trkpt lat="42.187601" lon="-71.209187">
        <ele>50.187435</ele>
        <time>2026-08-07T13:20:26.453Z</time>
      </trkpt>
      <trkpt lat="42.187790" lon="-71.208919">
        <ele>50.065096</ele>
        <time>2026-08-07T13:20:32.095Z</time>
      </trkpt>
      <trkpt lat="42.188113" lon="-71.208476">
        <ele>49.819046</ele>
        <time>2026-08-07T13:20:41.645Z</time>
      </trkpt>
      <trkpt lat="42.188190" lon="-71.208370">
        <ele>49.760279</ele>
        <time>2026-08-07T13:20:43.936Z</time>
      </trkpt>
      <trkpt lat="42.188261" lon="-71.208273">
        <ele>49.706300</ele>
        <time>2026-08-07T13:20:45.996Z</time>
      </trkpt>
      <trkpt lat="42.188443" lon="-71.208020">
        <ele>49.566701</ele>
        <time>2026-08-07T13:20:51.292Z</time>
      </trkpt>
      <trkpt lat="42.188610" lon="-71.207790">
        <ele>49.439216</ele>
        <time>2026-08-07T13:20:56.342Z</time>
      </trkpt>
      <trkpt lat="42.188920" lon="-71.207420">
        <ele>49.210176</ele>
        <time>2026-08-07T13:21:04.882Z</time>
      </trkpt>
      <trkpt lat="42.189108" lon="-71.207237">
        <ele>48.890321</ele>
        <time>2026-08-07T13:21:09.364Z</time>
      </trkpt>
      <trkpt lat="42.189455" lon="-71.206918">
        <ele>48.310969</ele>
        <time>2026-08-07T13:21:17.151Z</time>
      </trkpt>
      <trkpt lat="42.189500" lon="-71.206880">
        <ele>48.237720</ele>
        <time>2026-08-07T13:21:18.108Z</time>
      </trkpt>
      <trkpt lat="42.189527" lon="-71.206856">
        <ele>48.193108</ele>
        <time>2026-08-07T13:21:18.681Z</time>
      </trkpt>
      <trkpt lat="42.190138" lon="-71.206269">
        <ele>47.158200</ele>
        <time>2026-08-07T13:21:32.024Z</time>
      </trkpt>
      <trkpt lat="42.190178" lon="-71.206225">
        <ele>47.086994</ele>
        <time>2026-08-07T13:21:32.955Z</time>
      </trkpt>
      <trkpt lat="42.190217" lon="-71.206175">
        <ele>47.012768</ele>
        <time>2026-08-07T13:21:33.923Z</time>
      </trkpt>
      <trkpt lat="42.190438" lon="-71.205823">
        <ele>46.629248</ele>
        <time>2026-08-07T13:21:40.237Z</time>
      </trkpt>
      <trkpt lat="42.190645" lon="-71.205380">
        <ele>46.329781</ele>
        <time>2026-08-07T13:21:48.027Z</time>
      </trkpt>
      <trkpt lat="42.190745" lon="-71.205071">
        <ele>46.136981</ele>
        <time>2026-08-07T13:21:53.201Z</time>
      </trkpt>
      <trkpt lat="42.190780" lon="-71.204930">
        <ele>46.051955</ele>
        <time>2026-08-07T13:21:55.479Z</time>
      </trkpt>
      <trkpt lat="42.190802" lon="-71.204824">
        <ele>45.989013</ele>
        <time>2026-08-07T13:21:57.197Z</time>
      </trkpt>
      <trkpt lat="42.190970" lon="-71.204008">
        <ele>45.504761</ele>
        <time>2026-08-07T13:22:10.224Z</time>
      </trkpt>
      <trkpt lat="42.190984" lon="-71.203951">
        <ele>45.470426</ele>
        <time>2026-08-07T13:22:11.116Z</time>
      </trkpt>
      <trkpt lat="42.191095" lon="-71.203557">
        <ele>45.053734</ele>
        <time>2026-08-07T13:22:17.278Z</time>
      </trkpt>
      <trkpt lat="42.191182" lon="-71.203334">
        <ele>44.704967</ele>
        <time>2026-08-07T13:22:20.983Z</time>
      </trkpt>
      <trkpt lat="42.191423" lon="-71.202844">
        <ele>43.891076</ele>
        <time>2026-08-07T13:22:28.832Z</time>
      </trkpt>
      <trkpt lat="42.191468" lon="-71.202763">
        <ele>43.750973</ele>
        <time>2026-08-07T13:22:30.094Z</time>
      </trkpt>
      <trkpt lat="42.191505" lon="-71.202693">
        <ele>43.631979</ele>
        <time>2026-08-07T13:22:31.193Z</time>
      </trkpt>
      <trkpt lat="42.191574" lon="-71.202572">
        <ele>43.420681</ele>
        <time>2026-08-07T13:22:33.077Z</time>
      </trkpt>
      <trkpt lat="42.191612" lon="-71.202515">
        <ele>43.314571</ele>
        <time>2026-08-07T13:22:34.022Z</time>
      </trkpt>
      <trkpt lat="42.191812" lon="-71.202262">
        <ele>42.802593</ele>
        <time>2026-08-07T13:22:38.619Z</time>
      </trkpt>
      <trkpt lat="42.191958" lon="-71.202142">
        <ele>42.483315</ele>
        <time>2026-08-07T13:22:41.502Z</time>
      </trkpt>
      <trkpt lat="42.192032" lon="-71.202099">
        <ele>42.332835</ele>
        <time>2026-08-07T13:22:42.862Z</time>
      </trkpt>
      <trkpt lat="42.192333" lon="-71.201919">
        <ele>41.836078</ele>
        <time>2026-08-07T13:22:48.571Z</time>
      </trkpt>
      <trkpt lat="42.192386" lon="-71.201887">
        <ele>41.774105</ele>
        <time>2026-08-07T13:22:49.599Z</time>
      </trkpt>
      <trkpt lat="42.192431" lon="-71.201859">
        <ele>41.721216</ele>
        <time>2026-08-07T13:22:50.466Z</time>
      </trkpt>
      <trkpt lat="42.192686" lon="-71.201703">
        <ele>41.422384</ele>
        <time>2026-08-07T13:22:55.475Z</time>
      </trkpt>
      <trkpt lat="42.193026" lon="-71.201493">
        <ele>41.023286</ele>
        <time>2026-08-07T13:23:02.243Z</time>
      </trkpt>
      <trkpt lat="42.193080" lon="-71.201460">
        <ele>40.960015</ele>
        <time>2026-08-07T13:23:03.376Z</time>
      </trkpt>
      <trkpt lat="42.193143" lon="-71.201422">
        <ele>40.886362</ele>
        <time>2026-08-07T13:23:04.705Z</time>
      </trkpt>
      <trkpt lat="42.193740" lon="-71.201068">
        <ele>40.190363</ele>
        <time>2026-08-07T13:23:18.297Z</time>
      </trkpt>
      <trkpt lat="42.193801" lon="-71.201029">
        <ele>40.118318</ele>
        <time>2026-08-07T13:23:19.892Z</time>
      </trkpt>
      <trkpt lat="42.193848" lon="-71.200998">
        <ele>40.085321</ele>
        <time>2026-08-07T13:23:21.126Z</time>
      </trkpt>
      <trkpt lat="42.194422" lon="-71.200649">
        <ele>40.766539</ele>
        <time>2026-08-07T13:23:36.724Z</time>
      </trkpt>
      <trkpt lat="42.194587" lon="-71.200550">
        <ele>40.961926</ele>
        <time>2026-08-07T13:23:41.449Z</time>
      </trkpt>
      <trkpt lat="42.194759" lon="-71.200445">
        <ele>41.166193</ele>
        <time>2026-08-07T13:23:46.526Z</time>
      </trkpt>
      <trkpt lat="42.194865" lon="-71.200382">
        <ele>41.291520</ele>
        <time>2026-08-07T13:23:49.714Z</time>
      </trkpt>
      <trkpt lat="42.194934" lon="-71.200340">
        <ele>41.373424</ele>
        <time>2026-08-07T13:23:51.821Z</time>
      </trkpt>
      <trkpt lat="42.195289" lon="-71.200125">
        <ele>41.794456</ele>
        <time>2026-08-07T13:24:02.815Z</time>
      </trkpt>
      <trkpt lat="42.195397" lon="-71.200060">
        <ele>41.922411</ele>
        <time>2026-08-07T13:24:06.266Z</time>
      </trkpt>
      <trkpt lat="42.195639" lon="-71.199913">
        <ele>42.420759</ele>
        <time>2026-08-07T13:24:14.262Z</time>
      </trkpt>
      <trkpt lat="42.196154" lon="-71.199601">
        <ele>43.712399</ele>
        <time>2026-08-07T13:24:32.132Z</time>
      </trkpt>
      <trkpt lat="42.196194" lon="-71.199577">
        <ele>43.812560</ele>
        <time>2026-08-07T13:24:33.587Z</time>
      </trkpt>
      <trkpt lat="42.196314" lon="-71.199504">
        <ele>44.113734</ele>
        <time>2026-08-07T13:24:37.933Z</time>
      </trkpt>
      <trkpt lat="42.196370" lon="-71.199470">
        <ele>44.254235</ele>
        <time>2026-08-07T13:24:39.976Z</time>
      </trkpt>
      <trkpt lat="42.196416" lon="-71.199442">
        <ele>44.369697</ele>
        <time>2026-08-07T13:24:41.648Z</time>
      </trkpt>
      <trkpt lat="42.196730" lon="-71.199255">
        <ele>45.154994</ele>
        <time>2026-08-07T13:24:53.038Z</time>
      </trkpt>
      <trkpt lat="42.196986" lon="-71.199102">
        <ele>45.795607</ele>
        <time>2026-08-07T13:25:02.143Z</time>
      </trkpt>
      <trkpt lat="42.197090" lon="-71.199040">
        <ele>46.055749</ele>
        <time>2026-08-07T13:25:05.668Z</time>
      </trkpt>
      <trkpt lat="42.197560" lon="-71.198750">
        <ele>46.443932</ele>
        <time>2026-08-07T13:25:20.792Z</time>
      </trkpt>
      <trkpt lat="42.197827" lon="-71.198611">
        <ele>46.627025</ele>
        <time>2026-08-07T13:25:28.380Z</time>
      </trkpt>
      <trkpt lat="42.198157" lon="-71.198479">
        <ele>46.847236</ele>
        <time>2026-08-07T13:25:36.538Z</time>
      </trkpt>
      <trkpt lat="42.198417" lon="-71.198380">
        <ele>47.020077</ele>
        <time>2026-08-07T13:25:42.523Z</time>
      </trkpt>
      <trkpt lat="42.198508" lon="-71.198345">
        <ele>47.080617</ele>
        <time>2026-08-07T13:25:44.540Z</time>
      </trkpt>
      <trkpt lat="42.198619" lon="-71.198303">
        <ele>47.154373</ele>
        <time>2026-08-07T13:25:46.940Z</time>
      </trkpt>
      <trkpt lat="42.198777" lon="-71.198244">
        <ele>47.259259</ele>
        <time>2026-08-07T13:25:50.280Z</time>
      </trkpt>
      <trkpt lat="42.199288" lon="-71.198048">
        <ele>46.819239</ele>
        <time>2026-08-07T13:26:00.908Z</time>
      </trkpt>
      <trkpt lat="42.199344" lon="-71.198027">
        <ele>46.763687</ele>
        <time>2026-08-07T13:26:02.092Z</time>
      </trkpt>
      <trkpt lat="42.200750" lon="-71.197520">
        <ele>45.221517</ele>
        <time>2026-08-07T13:26:29.777Z</time>
      </trkpt>
      <trkpt lat="42.201005" lon="-71.197426">
        <ele>44.772521</ele>
        <time>2026-08-07T13:26:34.629Z</time>
      </trkpt>
      <trkpt lat="42.201509" lon="-71.197237">
        <ele>43.884022</ele>
        <time>2026-08-07T13:26:44.252Z</time>
      </trkpt>
      <trkpt lat="42.202801" lon="-71.196765">
        <ele>40.675097</ele>
        <time>2026-08-07T13:27:07.692Z</time>
      </trkpt>
      <trkpt lat="42.203719" lon="-71.196546">
        <ele>37.448847</ele>
        <time>2026-08-07T13:27:22.632Z</time>
      </trkpt>
      <trkpt lat="42.204091" lon="-71.196429">
        <ele>36.079826</ele>
        <time>2026-08-07T13:27:28.397Z</time>
      </trkpt>
      <trkpt lat="42.204220" lon="-71.196387">
        <ele>35.485708</ele>
        <time>2026-08-07T13:27:30.373Z</time>
      </trkpt>
      <trkpt lat="42.204245" lon="-71.196103">
        <ele>34.537193</ele>
        <time>2026-08-07T13:27:33.537Z</time>
      </trkpt>
      <trkpt lat="42.204326" lon="-71.195951">
        <ele>33.916191</ele>
        <time>2026-08-07T13:27:35.598Z</time>
      </trkpt>
      <trkpt lat="42.204349" lon="-71.195916">
        <ele>33.761021</ele>
        <time>2026-08-07T13:27:36.129Z</time>
      </trkpt>
      <trkpt lat="42.204562" lon="-71.195684">
        <ele>32.535683</ele>
        <time>2026-08-07T13:27:40.244Z</time>
      </trkpt>
      <trkpt lat="42.204887" lon="-71.195415">
        <ele>30.828876</ele>
        <time>2026-08-07T13:27:46.060Z</time>
      </trkpt>
      <trkpt lat="42.204918" lon="-71.195399">
        <ele>30.680285</ele>
        <time>2026-08-07T13:27:46.581Z</time>
      </trkpt>
      <trkpt lat="42.205160" lon="-71.195267">
        <ele>29.511705</ele>
        <time>2026-08-07T13:27:50.639Z</time>
      </trkpt>
      <trkpt lat="42.205593" lon="-71.194970">
        <ele>27.749071</ele>
        <time>2026-08-07T13:27:58.416Z</time>
      </trkpt>
      <trkpt lat="42.205880" lon="-71.194760">
        <ele>26.958375</ele>
        <time>2026-08-07T13:28:03.906Z</time>
      </trkpt>
      <trkpt lat="42.206950" lon="-71.193920">
        <ele>23.960344</ele>
        <time>2026-08-07T13:28:25.735Z</time>
      </trkpt>
      <trkpt lat="42.207477" lon="-71.193522">
        <ele>23.063257</ele>
        <time>2026-08-07T13:28:36.214Z</time>
      </trkpt>
      <trkpt lat="42.207612" lon="-71.193416">
        <ele>22.839980</ele>
        <time>2026-08-07T13:28:38.899Z</time>
      </trkpt>
      <trkpt lat="42.207666" lon="-71.193373">
        <ele>22.750348</ele>
        <time>2026-08-07T13:28:39.995Z</time>
      </trkpt>
      <trkpt lat="42.207987" lon="-71.193117">
        <ele>22.217326</ele>
        <time>2026-08-07T13:28:46.728Z</time>
      </trkpt>
      <trkpt lat="42.208510" lon="-71.192700">
        <ele>21.348937</ele>
        <time>2026-08-07T13:28:58.587Z</time>
      </trkpt>
      <trkpt lat="42.208870" lon="-71.192430">
        <ele>21.570714</ele>
        <time>2026-08-07T13:29:07.586Z</time>
      </trkpt>
      <trkpt lat="42.209980" lon="-71.191560">
        <ele>22.458412</ele>
        <time>2026-08-07T13:29:42.265Z</time>
      </trkpt>
      <trkpt lat="42.210370" lon="-71.191320">
        <ele>22.770118</ele>
        <time>2026-08-07T13:29:53.272Z</time>
      </trkpt>
      <trkpt lat="42.211350" lon="-71.190910">
        <ele>23.532728</ele>
        <time>2026-08-07T13:30:18.553Z</time>
      </trkpt>
      <trkpt lat="42.212801" lon="-71.190308">
        <ele>24.955673</ele>
        <time>2026-08-07T13:30:57.122Z</time>
      </trkpt>
      <trkpt lat="42.213158" lon="-71.190160">
        <ele>25.338974</ele>
        <time>2026-08-07T13:31:07.857Z</time>
      </trkpt>
      <trkpt lat="42.213482" lon="-71.190001">
        <ele>25.692806</ele>
        <time>2026-08-07T13:31:17.509Z</time>
      </trkpt>
      <trkpt lat="42.213596" lon="-71.189927">
        <ele>25.770800</ele>
        <time>2026-08-07T13:31:20.965Z</time>
      </trkpt>
      <trkpt lat="42.213665" lon="-71.190050">
        <ele>25.819913</ele>
        <time>2026-08-07T13:31:24.067Z</time>
      </trkpt>
      <trkpt lat="42.213732" lon="-71.190101">
        <ele>25.852967</ele>
        <time>2026-08-07T13:31:26.115Z</time>
      </trkpt>
      <trkpt lat="42.213838" lon="-71.190083">
        <ele>25.898881</ele>
        <time>2026-08-07T13:31:28.887Z</time>
      </trkpt>
      <trkpt lat="42.214288" lon="-71.189880">
        <ele>26.102781</ele>
        <time>2026-08-07T13:31:40.101Z</time>
      </trkpt>
      <trkpt lat="42.214565" lon="-71.189772">
        <ele>26.226689</ele>
        <time>2026-08-07T13:31:46.867Z</time>
      </trkpt>
      <trkpt lat="42.214733" lon="-71.189738">
        <ele>26.299695</ele>
        <time>2026-08-07T13:31:50.938Z</time>
      </trkpt>
      <trkpt lat="42.215162" lon="-71.189564">
        <ele>26.492200</ele>
        <time>2026-08-07T13:32:00.450Z</time>
      </trkpt>
      <trkpt lat="42.215237" lon="-71.189534">
        <ele>26.558455</ele>
        <time>2026-08-07T13:32:02.133Z</time>
      </trkpt>
      <trkpt lat="42.215436" lon="-71.189454">
        <ele>26.798038</ele>
        <time>2026-08-07T13:32:06.585Z</time>
      </trkpt>
      <trkpt lat="42.215534" lon="-71.189415">
        <ele>26.915927</ele>
        <time>2026-08-07T13:32:08.863Z</time>
      </trkpt>
      <trkpt lat="42.215593" lon="-71.189391">
        <ele>26.987028</ele>
        <time>2026-08-07T13:32:10.218Z</time>
      </trkpt>
      <trkpt lat="42.215666" lon="-71.189360">
        <ele>27.075329</ele>
        <time>2026-08-07T13:32:11.982Z</time>
      </trkpt>
      <trkpt lat="42.215816" lon="-71.189298">
        <ele>27.256339</ele>
        <time>2026-08-07T13:32:15.628Z</time>
      </trkpt>
      <trkpt lat="42.215974" lon="-71.189239">
        <ele>27.445495</ele>
        <time>2026-08-07T13:32:19.672Z</time>
      </trkpt>
      <trkpt lat="42.216538" lon="-71.189014">
        <ele>28.124092</ele>
        <time>2026-08-07T13:32:36.766Z</time>
      </trkpt>
      <trkpt lat="42.216969" lon="-71.188845">
        <ele>28.673969</ele>
        <time>2026-08-07T13:32:51.214Z</time>
      </trkpt>
      <trkpt lat="42.217615" lon="-71.188600">
        <ele>29.860597</ele>
        <time>2026-08-07T13:33:12.213Z</time>
      </trkpt>
      <trkpt lat="42.217789" lon="-71.188534">
        <ele>30.180218</ele>
        <time>2026-08-07T13:33:17.765Z</time>
      </trkpt>
      <trkpt lat="42.218159" lon="-71.188397">
        <ele>30.858701</ele>
        <time>2026-08-07T13:33:29.066Z</time>
      </trkpt>
      <trkpt lat="42.218802" lon="-71.188184">
        <ele>31.978891</ele>
        <time>2026-08-07T13:33:46.544Z</time>
      </trkpt>
      <trkpt lat="42.219348" lon="-71.188069">
        <ele>32.770685</ele>
        <time>2026-08-07T13:34:00.531Z</time>
      </trkpt>
      <trkpt lat="42.219649" lon="-71.188005">
        <ele>33.207286</ele>
        <time>2026-08-07T13:34:08.730Z</time>
      </trkpt>
      <trkpt lat="42.219910" lon="-71.187949">
        <ele>33.585951</ele>
        <time>2026-08-07T13:34:16.032Z</time>
      </trkpt>
      <trkpt lat="42.219963" lon="-71.187937">
        <ele>33.662952</ele>
        <time>2026-08-07T13:34:17.542Z</time>
      </trkpt>
      <trkpt lat="42.220188" lon="-71.187886">
        <ele>33.989853</ele>
        <time>2026-08-07T13:34:24.234Z</time>
      </trkpt>
      <trkpt lat="42.220458" lon="-71.187830">
        <ele>34.399322</ele>
        <time>2026-08-07T13:34:32.747Z</time>
      </trkpt>
      <trkpt lat="42.221017" lon="-71.187715">
        <ele>35.562962</ele>
        <time>2026-08-07T13:34:51.685Z</time>
      </trkpt>
      <trkpt lat="42.221083" lon="-71.187701">
        <ele>35.700449</ele>
        <time>2026-08-07T13:34:53.948Z</time>
      </trkpt>
      <trkpt lat="42.221821" lon="-71.187549">
        <ele>37.236743</ele>
        <time>2026-08-07T13:35:17.711Z</time>
      </trkpt>
      <trkpt lat="42.222220" lon="-71.187472">
        <ele>38.056930</ele>
        <time>2026-08-07T13:35:28.588Z</time>
      </trkpt>
      <trkpt lat="42.222383" lon="-71.187442">
        <ele>38.269644</ele>
        <time>2026-08-07T13:35:32.672Z</time>
      </trkpt>
      <trkpt lat="42.222846" lon="-71.187336">
        <ele>38.876867</ele>
        <time>2026-08-07T13:35:44.082Z</time>
      </trkpt>
      <trkpt lat="42.222976" lon="-71.187309">
        <ele>39.046939</ele>
        <time>2026-08-07T13:35:47.239Z</time>
      </trkpt>
      <trkpt lat="42.223311" lon="-71.187239">
        <ele>39.485264</ele>
        <time>2026-08-07T13:35:55.711Z</time>
      </trkpt>
      <trkpt lat="42.224063" lon="-71.187083">
        <ele>40.617633</ele>
        <time>2026-08-07T13:36:17.615Z</time>
      </trkpt>
      <trkpt lat="42.224779" lon="-71.186940">
        <ele>42.916436</ele>
        <time>2026-08-07T13:36:43.840Z</time>
      </trkpt>
      <trkpt lat="42.225230" lon="-71.186846">
        <ele>44.365804</ele>
        <time>2026-08-07T13:37:01.514Z</time>
      </trkpt>
      <trkpt lat="42.225545" lon="-71.186778">
        <ele>45.378969</ele>
        <time>2026-08-07T13:37:13.193Z</time>
      </trkpt>
      <trkpt lat="42.226167" lon="-71.186647">
        <ele>46.311510</ele>
        <time>2026-08-07T13:37:33.861Z</time>
      </trkpt>
      <trkpt lat="42.226782" lon="-71.186517">
        <ele>46.664511</ele>
        <time>2026-08-07T13:37:51.016Z</time>
      </trkpt>
      <trkpt lat="42.227235" lon="-71.186406">
        <ele>46.925594</ele>
        <time>2026-08-07T13:38:00.286Z</time>
      </trkpt>
      <trkpt lat="42.227768" lon="-71.186284">
        <ele>46.582696</ele>
        <time>2026-08-07T13:38:09.835Z</time>
      </trkpt>
      <trkpt lat="42.228246" lon="-71.186168">
        <ele>45.508781</ele>
        <time>2026-08-07T13:38:18.103Z</time>
      </trkpt>
      <trkpt lat="42.228544" lon="-71.186090">
        <ele>44.837561</ele>
        <time>2026-08-07T13:38:23.278Z</time>
      </trkpt>
      <trkpt lat="42.228629" lon="-71.186068">
        <ele>44.646183</ele>
        <time>2026-08-07T13:38:24.770Z</time>
      </trkpt>
      <trkpt lat="42.228692" lon="-71.186056">
        <ele>44.505494</ele>
        <time>2026-08-07T13:38:25.855Z</time>
      </trkpt>
      <trkpt lat="42.229345" lon="-71.185869">
        <ele>43.028581</ele>
        <time>2026-08-07T13:38:37.407Z</time>
      </trkpt>
      <trkpt lat="42.229517" lon="-71.185816">
        <ele>42.634894</ele>
        <time>2026-08-07T13:38:40.512Z</time>
      </trkpt>
      <trkpt lat="42.230041" lon="-71.185621">
        <ele>41.421992</ele>
        <time>2026-08-07T13:38:49.608Z</time>
      </trkpt>
      <trkpt lat="42.230333" lon="-71.185490">
        <ele>40.735374</ele>
        <time>2026-08-07T13:38:54.687Z</time>
      </trkpt>
      <trkpt lat="42.230383" lon="-71.185467">
        <ele>40.617503</ele>
        <time>2026-08-07T13:38:55.578Z</time>
      </trkpt>
      <trkpt lat="42.230611" lon="-71.185360">
        <ele>40.078872</ele>
        <time>2026-08-07T13:38:59.731Z</time>
      </trkpt>
      <trkpt lat="42.230995" lon="-71.185163">
        <ele>39.162223</ele>
        <time>2026-08-07T13:39:07.496Z</time>
      </trkpt>
      <trkpt lat="42.231124" lon="-71.185092">
        <ele>39.110376</ele>
        <time>2026-08-07T13:39:10.258Z</time>
      </trkpt>
      <trkpt lat="42.231230" lon="-71.185039">
        <ele>39.112120</ele>
        <time>2026-08-07T13:39:12.468Z</time>
      </trkpt>
      <trkpt lat="42.231622" lon="-71.184841">
        <ele>39.118580</ele>
        <time>2026-08-07T13:39:21.074Z</time>
      </trkpt>
      <trkpt lat="42.232031" lon="-71.184626">
        <ele>39.125354</ele>
        <time>2026-08-07T13:39:31.503Z</time>
      </trkpt>
      <trkpt lat="42.232198" lon="-71.184539">
        <ele>39.128117</ele>
        <time>2026-08-07T13:39:36.318Z</time>
      </trkpt>
      <trkpt lat="42.232271" lon="-71.184501">
        <ele>39.129324</ele>
        <time>2026-08-07T13:39:38.407Z</time>
      </trkpt>
      <trkpt lat="42.232911" lon="-71.184166">
        <ele>39.067935</ele>
        <time>2026-08-07T13:39:56.857Z</time>
      </trkpt>
      <trkpt lat="42.232999" lon="-71.184120">
        <ele>39.039945</ele>
        <time>2026-08-07T13:39:59.036Z</time>
      </trkpt>
      <trkpt lat="42.233085" lon="-71.184076">
        <ele>39.012667</ele>
        <time>2026-08-07T13:40:01.162Z</time>
      </trkpt>
      <trkpt lat="42.233519" lon="-71.183849">
        <ele>38.874619</ele>
        <time>2026-08-07T13:40:11.639Z</time>
      </trkpt>
      <trkpt lat="42.233845" lon="-71.183678">
        <ele>38.770884</ele>
        <time>2026-08-07T13:40:19.042Z</time>
      </trkpt>
      <trkpt lat="42.234254" lon="-71.183450">
        <ele>38.639640</ele>
        <time>2026-08-07T13:40:27.616Z</time>
      </trkpt>
      <trkpt lat="42.234319" lon="-71.183414">
        <ele>38.618802</ele>
        <time>2026-08-07T13:40:28.919Z</time>
      </trkpt>
      <trkpt lat="42.234410" lon="-71.183364">
        <ele>38.495857</ele>
        <time>2026-08-07T13:40:30.733Z</time>
      </trkpt>
      <trkpt lat="42.234633" lon="-71.183249">
        <ele>37.921354</ele>
        <time>2026-08-07T13:40:35.002Z</time>
      </trkpt>
      <trkpt lat="42.235681" lon="-71.182704">
        <ele>35.218545</ele>
        <time>2026-08-07T13:40:53.525Z</time>
      </trkpt>
      <trkpt lat="42.236582" lon="-71.182216">
        <ele>34.154826</ele>
        <time>2026-08-07T13:41:10.215Z</time>
      </trkpt>
      <trkpt lat="42.236732" lon="-71.182135">
        <ele>34.121557</ele>
        <time>2026-08-07T13:41:13.490Z</time>
      </trkpt>
      <trkpt lat="42.238021" lon="-71.181437">
        <ele>33.679382</ele>
        <time>2026-08-07T13:41:50.985Z</time>
      </trkpt>
      <trkpt lat="42.238419" lon="-71.181220">
        <ele>33.387802</ele>
        <time>2026-08-07T13:42:01.120Z</time>
      </trkpt>
      <trkpt lat="42.238458" lon="-71.181198">
        <ele>33.359090</ele>
        <time>2026-08-07T13:42:02.015Z</time>
      </trkpt>
      <trkpt lat="42.238698" lon="-71.181068">
        <ele>33.183423</ele>
        <time>2026-08-07T13:42:07.095Z</time>
      </trkpt>
      <trkpt lat="42.239536" lon="-71.180401">
        <ele>32.313751</ele>
        <time>2026-08-07T13:42:24.020Z</time>
      </trkpt>
      <trkpt lat="42.239923" lon="-71.180048">
        <ele>31.579592</ele>
        <time>2026-08-07T13:42:31.987Z</time>
      </trkpt>
      <trkpt lat="42.240716" lon="-71.179376">
        <ele>30.107836</ele>
        <time>2026-08-07T13:42:49.345Z</time>
      </trkpt>
      <trkpt lat="42.241548" lon="-71.178653">
        <ele>30.187901</ele>
        <time>2026-08-07T13:43:09.768Z</time>
      </trkpt>
      <trkpt lat="42.241762" lon="-71.178471">
        <ele>30.289962</ele>
        <time>2026-08-07T13:43:15.928Z</time>
      </trkpt>
      <trkpt lat="42.241872" lon="-71.178376">
        <ele>30.342654</ele>
        <time>2026-08-07T13:43:19.407Z</time>
      </trkpt>
      <trkpt lat="42.242525" lon="-71.177808">
        <ele>30.820611</ele>
        <time>2026-08-07T13:43:41.427Z</time>
      </trkpt>
      <trkpt lat="42.243140" lon="-71.177270">
        <ele>31.753309</ele>
        <time>2026-08-07T13:44:03.367Z</time>
      </trkpt>
      <trkpt lat="42.243192" lon="-71.177222">
        <ele>31.833482</ele>
        <time>2026-08-07T13:44:05.149Z</time>
      </trkpt>
      <trkpt lat="42.243270" lon="-71.177150">
        <ele>31.953741</ele>
        <time>2026-08-07T13:44:07.800Z</time>
      </trkpt>
      <trkpt lat="42.243800" lon="-71.176700">
        <ele>32.750611</ele>
        <time>2026-08-07T13:44:24.225Z</time>
      </trkpt>
      <trkpt lat="42.244120" lon="-71.176410">
        <ele>32.890249</ele>
        <time>2026-08-07T13:44:33.142Z</time>
      </trkpt>
      <trkpt lat="42.244724" lon="-71.175899">
        <ele>32.941282</ele>
        <time>2026-08-07T13:44:48.921Z</time>
      </trkpt>
      <trkpt lat="42.245041" lon="-71.175618">
        <ele>32.968433</ele>
        <time>2026-08-07T13:44:57.324Z</time>
      </trkpt>
      <trkpt lat="42.245283" lon="-71.175404">
        <ele>32.989145</ele>
        <time>2026-08-07T13:45:03.771Z</time>
      </trkpt>
      <trkpt lat="42.245329" lon="-71.175363">
        <ele>32.993091</ele>
        <time>2026-08-07T13:45:04.986Z</time>
      </trkpt>
      <trkpt lat="42.245422" lon="-71.175276">
        <ele>32.983868</ele>
        <time>2026-08-07T13:45:07.424Z</time>
      </trkpt>
      <trkpt lat="42.245697" lon="-71.175016">
        <ele>32.871882</ele>
        <time>2026-08-07T13:45:14.470Z</time>
      </trkpt>
      <trkpt lat="42.246193" lon="-71.174568">
        <ele>32.672821</ele>
        <time>2026-08-07T13:45:26.876Z</time>
      </trkpt>
      <trkpt lat="42.246483" lon="-71.174323">
        <ele>32.558706</ele>
        <time>2026-08-07T13:45:34.185Z</time>
      </trkpt>
      <trkpt lat="42.246491" lon="-71.174317">
        <ele>32.555654</ele>
        <time>2026-08-07T13:45:34.376Z</time>
      </trkpt>
      <trkpt lat="42.246524" lon="-71.174164">
        <ele>32.516296</ele>
        <time>2026-08-07T13:45:36.858Z</time>
      </trkpt>
      <trkpt lat="42.246570" lon="-71.173964">
        <ele>32.464573</ele>
        <time>2026-08-07T13:45:40.074Z</time>
      </trkpt>
      <trkpt lat="42.246639" lon="-71.173673">
        <ele>32.398055</ele>
        <time>2026-08-07T13:45:44.690Z</time>
      </trkpt>
      <trkpt lat="42.246730" lon="-71.173286">
        <ele>32.398055</ele>
        <time>2026-08-07T13:45:50.862Z</time>
      </trkpt>
      <trkpt lat="42.246738" lon="-71.173258">
        <ele>32.398055</ele>
        <time>2026-08-07T13:45:51.304Z</time>
      </trkpt>
      <trkpt lat="42.246775" lon="-71.173106">
        <ele>32.398055</ele>
        <time>2026-08-07T13:45:53.805Z</time>
      </trkpt>
      <trkpt lat="42.246868" lon="-71.172724">
        <ele>32.398055</ele>
        <time>2026-08-07T13:46:00.047Z</time>
      </trkpt>
      <trkpt lat="42.246946" lon="-71.172411">
        <ele>32.398055</ele>
        <time>2026-08-07T13:46:05.425Z</time>
      </trkpt>
      <trkpt lat="42.246979" lon="-71.172272">
        <ele>32.398055</ele>
        <time>2026-08-07T13:46:07.841Z</time>
      </trkpt>
      <trkpt lat="42.247209" lon="-71.172369">
        <ele>32.398055</ele>
        <time>2026-08-07T13:46:12.966Z</time>
      </trkpt>
      <trkpt lat="42.247293" lon="-71.172391">
        <ele>32.398055</ele>
        <time>2026-08-07T13:46:14.811Z</time>
      </trkpt>
      <trkpt lat="42.247316" lon="-71.172250">
        <ele>32.398055</ele>
        <time>2026-08-07T13:46:17.062Z</time>
      </trkpt>
      <trkpt lat="42.247338" lon="-71.172113">
        <ele>32.398055</ele>
        <time>2026-08-07T13:46:19.175Z</time>
      </trkpt>
      <trkpt lat="42.247419" lon="-71.172128">
        <ele>32.398055</ele>
        <time>2026-08-07T13:46:20.955Z</time>
      </trkpt>
      <trkpt lat="42.247436" lon="-71.172072">
        <ele>32.398055</ele>
        <time>2026-08-07T13:46:21.859Z</time>
      </trkpt>
      <trkpt lat="42.247484" lon="-71.172025">
        <ele>32.398055</ele>
        <time>2026-08-07T13:46:23.141Z</time>
      </trkpt>
      <trkpt lat="42.247590" lon="-71.171984">
        <ele>32.398055</ele>
        <time>2026-08-07T13:46:25.447Z</time>
      </trkpt>
    </trkseg>
  </trk>
</gpx>