<?xml version='1.0' encoding='UTF-8'?>
<gpx version="1.1" creator="https://www.komoot.de" xmlns="http://www.topografix.com/GPX/1/1" xmlns:xsi="http://www.w3.org/2001/XMLSchema-instance" xsi:schemaLocation="http://www.topografix.com/GPX/1/1 http://www.topografix.com/GPX/1/1/gpx.xsd">
  <metadata>
    <name>Everett + Chelsea + Winthrop + Revere mains</name>
    <author>
      <link href="https://www.komoot.de">
        <text>komoot</text>
        <type>text/html</type>
      </link>
    </author>
  </metadata>
  <trk>
    <name>Everett + Chelsea + Winthrop + Revere mains</name>
    <trkseg>
      <trkpt lat="42.414677" lon="-71.047268">
        <ele>20.622022</ele>
        <time>2025-09-14T14:37:53.934Z</time>
      </trkpt>
      <trkpt lat="42.414650" lon="-71.047150">
        <ele>20.622022</ele>
        <time>2025-09-14T14:38:04.934Z</time>
      </trkpt>
      <trkpt lat="42.414587" lon="-71.047248">
        <ele>20.622022</ele>
        <time>2025-09-14T14:38:19.934Z</time>
      </trkpt>
      <trkpt lat="42.414496" lon="-71.047197">
        <ele>20.622022</ele>
        <time>2025-09-14T14:38:23.934Z</time>
      </trkpt>
      <trkpt lat="42.414409" lon="-71.047161">
        <ele>20.622022</ele>
        <time>2025-09-14T14:38:27.934Z</time>
      </trkpt>
      <trkpt lat="42.414290" lon="-71.047207">
        <ele>20.622022</ele>
        <time>2025-09-14T14:38:34.934Z</time>
      </trkpt>
      <trkpt lat="42.414205" lon="-71.047267">
        <ele>20.622022</ele>
        <time>2025-09-14T14:38:37.934Z</time>
      </trkpt>
      <trkpt lat="42.414101" lon="-71.047145">
        <ele>20.622022</ele>
        <time>2025-09-14T14:38:40.934Z</time>
      </trkpt>
      <trkpt lat="42.414034" lon="-71.047048">
        <ele>20.622022</ele>
        <time>2025-09-14T14:38:42.934Z</time>
      </trkpt>
      <trkpt lat="42.413951" lon="-71.046954">
        <ele>20.627665</ele>
        <time>2025-09-14T14:38:44.934Z</time>
      </trkpt>
      <trkpt lat="42.413863" lon="-71.046878">
        <ele>20.642131</ele>
        <time>2025-09-14T14:38:46.933Z</time>
      </trkpt>
      <trkpt lat="42.413786" lon="-71.046785">
        <ele>20.656430</ele>
        <time>2025-09-14T14:38:48.933Z</time>
      </trkpt>
      <trkpt lat="42.413720" lon="-71.046673">
        <ele>20.671094</ele>
        <time>2025-09-14T14:38:50.933Z</time>
      </trkpt>
      <trkpt lat="42.413635" lon="-71.046551">
        <ele>20.688259</ele>
        <time>2025-09-14T14:38:52.933Z</time>
      </trkpt>
      <trkpt lat="42.413561" lon="-71.046460">
        <ele>20.702112</ele>
        <time>2025-09-14T14:38:54.933Z</time>
      </trkpt>
      <trkpt lat="42.413473" lon="-71.046386">
        <ele>20.716469</ele>
        <time>2025-09-14T14:38:56.933Z</time>
      </trkpt>
      <trkpt lat="42.413386" lon="-71.046306">
        <ele>20.731043</ele>
        <time>2025-09-14T14:38:58.932Z</time>
      </trkpt>
      <trkpt lat="42.413297" lon="-71.046239">
        <ele>20.745156</ele>
        <time>2025-09-14T14:39:00.934Z</time>
      </trkpt>
      <trkpt lat="42.413176" lon="-71.046206">
        <ele>20.762263</ele>
        <time>2025-09-14T14:39:03.935Z</time>
      </trkpt>
      <trkpt lat="42.413084" lon="-71.046132">
        <ele>20.777094</ele>
        <time>2025-09-14T14:39:05.935Z</time>
      </trkpt>
      <trkpt lat="42.413002" lon="-71.046078">
        <ele>20.789731</ele>
        <time>2025-09-14T14:39:07.936Z</time>
      </trkpt>
      <trkpt lat="42.412870" lon="-71.046000">
        <ele>20.809692</ele>
        <time>2025-09-14T14:39:10.937Z</time>
      </trkpt>
      <trkpt lat="42.412751" lon="-71.045931">
        <ele>20.827633</ele>
        <time>2025-09-14T14:39:13.937Z</time>
      </trkpt>
      <trkpt lat="42.412662" lon="-71.045903">
        <ele>20.840297</ele>
        <time>2025-09-14T14:39:16.937Z</time>
      </trkpt>
      <trkpt lat="42.412571" lon="-71.045859">
        <ele>20.853690</ele>
        <time>2025-09-14T14:39:20.938Z</time>
      </trkpt>
      <trkpt lat="42.412463" lon="-71.045815">
        <ele>20.869321</ele>
        <time>2025-09-14T14:39:28.938Z</time>
      </trkpt>
      <trkpt lat="42.412360" lon="-71.045777">
        <ele>20.866299</ele>
        <time>2025-09-14T14:39:31.939Z</time>
      </trkpt>
      <trkpt lat="42.412265" lon="-71.045772">
        <ele>20.861133</ele>
        <time>2025-09-14T14:39:33.939Z</time>
      </trkpt>
      <trkpt lat="42.412145" lon="-71.045786">
        <ele>20.854588</ele>
        <time>2025-09-14T14:39:36.939Z</time>
      </trkpt>
      <trkpt lat="42.412047" lon="-71.045790">
        <ele>20.849261</ele>
        <time>2025-09-14T14:39:38.939Z</time>
      </trkpt>
      <trkpt lat="42.411956" lon="-71.045765">
        <ele>20.844216</ele>
        <time>2025-09-14T14:39:40.939Z</time>
      </trkpt>
      <trkpt lat="42.411852" lon="-71.045764">
        <ele>20.838564</ele>
        <time>2025-09-14T14:39:42.939Z</time>
      </trkpt>
      <trkpt lat="42.411744" lon="-71.045758">
        <ele>20.832691</ele>
        <time>2025-09-14T14:39:44.939Z</time>
      </trkpt>
      <trkpt lat="42.411637" lon="-71.045765">
        <ele>20.826870</ele>
        <time>2025-09-14T14:39:46.939Z</time>
      </trkpt>
      <trkpt lat="42.411535" lon="-71.045764">
        <ele>20.821327</ele>
        <time>2025-09-14T14:39:48.939Z</time>
      </trkpt>
      <trkpt lat="42.411424" lon="-71.045774">
        <ele>20.815283</ele>
        <time>2025-09-14T14:39:50.938Z</time>
      </trkpt>
      <trkpt lat="42.411320" lon="-71.045761">
        <ele>20.809607</ele>
        <time>2025-09-14T14:39:52.937Z</time>
      </trkpt>
      <trkpt lat="42.411223" lon="-71.045748">
        <ele>20.804311</ele>
        <time>2025-09-14T14:39:54.938Z</time>
      </trkpt>
      <trkpt lat="42.411114" lon="-71.045762">
        <ele>20.798362</ele>
        <time>2025-09-14T14:39:56.938Z</time>
      </trkpt>
      <trkpt lat="42.411011" lon="-71.045745">
        <ele>20.792723</ele>
        <time>2025-09-14T14:39:58.938Z</time>
      </trkpt>
      <trkpt lat="42.410892" lon="-71.045758">
        <ele>20.786236</ele>
        <time>2025-09-14T14:40:00.937Z</time>
      </trkpt>
      <trkpt lat="42.410781" lon="-71.045763">
        <ele>20.780201</ele>
        <time>2025-09-14T14:40:02.937Z</time>
      </trkpt>
      <trkpt lat="42.410686" lon="-71.045778">
        <ele>20.775004</ele>
        <time>2025-09-14T14:40:04.937Z</time>
      </trkpt>
      <trkpt lat="42.410579" lon="-71.045764">
        <ele>20.721916</ele>
        <time>2025-09-14T14:40:06.938Z</time>
      </trkpt>
      <trkpt lat="42.410480" lon="-71.045784">
        <ele>20.658339</ele>
        <time>2025-09-14T14:40:08.938Z</time>
      </trkpt>
      <trkpt lat="42.410371" lon="-71.045781">
        <ele>20.589091</ele>
        <time>2025-09-14T14:40:10.938Z</time>
      </trkpt>
      <trkpt lat="42.410255" lon="-71.045798">
        <ele>20.514982</ele>
        <time>2025-09-14T14:40:12.938Z</time>
      </trkpt>
      <trkpt lat="42.410161" lon="-71.045817">
        <ele>20.454615</ele>
        <time>2025-09-14T14:40:14.938Z</time>
      </trkpt>
      <trkpt lat="42.410065" lon="-71.045823">
        <ele>20.393574</ele>
        <time>2025-09-14T14:40:16.938Z</time>
      </trkpt>
      <trkpt lat="42.409953" lon="-71.045832">
        <ele>20.322310</ele>
        <time>2025-09-14T14:40:18.938Z</time>
      </trkpt>
      <trkpt lat="42.409851" lon="-71.045858">
        <ele>20.256385</ele>
        <time>2025-09-14T14:40:20.938Z</time>
      </trkpt>
      <trkpt lat="42.409744" lon="-71.045865">
        <ele>20.188343</ele>
        <time>2025-09-14T14:40:22.938Z</time>
      </trkpt>
      <trkpt lat="42.409638" lon="-71.045902">
        <ele>20.118815</ele>
        <time>2025-09-14T14:40:24.938Z</time>
      </trkpt>
      <trkpt lat="42.409552" lon="-71.045969">
        <ele>20.055798</ele>
        <time>2025-09-14T14:40:26.938Z</time>
      </trkpt>
      <trkpt lat="42.409450" lon="-71.046006">
        <ele>19.988727</ele>
        <time>2025-09-14T14:40:28.938Z</time>
      </trkpt>
      <trkpt lat="42.409337" lon="-71.046022">
        <ele>19.916562</ele>
        <time>2025-09-14T14:40:30.938Z</time>
      </trkpt>
      <trkpt lat="42.409250" lon="-71.046054">
        <ele>19.859301</ele>
        <time>2025-09-14T14:40:32.938Z</time>
      </trkpt>
      <trkpt lat="42.409147" lon="-71.046080">
        <ele>19.792752</ele>
        <time>2025-09-14T14:40:34.938Z</time>
      </trkpt>
      <trkpt lat="42.409060" lon="-71.046121">
        <ele>19.734242</ele>
        <time>2025-09-14T14:40:36.938Z</time>
      </trkpt>
      <trkpt lat="42.408959" lon="-71.046132">
        <ele>19.669883</ele>
        <time>2025-09-14T14:40:38.938Z</time>
      </trkpt>
      <trkpt lat="42.408845" lon="-71.046195">
        <ele>19.540096</ele>
        <time>2025-09-14T14:40:41.938Z</time>
      </trkpt>
      <trkpt lat="42.408738" lon="-71.046222">
        <ele>19.380602</ele>
        <time>2025-09-14T14:40:44.938Z</time>
      </trkpt>
      <trkpt lat="42.408647" lon="-71.046228">
        <ele>19.247093</ele>
        <time>2025-09-14T14:40:52.938Z</time>
      </trkpt>
      <trkpt lat="42.408558" lon="-71.046272">
        <ele>19.108256</ele>
        <time>2025-09-14T14:40:56.938Z</time>
      </trkpt>
      <trkpt lat="42.408431" lon="-71.046338">
        <ele>18.908922</ele>
        <time>2025-09-14T14:40:59.938Z</time>
      </trkpt>
      <trkpt lat="42.408333" lon="-71.046352">
        <ele>18.764517</ele>
        <time>2025-09-14T14:41:01.938Z</time>
      </trkpt>
      <trkpt lat="42.408235" lon="-71.046404">
        <ele>18.610281</ele>
        <time>2025-09-14T14:41:03.938Z</time>
      </trkpt>
      <trkpt lat="42.408132" lon="-71.046443">
        <ele>18.453558</ele>
        <time>2025-09-14T14:41:05.938Z</time>
      </trkpt>
      <trkpt lat="42.408013" lon="-71.046470">
        <ele>18.276747</ele>
        <time>2025-09-14T14:41:07.938Z</time>
      </trkpt>
      <trkpt lat="42.407903" lon="-71.046524">
        <ele>18.105292</ele>
        <time>2025-09-14T14:41:09.938Z</time>
      </trkpt>
      <trkpt lat="42.407801" lon="-71.046586">
        <ele>17.941459</ele>
        <time>2025-09-14T14:41:11.938Z</time>
      </trkpt>
      <trkpt lat="42.407688" lon="-71.046621">
        <ele>17.771595</ele>
        <time>2025-09-14T14:41:13.938Z</time>
      </trkpt>
      <trkpt lat="42.407590" lon="-71.046690">
        <ele>17.609740</ele>
        <time>2025-09-14T14:41:15.938Z</time>
      </trkpt>
      <trkpt lat="42.407468" lon="-71.046751">
        <ele>17.419168</ele>
        <time>2025-09-14T14:41:17.938Z</time>
      </trkpt>
      <trkpt lat="42.407359" lon="-71.046798">
        <ele>17.251541</ele>
        <time>2025-09-14T14:41:19.938Z</time>
      </trkpt>
      <trkpt lat="42.407250" lon="-71.046870">
        <ele>17.073828</ele>
        <time>2025-09-14T14:41:21.938Z</time>
      </trkpt>
      <trkpt lat="42.407131" lon="-71.046910">
        <ele>16.895528</ele>
        <time>2025-09-14T14:41:23.938Z</time>
      </trkpt>
      <trkpt lat="42.407023" lon="-71.046954">
        <ele>16.732500</ele>
        <time>2025-09-14T14:41:25.938Z</time>
      </trkpt>
      <trkpt lat="42.406918" lon="-71.047001">
        <ele>16.572643</ele>
        <time>2025-09-14T14:41:27.938Z</time>
      </trkpt>
      <trkpt lat="42.406805" lon="-71.047053">
        <ele>16.400126</ele>
        <time>2025-09-14T14:41:29.938Z</time>
      </trkpt>
      <trkpt lat="42.406696" lon="-71.047080">
        <ele>16.239949</ele>
        <time>2025-09-14T14:41:31.938Z</time>
      </trkpt>
      <trkpt lat="42.406605" lon="-71.047141">
        <ele>16.093174</ele>
        <time>2025-09-14T14:41:33.938Z</time>
      </trkpt>
      <trkpt lat="42.406513" lon="-71.047181">
        <ele>15.953500</ele>
        <time>2025-09-14T14:41:35.938Z</time>
      </trkpt>
      <trkpt lat="42.406421" lon="-71.047230">
        <ele>15.810597</ele>
        <time>2025-09-14T14:41:37.938Z</time>
      </trkpt>
      <trkpt lat="42.406336" lon="-71.047288">
        <ele>15.673012</ele>
        <time>2025-09-14T14:41:39.938Z</time>
      </trkpt>
      <trkpt lat="42.406222" lon="-71.047347">
        <ele>15.496598</ele>
        <time>2025-09-14T14:41:42.937Z</time>
      </trkpt>
      <trkpt lat="42.406099" lon="-71.047415">
        <ele>15.304554</ele>
        <time>2025-09-14T14:41:45.937Z</time>
      </trkpt>
      <trkpt lat="42.405995" lon="-71.047448">
        <ele>15.150147</ele>
        <time>2025-09-14T14:41:47.937Z</time>
      </trkpt>
      <trkpt lat="42.405885" lon="-71.047499">
        <ele>14.982079</ele>
        <time>2025-09-14T14:41:49.937Z</time>
      </trkpt>
      <trkpt lat="42.405771" lon="-71.047543">
        <ele>14.810726</ele>
        <time>2025-09-14T14:41:51.937Z</time>
      </trkpt>
      <trkpt lat="42.405650" lon="-71.047567">
        <ele>14.633951</ele>
        <time>2025-09-14T14:41:53.937Z</time>
      </trkpt>
      <trkpt lat="42.405540" lon="-71.047622">
        <ele>14.464451</ele>
        <time>2025-09-14T14:41:55.937Z</time>
      </trkpt>
      <trkpt lat="42.405434" lon="-71.047672">
        <ele>14.247149</ele>
        <time>2025-09-14T14:41:57.937Z</time>
      </trkpt>
      <trkpt lat="42.405308" lon="-71.047707">
        <ele>13.951441</ele>
        <time>2025-09-14T14:41:59.937Z</time>
      </trkpt>
      <trkpt lat="42.405190" lon="-71.047771">
        <ele>13.659210</ele>
        <time>2025-09-14T14:42:01.937Z</time>
      </trkpt>
      <trkpt lat="42.405070" lon="-71.047824">
        <ele>13.369027</ele>
        <time>2025-09-14T14:42:03.937Z</time>
      </trkpt>
      <trkpt lat="42.404948" lon="-71.047888">
        <ele>13.068240</ele>
        <time>2025-09-14T14:42:05.937Z</time>
      </trkpt>
      <trkpt lat="42.404827" lon="-71.047952">
        <ele>12.769594</ele>
        <time>2025-09-14T14:42:07.936Z</time>
      </trkpt>
      <trkpt lat="42.404709" lon="-71.048004">
        <ele>12.484309</ele>
        <time>2025-09-14T14:42:09.937Z</time>
      </trkpt>
      <trkpt lat="42.404595" lon="-71.048059">
        <ele>12.206086</ele>
        <time>2025-09-14T14:42:11.937Z</time>
      </trkpt>
      <trkpt lat="42.404494" lon="-71.048116">
        <ele>11.954530</ele>
        <time>2025-09-14T14:42:13.937Z</time>
      </trkpt>
      <trkpt lat="42.404393" lon="-71.048169">
        <ele>11.705507</ele>
        <time>2025-09-14T14:42:15.937Z</time>
      </trkpt>
      <trkpt lat="42.404345" lon="-71.048321">
        <ele>11.424864</ele>
        <time>2025-09-14T14:42:19.937Z</time>
      </trkpt>
      <trkpt lat="42.404322" lon="-71.048468">
        <ele>11.169775</ele>
        <time>2025-09-14T14:42:22.937Z</time>
      </trkpt>
      <trkpt lat="42.404354" lon="-71.048589">
        <ele>10.951588</ele>
        <time>2025-09-14T14:42:24.937Z</time>
      </trkpt>
      <trkpt lat="42.404383" lon="-71.048731">
        <ele>10.701477</ele>
        <time>2025-09-14T14:42:26.937Z</time>
      </trkpt>
      <trkpt lat="42.404409" lon="-71.048870">
        <ele>10.458057</ele>
        <time>2025-09-14T14:42:28.937Z</time>
      </trkpt>
      <trkpt lat="42.404412" lon="-71.049011">
        <ele>10.265728</ele>
        <time>2025-09-14T14:42:30.937Z</time>
      </trkpt>
      <trkpt lat="42.404451" lon="-71.049145">
        <ele>10.297479</ele>
        <time>2025-09-14T14:42:32.937Z</time>
      </trkpt>
      <trkpt lat="42.404469" lon="-71.049275">
        <ele>10.326637</ele>
        <time>2025-09-14T14:42:34.937Z</time>
      </trkpt>
      <trkpt lat="42.404485" lon="-71.049406">
        <ele>10.355908</ele>
        <time>2025-09-14T14:42:36.937Z</time>
      </trkpt>
      <trkpt lat="42.404512" lon="-71.049536">
        <ele>10.385678</ele>
        <time>2025-09-14T14:42:38.937Z</time>
      </trkpt>
      <trkpt lat="42.404549" lon="-71.049705">
        <ele>10.424537</ele>
        <time>2025-09-14T14:42:41.937Z</time>
      </trkpt>
      <trkpt lat="42.404605" lon="-71.049853">
        <ele>10.461198</ele>
        <time>2025-09-14T14:42:44.937Z</time>
      </trkpt>
      <trkpt lat="42.404644" lon="-71.050033">
        <ele>10.502551</ele>
        <time>2025-09-14T14:42:47.937Z</time>
      </trkpt>
      <trkpt lat="42.404679" lon="-71.050157">
        <ele>10.531816</ele>
        <time>2025-09-14T14:42:49.937Z</time>
      </trkpt>
      <trkpt lat="42.404722" lon="-71.050302">
        <ele>10.566262</ele>
        <time>2025-09-14T14:42:52.937Z</time>
      </trkpt>
      <trkpt lat="42.404783" lon="-71.050398">
        <ele>10.594182</ele>
        <time>2025-09-14T14:43:00.937Z</time>
      </trkpt>
      <trkpt lat="42.404728" lon="-71.050505">
        <ele>10.622922</ele>
        <time>2025-09-14T14:43:38.936Z</time>
      </trkpt>
      <trkpt lat="42.404541" lon="-71.050234">
        <ele>10.704689</ele>
        <time>2025-09-14T14:44:36.936Z</time>
      </trkpt>
      <trkpt lat="42.404494" lon="-71.050110">
        <ele>10.735416</ele>
        <time>2025-09-14T14:44:39.936Z</time>
      </trkpt>
      <trkpt lat="42.404455" lon="-71.049976">
        <ele>10.767168</ele>
        <time>2025-09-14T14:44:43.936Z</time>
      </trkpt>
      <trkpt lat="42.404420" lon="-71.049860">
        <ele>10.794792</ele>
        <time>2025-09-14T14:44:51.936Z</time>
      </trkpt>
      <trkpt lat="42.404460" lon="-71.049748">
        <ele>10.763462</ele>
        <time>2025-09-14T14:45:15.936Z</time>
      </trkpt>
      <trkpt lat="42.404425" lon="-71.049631">
        <ele>10.725698</ele>
        <time>2025-09-14T14:45:25.936Z</time>
      </trkpt>
      <trkpt lat="42.404378" lon="-71.049525">
        <ele>10.688710</ele>
        <time>2025-09-14T14:45:29.936Z</time>
      </trkpt>
      <trkpt lat="42.404347" lon="-71.049367">
        <ele>10.639804</ele>
        <time>2025-09-14T14:45:32.936Z</time>
      </trkpt>
      <trkpt lat="42.404265" lon="-71.049277">
        <ele>10.597043</ele>
        <time>2025-09-14T14:45:34.936Z</time>
      </trkpt>
      <trkpt lat="42.404225" lon="-71.049104">
        <ele>10.542812</ele>
        <time>2025-09-14T14:45:36.936Z</time>
      </trkpt>
      <trkpt lat="42.404196" lon="-71.048942">
        <ele>10.492945</ele>
        <time>2025-09-14T14:45:38.936Z</time>
      </trkpt>
      <trkpt lat="42.404169" lon="-71.048796">
        <ele>10.447920</ele>
        <time>2025-09-14T14:45:40.936Z</time>
      </trkpt>
      <trkpt lat="42.404088" lon="-71.048681">
        <ele>10.400376</ele>
        <time>2025-09-14T14:45:43.936Z</time>
      </trkpt>
      <trkpt lat="42.404037" lon="-71.048559">
        <ele>10.358437</ele>
        <time>2025-09-14T14:45:45.936Z</time>
      </trkpt>
      <trkpt lat="42.403976" lon="-71.048436">
        <ele>10.314112</ele>
        <time>2025-09-14T14:45:47.936Z</time>
      </trkpt>
      <trkpt lat="42.403947" lon="-71.048320">
        <ele>10.277476</ele>
        <time>2025-09-14T14:45:49.936Z</time>
      </trkpt>
      <trkpt lat="42.403864" lon="-71.048222">
        <ele>10.232864</ele>
        <time>2025-09-14T14:45:51.936Z</time>
      </trkpt>
      <trkpt lat="42.403756" lon="-71.048104">
        <ele>10.176645</ele>
        <time>2025-09-14T14:45:53.936Z</time>
      </trkpt>
      <trkpt lat="42.403654" lon="-71.048022">
        <ele>10.128589</ele>
        <time>2025-09-14T14:45:55.936Z</time>
      </trkpt>
      <trkpt lat="42.403547" lon="-71.047932">
        <ele>10.077559</ele>
        <time>2025-09-14T14:45:57.936Z</time>
      </trkpt>
      <trkpt lat="42.403442" lon="-71.047826">
        <ele>9.976691</ele>
        <time>2025-09-14T14:45:59.936Z</time>
      </trkpt>
      <trkpt lat="42.403332" lon="-71.047777">
        <ele>9.878916</ele>
        <time>2025-09-14T14:46:01.935Z</time>
      </trkpt>
      <trkpt lat="42.403244" lon="-71.047634">
        <ele>9.762855</ele>
        <time>2025-09-14T14:46:04.935Z</time>
      </trkpt>
      <trkpt lat="42.403209" lon="-71.047492">
        <ele>9.669517</ele>
        <time>2025-09-14T14:46:06.935Z</time>
      </trkpt>
      <trkpt lat="42.403178" lon="-71.047336">
        <ele>9.568792</ele>
        <time>2025-09-14T14:46:08.935Z</time>
      </trkpt>
      <trkpt lat="42.403148" lon="-71.047179">
        <ele>9.467680</ele>
        <time>2025-09-14T14:46:10.933Z</time>
      </trkpt>
      <trkpt lat="42.403104" lon="-71.046661">
        <ele>9.142583</ele>
        <time>2025-09-14T14:46:16.934Z</time>
      </trkpt>
      <trkpt lat="42.403085" lon="-71.046490">
        <ele>9.034766</ele>
        <time>2025-09-14T14:46:18.933Z</time>
      </trkpt>
      <trkpt lat="42.403067" lon="-71.046308">
        <ele>8.920277</ele>
        <time>2025-09-14T14:46:20.934Z</time>
      </trkpt>
      <trkpt lat="42.403056" lon="-71.046096">
        <ele>8.787771</ele>
        <time>2025-09-14T14:46:22.934Z</time>
      </trkpt>
      <trkpt lat="42.403027" lon="-71.045936">
        <ele>8.685051</ele>
        <time>2025-09-14T14:46:24.934Z</time>
      </trkpt>
      <trkpt lat="42.403008" lon="-71.045758">
        <ele>8.572917</ele>
        <time>2025-09-14T14:46:26.934Z</time>
      </trkpt>
      <trkpt lat="42.403000" lon="-71.045553">
        <ele>8.580941</ele>
        <time>2025-09-14T14:46:28.933Z</time>
      </trkpt>
      <trkpt lat="42.402988" lon="-71.045355">
        <ele>8.617565</ele>
        <time>2025-09-14T14:46:30.933Z</time>
      </trkpt>
      <trkpt lat="42.402963" lon="-71.045183">
        <ele>8.649881</ele>
        <time>2025-09-14T14:46:32.933Z</time>
      </trkpt>
      <trkpt lat="42.402940" lon="-71.044989">
        <ele>8.686103</ele>
        <time>2025-09-14T14:46:34.933Z</time>
      </trkpt>
      <trkpt lat="42.402917" lon="-71.044820">
        <ele>8.717782</ele>
        <time>2025-09-14T14:46:36.933Z</time>
      </trkpt>
      <trkpt lat="42.402898" lon="-71.044660">
        <ele>8.747657</ele>
        <time>2025-09-14T14:46:38.933Z</time>
      </trkpt>
      <trkpt lat="42.402864" lon="-71.044519">
        <ele>8.775001</ele>
        <time>2025-09-14T14:46:40.933Z</time>
      </trkpt>
      <trkpt lat="42.402850" lon="-71.044351">
        <ele>8.806168</ele>
        <time>2025-09-14T14:46:42.933Z</time>
      </trkpt>
      <trkpt lat="42.402823" lon="-71.044183">
        <ele>8.837864</ele>
        <time>2025-09-14T14:46:44.933Z</time>
      </trkpt>
      <trkpt lat="42.402808" lon="-71.044029">
        <ele>8.866500</ele>
        <time>2025-09-14T14:46:46.933Z</time>
      </trkpt>
      <trkpt lat="42.402792" lon="-71.043874">
        <ele>8.895352</ele>
        <time>2025-09-14T14:46:48.933Z</time>
      </trkpt>
      <trkpt lat="42.402767" lon="-71.043729">
        <ele>8.922801</ele>
        <time>2025-09-14T14:46:50.933Z</time>
      </trkpt>
      <trkpt lat="42.402772" lon="-71.043557">
        <ele>8.954534</ele>
        <time>2025-09-14T14:46:52.933Z</time>
      </trkpt>
      <trkpt lat="42.402769" lon="-71.043427">
        <ele>8.978511</ele>
        <time>2025-09-14T14:46:54.933Z</time>
      </trkpt>
      <trkpt lat="42.402763" lon="-71.043270">
        <ele>8.931526</ele>
        <time>2025-09-14T14:46:56.933Z</time>
      </trkpt>
      <trkpt lat="42.402759" lon="-71.043103">
        <ele>8.688807</ele>
        <time>2025-09-14T14:46:59.933Z</time>
      </trkpt>
      <trkpt lat="42.402759" lon="-71.042934">
        <ele>8.443309</ele>
        <time>2025-09-14T14:47:02.933Z</time>
      </trkpt>
      <trkpt lat="42.402750" lon="-71.042793">
        <ele>8.237722</ele>
        <time>2025-09-14T14:47:05.933Z</time>
      </trkpt>
      <trkpt lat="42.402750" lon="-71.042656">
        <ele>8.038710</ele>
        <time>2025-09-14T14:47:08.933Z</time>
      </trkpt>
      <trkpt lat="42.402763" lon="-71.042493">
        <ele>7.800551</ele>
        <time>2025-09-14T14:47:11.933Z</time>
      </trkpt>
      <trkpt lat="42.402768" lon="-71.042356">
        <ele>7.601296</ele>
        <time>2025-09-14T14:47:13.933Z</time>
      </trkpt>
      <trkpt lat="42.402726" lon="-71.042207">
        <ele>7.369617</ele>
        <time>2025-09-14T14:47:16.933Z</time>
      </trkpt>
      <trkpt lat="42.402662" lon="-71.042114">
        <ele>7.184949</ele>
        <time>2025-09-14T14:47:19.933Z</time>
      </trkpt>
      <trkpt lat="42.402570" lon="-71.042038">
        <ele>6.972948</ele>
        <time>2025-09-14T14:47:22.933Z</time>
      </trkpt>
      <trkpt lat="42.402477" lon="-71.042012">
        <ele>6.786138</ele>
        <time>2025-09-14T14:47:24.933Z</time>
      </trkpt>
      <trkpt lat="42.402379" lon="-71.041971">
        <ele>6.584360</ele>
        <time>2025-09-14T14:47:26.933Z</time>
      </trkpt>
      <trkpt lat="42.402271" lon="-71.041932">
        <ele>6.364475</ele>
        <time>2025-09-14T14:47:28.933Z</time>
      </trkpt>
      <trkpt lat="42.402177" lon="-71.041895">
        <ele>6.171903</ele>
        <time>2025-09-14T14:47:30.933Z</time>
      </trkpt>
      <trkpt lat="42.402082" lon="-71.041837">
        <ele>5.966902</ele>
        <time>2025-09-14T14:47:32.933Z</time>
      </trkpt>
      <trkpt lat="42.401982" lon="-71.041824">
        <ele>5.769274</ele>
        <time>2025-09-14T14:47:35.933Z</time>
      </trkpt>
      <trkpt lat="42.401668" lon="-71.041686">
        <ele>5.461681</ele>
        <time>2025-09-14T14:49:02.932Z</time>
      </trkpt>
      <trkpt lat="42.401573" lon="-71.041650">
        <ele>5.462300</ele>
        <time>2025-09-14T14:49:04.932Z</time>
      </trkpt>
      <trkpt lat="42.401443" lon="-71.041623">
        <ele>5.463125</ele>
        <time>2025-09-14T14:49:07.932Z</time>
      </trkpt>
      <trkpt lat="42.401348" lon="-71.041536">
        <ele>5.463844</ele>
        <time>2025-09-14T14:49:09.932Z</time>
      </trkpt>
      <trkpt lat="42.401234" lon="-71.041507">
        <ele>5.464572</ele>
        <time>2025-09-14T14:49:11.932Z</time>
      </trkpt>
      <trkpt lat="42.401123" lon="-71.041484">
        <ele>5.465276</ele>
        <time>2025-09-14T14:49:13.932Z</time>
      </trkpt>
      <trkpt lat="42.401026" lon="-71.041454">
        <ele>5.465900</ele>
        <time>2025-09-14T14:49:15.932Z</time>
      </trkpt>
      <trkpt lat="42.400885" lon="-71.041415">
        <ele>5.466803</ele>
        <time>2025-09-14T14:49:18.932Z</time>
      </trkpt>
      <trkpt lat="42.400747" lon="-71.041344">
        <ele>5.467729</ele>
        <time>2025-09-14T14:49:20.932Z</time>
      </trkpt>
      <trkpt lat="42.400638" lon="-71.041306">
        <ele>5.468435</ele>
        <time>2025-09-14T14:49:22.932Z</time>
      </trkpt>
      <trkpt lat="42.400522" lon="-71.041253">
        <ele>5.469202</ele>
        <time>2025-09-14T14:49:24.932Z</time>
      </trkpt>
      <trkpt lat="42.400412" lon="-71.041201">
        <ele>5.469933</ele>
        <time>2025-09-14T14:49:26.932Z</time>
      </trkpt>
      <trkpt lat="42.400301" lon="-71.041183">
        <ele>5.470634</ele>
        <time>2025-09-14T14:49:28.932Z</time>
      </trkpt>
      <trkpt lat="42.400201" lon="-71.041139">
        <ele>5.471294</ele>
        <time>2025-09-14T14:49:30.932Z</time>
      </trkpt>
      <trkpt lat="42.400098" lon="-71.041116">
        <ele>5.469804</ele>
        <time>2025-09-14T14:49:32.932Z</time>
      </trkpt>
      <trkpt lat="42.399996" lon="-71.041093">
        <ele>5.451262</ele>
        <time>2025-09-14T14:49:34.932Z</time>
      </trkpt>
      <trkpt lat="42.399899" lon="-71.041078">
        <ele>5.433755</ele>
        <time>2025-09-14T14:49:36.932Z</time>
      </trkpt>
      <trkpt lat="42.399802" lon="-71.041061">
        <ele>5.416216</ele>
        <time>2025-09-14T14:49:38.932Z</time>
      </trkpt>
      <trkpt lat="42.399679" lon="-71.041037">
        <ele>5.393932</ele>
        <time>2025-09-14T14:49:41.932Z</time>
      </trkpt>
      <trkpt lat="42.399581" lon="-71.041018">
        <ele>5.376180</ele>
        <time>2025-09-14T14:49:44.932Z</time>
      </trkpt>
      <trkpt lat="42.399464" lon="-71.040976">
        <ele>5.354476</ele>
        <time>2025-09-14T14:49:47.932Z</time>
      </trkpt>
      <trkpt lat="42.399381" lon="-71.040924">
        <ele>5.338077</ele>
        <time>2025-09-14T14:49:50.932Z</time>
      </trkpt>
      <trkpt lat="42.399281" lon="-71.040973">
        <ele>5.319007</ele>
        <time>2025-09-14T14:49:59.932Z</time>
      </trkpt>
      <trkpt lat="42.399159" lon="-71.040963">
        <ele>5.297090</ele>
        <time>2025-09-14T14:50:02.932Z</time>
      </trkpt>
      <trkpt lat="42.399062" lon="-71.040889">
        <ele>5.277126</ele>
        <time>2025-09-14T14:50:04.932Z</time>
      </trkpt>
      <trkpt lat="42.398974" lon="-71.040844">
        <ele>5.260259</ele>
        <time>2025-09-14T14:50:06.932Z</time>
      </trkpt>
      <trkpt lat="42.398876" lon="-71.040782">
        <ele>5.240863</ele>
        <time>2025-09-14T14:50:08.932Z</time>
      </trkpt>
      <trkpt lat="42.398762" lon="-71.040729">
        <ele>5.219249</ele>
        <time>2025-09-14T14:50:10.932Z</time>
      </trkpt>
      <trkpt lat="42.398659" lon="-71.040693">
        <ele>5.200175</ele>
        <time>2025-09-14T14:50:12.932Z</time>
      </trkpt>
      <trkpt lat="42.398559" lon="-71.040659">
        <ele>5.181686</ele>
        <time>2025-09-14T14:50:14.932Z</time>
      </trkpt>
      <trkpt lat="42.398439" lon="-71.040622">
        <ele>5.159618</ele>
        <time>2025-09-14T14:50:16.932Z</time>
      </trkpt>
      <trkpt lat="42.398338" lon="-71.040585">
        <ele>5.189783</ele>
        <time>2025-09-14T14:50:18.932Z</time>
      </trkpt>
      <trkpt lat="42.398209" lon="-71.040550">
        <ele>5.302079</ele>
        <time>2025-09-14T14:50:20.931Z</time>
      </trkpt>
      <trkpt lat="42.398110" lon="-71.040515">
        <ele>5.389413</ele>
        <time>2025-09-14T14:50:22.931Z</time>
      </trkpt>
      <trkpt lat="42.397992" lon="-71.040481">
        <ele>5.492386</ele>
        <time>2025-09-14T14:50:24.931Z</time>
      </trkpt>
      <trkpt lat="42.397862" lon="-71.040435">
        <ele>5.607073</ele>
        <time>2025-09-14T14:50:26.931Z</time>
      </trkpt>
      <trkpt lat="42.397758" lon="-71.040410">
        <ele>5.697230</ele>
        <time>2025-09-14T14:50:28.931Z</time>
      </trkpt>
      <trkpt lat="42.397631" lon="-71.040370">
        <ele>5.808525</ele>
        <time>2025-09-14T14:50:30.932Z</time>
      </trkpt>
      <trkpt lat="42.397530" lon="-71.040336">
        <ele>5.897357</ele>
        <time>2025-09-14T14:50:32.931Z</time>
      </trkpt>
      <trkpt lat="42.397405" lon="-71.040294">
        <ele>6.007286</ele>
        <time>2025-09-14T14:50:34.931Z</time>
      </trkpt>
      <trkpt lat="42.397281" lon="-71.040253">
        <ele>6.116236</ele>
        <time>2025-09-14T14:50:36.931Z</time>
      </trkpt>
      <trkpt lat="42.397164" lon="-71.040216">
        <ele>6.218788</ele>
        <time>2025-09-14T14:50:38.931Z</time>
      </trkpt>
      <trkpt lat="42.397056" lon="-71.040186">
        <ele>6.312891</ele>
        <time>2025-09-14T14:50:40.931Z</time>
      </trkpt>
      <trkpt lat="42.396960" lon="-71.040140">
        <ele>6.399811</ele>
        <time>2025-09-14T14:51:12.931Z</time>
      </trkpt>
      <trkpt lat="42.396861" lon="-71.040128">
        <ele>6.484650</ele>
        <time>2025-09-14T14:51:16.931Z</time>
      </trkpt>
      <trkpt lat="42.396765" lon="-71.040115">
        <ele>6.566999</ele>
        <time>2025-09-14T14:51:18.931Z</time>
      </trkpt>
      <trkpt lat="42.396641" lon="-71.040090">
        <ele>6.674006</ele>
        <time>2025-09-14T14:51:21.931Z</time>
      </trkpt>
      <trkpt lat="42.396496" lon="-71.040054">
        <ele>6.674686</ele>
        <time>2025-09-14T14:51:24.931Z</time>
      </trkpt>
      <trkpt lat="42.396373" lon="-71.040024">
        <ele>6.665528</ele>
        <time>2025-09-14T14:51:26.931Z</time>
      </trkpt>
      <trkpt lat="42.396272" lon="-71.039998">
        <ele>6.657994</ele>
        <time>2025-09-14T14:51:28.931Z</time>
      </trkpt>
      <trkpt lat="42.396180" lon="-71.039976">
        <ele>6.651149</ele>
        <time>2025-09-14T14:51:30.931Z</time>
      </trkpt>
      <trkpt lat="42.396068" lon="-71.039950">
        <ele>6.642822</ele>
        <time>2025-09-14T14:51:32.931Z</time>
      </trkpt>
      <trkpt lat="42.395973" lon="-71.039927">
        <ele>6.635750</ele>
        <time>2025-09-14T14:51:34.931Z</time>
      </trkpt>
      <trkpt lat="42.395865" lon="-71.039898">
        <ele>6.627682</ele>
        <time>2025-09-14T14:51:36.931Z</time>
      </trkpt>
      <trkpt lat="42.395741" lon="-71.039859">
        <ele>6.618354</ele>
        <time>2025-09-14T14:51:39.931Z</time>
      </trkpt>
      <trkpt lat="42.395610" lon="-71.039854">
        <ele>6.608751</ele>
        <time>2025-09-14T14:51:42.931Z</time>
      </trkpt>
      <trkpt lat="42.395520" lon="-71.039890">
        <ele>6.601875</ele>
        <time>2025-09-14T14:51:44.931Z</time>
      </trkpt>
      <trkpt lat="42.395404" lon="-71.039855">
        <ele>6.593166</ele>
        <time>2025-09-14T14:51:47.931Z</time>
      </trkpt>
      <trkpt lat="42.395311" lon="-71.039829">
        <ele>6.586208</ele>
        <time>2025-09-14T14:51:50.931Z</time>
      </trkpt>
      <trkpt lat="42.395060" lon="-71.039617">
        <ele>6.564531</ele>
        <time>2025-09-14T14:53:50.929Z</time>
      </trkpt>
      <trkpt lat="42.394945" lon="-71.039612">
        <ele>6.556100</ele>
        <time>2025-09-14T14:53:53.929Z</time>
      </trkpt>
      <trkpt lat="42.394852" lon="-71.039584">
        <ele>6.581264</ele>
        <time>2025-09-14T14:53:55.929Z</time>
      </trkpt>
      <trkpt lat="42.394762" lon="-71.039550">
        <ele>6.634486</ele>
        <time>2025-09-14T14:53:57.929Z</time>
      </trkpt>
      <trkpt lat="42.394678" lon="-71.039506">
        <ele>6.685788</ele>
        <time>2025-09-14T14:53:59.929Z</time>
      </trkpt>
      <trkpt lat="42.394588" lon="-71.039470">
        <ele>6.739242</ele>
        <time>2025-09-14T14:54:01.929Z</time>
      </trkpt>
      <trkpt lat="42.394450" lon="-71.039446">
        <ele>6.818493</ele>
        <time>2025-09-14T14:54:03.929Z</time>
      </trkpt>
      <trkpt lat="42.394337" lon="-71.039441">
        <ele>6.882893</ele>
        <time>2025-09-14T14:54:05.929Z</time>
      </trkpt>
      <trkpt lat="42.394227" lon="-71.039402">
        <ele>6.947662</ele>
        <time>2025-09-14T14:54:07.929Z</time>
      </trkpt>
      <trkpt lat="42.394129" lon="-71.039383">
        <ele>7.004052</ele>
        <time>2025-09-14T14:54:09.929Z</time>
      </trkpt>
      <trkpt lat="42.394017" lon="-71.039389">
        <ele>7.067897</ele>
        <time>2025-09-14T14:54:11.929Z</time>
      </trkpt>
      <trkpt lat="42.393904" lon="-71.039361">
        <ele>7.133331</ele>
        <time>2025-09-14T14:54:13.929Z</time>
      </trkpt>
      <trkpt lat="42.393804" lon="-71.039330">
        <ele>7.191766</ele>
        <time>2025-09-14T14:54:15.929Z</time>
      </trkpt>
      <trkpt lat="42.393706" lon="-71.039302">
        <ele>7.248816</ele>
        <time>2025-09-14T14:54:17.929Z</time>
      </trkpt>
      <trkpt lat="42.393603" lon="-71.039265">
        <ele>7.309514</ele>
        <time>2025-09-14T14:54:19.929Z</time>
      </trkpt>
      <trkpt lat="42.393490" lon="-71.039230">
        <ele>7.375542</ele>
        <time>2025-09-14T14:54:21.929Z</time>
      </trkpt>
      <trkpt lat="42.393399" lon="-71.039194">
        <ele>7.429543</ele>
        <time>2025-09-14T14:54:23.929Z</time>
      </trkpt>
      <trkpt lat="42.393275" lon="-71.039164">
        <ele>7.501292</ele>
        <time>2025-09-14T14:54:25.929Z</time>
      </trkpt>
      <trkpt lat="42.393157" lon="-71.039136">
        <ele>7.569530</ele>
        <time>2025-09-14T14:54:27.929Z</time>
      </trkpt>
      <trkpt lat="42.393049" lon="-71.039090">
        <ele>7.694554</ele>
        <time>2025-09-14T14:54:29.929Z</time>
      </trkpt>
      <trkpt lat="42.392943" lon="-71.039072">
        <ele>7.820345</ele>
        <time>2025-09-14T14:54:31.929Z</time>
      </trkpt>
      <trkpt lat="42.392826" lon="-71.039028">
        <ele>7.963325</ele>
        <time>2025-09-14T14:54:33.929Z</time>
      </trkpt>
      <trkpt lat="42.392717" lon="-71.038973">
        <ele>8.100293</ele>
        <time>2025-09-14T14:54:35.929Z</time>
      </trkpt>
      <trkpt lat="42.392610" lon="-71.038938">
        <ele>8.229908</ele>
        <time>2025-09-14T14:54:37.929Z</time>
      </trkpt>
      <trkpt lat="42.392500" lon="-71.038904">
        <ele>8.362763</ele>
        <time>2025-09-14T14:54:39.929Z</time>
      </trkpt>
      <trkpt lat="42.392404" lon="-71.038863">
        <ele>8.481291</ele>
        <time>2025-09-14T14:54:41.929Z</time>
      </trkpt>
      <trkpt lat="42.392291" lon="-71.038834">
        <ele>8.616716</ele>
        <time>2025-09-14T14:54:43.929Z</time>
      </trkpt>
      <trkpt lat="42.392177" lon="-71.038824">
        <ele>8.751230</ele>
        <time>2025-09-14T14:54:45.929Z</time>
      </trkpt>
      <trkpt lat="42.392064" lon="-71.038812">
        <ele>8.884694</ele>
        <time>2025-09-14T14:54:47.929Z</time>
      </trkpt>
      <trkpt lat="42.391964" lon="-71.038780">
        <ele>9.005686</ele>
        <time>2025-09-14T14:54:49.929Z</time>
      </trkpt>
      <trkpt lat="42.391844" lon="-71.038756">
        <ele>9.148517</ele>
        <time>2025-09-14T14:54:52.929Z</time>
      </trkpt>
      <trkpt lat="42.391752" lon="-71.038748">
        <ele>9.257069</ele>
        <time>2025-09-14T14:54:54.929Z</time>
      </trkpt>
      <trkpt lat="42.391640" lon="-71.038720">
        <ele>9.391176</ele>
        <time>2025-09-14T14:54:57.929Z</time>
      </trkpt>
      <trkpt lat="42.391543" lon="-71.038698">
        <ele>9.506983</ele>
        <time>2025-09-14T14:54:59.928Z</time>
      </trkpt>
      <trkpt lat="42.391452" lon="-71.038658">
        <ele>9.619639</ele>
        <time>2025-09-14T14:55:01.928Z</time>
      </trkpt>
      <trkpt lat="42.391361" lon="-71.038626">
        <ele>9.700172</ele>
        <time>2025-09-14T14:55:03.928Z</time>
      </trkpt>
      <trkpt lat="42.391263" lon="-71.038580">
        <ele>9.717547</ele>
        <time>2025-09-14T14:55:05.928Z</time>
      </trkpt>
      <trkpt lat="42.391159" lon="-71.038533">
        <ele>9.735914</ele>
        <time>2025-09-14T14:55:08.928Z</time>
      </trkpt>
      <trkpt lat="42.391016" lon="-71.038494">
        <ele>9.760351</ele>
        <time>2025-09-14T14:55:11.928Z</time>
      </trkpt>
      <trkpt lat="42.390883" lon="-71.038459">
        <ele>9.783048</ele>
        <time>2025-09-14T14:55:14.928Z</time>
      </trkpt>
      <trkpt lat="42.390755" lon="-71.038417">
        <ele>9.805111</ele>
        <time>2025-09-14T14:55:17.928Z</time>
      </trkpt>
      <trkpt lat="42.390651" lon="-71.038387">
        <ele>9.822925</ele>
        <time>2025-09-14T14:55:21.928Z</time>
      </trkpt>
      <trkpt lat="42.390555" lon="-71.038360">
        <ele>9.839350</ele>
        <time>2025-09-14T14:55:24.929Z</time>
      </trkpt>
      <trkpt lat="42.390427" lon="-71.038312">
        <ele>9.861600</ele>
        <time>2025-09-14T14:55:27.929Z</time>
      </trkpt>
      <trkpt lat="42.390340" lon="-71.038261">
        <ele>9.877482</ele>
        <time>2025-09-14T14:55:31.929Z</time>
      </trkpt>
      <trkpt lat="42.390257" lon="-71.038191">
        <ele>9.893863</ele>
        <time>2025-09-14T14:55:33.929Z</time>
      </trkpt>
      <trkpt lat="42.390180" lon="-71.038114">
        <ele>9.909899</ele>
        <time>2025-09-14T14:55:35.929Z</time>
      </trkpt>
      <trkpt lat="42.390099" lon="-71.038032">
        <ele>9.926841</ele>
        <time>2025-09-14T14:55:37.929Z</time>
      </trkpt>
      <trkpt lat="42.390018" lon="-71.037950">
        <ele>9.943784</ele>
        <time>2025-09-14T14:55:39.929Z</time>
      </trkpt>
      <trkpt lat="42.389949" lon="-71.037869">
        <ele>9.959083</ele>
        <time>2025-09-14T14:55:49.929Z</time>
      </trkpt>
      <trkpt lat="42.389866" lon="-71.037785">
        <ele>9.976442</ele>
        <time>2025-09-14T14:56:00.928Z</time>
      </trkpt>
      <trkpt lat="42.389780" lon="-71.037695">
        <ele>9.994650</ele>
        <time>2025-09-14T14:56:03.928Z</time>
      </trkpt>
      <trkpt lat="42.389681" lon="-71.037633">
        <ele>9.871230</ele>
        <time>2025-09-14T14:56:06.928Z</time>
      </trkpt>
      <trkpt lat="42.389576" lon="-71.037635">
        <ele>9.737255</ele>
        <time>2025-09-14T14:56:10.928Z</time>
      </trkpt>
      <trkpt lat="42.389426" lon="-71.037808">
        <ele>9.485863</ele>
        <time>2025-09-14T14:56:13.928Z</time>
      </trkpt>
      <trkpt lat="42.389308" lon="-71.037884">
        <ele>9.319151</ele>
        <time>2025-09-14T14:56:16.928Z</time>
      </trkpt>
      <trkpt lat="42.389231" lon="-71.037958">
        <ele>9.198681</ele>
        <time>2025-09-14T14:56:18.928Z</time>
      </trkpt>
      <trkpt lat="42.389124" lon="-71.038000">
        <ele>9.056547</ele>
        <time>2025-09-14T14:56:21.928Z</time>
      </trkpt>
      <trkpt lat="42.389011" lon="-71.038038">
        <ele>8.907999</ele>
        <time>2025-09-14T14:56:23.928Z</time>
      </trkpt>
      <trkpt lat="42.388878" lon="-71.038124">
        <ele>8.719957</ele>
        <time>2025-09-14T14:56:26.928Z</time>
      </trkpt>
      <trkpt lat="42.388765" lon="-71.038225">
        <ele>8.547208</ele>
        <time>2025-09-14T14:56:29.928Z</time>
      </trkpt>
      <trkpt lat="42.388652" lon="-71.038317">
        <ele>8.378983</ele>
        <time>2025-09-14T14:56:32.928Z</time>
      </trkpt>
      <trkpt lat="42.388551" lon="-71.038399">
        <ele>8.228733</ele>
        <time>2025-09-14T14:56:34.928Z</time>
      </trkpt>
      <trkpt lat="42.388439" lon="-71.038479">
        <ele>8.067175</ele>
        <time>2025-09-14T14:56:36.928Z</time>
      </trkpt>
      <trkpt lat="42.388320" lon="-71.038557">
        <ele>7.898497</ele>
        <time>2025-09-14T14:56:38.927Z</time>
      </trkpt>
      <trkpt lat="42.388216" lon="-71.038642">
        <ele>7.743511</ele>
        <time>2025-09-14T14:56:40.927Z</time>
      </trkpt>
      <trkpt lat="42.388083" lon="-71.038711">
        <ele>7.714089</ele>
        <time>2025-09-14T14:56:42.927Z</time>
      </trkpt>
      <trkpt lat="42.387951" lon="-71.038676">
        <ele>7.729241</ele>
        <time>2025-09-14T14:56:44.928Z</time>
      </trkpt>
      <trkpt lat="42.387896" lon="-71.038518">
        <ele>7.743774</ele>
        <time>2025-09-14T14:56:46.927Z</time>
      </trkpt>
      <trkpt lat="42.387883" lon="-71.038364">
        <ele>7.756671</ele>
        <time>2025-09-14T14:56:48.927Z</time>
      </trkpt>
      <trkpt lat="42.387872" lon="-71.038194">
        <ele>7.770869</ele>
        <time>2025-09-14T14:56:50.928Z</time>
      </trkpt>
      <trkpt lat="42.387857" lon="-71.038040">
        <ele>7.783794</ele>
        <time>2025-09-14T14:56:52.927Z</time>
      </trkpt>
      <trkpt lat="42.387836" lon="-71.037872">
        <ele>7.797971</ele>
        <time>2025-09-14T14:56:54.927Z</time>
      </trkpt>
      <trkpt lat="42.387817" lon="-71.037726">
        <ele>7.810306</ele>
        <time>2025-09-14T14:56:56.927Z</time>
      </trkpt>
      <trkpt lat="42.387802" lon="-71.037573">
        <ele>7.823147</ele>
        <time>2025-09-14T14:56:58.927Z</time>
      </trkpt>
      <trkpt lat="42.387779" lon="-71.037421">
        <ele>7.836057</ele>
        <time>2025-09-14T14:57:00.927Z</time>
      </trkpt>
      <trkpt lat="42.387717" lon="-71.037291">
        <ele>7.848933</ele>
        <time>2025-09-14T14:57:02.927Z</time>
      </trkpt>
      <trkpt lat="42.387654" lon="-71.037180">
        <ele>7.860580</ele>
        <time>2025-09-14T14:57:04.927Z</time>
      </trkpt>
      <trkpt lat="42.387596" lon="-71.037053">
        <ele>7.873004</ele>
        <time>2025-09-14T14:57:06.927Z</time>
      </trkpt>
      <trkpt lat="42.387535" lon="-71.036926">
        <ele>7.885608</ele>
        <time>2025-09-14T14:57:08.927Z</time>
      </trkpt>
      <trkpt lat="42.387471" lon="-71.036799">
        <ele>7.898401</ele>
        <time>2025-09-14T14:57:10.927Z</time>
      </trkpt>
      <trkpt lat="42.387400" lon="-71.036670">
        <ele>7.881456</ele>
        <time>2025-09-14T14:57:12.927Z</time>
      </trkpt>
      <trkpt lat="42.387340" lon="-71.036542">
        <ele>7.842615</ele>
        <time>2025-09-14T14:57:14.927Z</time>
      </trkpt>
      <trkpt lat="42.387276" lon="-71.036410">
        <ele>7.802161</ele>
        <time>2025-09-14T14:57:16.927Z</time>
      </trkpt>
      <trkpt lat="42.387218" lon="-71.036275">
        <ele>7.762147</ele>
        <time>2025-09-14T14:57:18.927Z</time>
      </trkpt>
      <trkpt lat="42.387162" lon="-71.036157">
        <ele>7.726212</ele>
        <time>2025-09-14T14:57:20.927Z</time>
      </trkpt>
      <trkpt lat="42.387108" lon="-71.036028">
        <ele>7.688223</ele>
        <time>2025-09-14T14:57:22.927Z</time>
      </trkpt>
      <trkpt lat="42.387040" lon="-71.035904">
        <ele>7.648654</ele>
        <time>2025-09-14T14:57:24.927Z</time>
      </trkpt>
      <trkpt lat="42.386991" lon="-71.035771">
        <ele>7.610575</ele>
        <time>2025-09-14T14:57:26.927Z</time>
      </trkpt>
      <trkpt lat="42.386931" lon="-71.035660">
        <ele>7.575334</ele>
        <time>2025-09-14T14:57:28.927Z</time>
      </trkpt>
      <trkpt lat="42.386834" lon="-71.035498">
        <ele>7.521903</ele>
        <time>2025-09-14T14:57:31.927Z</time>
      </trkpt>
      <trkpt lat="42.386778" lon="-71.035350">
        <ele>7.479299</ele>
        <time>2025-09-14T14:57:33.927Z</time>
      </trkpt>
      <trkpt lat="42.386731" lon="-71.035222">
        <ele>7.442675</ele>
        <time>2025-09-14T14:57:35.927Z</time>
      </trkpt>
      <trkpt lat="42.386701" lon="-71.035061">
        <ele>7.400134</ele>
        <time>2025-09-14T14:57:37.927Z</time>
      </trkpt>
      <trkpt lat="42.386686" lon="-71.034896">
        <ele>7.357541</ele>
        <time>2025-09-14T14:57:39.927Z</time>
      </trkpt>
      <trkpt lat="42.386671" lon="-71.034740">
        <ele>7.317235</ele>
        <time>2025-09-14T14:57:41.927Z</time>
      </trkpt>
      <trkpt lat="42.386653" lon="-71.034564">
        <ele>7.284683</ele>
        <time>2025-09-14T14:57:43.927Z</time>
      </trkpt>
      <trkpt lat="42.386625" lon="-71.034410">
        <ele>7.304409</ele>
        <time>2025-09-14T14:57:45.927Z</time>
      </trkpt>
      <trkpt lat="42.386599" lon="-71.034246">
        <ele>7.325272</ele>
        <time>2025-09-14T14:57:47.927Z</time>
      </trkpt>
      <trkpt lat="42.386578" lon="-71.034088">
        <ele>7.345240</ele>
        <time>2025-09-14T14:57:49.927Z</time>
      </trkpt>
      <trkpt lat="42.386554" lon="-71.033942">
        <ele>7.363843</ele>
        <time>2025-09-14T14:57:51.927Z</time>
      </trkpt>
      <trkpt lat="42.386531" lon="-71.033794">
        <ele>7.382654</ele>
        <time>2025-09-14T14:57:53.927Z</time>
      </trkpt>
      <trkpt lat="42.386516" lon="-71.033644">
        <ele>7.401482</ele>
        <time>2025-09-14T14:57:55.927Z</time>
      </trkpt>
      <trkpt lat="42.386490" lon="-71.033506">
        <ele>7.419196</ele>
        <time>2025-09-14T14:57:57.927Z</time>
      </trkpt>
      <trkpt lat="42.386468" lon="-71.033361">
        <ele>7.437607</ele>
        <time>2025-09-14T14:57:59.927Z</time>
      </trkpt>
      <trkpt lat="42.386448" lon="-71.033216">
        <ele>7.455954</ele>
        <time>2025-09-14T14:58:01.927Z</time>
      </trkpt>
      <trkpt lat="42.386428" lon="-71.033083">
        <ele>7.472836</ele>
        <time>2025-09-14T14:58:03.927Z</time>
      </trkpt>
      <trkpt lat="42.386409" lon="-71.032949">
        <ele>7.489807</ele>
        <time>2025-09-14T14:58:05.927Z</time>
      </trkpt>
      <trkpt lat="42.386390" lon="-71.032819">
        <ele>7.506290</ele>
        <time>2025-09-14T14:58:07.927Z</time>
      </trkpt>
      <trkpt lat="42.386379" lon="-71.032693">
        <ele>7.522071</ele>
        <time>2025-09-14T14:58:09.927Z</time>
      </trkpt>
      <trkpt lat="42.386353" lon="-71.032567">
        <ele>7.538343</ele>
        <time>2025-09-14T14:58:11.926Z</time>
      </trkpt>
      <trkpt lat="42.386331" lon="-71.032437">
        <ele>7.554931</ele>
        <time>2025-09-14T14:58:13.926Z</time>
      </trkpt>
      <trkpt lat="42.386305" lon="-71.032314">
        <ele>7.570844</ele>
        <time>2025-09-14T14:58:15.926Z</time>
      </trkpt>
      <trkpt lat="42.386278" lon="-71.032192">
        <ele>7.553761</ele>
        <time>2025-09-14T14:58:17.926Z</time>
      </trkpt>
      <trkpt lat="42.386264" lon="-71.032029">
        <ele>7.373993</ele>
        <time>2025-09-14T14:58:19.926Z</time>
      </trkpt>
      <trkpt lat="42.386249" lon="-71.031855">
        <ele>7.182083</ele>
        <time>2025-09-14T14:58:21.926Z</time>
      </trkpt>
      <trkpt lat="42.386225" lon="-71.031667">
        <ele>6.973077</ele>
        <time>2025-09-14T14:58:24.926Z</time>
      </trkpt>
      <trkpt lat="42.386198" lon="-71.031512">
        <ele>6.798618</ele>
        <time>2025-09-14T14:58:26.926Z</time>
      </trkpt>
      <trkpt lat="42.386172" lon="-71.031356">
        <ele>6.623424</ele>
        <time>2025-09-14T14:58:28.926Z</time>
      </trkpt>
      <trkpt lat="42.386149" lon="-71.031210">
        <ele>6.459885</ele>
        <time>2025-09-14T14:58:30.926Z</time>
      </trkpt>
      <trkpt lat="42.386125" lon="-71.031064">
        <ele>6.296030</ele>
        <time>2025-09-14T14:58:32.926Z</time>
      </trkpt>
      <trkpt lat="42.386103" lon="-71.030914">
        <ele>6.128497</ele>
        <time>2025-09-14T14:58:34.926Z</time>
      </trkpt>
      <trkpt lat="42.386084" lon="-71.030761">
        <ele>5.958534</ele>
        <time>2025-09-14T14:58:36.926Z</time>
      </trkpt>
      <trkpt lat="42.386065" lon="-71.030612">
        <ele>5.792891</ele>
        <time>2025-09-14T14:58:38.926Z</time>
      </trkpt>
      <trkpt lat="42.386049" lon="-71.030468">
        <ele>5.633365</ele>
        <time>2025-09-14T14:58:40.926Z</time>
      </trkpt>
      <trkpt lat="42.386025" lon="-71.030328">
        <ele>5.475919</ele>
        <time>2025-09-14T14:58:42.926Z</time>
      </trkpt>
      <trkpt lat="42.386007" lon="-71.030182">
        <ele>5.313764</ele>
        <time>2025-09-14T14:58:44.927Z</time>
      </trkpt>
      <trkpt lat="42.385985" lon="-71.030041">
        <ele>5.155890</ele>
        <time>2025-09-14T14:58:46.926Z</time>
      </trkpt>
      <trkpt lat="42.385967" lon="-71.029897">
        <ele>4.995896</ele>
        <time>2025-09-14T14:58:48.927Z</time>
      </trkpt>
      <trkpt lat="42.385944" lon="-71.029761">
        <ele>4.944794</ele>
        <time>2025-09-14T14:58:50.926Z</time>
      </trkpt>
      <trkpt lat="42.385922" lon="-71.029624">
        <ele>5.006476</ele>
        <time>2025-09-14T14:58:52.926Z</time>
      </trkpt>
      <trkpt lat="42.385904" lon="-71.029479">
        <ele>5.071163</ele>
        <time>2025-09-14T14:58:54.926Z</time>
      </trkpt>
      <trkpt lat="42.385879" lon="-71.029352">
        <ele>5.128988</ele>
        <time>2025-09-14T14:58:56.926Z</time>
      </trkpt>
      <trkpt lat="42.385858" lon="-71.029200">
        <ele>5.197020</ele>
        <time>2025-09-14T14:58:58.926Z</time>
      </trkpt>
      <trkpt lat="42.385843" lon="-71.029072">
        <ele>5.254038</ele>
        <time>2025-09-14T14:59:00.926Z</time>
      </trkpt>
      <trkpt lat="42.385822" lon="-71.028930">
        <ele>5.317751</ele>
        <time>2025-09-14T14:59:02.926Z</time>
      </trkpt>
      <trkpt lat="42.385814" lon="-71.028802">
        <ele>5.374267</ele>
        <time>2025-09-14T14:59:04.926Z</time>
      </trkpt>
      <trkpt lat="42.385802" lon="-71.028662">
        <ele>5.436273</ele>
        <time>2025-09-14T14:59:06.926Z</time>
      </trkpt>
      <trkpt lat="42.385786" lon="-71.028539">
        <ele>5.491220</ele>
        <time>2025-09-14T14:59:08.926Z</time>
      </trkpt>
      <trkpt lat="42.385758" lon="-71.028398">
        <ele>5.555456</ele>
        <time>2025-09-14T14:59:10.926Z</time>
      </trkpt>
      <trkpt lat="42.385743" lon="-71.028262">
        <ele>5.615953</ele>
        <time>2025-09-14T14:59:12.926Z</time>
      </trkpt>
      <trkpt lat="42.385715" lon="-71.028129">
        <ele>5.676797</ele>
        <time>2025-09-14T14:59:14.926Z</time>
      </trkpt>
      <trkpt lat="42.385689" lon="-71.027992">
        <ele>5.739029</ele>
        <time>2025-09-14T14:59:16.926Z</time>
      </trkpt>
      <trkpt lat="42.385674" lon="-71.027853">
        <ele>5.800832</ele>
        <time>2025-09-14T14:59:18.926Z</time>
      </trkpt>
      <trkpt lat="42.385644" lon="-71.027722">
        <ele>5.861172</ele>
        <time>2025-09-14T14:59:20.926Z</time>
      </trkpt>
      <trkpt lat="42.385602" lon="-71.027555">
        <ele>5.938787</ele>
        <time>2025-09-14T14:59:23.926Z</time>
      </trkpt>
      <trkpt lat="42.385580" lon="-71.027408">
        <ele>5.982520</ele>
        <time>2025-09-14T14:59:25.926Z</time>
      </trkpt>
      <trkpt lat="42.385572" lon="-71.027273">
        <ele>5.967567</ele>
        <time>2025-09-14T14:59:27.926Z</time>
      </trkpt>
      <trkpt lat="42.385586" lon="-71.027114">
        <ele>5.949887</ele>
        <time>2025-09-14T14:59:29.926Z</time>
      </trkpt>
      <trkpt lat="42.385610" lon="-71.026984">
        <ele>5.935093</ele>
        <time>2025-09-14T14:59:31.926Z</time>
      </trkpt>
      <trkpt lat="42.385650" lon="-71.026842">
        <ele>5.918313</ele>
        <time>2025-09-14T14:59:33.926Z</time>
      </trkpt>
      <trkpt lat="42.385697" lon="-71.026690">
        <ele>5.900119</ele>
        <time>2025-09-14T14:59:35.926Z</time>
      </trkpt>
      <trkpt lat="42.385750" lon="-71.026544">
        <ele>5.882158</ele>
        <time>2025-09-14T14:59:37.926Z</time>
      </trkpt>
      <trkpt lat="42.385803" lon="-71.026398">
        <ele>5.864196</ele>
        <time>2025-09-14T14:59:39.926Z</time>
      </trkpt>
      <trkpt lat="42.385844" lon="-71.026257">
        <ele>5.847466</ele>
        <time>2025-09-14T14:59:41.926Z</time>
      </trkpt>
      <trkpt lat="42.385887" lon="-71.026121">
        <ele>5.831132</ele>
        <time>2025-09-14T14:59:43.926Z</time>
      </trkpt>
      <trkpt lat="42.385946" lon="-71.025974">
        <ele>5.812661</ele>
        <time>2025-09-14T14:59:45.926Z</time>
      </trkpt>
      <trkpt lat="42.385995" lon="-71.025837">
        <ele>5.795854</ele>
        <time>2025-09-14T14:59:47.926Z</time>
      </trkpt>
      <trkpt lat="42.386064" lon="-71.025676">
        <ele>5.775303</ele>
        <time>2025-09-14T14:59:50.926Z</time>
      </trkpt>
      <trkpt lat="42.386134" lon="-71.025523">
        <ele>5.755432</ele>
        <time>2025-09-14T14:59:52.926Z</time>
      </trkpt>
      <trkpt lat="42.386184" lon="-71.025386">
        <ele>5.738560</ele>
        <time>2025-09-14T14:59:54.926Z</time>
      </trkpt>
      <trkpt lat="42.386238" lon="-71.025252">
        <ele>5.721707</ele>
        <time>2025-09-14T14:59:56.926Z</time>
      </trkpt>
      <trkpt lat="42.386291" lon="-71.025110">
        <ele>5.849584</ele>
        <time>2025-09-14T14:59:58.926Z</time>
      </trkpt>
      <trkpt lat="42.386348" lon="-71.024974">
        <ele>6.011911</ele>
        <time>2025-09-14T15:00:00.926Z</time>
      </trkpt>
      <trkpt lat="42.386405" lon="-71.024833">
        <ele>6.178773</ele>
        <time>2025-09-14T15:00:02.926Z</time>
      </trkpt>
      <trkpt lat="42.386449" lon="-71.024696">
        <ele>6.333856</ele>
        <time>2025-09-14T15:00:04.926Z</time>
      </trkpt>
      <trkpt lat="42.386501" lon="-71.024570">
        <ele>6.483689</ele>
        <time>2025-09-14T15:00:06.926Z</time>
      </trkpt>
      <trkpt lat="42.386556" lon="-71.024440">
        <ele>6.639213</ele>
        <time>2025-09-14T15:00:08.926Z</time>
      </trkpt>
      <trkpt lat="42.386608" lon="-71.024302">
        <ele>6.800036</ele>
        <time>2025-09-14T15:00:10.926Z</time>
      </trkpt>
      <trkpt lat="42.386652" lon="-71.024175">
        <ele>6.945657</ele>
        <time>2025-09-14T15:00:12.926Z</time>
      </trkpt>
      <trkpt lat="42.386707" lon="-71.024050">
        <ele>7.096699</ele>
        <time>2025-09-14T15:00:14.926Z</time>
      </trkpt>
      <trkpt lat="42.386778" lon="-71.023956">
        <ele>7.236269</ele>
        <time>2025-09-14T15:00:16.926Z</time>
      </trkpt>
      <trkpt lat="42.386863" lon="-71.023863">
        <ele>7.389867</ele>
        <time>2025-09-14T15:00:18.926Z</time>
      </trkpt>
      <trkpt lat="42.386943" lon="-71.023798">
        <ele>7.520997</ele>
        <time>2025-09-14T15:00:20.926Z</time>
      </trkpt>
      <trkpt lat="42.387042" lon="-71.023746">
        <ele>7.670243</ele>
        <time>2025-09-14T15:00:22.926Z</time>
      </trkpt>
      <trkpt lat="42.387129" lon="-71.023687">
        <ele>7.807000</ele>
        <time>2025-09-14T15:00:24.926Z</time>
      </trkpt>
      <trkpt lat="42.387209" lon="-71.023588">
        <ele>7.959329</ele>
        <time>2025-09-14T15:00:27.926Z</time>
      </trkpt>
      <trkpt lat="42.387179" lon="-71.023432">
        <ele>8.126670</ele>
        <time>2025-09-14T15:00:31.926Z</time>
      </trkpt>
      <trkpt lat="42.387089" lon="-71.023353">
        <ele>8.232548</ele>
        <time>2025-09-14T15:00:34.926Z</time>
      </trkpt>
      <trkpt lat="42.386999" lon="-71.023297">
        <ele>8.172577</ele>
        <time>2025-09-14T15:00:37.926Z</time>
      </trkpt>
      <trkpt lat="42.386916" lon="-71.023239">
        <ele>8.116024</ele>
        <time>2025-09-14T15:00:39.925Z</time>
      </trkpt>
      <trkpt lat="42.386807" lon="-71.023149">
        <ele>8.038723</ele>
        <time>2025-09-14T15:00:42.925Z</time>
      </trkpt>
      <trkpt lat="42.386694" lon="-71.023094">
        <ele>7.966018</ele>
        <time>2025-09-14T15:00:46.925Z</time>
      </trkpt>
      <trkpt lat="42.386598" lon="-71.023021">
        <ele>7.899353</ele>
        <time>2025-09-14T15:00:48.925Z</time>
      </trkpt>
      <trkpt lat="42.386485" lon="-71.022931">
        <ele>7.819974</ele>
        <time>2025-09-14T15:00:51.925Z</time>
      </trkpt>
      <trkpt lat="42.386391" lon="-71.022875">
        <ele>7.757793</ele>
        <time>2025-09-14T15:00:53.925Z</time>
      </trkpt>
      <trkpt lat="42.386308" lon="-71.022821">
        <ele>7.702038</ele>
        <time>2025-09-14T15:00:55.925Z</time>
      </trkpt>
      <trkpt lat="42.386208" lon="-71.022753">
        <ele>7.634283</ele>
        <time>2025-09-14T15:00:57.924Z</time>
      </trkpt>
      <trkpt lat="42.386116" lon="-71.022690">
        <ele>7.571860</ele>
        <time>2025-09-14T15:00:59.924Z</time>
      </trkpt>
      <trkpt lat="42.386011" lon="-71.022618">
        <ele>7.500597</ele>
        <time>2025-09-14T15:01:01.924Z</time>
      </trkpt>
      <trkpt lat="42.385905" lon="-71.022554">
        <ele>7.430324</ele>
        <time>2025-09-14T15:01:03.925Z</time>
      </trkpt>
      <trkpt lat="42.385791" lon="-71.022467">
        <ele>7.351090</ele>
        <time>2025-09-14T15:01:05.925Z</time>
      </trkpt>
      <trkpt lat="42.385684" lon="-71.022413">
        <ele>7.281950</ele>
        <time>2025-09-14T15:01:07.925Z</time>
      </trkpt>
      <trkpt lat="42.385570" lon="-71.022354">
        <ele>7.208056</ele>
        <time>2025-09-14T15:01:09.925Z</time>
      </trkpt>
      <trkpt lat="42.385423" lon="-71.022303">
        <ele>7.167406</ele>
        <time>2025-09-14T15:01:11.925Z</time>
      </trkpt>
      <trkpt lat="42.385278" lon="-71.022287">
        <ele>7.189764</ele>
        <time>2025-09-14T15:01:13.925Z</time>
      </trkpt>
      <trkpt lat="42.385161" lon="-71.022297">
        <ele>7.207780</ele>
        <time>2025-09-14T15:01:15.925Z</time>
      </trkpt>
      <trkpt lat="42.385028" lon="-71.022313">
        <ele>7.228300</ele>
        <time>2025-09-14T15:01:17.925Z</time>
      </trkpt>
      <trkpt lat="42.384911" lon="-71.022334">
        <ele>7.246437</ele>
        <time>2025-09-14T15:01:19.925Z</time>
      </trkpt>
      <trkpt lat="42.384795" lon="-71.022364">
        <ele>7.264586</ele>
        <time>2025-09-14T15:01:21.925Z</time>
      </trkpt>
      <trkpt lat="42.384689" lon="-71.022402">
        <ele>7.281438</ele>
        <time>2025-09-14T15:01:23.925Z</time>
      </trkpt>
      <trkpt lat="42.384599" lon="-71.022434">
        <ele>7.295738</ele>
        <time>2025-09-14T15:01:25.925Z</time>
      </trkpt>
      <trkpt lat="42.384505" lon="-71.022472">
        <ele>7.310814</ele>
        <time>2025-09-14T15:01:27.925Z</time>
      </trkpt>
      <trkpt lat="42.384421" lon="-71.022529">
        <ele>7.325254</ele>
        <time>2025-09-14T15:01:29.925Z</time>
      </trkpt>
      <trkpt lat="42.384300" lon="-71.022584">
        <ele>7.344869</ele>
        <time>2025-09-14T15:01:32.925Z</time>
      </trkpt>
      <trkpt lat="42.384206" lon="-71.022650">
        <ele>7.361142</ele>
        <time>2025-09-14T15:01:35.925Z</time>
      </trkpt>
      <trkpt lat="42.384108" lon="-71.022687">
        <ele>7.376777</ele>
        <time>2025-09-14T15:01:37.925Z</time>
      </trkpt>
      <trkpt lat="42.384030" lon="-71.022752">
        <ele>7.390853</ele>
        <time>2025-09-14T15:01:39.925Z</time>
      </trkpt>
      <trkpt lat="42.383930" lon="-71.022814">
        <ele>7.407755</ele>
        <time>2025-09-14T15:01:41.925Z</time>
      </trkpt>
      <trkpt lat="42.383831" lon="-71.022880">
        <ele>7.424714</ele>
        <time>2025-09-14T15:01:43.925Z</time>
      </trkpt>
      <trkpt lat="42.383745" lon="-71.022946">
        <ele>7.470570</ele>
        <time>2025-09-14T15:01:45.925Z</time>
      </trkpt>
      <trkpt lat="42.383671" lon="-71.023034">
        <ele>7.557577</ele>
        <time>2025-09-14T15:01:47.925Z</time>
      </trkpt>
      <trkpt lat="42.383580" lon="-71.023091">
        <ele>7.646151</ele>
        <time>2025-09-14T15:01:49.925Z</time>
      </trkpt>
      <trkpt lat="42.383492" lon="-71.023201">
        <ele>7.751956</ele>
        <time>2025-09-14T15:01:52.925Z</time>
      </trkpt>
      <trkpt lat="42.383415" lon="-71.023270">
        <ele>7.833526</ele>
        <time>2025-09-14T15:01:54.925Z</time>
      </trkpt>
      <trkpt lat="42.383321" lon="-71.023394">
        <ele>7.949464</ele>
        <time>2025-09-14T15:01:57.925Z</time>
      </trkpt>
      <trkpt lat="42.383238" lon="-71.023486">
        <ele>8.044225</ele>
        <time>2025-09-14T15:01:59.925Z</time>
      </trkpt>
      <trkpt lat="42.383160" lon="-71.023581">
        <ele>8.136908</ele>
        <time>2025-09-14T15:02:01.925Z</time>
      </trkpt>
      <trkpt lat="42.383079" lon="-71.023684">
        <ele>8.235075</ele>
        <time>2025-09-14T15:02:03.925Z</time>
      </trkpt>
      <trkpt lat="42.383002" lon="-71.023776">
        <ele>8.325796</ele>
        <time>2025-09-14T15:02:05.925Z</time>
      </trkpt>
      <trkpt lat="42.382910" lon="-71.023872">
        <ele>8.428406</ele>
        <time>2025-09-14T15:02:07.925Z</time>
      </trkpt>
      <trkpt lat="42.382818" lon="-71.023967">
        <ele>8.530618</ele>
        <time>2025-09-14T15:02:09.925Z</time>
      </trkpt>
      <trkpt lat="42.382758" lon="-71.024066">
        <ele>8.614178</ele>
        <time>2025-09-14T15:02:11.925Z</time>
      </trkpt>
      <trkpt lat="42.382690" lon="-71.024160">
        <ele>8.700029</ele>
        <time>2025-09-14T15:02:13.925Z</time>
      </trkpt>
      <trkpt lat="42.382607" lon="-71.024260">
        <ele>8.798180</ele>
        <time>2025-09-14T15:02:15.925Z</time>
      </trkpt>
      <trkpt lat="42.382543" lon="-71.024365">
        <ele>8.887008</ele>
        <time>2025-09-14T15:02:17.925Z</time>
      </trkpt>
      <trkpt lat="42.382479" lon="-71.024460">
        <ele>8.970906</ele>
        <time>2025-09-14T15:02:19.925Z</time>
      </trkpt>
      <trkpt lat="42.382381" lon="-71.024550">
        <ele>9.007749</ele>
        <time>2025-09-14T15:02:21.925Z</time>
      </trkpt>
      <trkpt lat="42.382300" lon="-71.024636">
        <ele>8.982840</ele>
        <time>2025-09-14T15:02:23.925Z</time>
      </trkpt>
      <trkpt lat="42.382225" lon="-71.024738">
        <ele>8.957116</ele>
        <time>2025-09-14T15:02:25.925Z</time>
      </trkpt>
      <trkpt lat="42.382140" lon="-71.024819">
        <ele>8.931964</ele>
        <time>2025-09-14T15:02:27.925Z</time>
      </trkpt>
      <trkpt lat="42.382072" lon="-71.024913">
        <ele>8.908448</ele>
        <time>2025-09-14T15:02:29.925Z</time>
      </trkpt>
      <trkpt lat="42.381984" lon="-71.024997">
        <ele>8.882393</ele>
        <time>2025-09-14T15:02:31.925Z</time>
      </trkpt>
      <trkpt lat="42.381901" lon="-71.025080">
        <ele>8.857424</ele>
        <time>2025-09-14T15:02:33.925Z</time>
      </trkpt>
      <trkpt lat="42.381825" lon="-71.025164">
        <ele>8.833684</ele>
        <time>2025-09-14T15:02:35.925Z</time>
      </trkpt>
      <trkpt lat="42.381741" lon="-71.025245">
        <ele>8.808729</ele>
        <time>2025-09-14T15:02:37.925Z</time>
      </trkpt>
      <trkpt lat="42.381653" lon="-71.025331">
        <ele>8.782467</ele>
        <time>2025-09-14T15:02:39.925Z</time>
      </trkpt>
      <trkpt lat="42.381572" lon="-71.025428">
        <ele>8.756299</ele>
        <time>2025-09-14T15:02:41.925Z</time>
      </trkpt>
      <trkpt lat="42.381488" lon="-71.025512">
        <ele>8.731029</ele>
        <time>2025-09-14T15:02:43.925Z</time>
      </trkpt>
      <trkpt lat="42.381414" lon="-71.025597">
        <ele>8.707546</ele>
        <time>2025-09-14T15:02:45.925Z</time>
      </trkpt>
      <trkpt lat="42.381329" lon="-71.025686">
        <ele>8.681544</ele>
        <time>2025-09-14T15:02:47.925Z</time>
      </trkpt>
      <trkpt lat="42.381248" lon="-71.025770">
        <ele>8.656855</ele>
        <time>2025-09-14T15:02:49.925Z</time>
      </trkpt>
      <trkpt lat="42.381157" lon="-71.025850">
        <ele>8.630600</ele>
        <time>2025-09-14T15:02:51.925Z</time>
      </trkpt>
      <trkpt lat="42.381080" lon="-71.025935">
        <ele>8.606559</ele>
        <time>2025-09-14T15:02:53.925Z</time>
      </trkpt>
      <trkpt lat="42.380994" lon="-71.026023">
        <ele>8.589075</ele>
        <time>2025-09-14T15:02:55.925Z</time>
      </trkpt>
      <trkpt lat="42.380923" lon="-71.026108">
        <ele>8.595927</ele>
        <time>2025-09-14T15:02:57.924Z</time>
      </trkpt>
      <trkpt lat="42.380835" lon="-71.026198">
        <ele>8.603901</ele>
        <time>2025-09-14T15:02:59.924Z</time>
      </trkpt>
      <trkpt lat="42.380756" lon="-71.026283">
        <ele>8.611196</ele>
        <time>2025-09-14T15:03:01.924Z</time>
      </trkpt>
      <trkpt lat="42.380667" lon="-71.026401">
        <ele>8.620202</ele>
        <time>2025-09-14T15:03:04.923Z</time>
      </trkpt>
      <trkpt lat="42.380582" lon="-71.026505">
        <ele>8.628485</ele>
        <time>2025-09-14T15:03:07.924Z</time>
      </trkpt>
      <trkpt lat="42.380500" lon="-71.026591">
        <ele>8.635984</ele>
        <time>2025-09-14T15:03:10.924Z</time>
      </trkpt>
      <trkpt lat="42.380399" lon="-71.026708">
        <ele>8.645594</ele>
        <time>2025-09-14T15:03:13.924Z</time>
      </trkpt>
      <trkpt lat="42.380331" lon="-71.026790">
        <ele>8.652178</ele>
        <time>2025-09-14T15:03:16.924Z</time>
      </trkpt>
      <trkpt lat="42.380249" lon="-71.026888">
        <ele>8.660086</ele>
        <time>2025-09-14T15:03:20.924Z</time>
      </trkpt>
      <trkpt lat="42.380166" lon="-71.026955">
        <ele>8.667072</ele>
        <time>2025-09-14T15:03:38.924Z</time>
      </trkpt>
      <trkpt lat="42.380076" lon="-71.026938">
        <ele>8.673641</ele>
        <time>2025-09-14T15:04:08.923Z</time>
      </trkpt>
      <trkpt lat="42.380138" lon="-71.026777">
        <ele>8.683337</ele>
        <time>2025-09-14T15:04:16.923Z</time>
      </trkpt>
      <trkpt lat="42.380211" lon="-71.026655">
        <ele>8.691722</ele>
        <time>2025-09-14T15:04:19.923Z</time>
      </trkpt>
      <trkpt lat="42.380262" lon="-71.026485">
        <ele>8.701521</ele>
        <time>2025-09-14T15:04:23.923Z</time>
      </trkpt>
      <trkpt lat="42.380301" lon="-71.026369">
        <ele>8.708327</ele>
        <time>2025-09-14T15:04:25.923Z</time>
      </trkpt>
      <trkpt lat="42.380345" lon="-71.026248">
        <ele>8.715529</ele>
        <time>2025-09-14T15:04:27.923Z</time>
      </trkpt>
      <trkpt lat="42.380280" lon="-71.026127">
        <ele>8.563719</ele>
        <time>2025-09-14T15:04:30.923Z</time>
      </trkpt>
      <trkpt lat="42.380222" lon="-71.026014">
        <ele>8.387311</ele>
        <time>2025-09-14T15:04:32.923Z</time>
      </trkpt>
      <trkpt lat="42.380155" lon="-71.025883">
        <ele>8.183038</ele>
        <time>2025-09-14T15:04:35.923Z</time>
      </trkpt>
      <trkpt lat="42.380091" lon="-71.025793">
        <ele>8.022880</ele>
        <time>2025-09-14T15:04:39.923Z</time>
      </trkpt>
      <trkpt lat="42.379846" lon="-71.025421">
        <ele>7.383934</ele>
        <time>2025-09-14T15:06:06.922Z</time>
      </trkpt>
      <trkpt lat="42.379777" lon="-71.025337">
        <ele>7.222881</ele>
        <time>2025-09-14T15:06:08.922Z</time>
      </trkpt>
      <trkpt lat="42.379711" lon="-71.025239">
        <ele>7.052863</ele>
        <time>2025-09-14T15:06:10.922Z</time>
      </trkpt>
      <trkpt lat="42.379610" lon="-71.025100">
        <ele>6.802896</ele>
        <time>2025-09-14T15:06:13.922Z</time>
      </trkpt>
      <trkpt lat="42.379521" lon="-71.024964">
        <ele>6.569960</ele>
        <time>2025-09-14T15:06:15.922Z</time>
      </trkpt>
      <trkpt lat="42.379428" lon="-71.024842">
        <ele>6.345203</ele>
        <time>2025-09-14T15:06:17.922Z</time>
      </trkpt>
      <trkpt lat="42.379310" lon="-71.024739">
        <ele>6.101526</ele>
        <time>2025-09-14T15:06:19.922Z</time>
      </trkpt>
      <trkpt lat="42.379165" lon="-71.024764">
        <ele>5.847839</ele>
        <time>2025-09-14T15:06:21.922Z</time>
      </trkpt>
      <trkpt lat="42.379079" lon="-71.024852">
        <ele>5.660740</ele>
        <time>2025-09-14T15:06:23.922Z</time>
      </trkpt>
      <trkpt lat="42.379023" lon="-71.024975">
        <ele>5.620092</ele>
        <time>2025-09-14T15:06:25.922Z</time>
      </trkpt>
      <trkpt lat="42.378951" lon="-71.025088">
        <ele>5.659301</ele>
        <time>2025-09-14T15:06:27.922Z</time>
      </trkpt>
      <trkpt lat="42.378879" lon="-71.025191">
        <ele>5.696560</ele>
        <time>2025-09-14T15:06:29.922Z</time>
      </trkpt>
      <trkpt lat="42.378787" lon="-71.025326">
        <ele>5.744820</ele>
        <time>2025-09-14T15:06:32.922Z</time>
      </trkpt>
      <trkpt lat="42.378696" lon="-71.025453">
        <ele>5.791308</ele>
        <time>2025-09-14T15:06:35.922Z</time>
      </trkpt>
      <trkpt lat="42.378626" lon="-71.025538">
        <ele>5.824756</ele>
        <time>2025-09-14T15:06:38.922Z</time>
      </trkpt>
      <trkpt lat="42.378567" lon="-71.025641">
        <ele>5.859002</ele>
        <time>2025-09-14T15:06:58.922Z</time>
      </trkpt>
      <trkpt lat="42.378469" lon="-71.025522">
        <ele>5.905828</ele>
        <time>2025-09-14T15:07:01.922Z</time>
      </trkpt>
      <trkpt lat="42.378415" lon="-71.025393">
        <ele>5.944786</ele>
        <time>2025-09-14T15:07:03.922Z</time>
      </trkpt>
      <trkpt lat="42.378364" lon="-71.025271">
        <ele>5.981619</ele>
        <time>2025-09-14T15:07:05.922Z</time>
      </trkpt>
      <trkpt lat="42.378305" lon="-71.025143">
        <ele>6.021261</ele>
        <time>2025-09-14T15:07:07.922Z</time>
      </trkpt>
      <trkpt lat="42.378217" lon="-71.025044">
        <ele>6.061960</ele>
        <time>2025-09-14T15:07:09.921Z</time>
      </trkpt>
      <trkpt lat="42.378141" lon="-71.024932">
        <ele>6.101919</ele>
        <time>2025-09-14T15:07:11.921Z</time>
      </trkpt>
      <trkpt lat="42.378058" lon="-71.024827">
        <ele>6.142326</ele>
        <time>2025-09-14T15:07:14.921Z</time>
      </trkpt>
      <trkpt lat="42.378053" lon="-71.024704">
        <ele>6.174693</ele>
        <time>2025-09-14T15:07:16.922Z</time>
      </trkpt>
      <trkpt lat="42.378066" lon="-71.024584">
        <ele>6.206560</ele>
        <time>2025-09-14T15:07:18.921Z</time>
      </trkpt>
      <trkpt lat="42.378137" lon="-71.024470">
        <ele>6.216691</ele>
        <time>2025-09-14T15:07:20.921Z</time>
      </trkpt>
      <trkpt lat="42.378218" lon="-71.024377">
        <ele>6.149796</ele>
        <time>2025-09-14T15:07:22.921Z</time>
      </trkpt>
      <trkpt lat="42.378289" lon="-71.024264">
        <ele>6.080777</ele>
        <time>2025-09-14T15:07:24.921Z</time>
      </trkpt>
      <trkpt lat="42.378355" lon="-71.024165">
        <ele>6.018732</ele>
        <time>2025-09-14T15:07:26.921Z</time>
      </trkpt>
      <trkpt lat="42.378438" lon="-71.024069">
        <ele>5.949974</ele>
        <time>2025-09-14T15:07:28.921Z</time>
      </trkpt>
      <trkpt lat="42.378513" lon="-71.023979">
        <ele>5.886850</ele>
        <time>2025-09-14T15:07:30.921Z</time>
      </trkpt>
      <trkpt lat="42.378581" lon="-71.023887">
        <ele>5.826299</ele>
        <time>2025-09-14T15:07:32.921Z</time>
      </trkpt>
      <trkpt lat="42.378657" lon="-71.023797">
        <ele>5.762702</ele>
        <time>2025-09-14T15:07:34.921Z</time>
      </trkpt>
      <trkpt lat="42.378731" lon="-71.023703">
        <ele>5.698789</ele>
        <time>2025-09-14T15:07:36.921Z</time>
      </trkpt>
      <trkpt lat="42.378808" lon="-71.023616">
        <ele>5.635620</ele>
        <time>2025-09-14T15:07:38.921Z</time>
      </trkpt>
      <trkpt lat="42.378873" lon="-71.023522">
        <ele>5.575715</ele>
        <time>2025-09-14T15:07:40.921Z</time>
      </trkpt>
      <trkpt lat="42.378959" lon="-71.023448">
        <ele>5.511535</ele>
        <time>2025-09-14T15:07:42.921Z</time>
      </trkpt>
      <trkpt lat="42.379035" lon="-71.023355">
        <ele>5.447010</ele>
        <time>2025-09-14T15:07:44.921Z</time>
      </trkpt>
      <trkpt lat="42.379103" lon="-71.023267">
        <ele>5.387761</ele>
        <time>2025-09-14T15:07:46.921Z</time>
      </trkpt>
      <trkpt lat="42.379174" lon="-71.023191">
        <ele>5.330753</ele>
        <time>2025-09-14T15:07:48.921Z</time>
      </trkpt>
      <trkpt lat="42.379226" lon="-71.023074">
        <ele>5.267225</ele>
        <time>2025-09-14T15:07:51.921Z</time>
      </trkpt>
      <trkpt lat="42.379323" lon="-71.022979">
        <ele>5.191820</ele>
        <time>2025-09-14T15:07:55.921Z</time>
      </trkpt>
      <trkpt lat="42.379384" lon="-71.022889">
        <ele>5.134993</ele>
        <time>2025-09-14T15:07:59.921Z</time>
      </trkpt>
      <trkpt lat="42.379433" lon="-71.022746">
        <ele>5.194119</ele>
        <time>2025-09-14T15:08:02.921Z</time>
      </trkpt>
      <trkpt lat="42.379478" lon="-71.022595">
        <ele>5.364484</ele>
        <time>2025-09-14T15:08:05.921Z</time>
      </trkpt>
      <trkpt lat="42.379535" lon="-71.022491">
        <ele>5.499980</ele>
        <time>2025-09-14T15:08:07.921Z</time>
      </trkpt>
      <trkpt lat="42.379607" lon="-71.022325">
        <ele>5.701394</ele>
        <time>2025-09-14T15:08:10.921Z</time>
      </trkpt>
      <trkpt lat="42.379669" lon="-71.022188">
        <ele>5.869499</ele>
        <time>2025-09-14T15:08:13.921Z</time>
      </trkpt>
      <trkpt lat="42.379722" lon="-71.022053">
        <ele>6.029460</ele>
        <time>2025-09-14T15:08:16.921Z</time>
      </trkpt>
      <trkpt lat="42.379793" lon="-71.021914">
        <ele>6.206280</ele>
        <time>2025-09-14T15:08:19.921Z</time>
      </trkpt>
      <trkpt lat="42.379848" lon="-71.021816">
        <ele>6.335054</ele>
        <time>2025-09-14T15:08:21.921Z</time>
      </trkpt>
      <trkpt lat="42.379913" lon="-71.021720">
        <ele>6.471310</ele>
        <time>2025-09-14T15:08:23.921Z</time>
      </trkpt>
      <trkpt lat="42.379979" lon="-71.021618">
        <ele>6.613186</ele>
        <time>2025-09-14T15:08:25.921Z</time>
      </trkpt>
      <trkpt lat="42.380036" lon="-71.021512">
        <ele>6.750368</ele>
        <time>2025-09-14T15:08:27.921Z</time>
      </trkpt>
      <trkpt lat="42.380085" lon="-71.021403">
        <ele>6.883873</ele>
        <time>2025-09-14T15:08:29.921Z</time>
      </trkpt>
      <trkpt lat="42.380095" lon="-71.021259">
        <ele>7.035204</ele>
        <time>2025-09-14T15:08:31.921Z</time>
      </trkpt>
      <trkpt lat="42.380112" lon="-71.021132">
        <ele>7.170248</ele>
        <time>2025-09-14T15:08:33.921Z</time>
      </trkpt>
      <trkpt lat="42.380126" lon="-71.020997">
        <ele>7.312883</ele>
        <time>2025-09-14T15:08:35.921Z</time>
      </trkpt>
      <trkpt lat="42.380128" lon="-71.020868">
        <ele>7.447885</ele>
        <time>2025-09-14T15:08:37.921Z</time>
      </trkpt>
      <trkpt lat="42.380144" lon="-71.020727">
        <ele>7.597143</ele>
        <time>2025-09-14T15:08:39.921Z</time>
      </trkpt>
      <trkpt lat="42.380145" lon="-71.020592">
        <ele>7.721991</ele>
        <time>2025-09-14T15:08:41.921Z</time>
      </trkpt>
      <trkpt lat="42.380147" lon="-71.020450">
        <ele>7.842989</ele>
        <time>2025-09-14T15:08:43.921Z</time>
      </trkpt>
      <trkpt lat="42.380139" lon="-71.020264">
        <ele>8.001718</ele>
        <time>2025-09-14T15:08:46.921Z</time>
      </trkpt>
      <trkpt lat="42.380136" lon="-71.020066">
        <ele>8.170438</ele>
        <time>2025-09-14T15:08:49.921Z</time>
      </trkpt>
      <trkpt lat="42.380140" lon="-71.019932">
        <ele>8.284692</ele>
        <time>2025-09-14T15:08:51.921Z</time>
      </trkpt>
      <trkpt lat="42.380138" lon="-71.019802">
        <ele>8.395468</ele>
        <time>2025-09-14T15:08:53.921Z</time>
      </trkpt>
      <trkpt lat="42.380128" lon="-71.019671">
        <ele>8.507667</ele>
        <time>2025-09-14T15:08:55.921Z</time>
      </trkpt>
      <trkpt lat="42.380126" lon="-71.019490">
        <ele>8.661885</ele>
        <time>2025-09-14T15:08:58.921Z</time>
      </trkpt>
      <trkpt lat="42.380129" lon="-71.019340">
        <ele>8.789724</ele>
        <time>2025-09-14T15:09:00.921Z</time>
      </trkpt>
      <trkpt lat="42.380129" lon="-71.019192">
        <ele>8.915811</ele>
        <time>2025-09-14T15:09:02.921Z</time>
      </trkpt>
      <trkpt lat="42.380136" lon="-71.019048">
        <ele>9.038756</ele>
        <time>2025-09-14T15:09:04.921Z</time>
      </trkpt>
      <trkpt lat="42.380139" lon="-71.018893">
        <ele>9.170852</ele>
        <time>2025-09-14T15:09:06.921Z</time>
      </trkpt>
      <trkpt lat="42.380134" lon="-71.018753">
        <ele>9.290263</ele>
        <time>2025-09-14T15:09:08.921Z</time>
      </trkpt>
      <trkpt lat="42.380129" lon="-71.018602">
        <ele>9.419036</ele>
        <time>2025-09-14T15:09:10.921Z</time>
      </trkpt>
      <trkpt lat="42.380120" lon="-71.018469">
        <ele>9.532818</ele>
        <time>2025-09-14T15:09:12.921Z</time>
      </trkpt>
      <trkpt lat="42.380114" lon="-71.018341">
        <ele>9.642086</ele>
        <time>2025-09-14T15:09:14.920Z</time>
      </trkpt>
      <trkpt lat="42.380113" lon="-71.018193">
        <ele>9.649244</ele>
        <time>2025-09-14T15:09:16.920Z</time>
      </trkpt>
      <trkpt lat="42.380104" lon="-71.018054">
        <ele>9.444672</ele>
        <time>2025-09-14T15:09:18.919Z</time>
      </trkpt>
      <trkpt lat="42.380116" lon="-71.017913">
        <ele>9.236581</ele>
        <time>2025-09-14T15:09:20.919Z</time>
      </trkpt>
      <trkpt lat="42.380118" lon="-71.017790">
        <ele>9.056204</ele>
        <time>2025-09-14T15:09:22.920Z</time>
      </trkpt>
      <trkpt lat="42.380147" lon="-71.017632">
        <ele>8.817514</ele>
        <time>2025-09-14T15:09:24.919Z</time>
      </trkpt>
      <trkpt lat="42.380177" lon="-71.017435">
        <ele>8.522614</ele>
        <time>2025-09-14T15:09:27.919Z</time>
      </trkpt>
      <trkpt lat="42.380221" lon="-71.017300">
        <ele>8.306279</ele>
        <time>2025-09-14T15:09:29.919Z</time>
      </trkpt>
      <trkpt lat="42.380268" lon="-71.017152">
        <ele>8.070091</ele>
        <time>2025-09-14T15:09:32.919Z</time>
      </trkpt>
      <trkpt lat="42.380311" lon="-71.017016">
        <ele>7.853202</ele>
        <time>2025-09-14T15:09:34.919Z</time>
      </trkpt>
      <trkpt lat="42.380351" lon="-71.016902">
        <ele>7.668168</ele>
        <time>2025-09-14T15:09:36.919Z</time>
      </trkpt>
      <trkpt lat="42.380391" lon="-71.016767">
        <ele>7.454914</ele>
        <time>2025-09-14T15:09:39.919Z</time>
      </trkpt>
      <trkpt lat="42.380469" lon="-71.016613">
        <ele>7.181155</ele>
        <time>2025-09-14T15:09:42.919Z</time>
      </trkpt>
      <trkpt lat="42.380370" lon="-71.016659">
        <ele>6.973412</ele>
        <time>2025-09-14T15:09:52.919Z</time>
      </trkpt>
      <trkpt lat="42.380295" lon="-71.016803">
        <ele>6.715090</ele>
        <time>2025-09-14T15:12:27.900Z</time>
      </trkpt>
      <trkpt lat="42.380330" lon="-71.016577">
        <ele>6.376544</ele>
        <time>2025-09-14T15:13:02.900Z</time>
      </trkpt>
      <trkpt lat="42.380418" lon="-71.016609">
        <ele>6.195694</ele>
        <time>2025-09-14T15:14:02.898Z</time>
      </trkpt>
      <trkpt lat="42.380529" lon="-71.016395">
        <ele>6.401415</ele>
        <time>2025-09-14T15:14:47.898Z</time>
      </trkpt>
      <trkpt lat="42.380601" lon="-71.016292">
        <ele>6.551344</ele>
        <time>2025-09-14T15:14:52.898Z</time>
      </trkpt>
      <trkpt lat="42.380698" lon="-71.016204">
        <ele>6.718470</ele>
        <time>2025-09-14T15:14:56.898Z</time>
      </trkpt>
      <trkpt lat="42.380764" lon="-71.016101">
        <ele>6.862630</ele>
        <time>2025-09-14T15:14:59.898Z</time>
      </trkpt>
      <trkpt lat="42.380848" lon="-71.015980">
        <ele>7.038187</ele>
        <time>2025-09-14T15:15:02.898Z</time>
      </trkpt>
      <trkpt lat="42.380931" lon="-71.015855">
        <ele>7.215889</ele>
        <time>2025-09-14T15:15:05.898Z</time>
      </trkpt>
      <trkpt lat="42.381007" lon="-71.015745">
        <ele>7.375130</ele>
        <time>2025-09-14T15:15:08.898Z</time>
      </trkpt>
      <trkpt lat="42.381072" lon="-71.015651">
        <ele>7.511262</ele>
        <time>2025-09-14T15:15:10.898Z</time>
      </trkpt>
      <trkpt lat="42.381156" lon="-71.015533">
        <ele>7.684520</ele>
        <time>2025-09-14T15:15:13.898Z</time>
      </trkpt>
      <trkpt lat="42.381239" lon="-71.015421">
        <ele>7.852252</ele>
        <time>2025-09-14T15:15:15.898Z</time>
      </trkpt>
      <trkpt lat="42.381308" lon="-71.015319">
        <ele>7.998480</ele>
        <time>2025-09-14T15:15:17.898Z</time>
      </trkpt>
      <trkpt lat="42.381389" lon="-71.015208">
        <ele>8.163442</ele>
        <time>2025-09-14T15:15:19.898Z</time>
      </trkpt>
      <trkpt lat="42.381472" lon="-71.015105">
        <ele>8.324597</ele>
        <time>2025-09-14T15:15:22.898Z</time>
      </trkpt>
      <trkpt lat="42.381530" lon="-71.014958">
        <ele>8.500794</ele>
        <time>2025-09-14T15:15:24.898Z</time>
      </trkpt>
      <trkpt lat="42.381609" lon="-71.014856">
        <ele>8.657045</ele>
        <time>2025-09-14T15:15:26.898Z</time>
      </trkpt>
      <trkpt lat="42.381696" lon="-71.014790">
        <ele>8.720972</ele>
        <time>2025-09-14T15:15:28.898Z</time>
      </trkpt>
      <trkpt lat="42.381767" lon="-71.014679">
        <ele>8.703489</ele>
        <time>2025-09-14T15:15:30.898Z</time>
      </trkpt>
      <trkpt lat="42.381830" lon="-71.014591">
        <ele>8.688897</ele>
        <time>2025-09-14T15:15:32.897Z</time>
      </trkpt>
      <trkpt lat="42.381898" lon="-71.014480">
        <ele>8.671726</ele>
        <time>2025-09-14T15:15:35.897Z</time>
      </trkpt>
      <trkpt lat="42.381999" lon="-71.014365">
        <ele>8.650452</ele>
        <time>2025-09-14T15:15:38.897Z</time>
      </trkpt>
      <trkpt lat="42.382055" lon="-71.014264">
        <ele>8.635415</ele>
        <time>2025-09-14T15:15:40.897Z</time>
      </trkpt>
      <trkpt lat="42.382146" lon="-71.014135">
        <ele>8.614175</ele>
        <time>2025-09-14T15:15:43.897Z</time>
      </trkpt>
      <trkpt lat="42.382216" lon="-71.014033">
        <ele>8.597597</ele>
        <time>2025-09-14T15:15:45.897Z</time>
      </trkpt>
      <trkpt lat="42.382285" lon="-71.013943">
        <ele>8.582152</ele>
        <time>2025-09-14T15:15:47.897Z</time>
      </trkpt>
      <trkpt lat="42.382356" lon="-71.013848">
        <ele>8.566060</ele>
        <time>2025-09-14T15:15:49.897Z</time>
      </trkpt>
      <trkpt lat="42.382436" lon="-71.013741">
        <ele>8.547932</ele>
        <time>2025-09-14T15:15:51.897Z</time>
      </trkpt>
      <trkpt lat="42.382536" lon="-71.013613">
        <ele>8.525748</ele>
        <time>2025-09-14T15:15:54.897Z</time>
      </trkpt>
      <trkpt lat="42.382598" lon="-71.013514">
        <ele>8.510293</ele>
        <time>2025-09-14T15:15:56.897Z</time>
      </trkpt>
      <trkpt lat="42.382663" lon="-71.013413">
        <ele>8.494343</ele>
        <time>2025-09-14T15:15:58.897Z</time>
      </trkpt>
      <trkpt lat="42.382756" lon="-71.013280">
        <ele>8.472536</ele>
        <time>2025-09-14T15:16:01.897Z</time>
      </trkpt>
      <trkpt lat="42.382836" lon="-71.013169">
        <ele>8.454070</ele>
        <time>2025-09-14T15:16:03.897Z</time>
      </trkpt>
      <trkpt lat="42.382905" lon="-71.013085">
        <ele>8.439112</ele>
        <time>2025-09-14T15:16:05.897Z</time>
      </trkpt>
      <trkpt lat="42.382972" lon="-71.012994">
        <ele>8.263625</ele>
        <time>2025-09-14T15:16:07.897Z</time>
      </trkpt>
      <trkpt lat="42.383049" lon="-71.012901">
        <ele>8.071679</ele>
        <time>2025-09-14T15:16:09.897Z</time>
      </trkpt>
      <trkpt lat="42.383132" lon="-71.012796">
        <ele>7.860373</ele>
        <time>2025-09-14T15:16:11.897Z</time>
      </trkpt>
      <trkpt lat="42.383207" lon="-71.012704">
        <ele>7.672113</ele>
        <time>2025-09-14T15:16:13.897Z</time>
      </trkpt>
      <trkpt lat="42.383272" lon="-71.012608">
        <ele>7.493179</ele>
        <time>2025-09-14T15:16:15.897Z</time>
      </trkpt>
      <trkpt lat="42.383346" lon="-71.012521">
        <ele>7.310870</ele>
        <time>2025-09-14T15:16:17.896Z</time>
      </trkpt>
      <trkpt lat="42.383405" lon="-71.012409">
        <ele>7.121858</ele>
        <time>2025-09-14T15:16:19.896Z</time>
      </trkpt>
      <trkpt lat="42.383494" lon="-71.012309">
        <ele>6.906716</ele>
        <time>2025-09-14T15:16:21.896Z</time>
      </trkpt>
      <trkpt lat="42.383563" lon="-71.012210">
        <ele>6.719697</ele>
        <time>2025-09-14T15:16:23.896Z</time>
      </trkpt>
      <trkpt lat="42.383638" lon="-71.012057">
        <ele>6.467397</ele>
        <time>2025-09-14T15:16:26.896Z</time>
      </trkpt>
      <trkpt lat="42.383661" lon="-71.011938">
        <ele>6.298388</ele>
        <time>2025-09-14T15:16:28.896Z</time>
      </trkpt>
      <trkpt lat="42.383706" lon="-71.011782">
        <ele>6.068282</ele>
        <time>2025-09-14T15:16:31.896Z</time>
      </trkpt>
      <trkpt lat="42.383772" lon="-71.011690">
        <ele>5.892070</ele>
        <time>2025-09-14T15:16:33.896Z</time>
      </trkpt>
      <trkpt lat="42.383879" lon="-71.011615">
        <ele>5.667942</ele>
        <time>2025-09-14T15:16:35.896Z</time>
      </trkpt>
      <trkpt lat="42.383972" lon="-71.011538">
        <ele>5.465163</ele>
        <time>2025-09-14T15:16:37.896Z</time>
      </trkpt>
      <trkpt lat="42.384038" lon="-71.011449">
        <ele>5.291885</ele>
        <time>2025-09-14T15:16:39.896Z</time>
      </trkpt>
      <trkpt lat="42.384129" lon="-71.011338">
        <ele>5.101067</ele>
        <time>2025-09-14T15:16:42.896Z</time>
      </trkpt>
      <trkpt lat="42.384209" lon="-71.011230">
        <ele>5.156870</ele>
        <time>2025-09-14T15:16:45.896Z</time>
      </trkpt>
      <trkpt lat="42.384165" lon="-71.011117">
        <ele>5.203475</ele>
        <time>2025-09-14T15:16:48.896Z</time>
      </trkpt>
      <trkpt lat="42.384230" lon="-71.011006">
        <ele>5.255154</ele>
        <time>2025-09-14T15:16:51.896Z</time>
      </trkpt>
      <trkpt lat="42.384332" lon="-71.010902">
        <ele>5.318226</ele>
        <time>2025-09-14T15:16:54.896Z</time>
      </trkpt>
      <trkpt lat="42.384417" lon="-71.010771">
        <ele>5.381842</ele>
        <time>2025-09-14T15:16:58.896Z</time>
      </trkpt>
      <trkpt lat="42.384490" lon="-71.010682">
        <ele>5.430365</ele>
        <time>2025-09-14T15:17:00.896Z</time>
      </trkpt>
      <trkpt lat="42.384553" lon="-71.010580">
        <ele>5.478874</ele>
        <time>2025-09-14T15:17:02.896Z</time>
      </trkpt>
      <trkpt lat="42.384640" lon="-71.010442">
        <ele>5.545067</ele>
        <time>2025-09-14T15:17:05.896Z</time>
      </trkpt>
      <trkpt lat="42.384719" lon="-71.010304">
        <ele>5.608766</ele>
        <time>2025-09-14T15:17:08.896Z</time>
      </trkpt>
      <trkpt lat="42.384776" lon="-71.010200">
        <ele>5.656014</ele>
        <time>2025-09-14T15:17:10.896Z</time>
      </trkpt>
      <trkpt lat="42.384853" lon="-71.010043">
        <ele>5.724770</ele>
        <time>2025-09-14T15:17:13.896Z</time>
      </trkpt>
      <trkpt lat="42.384885" lon="-71.009923">
        <ele>5.771316</ele>
        <time>2025-09-14T15:17:15.896Z</time>
      </trkpt>
      <trkpt lat="42.384918" lon="-71.009797">
        <ele>5.820090</ele>
        <time>2025-09-14T15:17:17.896Z</time>
      </trkpt>
      <trkpt lat="42.384967" lon="-71.009676">
        <ele>5.870435</ele>
        <time>2025-09-14T15:17:19.896Z</time>
      </trkpt>
      <trkpt lat="42.385017" lon="-71.009567">
        <ele>5.917247</ele>
        <time>2025-09-14T15:17:21.896Z</time>
      </trkpt>
      <trkpt lat="42.385065" lon="-71.009410">
        <ele>5.979239</ele>
        <time>2025-09-14T15:17:24.896Z</time>
      </trkpt>
      <trkpt lat="42.385120" lon="-71.009267">
        <ele>6.042312</ele>
        <time>2025-09-14T15:17:27.896Z</time>
      </trkpt>
      <trkpt lat="42.385170" lon="-71.009112">
        <ele>6.108676</ele>
        <time>2025-09-14T15:17:30.896Z</time>
      </trkpt>
      <trkpt lat="42.385202" lon="-71.008991">
        <ele>6.159104</ele>
        <time>2025-09-14T15:17:32.896Z</time>
      </trkpt>
      <trkpt lat="42.385267" lon="-71.008830">
        <ele>6.231096</ele>
        <time>2025-09-14T15:17:35.896Z</time>
      </trkpt>
      <trkpt lat="42.385316" lon="-71.008713">
        <ele>6.283869</ele>
        <time>2025-09-14T15:17:37.895Z</time>
      </trkpt>
      <trkpt lat="42.385272" lon="-71.008553">
        <ele>6.350858</ele>
        <time>2025-09-14T15:17:40.896Z</time>
      </trkpt>
      <trkpt lat="42.385320" lon="-71.008411">
        <ele>6.412132</ele>
        <time>2025-09-14T15:17:43.895Z</time>
      </trkpt>
      <trkpt lat="42.385369" lon="-71.008293">
        <ele>6.465246</ele>
        <time>2025-09-14T15:17:45.895Z</time>
      </trkpt>
      <trkpt lat="42.385418" lon="-71.008131">
        <ele>6.533933</ele>
        <time>2025-09-14T15:17:48.895Z</time>
      </trkpt>
      <trkpt lat="42.385443" lon="-71.008009">
        <ele>6.583610</ele>
        <time>2025-09-14T15:17:51.895Z</time>
      </trkpt>
      <trkpt lat="42.385475" lon="-71.007875">
        <ele>6.638867</ele>
        <time>2025-09-14T15:17:54.895Z</time>
      </trkpt>
      <trkpt lat="42.385525" lon="-71.007766">
        <ele>6.689211</ele>
        <time>2025-09-14T15:17:56.895Z</time>
      </trkpt>
      <trkpt lat="42.385559" lon="-71.007652">
        <ele>6.737450</ele>
        <time>2025-09-14T15:17:58.895Z</time>
      </trkpt>
      <trkpt lat="42.385600" lon="-71.007540">
        <ele>6.786496</ele>
        <time>2025-09-14T15:18:00.895Z</time>
      </trkpt>
      <trkpt lat="42.385632" lon="-71.007411">
        <ele>6.839889</ele>
        <time>2025-09-14T15:18:03.895Z</time>
      </trkpt>
      <trkpt lat="42.385595" lon="-71.007297">
        <ele>6.888747</ele>
        <time>2025-09-14T15:18:07.894Z</time>
      </trkpt>
      <trkpt lat="42.385546" lon="-71.007182">
        <ele>6.950724</ele>
        <time>2025-09-14T15:18:10.894Z</time>
      </trkpt>
      <trkpt lat="42.385519" lon="-71.007053">
        <ele>7.145176</ele>
        <time>2025-09-14T15:18:13.894Z</time>
      </trkpt>
      <trkpt lat="42.385551" lon="-71.006937">
        <ele>7.324758</ele>
        <time>2025-09-14T15:18:15.894Z</time>
      </trkpt>
      <trkpt lat="42.385592" lon="-71.006817">
        <ele>7.516508</ele>
        <time>2025-09-14T15:18:19.894Z</time>
      </trkpt>
      <trkpt lat="42.385662" lon="-71.006670">
        <ele>7.770163</ele>
        <time>2025-09-14T15:18:22.894Z</time>
      </trkpt>
      <trkpt lat="42.385677" lon="-71.006526">
        <ele>7.981068</ele>
        <time>2025-09-14T15:18:26.894Z</time>
      </trkpt>
      <trkpt lat="42.385746" lon="-71.006401">
        <ele>8.207384</ele>
        <time>2025-09-14T15:18:29.894Z</time>
      </trkpt>
      <trkpt lat="42.385772" lon="-71.006246">
        <ele>8.437900</ele>
        <time>2025-09-14T15:18:32.894Z</time>
      </trkpt>
      <trkpt lat="42.385815" lon="-71.006130">
        <ele>8.626128</ele>
        <time>2025-09-14T15:18:34.894Z</time>
      </trkpt>
      <trkpt lat="42.385842" lon="-71.005991">
        <ele>8.834570</ele>
        <time>2025-09-14T15:18:37.894Z</time>
      </trkpt>
      <trkpt lat="42.385874" lon="-71.005855">
        <ele>9.041572</ele>
        <time>2025-09-14T15:18:40.894Z</time>
      </trkpt>
      <trkpt lat="42.385905" lon="-71.005712">
        <ele>9.257708</ele>
        <time>2025-09-14T15:18:43.894Z</time>
      </trkpt>
      <trkpt lat="42.385963" lon="-71.005614">
        <ele>9.439831</ele>
        <time>2025-09-14T15:18:46.894Z</time>
      </trkpt>
      <trkpt lat="42.386004" lon="-71.005505">
        <ele>9.617228</ele>
        <time>2025-09-14T15:18:50.894Z</time>
      </trkpt>
      <trkpt lat="42.385986" lon="-71.005351">
        <ele>9.843348</ele>
        <time>2025-09-14T15:18:53.894Z</time>
      </trkpt>
      <trkpt lat="42.385946" lon="-71.005223">
        <ele>10.044913</ele>
        <time>2025-09-14T15:18:55.894Z</time>
      </trkpt>
      <trkpt lat="42.385899" lon="-71.005106">
        <ele>10.238065</ele>
        <time>2025-09-14T15:18:57.894Z</time>
      </trkpt>
      <trkpt lat="42.385858" lon="-71.004984">
        <ele>10.432451</ele>
        <time>2025-09-14T15:18:59.894Z</time>
      </trkpt>
      <trkpt lat="42.385824" lon="-71.004857">
        <ele>10.496148</ele>
        <time>2025-09-14T15:19:01.894Z</time>
      </trkpt>
      <trkpt lat="42.385776" lon="-71.004666">
        <ele>10.546347</ele>
        <time>2025-09-14T15:19:04.894Z</time>
      </trkpt>
      <trkpt lat="42.385739" lon="-71.004545">
        <ele>10.578932</ele>
        <time>2025-09-14T15:19:06.894Z</time>
      </trkpt>
      <trkpt lat="42.385696" lon="-71.004414">
        <ele>10.614601</ele>
        <time>2025-09-14T15:19:08.894Z</time>
      </trkpt>
      <trkpt lat="42.385660" lon="-71.004247">
        <ele>10.657886</ele>
        <time>2025-09-14T15:19:11.894Z</time>
      </trkpt>
      <trkpt lat="42.385612" lon="-71.004142">
        <ele>10.688611</ele>
        <time>2025-09-14T15:19:13.894Z</time>
      </trkpt>
      <trkpt lat="42.385544" lon="-71.003990">
        <ele>10.732827</ele>
        <time>2025-09-14T15:19:16.894Z</time>
      </trkpt>
      <trkpt lat="42.385502" lon="-71.003871">
        <ele>10.765643</ele>
        <time>2025-09-14T15:19:18.894Z</time>
      </trkpt>
      <trkpt lat="42.385459" lon="-71.003749">
        <ele>10.799277</ele>
        <time>2025-09-14T15:19:20.894Z</time>
      </trkpt>
      <trkpt lat="42.385401" lon="-71.003591">
        <ele>10.843178</ele>
        <time>2025-09-14T15:19:23.894Z</time>
      </trkpt>
      <trkpt lat="42.385344" lon="-71.003434">
        <ele>10.886706</ele>
        <time>2025-09-14T15:19:26.894Z</time>
      </trkpt>
      <trkpt lat="42.385296" lon="-71.003303">
        <ele>10.923091</ele>
        <time>2025-09-14T15:19:28.894Z</time>
      </trkpt>
      <trkpt lat="42.385255" lon="-71.003190">
        <ele>10.954417</ele>
        <time>2025-09-14T15:19:30.894Z</time>
      </trkpt>
      <trkpt lat="42.385199" lon="-71.003036">
        <ele>10.997127</ele>
        <time>2025-09-14T15:19:33.894Z</time>
      </trkpt>
      <trkpt lat="42.385163" lon="-71.002901">
        <ele>11.032839</ele>
        <time>2025-09-14T15:19:35.894Z</time>
      </trkpt>
      <trkpt lat="42.385122" lon="-71.002783">
        <ele>11.065286</ele>
        <time>2025-09-14T15:19:37.894Z</time>
      </trkpt>
      <trkpt lat="42.385067" lon="-71.002672">
        <ele>11.014731</ele>
        <time>2025-09-14T15:19:39.894Z</time>
      </trkpt>
      <trkpt lat="42.385040" lon="-71.002551">
        <ele>10.935787</ele>
        <time>2025-09-14T15:19:41.894Z</time>
      </trkpt>
      <trkpt lat="42.384980" lon="-71.002398">
        <ele>10.827598</ele>
        <time>2025-09-14T15:19:44.893Z</time>
      </trkpt>
      <trkpt lat="42.384917" lon="-71.002235">
        <ele>10.712701</ele>
        <time>2025-09-14T15:19:47.893Z</time>
      </trkpt>
      <trkpt lat="42.384871" lon="-71.002127">
        <ele>10.634838</ele>
        <time>2025-09-14T15:19:49.894Z</time>
      </trkpt>
      <trkpt lat="42.384826" lon="-71.002002">
        <ele>10.547990</ele>
        <time>2025-09-14T15:19:51.893Z</time>
      </trkpt>
      <trkpt lat="42.384778" lon="-71.001867">
        <ele>10.454416</ele>
        <time>2025-09-14T15:19:53.893Z</time>
      </trkpt>
      <trkpt lat="42.384731" lon="-71.001738">
        <ele>10.364580</ele>
        <time>2025-09-14T15:19:55.893Z</time>
      </trkpt>
      <trkpt lat="42.384690" lon="-71.001621">
        <ele>10.283700</ele>
        <time>2025-09-14T15:19:57.893Z</time>
      </trkpt>
      <trkpt lat="42.384631" lon="-71.001459">
        <ele>10.170892</ele>
        <time>2025-09-14T15:20:00.893Z</time>
      </trkpt>
      <trkpt lat="42.384592" lon="-71.001346">
        <ele>10.092993</ele>
        <time>2025-09-14T15:20:02.893Z</time>
      </trkpt>
      <trkpt lat="42.384548" lon="-71.001231">
        <ele>10.012105</ele>
        <time>2025-09-14T15:20:04.893Z</time>
      </trkpt>
      <trkpt lat="42.384503" lon="-71.001110">
        <ele>9.927496</ele>
        <time>2025-09-14T15:20:06.893Z</time>
      </trkpt>
      <trkpt lat="42.384457" lon="-71.000980">
        <ele>9.837467</ele>
        <time>2025-09-14T15:20:08.893Z</time>
      </trkpt>
      <trkpt lat="42.384413" lon="-71.000860">
        <ele>9.753794</ele>
        <time>2025-09-14T15:20:10.893Z</time>
      </trkpt>
      <trkpt lat="42.384358" lon="-71.000711">
        <ele>9.649762</ele>
        <time>2025-09-14T15:20:12.893Z</time>
      </trkpt>
      <trkpt lat="42.384308" lon="-71.000572">
        <ele>9.553321</ele>
        <time>2025-09-14T15:20:14.893Z</time>
      </trkpt>
      <trkpt lat="42.384267" lon="-71.000453">
        <ele>9.487207</ele>
        <time>2025-09-14T15:20:16.893Z</time>
      </trkpt>
      <trkpt lat="42.384219" lon="-71.000315">
        <ele>9.410405</ele>
        <time>2025-09-14T15:20:18.893Z</time>
      </trkpt>
      <trkpt lat="42.384171" lon="-71.000193">
        <ele>9.340807</ele>
        <time>2025-09-14T15:20:20.893Z</time>
      </trkpt>
      <trkpt lat="42.384123" lon="-71.000061">
        <ele>9.266727</ele>
        <time>2025-09-14T15:20:22.893Z</time>
      </trkpt>
      <trkpt lat="42.384070" lon="-70.999910">
        <ele>9.182550</ele>
        <time>2025-09-14T15:20:24.893Z</time>
      </trkpt>
      <trkpt lat="42.384018" lon="-70.999770">
        <ele>9.103649</ele>
        <time>2025-09-14T15:20:26.893Z</time>
      </trkpt>
      <trkpt lat="42.383963" lon="-70.999616">
        <ele>9.017521</ele>
        <time>2025-09-14T15:20:28.893Z</time>
      </trkpt>
      <trkpt lat="42.383909" lon="-70.999466">
        <ele>8.933503</ele>
        <time>2025-09-14T15:20:30.893Z</time>
      </trkpt>
      <trkpt lat="42.383867" lon="-70.999326">
        <ele>8.857420</ele>
        <time>2025-09-14T15:20:32.893Z</time>
      </trkpt>
      <trkpt lat="42.383821" lon="-70.999170">
        <ele>8.772845</ele>
        <time>2025-09-14T15:20:34.893Z</time>
      </trkpt>
      <trkpt lat="42.383770" lon="-70.999032">
        <ele>8.695150</ele>
        <time>2025-09-14T15:20:36.893Z</time>
      </trkpt>
      <trkpt lat="42.383725" lon="-70.998897">
        <ele>8.620576</ele>
        <time>2025-09-14T15:20:38.893Z</time>
      </trkpt>
      <trkpt lat="42.383676" lon="-70.998773">
        <ele>8.549768</ele>
        <time>2025-09-14T15:20:40.893Z</time>
      </trkpt>
      <trkpt lat="42.383630" lon="-70.998648">
        <ele>8.479451</ele>
        <time>2025-09-14T15:20:42.893Z</time>
      </trkpt>
      <trkpt lat="42.383572" lon="-70.998518">
        <ele>8.402981</ele>
        <time>2025-09-14T15:20:44.893Z</time>
      </trkpt>
      <trkpt lat="42.383538" lon="-70.998400">
        <ele>8.339207</ele>
        <time>2025-09-14T15:20:46.893Z</time>
      </trkpt>
      <trkpt lat="42.383479" lon="-70.998275">
        <ele>8.286800</ele>
        <time>2025-09-14T15:20:48.893Z</time>
      </trkpt>
      <trkpt lat="42.383428" lon="-70.998120">
        <ele>8.231470</ele>
        <time>2025-09-14T15:20:50.893Z</time>
      </trkpt>
      <trkpt lat="42.383388" lon="-70.997995">
        <ele>8.187049</ele>
        <time>2025-09-14T15:20:52.893Z</time>
      </trkpt>
      <trkpt lat="42.383327" lon="-70.997883">
        <ele>8.141673</ele>
        <time>2025-09-14T15:20:54.893Z</time>
      </trkpt>
      <trkpt lat="42.383290" lon="-70.997734">
        <ele>8.090415</ele>
        <time>2025-09-14T15:20:56.893Z</time>
      </trkpt>
      <trkpt lat="42.383240" lon="-70.997605">
        <ele>8.042911</ele>
        <time>2025-09-14T15:20:58.893Z</time>
      </trkpt>
      <trkpt lat="42.383197" lon="-70.997469">
        <ele>7.994672</ele>
        <time>2025-09-14T15:21:00.893Z</time>
      </trkpt>
      <trkpt lat="42.383150" lon="-70.997312">
        <ele>7.939433</ele>
        <time>2025-09-14T15:21:02.893Z</time>
      </trkpt>
      <trkpt lat="42.383101" lon="-70.997171">
        <ele>7.888621</ele>
        <time>2025-09-14T15:21:04.893Z</time>
      </trkpt>
      <trkpt lat="42.383060" lon="-70.997032">
        <ele>7.839815</ele>
        <time>2025-09-14T15:21:06.893Z</time>
      </trkpt>
      <trkpt lat="42.383016" lon="-70.996888">
        <ele>7.789001</ele>
        <time>2025-09-14T15:21:08.893Z</time>
      </trkpt>
      <trkpt lat="42.382971" lon="-70.996744">
        <ele>7.738015</ele>
        <time>2025-09-14T15:21:10.892Z</time>
      </trkpt>
      <trkpt lat="42.382937" lon="-70.996600">
        <ele>7.688719</ele>
        <time>2025-09-14T15:21:12.892Z</time>
      </trkpt>
      <trkpt lat="42.382895" lon="-70.996459">
        <ele>7.639144</ele>
        <time>2025-09-14T15:21:14.892Z</time>
      </trkpt>
      <trkpt lat="42.382864" lon="-70.996307">
        <ele>7.587724</ele>
        <time>2025-09-14T15:21:16.892Z</time>
      </trkpt>
      <trkpt lat="42.382831" lon="-70.996161">
        <ele>7.537937</ele>
        <time>2025-09-14T15:21:18.892Z</time>
      </trkpt>
      <trkpt lat="42.382809" lon="-70.996009">
        <ele>7.450256</ele>
        <time>2025-09-14T15:21:20.892Z</time>
      </trkpt>
      <trkpt lat="42.382787" lon="-70.995864">
        <ele>7.363236</ele>
        <time>2025-09-14T15:21:22.892Z</time>
      </trkpt>
      <trkpt lat="42.382771" lon="-70.995713">
        <ele>7.273560</ele>
        <time>2025-09-14T15:21:24.892Z</time>
      </trkpt>
      <trkpt lat="42.382754" lon="-70.995562">
        <ele>7.183768</ele>
        <time>2025-09-14T15:21:26.892Z</time>
      </trkpt>
      <trkpt lat="42.382734" lon="-70.995421">
        <ele>7.099365</ele>
        <time>2025-09-14T15:21:28.892Z</time>
      </trkpt>
      <trkpt lat="42.382714" lon="-70.995284">
        <ele>7.017270</ele>
        <time>2025-09-14T15:21:30.892Z</time>
      </trkpt>
      <trkpt lat="42.382697" lon="-70.995140">
        <ele>6.931544</ele>
        <time>2025-09-14T15:21:32.892Z</time>
      </trkpt>
      <trkpt lat="42.382677" lon="-70.994997">
        <ele>6.845985</ele>
        <time>2025-09-14T15:21:34.892Z</time>
      </trkpt>
      <trkpt lat="42.382658" lon="-70.994860">
        <ele>6.764041</ele>
        <time>2025-09-14T15:21:36.892Z</time>
      </trkpt>
      <trkpt lat="42.382640" lon="-70.994726">
        <ele>6.683975</ele>
        <time>2025-09-14T15:21:38.892Z</time>
      </trkpt>
      <trkpt lat="42.382625" lon="-70.994603">
        <ele>6.610689</ele>
        <time>2025-09-14T15:21:40.892Z</time>
      </trkpt>
      <trkpt lat="42.382611" lon="-70.994479">
        <ele>6.536948</ele>
        <time>2025-09-14T15:21:42.892Z</time>
      </trkpt>
      <trkpt lat="42.382601" lon="-70.994344">
        <ele>6.457188</ele>
        <time>2025-09-14T15:21:44.892Z</time>
      </trkpt>
      <trkpt lat="42.382592" lon="-70.994201">
        <ele>6.372819</ele>
        <time>2025-09-14T15:21:46.892Z</time>
      </trkpt>
      <trkpt lat="42.382576" lon="-70.994070">
        <ele>6.294763</ele>
        <time>2025-09-14T15:21:48.892Z</time>
      </trkpt>
      <trkpt lat="42.382571" lon="-70.993917">
        <ele>6.204732</ele>
        <time>2025-09-14T15:21:50.892Z</time>
      </trkpt>
      <trkpt lat="42.382557" lon="-70.993761">
        <ele>6.112351</ele>
        <time>2025-09-14T15:21:52.892Z</time>
      </trkpt>
      <trkpt lat="42.382543" lon="-70.993633">
        <ele>6.156418</ele>
        <time>2025-09-14T15:21:54.892Z</time>
      </trkpt>
      <trkpt lat="42.382523" lon="-70.993496">
        <ele>6.223756</ele>
        <time>2025-09-14T15:21:56.892Z</time>
      </trkpt>
      <trkpt lat="42.382509" lon="-70.993361">
        <ele>6.289491</ele>
        <time>2025-09-14T15:21:58.892Z</time>
      </trkpt>
      <trkpt lat="42.382479" lon="-70.993187">
        <ele>6.375648</ele>
        <time>2025-09-14T15:22:01.892Z</time>
      </trkpt>
      <trkpt lat="42.382464" lon="-70.993062">
        <ele>6.436712</ele>
        <time>2025-09-14T15:22:03.891Z</time>
      </trkpt>
      <trkpt lat="42.382450" lon="-70.992912">
        <ele>6.509616</ele>
        <time>2025-09-14T15:22:05.891Z</time>
      </trkpt>
      <trkpt lat="42.382441" lon="-70.992763">
        <ele>6.581703</ele>
        <time>2025-09-14T15:22:07.891Z</time>
      </trkpt>
      <trkpt lat="42.382429" lon="-70.992619">
        <ele>6.651579</ele>
        <time>2025-09-14T15:22:09.891Z</time>
      </trkpt>
      <trkpt lat="42.382416" lon="-70.992488">
        <ele>6.715314</ele>
        <time>2025-09-14T15:22:11.891Z</time>
      </trkpt>
      <trkpt lat="42.382406" lon="-70.992353">
        <ele>6.780737</ele>
        <time>2025-09-14T15:22:13.891Z</time>
      </trkpt>
      <trkpt lat="42.382393" lon="-70.992191">
        <ele>6.859312</ele>
        <time>2025-09-14T15:22:16.891Z</time>
      </trkpt>
      <trkpt lat="42.382369" lon="-70.992072">
        <ele>6.918794</ele>
        <time>2025-09-14T15:22:19.891Z</time>
      </trkpt>
      <trkpt lat="42.382348" lon="-70.991950">
        <ele>6.979198</ele>
        <time>2025-09-14T15:22:23.891Z</time>
      </trkpt>
      <trkpt lat="42.382345" lon="-70.991813">
        <ele>7.045287</ele>
        <time>2025-09-14T15:22:53.891Z</time>
      </trkpt>
      <trkpt lat="42.382325" lon="-70.991658">
        <ele>7.121159</ele>
        <time>2025-09-14T15:22:57.891Z</time>
      </trkpt>
      <trkpt lat="42.382331" lon="-70.991497">
        <ele>7.198891</ele>
        <time>2025-09-14T15:23:00.891Z</time>
      </trkpt>
      <trkpt lat="42.382327" lon="-70.991333">
        <ele>7.277529</ele>
        <time>2025-09-14T15:23:03.891Z</time>
      </trkpt>
      <trkpt lat="42.382321" lon="-70.991175">
        <ele>7.330491</ele>
        <time>2025-09-14T15:23:06.891Z</time>
      </trkpt>
      <trkpt lat="42.382305" lon="-70.991016">
        <ele>7.384210</ele>
        <time>2025-09-14T15:23:09.891Z</time>
      </trkpt>
      <trkpt lat="42.382310" lon="-70.990893">
        <ele>7.425448</ele>
        <time>2025-09-14T15:23:11.891Z</time>
      </trkpt>
      <trkpt lat="42.382282" lon="-70.990724">
        <ele>7.483428</ele>
        <time>2025-09-14T15:23:14.891Z</time>
      </trkpt>
      <trkpt lat="42.382278" lon="-70.990540">
        <ele>7.545051</ele>
        <time>2025-09-14T15:23:17.891Z</time>
      </trkpt>
      <trkpt lat="42.382272" lon="-70.990357">
        <ele>7.606372</ele>
        <time>2025-09-14T15:23:20.891Z</time>
      </trkpt>
      <trkpt lat="42.382259" lon="-70.990162">
        <ele>7.671916</ele>
        <time>2025-09-14T15:23:23.891Z</time>
      </trkpt>
      <trkpt lat="42.382248" lon="-70.989976">
        <ele>7.734381</ele>
        <time>2025-09-14T15:23:26.891Z</time>
      </trkpt>
      <trkpt lat="42.382233" lon="-70.989829">
        <ele>7.784058</ele>
        <time>2025-09-14T15:23:28.891Z</time>
      </trkpt>
      <trkpt lat="42.382226" lon="-70.989700">
        <ele>7.827359</ele>
        <time>2025-09-14T15:23:30.891Z</time>
      </trkpt>
      <trkpt lat="42.382208" lon="-70.989563">
        <ele>7.873941</ele>
        <time>2025-09-14T15:23:32.891Z</time>
      </trkpt>
      <trkpt lat="42.382201" lon="-70.989426">
        <ele>7.919913</ele>
        <time>2025-09-14T15:23:34.891Z</time>
      </trkpt>
      <trkpt lat="42.382188" lon="-70.989288">
        <ele>7.966484</ele>
        <time>2025-09-14T15:23:36.891Z</time>
      </trkpt>
      <trkpt lat="42.382173" lon="-70.989147">
        <ele>8.014173</ele>
        <time>2025-09-14T15:23:38.891Z</time>
      </trkpt>
      <trkpt lat="42.382161" lon="-70.989004">
        <ele>8.062352</ele>
        <time>2025-09-14T15:23:40.891Z</time>
      </trkpt>
      <trkpt lat="42.382158" lon="-70.988860">
        <ele>8.135053</ele>
        <time>2025-09-14T15:23:42.891Z</time>
      </trkpt>
      <trkpt lat="42.382148" lon="-70.988725">
        <ele>8.238959</ele>
        <time>2025-09-14T15:23:44.891Z</time>
      </trkpt>
      <trkpt lat="42.382136" lon="-70.988595">
        <ele>8.339291</ele>
        <time>2025-09-14T15:23:46.891Z</time>
      </trkpt>
      <trkpt lat="42.382103" lon="-70.988431">
        <ele>8.469464</ele>
        <time>2025-09-14T15:23:49.891Z</time>
      </trkpt>
      <trkpt lat="42.382086" lon="-70.988306">
        <ele>8.566802</ele>
        <time>2025-09-14T15:23:51.890Z</time>
      </trkpt>
      <trkpt lat="42.382080" lon="-70.988172">
        <ele>8.669612</ele>
        <time>2025-09-14T15:23:53.890Z</time>
      </trkpt>
      <trkpt lat="42.382072" lon="-70.988049">
        <ele>8.764174</ele>
        <time>2025-09-14T15:23:55.890Z</time>
      </trkpt>
      <trkpt lat="42.382055" lon="-70.987925">
        <ele>8.860759</ele>
        <time>2025-09-14T15:23:57.890Z</time>
      </trkpt>
      <trkpt lat="42.382060" lon="-70.987776">
        <ele>8.974985</ele>
        <time>2025-09-14T15:24:00.890Z</time>
      </trkpt>
      <trkpt lat="42.382037" lon="-70.987654">
        <ele>9.071412</ele>
        <time>2025-09-14T15:24:02.890Z</time>
      </trkpt>
      <trkpt lat="42.382015" lon="-70.987510">
        <ele>9.184026</ele>
        <time>2025-09-14T15:24:05.890Z</time>
      </trkpt>
      <trkpt lat="42.381995" lon="-70.987341">
        <ele>9.315102</ele>
        <time>2025-09-14T15:24:08.890Z</time>
      </trkpt>
      <trkpt lat="42.381988" lon="-70.987162">
        <ele>9.452378</ele>
        <time>2025-09-14T15:24:11.890Z</time>
      </trkpt>
      <trkpt lat="42.381975" lon="-70.986993">
        <ele>9.582504</ele>
        <time>2025-09-14T15:24:14.889Z</time>
      </trkpt>
      <trkpt lat="42.381957" lon="-70.986841">
        <ele>9.700397</ele>
        <time>2025-09-14T15:24:17.889Z</time>
      </trkpt>
      <trkpt lat="42.381942" lon="-70.986682">
        <ele>9.823153</ele>
        <time>2025-09-14T15:24:20.889Z</time>
      </trkpt>
      <trkpt lat="42.381920" lon="-70.986526">
        <ele>9.944781</ele>
        <time>2025-09-14T15:24:23.889Z</time>
      </trkpt>
      <trkpt lat="42.381898" lon="-70.986364">
        <ele>10.080928</ele>
        <time>2025-09-14T15:24:26.889Z</time>
      </trkpt>
      <trkpt lat="42.381892" lon="-70.986228">
        <ele>10.194376</ele>
        <time>2025-09-14T15:24:28.889Z</time>
      </trkpt>
      <trkpt lat="42.381885" lon="-70.986105">
        <ele>10.297102</ele>
        <time>2025-09-14T15:24:30.889Z</time>
      </trkpt>
      <trkpt lat="42.381873" lon="-70.985979">
        <ele>10.402890</ele>
        <time>2025-09-14T15:24:32.889Z</time>
      </trkpt>
      <trkpt lat="42.381860" lon="-70.985841">
        <ele>10.518733</ele>
        <time>2025-09-14T15:24:34.889Z</time>
      </trkpt>
      <trkpt lat="42.381849" lon="-70.985673">
        <ele>10.659175</ele>
        <time>2025-09-14T15:24:37.889Z</time>
      </trkpt>
      <trkpt lat="42.381835" lon="-70.985487">
        <ele>10.814858</ele>
        <time>2025-09-14T15:24:40.889Z</time>
      </trkpt>
      <trkpt lat="42.381822" lon="-70.985316">
        <ele>10.958002</ele>
        <time>2025-09-14T15:24:43.889Z</time>
      </trkpt>
      <trkpt lat="42.381809" lon="-70.985188">
        <ele>11.065590</ele>
        <time>2025-09-14T15:24:45.889Z</time>
      </trkpt>
      <trkpt lat="42.381802" lon="-70.985053">
        <ele>11.178281</ele>
        <time>2025-09-14T15:24:47.889Z</time>
      </trkpt>
      <trkpt lat="42.381785" lon="-70.984924">
        <ele>11.287395</ele>
        <time>2025-09-14T15:24:49.889Z</time>
      </trkpt>
      <trkpt lat="42.381756" lon="-70.984743">
        <ele>11.441618</ele>
        <time>2025-09-14T15:24:52.889Z</time>
      </trkpt>
      <trkpt lat="42.381741" lon="-70.984599">
        <ele>11.562713</ele>
        <time>2025-09-14T15:24:54.889Z</time>
      </trkpt>
      <trkpt lat="42.381730" lon="-70.984440">
        <ele>11.695692</ele>
        <time>2025-09-14T15:24:56.889Z</time>
      </trkpt>
      <trkpt lat="42.381715" lon="-70.984309">
        <ele>11.806078</ele>
        <time>2025-09-14T15:24:58.889Z</time>
      </trkpt>
      <trkpt lat="42.381694" lon="-70.984177">
        <ele>11.918515</ele>
        <time>2025-09-14T15:25:00.889Z</time>
      </trkpt>
      <trkpt lat="42.381698" lon="-70.984030">
        <ele>11.893922</ele>
        <time>2025-09-14T15:25:02.889Z</time>
      </trkpt>
      <trkpt lat="42.381674" lon="-70.983843">
        <ele>11.644461</ele>
        <time>2025-09-14T15:25:05.889Z</time>
      </trkpt>
      <trkpt lat="42.381661" lon="-70.983710">
        <ele>11.468133</ele>
        <time>2025-09-14T15:25:07.889Z</time>
      </trkpt>
      <trkpt lat="42.381651" lon="-70.983570">
        <ele>11.283269</ele>
        <time>2025-09-14T15:25:09.889Z</time>
      </trkpt>
      <trkpt lat="42.381642" lon="-70.983425">
        <ele>11.092021</ele>
        <time>2025-09-14T15:25:11.889Z</time>
      </trkpt>
      <trkpt lat="42.381625" lon="-70.983256">
        <ele>10.867850</ele>
        <time>2025-09-14T15:25:13.889Z</time>
      </trkpt>
      <trkpt lat="42.381598" lon="-70.983101">
        <ele>10.658542</ele>
        <time>2025-09-14T15:25:15.889Z</time>
      </trkpt>
      <trkpt lat="42.381580" lon="-70.982941">
        <ele>10.445825</ele>
        <time>2025-09-14T15:25:17.889Z</time>
      </trkpt>
      <trkpt lat="42.381558" lon="-70.982788">
        <ele>10.240958</ele>
        <time>2025-09-14T15:25:19.889Z</time>
      </trkpt>
      <trkpt lat="42.381556" lon="-70.982631">
        <ele>10.034579</ele>
        <time>2025-09-14T15:25:21.889Z</time>
      </trkpt>
      <trkpt lat="42.381521" lon="-70.982509">
        <ele>9.862562</ele>
        <time>2025-09-14T15:25:23.889Z</time>
      </trkpt>
      <trkpt lat="42.381525" lon="-70.982320">
        <ele>9.614053</ele>
        <time>2025-09-14T15:25:26.889Z</time>
      </trkpt>
      <trkpt lat="42.381595" lon="-70.982137">
        <ele>9.343195</ele>
        <time>2025-09-14T15:25:28.889Z</time>
      </trkpt>
      <trkpt lat="42.381672" lon="-70.981979">
        <ele>9.094409</ele>
        <time>2025-09-14T15:25:30.889Z</time>
      </trkpt>
      <trkpt lat="42.381735" lon="-70.981841">
        <ele>8.881188</ele>
        <time>2025-09-14T15:25:32.889Z</time>
      </trkpt>
      <trkpt lat="42.381782" lon="-70.981716">
        <ele>8.748286</ele>
        <time>2025-09-14T15:25:34.889Z</time>
      </trkpt>
      <trkpt lat="42.381839" lon="-70.981588">
        <ele>8.668302</ele>
        <time>2025-09-14T15:25:36.889Z</time>
      </trkpt>
      <trkpt lat="42.381904" lon="-70.981445">
        <ele>8.578447</ele>
        <time>2025-09-14T15:25:38.889Z</time>
      </trkpt>
      <trkpt lat="42.381969" lon="-70.981303">
        <ele>8.489048</ele>
        <time>2025-09-14T15:25:40.889Z</time>
      </trkpt>
      <trkpt lat="42.382014" lon="-70.981187">
        <ele>8.418931</ele>
        <time>2025-09-14T15:25:42.889Z</time>
      </trkpt>
      <trkpt lat="42.382049" lon="-70.981060">
        <ele>8.346391</ele>
        <time>2025-09-14T15:25:44.889Z</time>
      </trkpt>
      <trkpt lat="42.382109" lon="-70.980920">
        <ele>8.259773</ele>
        <time>2025-09-14T15:25:46.889Z</time>
      </trkpt>
      <trkpt lat="42.382159" lon="-70.980781">
        <ele>8.177036</ele>
        <time>2025-09-14T15:25:48.889Z</time>
      </trkpt>
      <trkpt lat="42.382209" lon="-70.980671">
        <ele>8.107917</ele>
        <time>2025-09-14T15:25:50.889Z</time>
      </trkpt>
      <trkpt lat="42.382293" lon="-70.980531">
        <ele>8.011395</ele>
        <time>2025-09-14T15:25:53.889Z</time>
      </trkpt>
      <trkpt lat="42.382357" lon="-70.980366">
        <ele>7.911663</ele>
        <time>2025-09-14T15:25:56.889Z</time>
      </trkpt>
      <trkpt lat="42.382428" lon="-70.980227">
        <ele>7.821225</ele>
        <time>2025-09-14T15:25:59.889Z</time>
      </trkpt>
      <trkpt lat="42.382501" lon="-70.980089">
        <ele>7.730391</ele>
        <time>2025-09-14T15:26:02.889Z</time>
      </trkpt>
      <trkpt lat="42.382566" lon="-70.979958">
        <ele>7.645939</ele>
        <time>2025-09-14T15:26:05.888Z</time>
      </trkpt>
      <trkpt lat="42.382630" lon="-70.979828">
        <ele>7.562335</ele>
        <time>2025-09-14T15:26:08.889Z</time>
      </trkpt>
      <trkpt lat="42.382688" lon="-70.979723">
        <ele>7.492171</ele>
        <time>2025-09-14T15:26:10.889Z</time>
      </trkpt>
      <trkpt lat="42.382797" lon="-70.979625">
        <ele>7.906152</ele>
        <time>2025-09-14T15:26:13.888Z</time>
      </trkpt>
      <trkpt lat="42.382887" lon="-70.979522">
        <ele>8.343075</ele>
        <time>2025-09-14T15:26:16.888Z</time>
      </trkpt>
      <trkpt lat="42.382966" lon="-70.979460">
        <ele>8.681621</ele>
        <time>2025-09-14T15:26:18.888Z</time>
      </trkpt>
      <trkpt lat="42.383061" lon="-70.979365">
        <ele>9.119498</ele>
        <time>2025-09-14T15:26:21.888Z</time>
      </trkpt>
      <trkpt lat="42.383137" lon="-70.979293">
        <ele>9.463403</ele>
        <time>2025-09-14T15:26:23.888Z</time>
      </trkpt>
      <trkpt lat="42.383216" lon="-70.979228">
        <ele>9.806143</ele>
        <time>2025-09-14T15:26:25.888Z</time>
      </trkpt>
      <trkpt lat="42.383315" lon="-70.979139">
        <ele>10.246736</ele>
        <time>2025-09-14T15:26:28.888Z</time>
      </trkpt>
      <trkpt lat="42.383409" lon="-70.979053">
        <ele>10.667355</ele>
        <time>2025-09-14T15:26:31.888Z</time>
      </trkpt>
      <trkpt lat="42.383504" lon="-70.978994">
        <ele>11.054857</ele>
        <time>2025-09-14T15:26:34.888Z</time>
      </trkpt>
      <trkpt lat="42.383599" lon="-70.978905">
        <ele>11.483174</ele>
        <time>2025-09-14T15:26:37.888Z</time>
      </trkpt>
      <trkpt lat="42.383696" lon="-70.978812">
        <ele>11.923848</ele>
        <time>2025-09-14T15:26:41.888Z</time>
      </trkpt>
      <trkpt lat="42.383774" lon="-70.978721">
        <ele>12.305593</ele>
        <time>2025-09-14T15:26:44.888Z</time>
      </trkpt>
      <trkpt lat="42.383873" lon="-70.978641">
        <ele>12.733044</ele>
        <time>2025-09-14T15:26:48.888Z</time>
      </trkpt>
      <trkpt lat="42.383947" lon="-70.978553">
        <ele>13.098209</ele>
        <time>2025-09-14T15:26:52.888Z</time>
      </trkpt>
      <trkpt lat="42.384035" lon="-70.978477">
        <ele>13.485198</ele>
        <time>2025-09-14T15:26:57.888Z</time>
      </trkpt>
      <trkpt lat="42.384113" lon="-70.978401">
        <ele>13.841489</ele>
        <time>2025-09-14T15:27:01.888Z</time>
      </trkpt>
      <trkpt lat="42.384194" lon="-70.978316">
        <ele>14.146188</ele>
        <time>2025-09-14T15:27:05.888Z</time>
      </trkpt>
      <trkpt lat="42.384274" lon="-70.978225">
        <ele>14.131350</ele>
        <time>2025-09-14T15:27:09.888Z</time>
      </trkpt>
      <trkpt lat="42.384352" lon="-70.978120">
        <ele>14.115730</ele>
        <time>2025-09-14T15:27:13.888Z</time>
      </trkpt>
      <trkpt lat="42.384423" lon="-70.978017">
        <ele>14.100953</ele>
        <time>2025-09-14T15:27:17.888Z</time>
      </trkpt>
      <trkpt lat="42.384512" lon="-70.977929">
        <ele>14.085303</ele>
        <time>2025-09-14T15:27:22.888Z</time>
      </trkpt>
      <trkpt lat="42.384602" lon="-70.977877">
        <ele>14.071407</ele>
        <time>2025-09-14T15:27:26.888Z</time>
      </trkpt>
      <trkpt lat="42.384689" lon="-70.977783">
        <ele>14.055601</ele>
        <time>2025-09-14T15:27:29.888Z</time>
      </trkpt>
      <trkpt lat="42.384801" lon="-70.977680">
        <ele>14.036374</ele>
        <time>2025-09-14T15:27:31.888Z</time>
      </trkpt>
      <trkpt lat="42.384896" lon="-70.977576">
        <ele>14.019025</ele>
        <time>2025-09-14T15:27:33.888Z</time>
      </trkpt>
      <trkpt lat="42.384960" lon="-70.977434">
        <ele>14.001577</ele>
        <time>2025-09-14T15:27:35.888Z</time>
      </trkpt>
      <trkpt lat="42.385030" lon="-70.977307">
        <ele>13.984956</ele>
        <time>2025-09-14T15:27:38.888Z</time>
      </trkpt>
      <trkpt lat="42.385144" lon="-70.977197">
        <ele>13.965077</ele>
        <time>2025-09-14T15:27:41.888Z</time>
      </trkpt>
      <trkpt lat="42.385226" lon="-70.977053">
        <ele>13.946005</ele>
        <time>2025-09-14T15:27:44.888Z</time>
      </trkpt>
      <trkpt lat="42.385304" lon="-70.976953">
        <ele>13.930751</ele>
        <time>2025-09-14T15:27:46.888Z</time>
      </trkpt>
      <trkpt lat="42.385404" lon="-70.976846">
        <ele>13.912651</ele>
        <time>2025-09-14T15:27:49.888Z</time>
      </trkpt>
      <trkpt lat="42.385475" lon="-70.976712">
        <ele>13.895354</ele>
        <time>2025-09-14T15:27:52.888Z</time>
      </trkpt>
      <trkpt lat="42.385562" lon="-70.976579">
        <ele>13.598340</ele>
        <time>2025-09-14T15:27:55.888Z</time>
      </trkpt>
      <trkpt lat="42.385669" lon="-70.976482">
        <ele>13.277590</ele>
        <time>2025-09-14T15:27:58.888Z</time>
      </trkpt>
      <trkpt lat="42.385777" lon="-70.976402">
        <ele>12.970948</ele>
        <time>2025-09-14T15:28:01.887Z</time>
      </trkpt>
      <trkpt lat="42.385859" lon="-70.976346">
        <ele>12.742186</ele>
        <time>2025-09-14T15:28:03.887Z</time>
      </trkpt>
      <trkpt lat="42.385978" lon="-70.976271">
        <ele>12.415233</ele>
        <time>2025-09-14T15:28:06.887Z</time>
      </trkpt>
      <trkpt lat="42.386089" lon="-70.976205">
        <ele>12.113261</ele>
        <time>2025-09-14T15:28:09.887Z</time>
      </trkpt>
      <trkpt lat="42.386188" lon="-70.976116">
        <ele>11.817256</ele>
        <time>2025-09-14T15:28:13.887Z</time>
      </trkpt>
      <trkpt lat="42.386274" lon="-70.976040">
        <ele>11.561450</ele>
        <time>2025-09-14T15:28:16.887Z</time>
      </trkpt>
      <trkpt lat="42.386326" lon="-70.975936">
        <ele>11.330396</ele>
        <time>2025-09-14T15:28:20.887Z</time>
      </trkpt>
      <trkpt lat="42.386413" lon="-70.975897">
        <ele>11.102123</ele>
        <time>2025-09-14T15:28:53.887Z</time>
      </trkpt>
      <trkpt lat="42.386791" lon="-70.976044">
        <ele>10.122516</ele>
        <time>2025-09-14T15:29:40.886Z</time>
      </trkpt>
      <trkpt lat="42.386876" lon="-70.976130">
        <ele>9.858207</ele>
        <time>2025-09-14T15:29:42.886Z</time>
      </trkpt>
      <trkpt lat="42.386964" lon="-70.976223">
        <ele>9.580142</ele>
        <time>2025-09-14T15:29:44.886Z</time>
      </trkpt>
      <trkpt lat="42.387055" lon="-70.976318">
        <ele>9.378991</ele>
        <time>2025-09-14T15:29:46.886Z</time>
      </trkpt>
      <trkpt lat="42.387131" lon="-70.976410">
        <ele>9.305824</ele>
        <time>2025-09-14T15:29:48.886Z</time>
      </trkpt>
      <trkpt lat="42.387201" lon="-70.976507">
        <ele>9.233937</ele>
        <time>2025-09-14T15:29:50.886Z</time>
      </trkpt>
      <trkpt lat="42.387280" lon="-70.976604">
        <ele>9.157396</ele>
        <time>2025-09-14T15:29:52.886Z</time>
      </trkpt>
      <trkpt lat="42.387351" lon="-70.976721">
        <ele>9.077128</ele>
        <time>2025-09-14T15:29:54.886Z</time>
      </trkpt>
      <trkpt lat="42.387425" lon="-70.976825">
        <ele>9.000579</ele>
        <time>2025-09-14T15:29:56.886Z</time>
      </trkpt>
      <trkpt lat="42.387508" lon="-70.976923">
        <ele>8.921541</ele>
        <time>2025-09-14T15:29:58.886Z</time>
      </trkpt>
      <trkpt lat="42.387579" lon="-70.977042">
        <ele>8.840450</ele>
        <time>2025-09-14T15:30:00.886Z</time>
      </trkpt>
      <trkpt lat="42.387643" lon="-70.977151">
        <ele>8.766639</ele>
        <time>2025-09-14T15:30:02.886Z</time>
      </trkpt>
      <trkpt lat="42.387702" lon="-70.977279">
        <ele>8.686659</ele>
        <time>2025-09-14T15:30:04.886Z</time>
      </trkpt>
      <trkpt lat="42.387762" lon="-70.977415">
        <ele>8.602686</ele>
        <time>2025-09-14T15:30:06.886Z</time>
      </trkpt>
      <trkpt lat="42.387819" lon="-70.977549">
        <ele>8.520717</ele>
        <time>2025-09-14T15:30:08.886Z</time>
      </trkpt>
      <trkpt lat="42.387885" lon="-70.977665">
        <ele>8.443098</ele>
        <time>2025-09-14T15:30:10.886Z</time>
      </trkpt>
      <trkpt lat="42.387945" lon="-70.977792">
        <ele>8.363184</ele>
        <time>2025-09-14T15:30:12.886Z</time>
      </trkpt>
      <trkpt lat="42.388003" lon="-70.977926">
        <ele>8.280855</ele>
        <time>2025-09-14T15:30:14.885Z</time>
      </trkpt>
      <trkpt lat="42.388061" lon="-70.978047">
        <ele>8.204391</ele>
        <time>2025-09-14T15:30:16.885Z</time>
      </trkpt>
      <trkpt lat="42.388118" lon="-70.978166">
        <ele>8.129208</ele>
        <time>2025-09-14T15:30:18.886Z</time>
      </trkpt>
      <trkpt lat="42.388179" lon="-70.978277">
        <ele>8.092371</ele>
        <time>2025-09-14T15:30:20.886Z</time>
      </trkpt>
      <trkpt lat="42.388227" lon="-70.978402">
        <ele>8.058566</ele>
        <time>2025-09-14T15:30:22.886Z</time>
      </trkpt>
      <trkpt lat="42.388285" lon="-70.978526">
        <ele>8.023347</ele>
        <time>2025-09-14T15:30:24.886Z</time>
      </trkpt>
      <trkpt lat="42.388349" lon="-70.978620">
        <ele>7.992671</ele>
        <time>2025-09-14T15:30:26.885Z</time>
      </trkpt>
      <trkpt lat="42.388436" lon="-70.978780">
        <ele>7.944997</ele>
        <time>2025-09-14T15:30:29.885Z</time>
      </trkpt>
      <trkpt lat="42.388485" lon="-70.978886">
        <ele>7.914992</ele>
        <time>2025-09-14T15:30:31.885Z</time>
      </trkpt>
      <trkpt lat="42.388564" lon="-70.978979">
        <ele>7.880982</ele>
        <time>2025-09-14T15:30:33.885Z</time>
      </trkpt>
      <trkpt lat="42.388626" lon="-70.979095">
        <ele>7.846625</ele>
        <time>2025-09-14T15:30:35.885Z</time>
      </trkpt>
      <trkpt lat="42.388682" lon="-70.979192">
        <ele>7.817083</ele>
        <time>2025-09-14T15:30:37.885Z</time>
      </trkpt>
      <trkpt lat="42.388761" lon="-70.979295">
        <ele>7.781453</ele>
        <time>2025-09-14T15:30:39.885Z</time>
      </trkpt>
      <trkpt lat="42.388852" lon="-70.979373">
        <ele>7.746463</ele>
        <time>2025-09-14T15:30:41.885Z</time>
      </trkpt>
      <trkpt lat="42.388926" lon="-70.979470">
        <ele>7.713002</ele>
        <time>2025-09-14T15:30:43.885Z</time>
      </trkpt>
      <trkpt lat="42.389010" lon="-70.979552">
        <ele>7.679359</ele>
        <time>2025-09-14T15:30:45.885Z</time>
      </trkpt>
      <trkpt lat="42.389102" lon="-70.979637">
        <ele>7.643175</ele>
        <time>2025-09-14T15:30:47.885Z</time>
      </trkpt>
      <trkpt lat="42.389197" lon="-70.979695">
        <ele>7.609319</ele>
        <time>2025-09-14T15:30:49.885Z</time>
      </trkpt>
      <trkpt lat="42.389305" lon="-70.979758">
        <ele>7.571115</ele>
        <time>2025-09-14T15:30:51.885Z</time>
      </trkpt>
      <trkpt lat="42.389413" lon="-70.979826">
        <ele>7.516812</ele>
        <time>2025-09-14T15:30:53.885Z</time>
      </trkpt>
      <trkpt lat="42.389527" lon="-70.979860">
        <ele>7.376968</ele>
        <time>2025-09-14T15:30:55.885Z</time>
      </trkpt>
      <trkpt lat="42.389675" lon="-70.979890">
        <ele>7.197690</ele>
        <time>2025-09-14T15:30:58.885Z</time>
      </trkpt>
      <trkpt lat="42.389797" lon="-70.979886">
        <ele>7.051494</ele>
        <time>2025-09-14T15:31:00.885Z</time>
      </trkpt>
      <trkpt lat="42.389917" lon="-70.979924">
        <ele>6.903857</ele>
        <time>2025-09-14T15:31:02.885Z</time>
      </trkpt>
      <trkpt lat="42.390036" lon="-70.979905">
        <ele>6.760309</ele>
        <time>2025-09-14T15:31:04.885Z</time>
      </trkpt>
      <trkpt lat="42.390136" lon="-70.979921">
        <ele>6.639677</ele>
        <time>2025-09-14T15:31:06.885Z</time>
      </trkpt>
      <trkpt lat="42.390249" lon="-70.979931">
        <ele>6.504017</ele>
        <time>2025-09-14T15:31:09.885Z</time>
      </trkpt>
      <trkpt lat="42.390354" lon="-70.979975">
        <ele>6.372342</ele>
        <time>2025-09-14T15:31:12.885Z</time>
      </trkpt>
      <trkpt lat="42.390438" lon="-70.980036">
        <ele>6.258151</ele>
        <time>2025-09-14T15:31:15.885Z</time>
      </trkpt>
      <trkpt lat="42.390380" lon="-70.979941">
        <ele>6.149095</ele>
        <time>2025-09-14T15:31:22.885Z</time>
      </trkpt>
      <trkpt lat="42.390464" lon="-70.980027">
        <ele>6.022935</ele>
        <time>2025-09-14T15:32:05.955Z</time>
      </trkpt>
      <trkpt lat="42.390482" lon="-70.980148">
        <ele>5.913725</ele>
        <time>2025-09-14T15:32:51.955Z</time>
      </trkpt>
      <trkpt lat="42.390567" lon="-70.980206">
        <ele>5.799697</ele>
        <time>2025-09-14T15:33:20.955Z</time>
      </trkpt>
      <trkpt lat="42.390658" lon="-70.980282">
        <ele>5.671609</ele>
        <time>2025-09-14T15:33:24.955Z</time>
      </trkpt>
      <trkpt lat="42.390753" lon="-70.980357">
        <ele>5.539868</ele>
        <time>2025-09-14T15:33:27.956Z</time>
      </trkpt>
      <trkpt lat="42.390839" lon="-70.980428">
        <ele>5.419200</ele>
        <time>2025-09-14T15:33:30.956Z</time>
      </trkpt>
      <trkpt lat="42.390939" lon="-70.980521">
        <ele>5.362416</ele>
        <time>2025-09-14T15:33:33.956Z</time>
      </trkpt>
      <trkpt lat="42.391025" lon="-70.980613">
        <ele>5.337178</ele>
        <time>2025-09-14T15:33:36.956Z</time>
      </trkpt>
      <trkpt lat="42.391109" lon="-70.980669">
        <ele>5.315618</ele>
        <time>2025-09-14T15:33:38.956Z</time>
      </trkpt>
      <trkpt lat="42.391195" lon="-70.980736">
        <ele>5.292771</ele>
        <time>2025-09-14T15:33:40.956Z</time>
      </trkpt>
      <trkpt lat="42.391291" lon="-70.980801">
        <ele>5.268055</ele>
        <time>2025-09-14T15:33:42.956Z</time>
      </trkpt>
      <trkpt lat="42.391388" lon="-70.980861">
        <ele>5.243499</ele>
        <time>2025-09-14T15:33:44.956Z</time>
      </trkpt>
      <trkpt lat="42.391476" lon="-70.980924">
        <ele>5.220577</ele>
        <time>2025-09-14T15:33:46.956Z</time>
      </trkpt>
      <trkpt lat="42.391557" lon="-70.980977">
        <ele>5.199862</ele>
        <time>2025-09-14T15:33:48.956Z</time>
      </trkpt>
      <trkpt lat="42.391656" lon="-70.981042">
        <ele>5.174527</ele>
        <time>2025-09-14T15:33:50.956Z</time>
      </trkpt>
      <trkpt lat="42.391792" lon="-70.981112">
        <ele>5.141024</ele>
        <time>2025-09-14T15:33:53.956Z</time>
      </trkpt>
      <trkpt lat="42.391885" lon="-70.981169">
        <ele>5.117517</ele>
        <time>2025-09-14T15:33:55.956Z</time>
      </trkpt>
      <trkpt lat="42.391978" lon="-70.981226">
        <ele>5.094011</ele>
        <time>2025-09-14T15:33:57.956Z</time>
      </trkpt>
      <trkpt lat="42.392074" lon="-70.981281">
        <ele>5.070008</ele>
        <time>2025-09-14T15:33:59.956Z</time>
      </trkpt>
      <trkpt lat="42.392169" lon="-70.981334">
        <ele>5.046348</ele>
        <time>2025-09-14T15:34:01.956Z</time>
      </trkpt>
      <trkpt lat="42.392264" lon="-70.981376">
        <ele>5.023336</ele>
        <time>2025-09-14T15:34:03.956Z</time>
      </trkpt>
      <trkpt lat="42.392360" lon="-70.981422">
        <ele>4.999887</ele>
        <time>2025-09-14T15:34:05.956Z</time>
      </trkpt>
      <trkpt lat="42.392459" lon="-70.981481">
        <ele>4.974980</ele>
        <time>2025-09-14T15:34:07.956Z</time>
      </trkpt>
      <trkpt lat="42.392555" lon="-70.981511">
        <ele>5.028972</ele>
        <time>2025-09-14T15:34:09.956Z</time>
      </trkpt>
      <trkpt lat="42.392652" lon="-70.981547">
        <ele>5.110122</ele>
        <time>2025-09-14T15:34:11.956Z</time>
      </trkpt>
      <trkpt lat="42.392750" lon="-70.981585">
        <ele>5.192371</ele>
        <time>2025-09-14T15:34:13.956Z</time>
      </trkpt>
      <trkpt lat="42.392855" lon="-70.981621">
        <ele>5.279763</ele>
        <time>2025-09-14T15:34:15.956Z</time>
      </trkpt>
      <trkpt lat="42.392949" lon="-70.981648">
        <ele>5.357294</ele>
        <time>2025-09-14T15:34:17.956Z</time>
      </trkpt>
      <trkpt lat="42.393046" lon="-70.981680">
        <ele>5.437848</ele>
        <time>2025-09-14T15:34:19.956Z</time>
      </trkpt>
      <trkpt lat="42.393176" lon="-70.981715">
        <ele>5.544791</ele>
        <time>2025-09-14T15:34:22.956Z</time>
      </trkpt>
      <trkpt lat="42.393273" lon="-70.981731">
        <ele>5.623633</ele>
        <time>2025-09-14T15:34:24.956Z</time>
      </trkpt>
      <trkpt lat="42.393371" lon="-70.981751">
        <ele>5.703597</ele>
        <time>2025-09-14T15:34:26.955Z</time>
      </trkpt>
      <trkpt lat="42.393472" lon="-70.981773">
        <ele>5.786136</ele>
        <time>2025-09-14T15:34:28.956Z</time>
      </trkpt>
      <trkpt lat="42.393578" lon="-70.981798">
        <ele>5.872949</ele>
        <time>2025-09-14T15:34:30.955Z</time>
      </trkpt>
      <trkpt lat="42.393686" lon="-70.981812">
        <ele>5.960486</ele>
        <time>2025-09-14T15:34:32.956Z</time>
      </trkpt>
      <trkpt lat="42.393788" lon="-70.981824">
        <ele>6.043094</ele>
        <time>2025-09-14T15:34:34.956Z</time>
      </trkpt>
      <trkpt lat="42.393897" lon="-70.981840">
        <ele>6.131555</ele>
        <time>2025-09-14T15:34:36.955Z</time>
      </trkpt>
      <trkpt lat="42.394006" lon="-70.981857">
        <ele>6.220083</ele>
        <time>2025-09-14T15:34:38.955Z</time>
      </trkpt>
      <trkpt lat="42.394119" lon="-70.981873">
        <ele>6.311753</ele>
        <time>2025-09-14T15:34:40.955Z</time>
      </trkpt>
      <trkpt lat="42.394231" lon="-70.981897">
        <ele>6.403244</ele>
        <time>2025-09-14T15:34:42.955Z</time>
      </trkpt>
      <trkpt lat="42.394337" lon="-70.981925">
        <ele>6.489154</ele>
        <time>2025-09-14T15:34:44.955Z</time>
      </trkpt>
      <trkpt lat="42.394444" lon="-70.981959">
        <ele>6.576272</ele>
        <time>2025-09-14T15:34:46.956Z</time>
      </trkpt>
      <trkpt lat="42.394552" lon="-70.981999">
        <ele>6.665024</ele>
        <time>2025-09-14T15:34:48.956Z</time>
      </trkpt>
      <trkpt lat="42.394656" lon="-70.982033">
        <ele>6.749829</ele>
        <time>2025-09-14T15:34:50.956Z</time>
      </trkpt>
      <trkpt lat="42.394766" lon="-70.982092">
        <ele>6.843612</ele>
        <time>2025-09-14T15:34:52.956Z</time>
      </trkpt>
      <trkpt lat="42.394865" lon="-70.982108">
        <ele>6.922643</ele>
        <time>2025-09-14T15:34:54.956Z</time>
      </trkpt>
      <trkpt lat="42.394974" lon="-70.982177">
        <ele>7.018018</ele>
        <time>2025-09-14T15:34:56.956Z</time>
      </trkpt>
      <trkpt lat="42.395081" lon="-70.982222">
        <ele>7.106829</ele>
        <time>2025-09-14T15:34:58.956Z</time>
      </trkpt>
      <trkpt lat="42.395191" lon="-70.982287">
        <ele>7.201962</ele>
        <time>2025-09-14T15:35:00.956Z</time>
      </trkpt>
      <trkpt lat="42.395301" lon="-70.982351">
        <ele>7.296862</ele>
        <time>2025-09-14T15:35:02.956Z</time>
      </trkpt>
      <trkpt lat="42.395396" lon="-70.982442">
        <ele>7.389102</ele>
        <time>2025-09-14T15:35:04.956Z</time>
      </trkpt>
      <trkpt lat="42.395504" lon="-70.982511">
        <ele>7.483759</ele>
        <time>2025-09-14T15:35:06.956Z</time>
      </trkpt>
      <trkpt lat="42.395600" lon="-70.982586">
        <ele>7.571611</ele>
        <time>2025-09-14T15:35:08.956Z</time>
      </trkpt>
      <trkpt lat="42.395691" lon="-70.982672">
        <ele>7.659574</ele>
        <time>2025-09-14T15:35:10.956Z</time>
      </trkpt>
      <trkpt lat="42.395782" lon="-70.982777">
        <ele>7.754342</ele>
        <time>2025-09-14T15:35:12.956Z</time>
      </trkpt>
      <trkpt lat="42.395866" lon="-70.982874">
        <ele>7.841849</ele>
        <time>2025-09-14T15:35:14.956Z</time>
      </trkpt>
      <trkpt lat="42.395943" lon="-70.982999">
        <ele>7.867934</ele>
        <time>2025-09-14T15:35:16.956Z</time>
      </trkpt>
      <trkpt lat="42.396019" lon="-70.983112">
        <ele>7.889282</ele>
        <time>2025-09-14T15:35:18.956Z</time>
      </trkpt>
      <trkpt lat="42.396101" lon="-70.983203">
        <ele>7.909334</ele>
        <time>2025-09-14T15:35:20.956Z</time>
      </trkpt>
      <trkpt lat="42.396194" lon="-70.983300">
        <ele>7.931536</ele>
        <time>2025-09-14T15:35:22.956Z</time>
      </trkpt>
      <trkpt lat="42.396287" lon="-70.983390">
        <ele>7.953156</ele>
        <time>2025-09-14T15:35:24.956Z</time>
      </trkpt>
      <trkpt lat="42.396388" lon="-70.983481">
        <ele>7.976100</ele>
        <time>2025-09-14T15:35:26.956Z</time>
      </trkpt>
      <trkpt lat="42.396471" lon="-70.983574">
        <ele>7.996475</ele>
        <time>2025-09-14T15:35:28.956Z</time>
      </trkpt>
      <trkpt lat="42.396554" lon="-70.983654">
        <ele>8.015744</ele>
        <time>2025-09-14T15:35:30.956Z</time>
      </trkpt>
      <trkpt lat="42.396656" lon="-70.983761">
        <ele>8.040147</ele>
        <time>2025-09-14T15:35:32.956Z</time>
      </trkpt>
      <trkpt lat="42.396753" lon="-70.983845">
        <ele>8.061924</ele>
        <time>2025-09-14T15:35:34.956Z</time>
      </trkpt>
      <trkpt lat="42.396853" lon="-70.983930">
        <ele>8.084254</ele>
        <time>2025-09-14T15:35:36.956Z</time>
      </trkpt>
      <trkpt lat="42.396951" lon="-70.984009">
        <ele>8.105825</ele>
        <time>2025-09-14T15:35:38.956Z</time>
      </trkpt>
      <trkpt lat="42.397047" lon="-70.984093">
        <ele>8.127442</ele>
        <time>2025-09-14T15:35:40.956Z</time>
      </trkpt>
      <trkpt lat="42.397148" lon="-70.984162">
        <ele>8.148838</ele>
        <time>2025-09-14T15:35:42.956Z</time>
      </trkpt>
      <trkpt lat="42.397255" lon="-70.984232">
        <ele>8.171313</ele>
        <time>2025-09-14T15:35:44.956Z</time>
      </trkpt>
      <trkpt lat="42.397351" lon="-70.984308">
        <ele>8.137109</ele>
        <time>2025-09-14T15:35:46.956Z</time>
      </trkpt>
      <trkpt lat="42.397451" lon="-70.984377">
        <ele>7.960155</ele>
        <time>2025-09-14T15:35:48.956Z</time>
      </trkpt>
      <trkpt lat="42.397552" lon="-70.984454">
        <ele>7.777409</ele>
        <time>2025-09-14T15:35:50.956Z</time>
      </trkpt>
      <trkpt lat="42.397664" lon="-70.984523">
        <ele>7.583408</ele>
        <time>2025-09-14T15:35:52.956Z</time>
      </trkpt>
      <trkpt lat="42.397771" lon="-70.984590">
        <ele>7.397543</ele>
        <time>2025-09-14T15:35:54.956Z</time>
      </trkpt>
      <trkpt lat="42.397879" lon="-70.984669">
        <ele>7.204009</ele>
        <time>2025-09-14T15:35:56.956Z</time>
      </trkpt>
      <trkpt lat="42.397991" lon="-70.984736">
        <ele>7.010960</ele>
        <time>2025-09-14T15:35:58.956Z</time>
      </trkpt>
      <trkpt lat="42.398097" lon="-70.984802">
        <ele>6.827014</ele>
        <time>2025-09-14T15:36:00.956Z</time>
      </trkpt>
      <trkpt lat="42.398191" lon="-70.984877">
        <ele>6.654996</ele>
        <time>2025-09-14T15:36:02.956Z</time>
      </trkpt>
      <trkpt lat="42.398284" lon="-70.984904">
        <ele>6.505035</ele>
        <time>2025-09-14T15:36:04.956Z</time>
      </trkpt>
      <trkpt lat="42.398381" lon="-70.984966">
        <ele>6.335919</ele>
        <time>2025-09-14T15:36:06.956Z</time>
      </trkpt>
      <trkpt lat="42.398485" lon="-70.985042">
        <ele>6.149594</ele>
        <time>2025-09-14T15:36:08.956Z</time>
      </trkpt>
      <trkpt lat="42.398579" lon="-70.985108">
        <ele>5.982651</ele>
        <time>2025-09-14T15:36:10.956Z</time>
      </trkpt>
      <trkpt lat="42.398667" lon="-70.985187">
        <ele>5.816186</ele>
        <time>2025-09-14T15:36:12.956Z</time>
      </trkpt>
      <trkpt lat="42.398748" lon="-70.985252">
        <ele>5.667737</ele>
        <time>2025-09-14T15:36:14.956Z</time>
      </trkpt>
      <trkpt lat="42.398836" lon="-70.985334">
        <ele>5.499316</ele>
        <time>2025-09-14T15:36:16.956Z</time>
      </trkpt>
      <trkpt lat="42.398962" lon="-70.985418">
        <ele>5.356083</ele>
        <time>2025-09-14T15:36:19.956Z</time>
      </trkpt>
      <trkpt lat="42.399067" lon="-70.985514">
        <ele>5.371166</ele>
        <time>2025-09-14T15:36:21.956Z</time>
      </trkpt>
      <trkpt lat="42.399168" lon="-70.985599">
        <ele>5.385322</ele>
        <time>2025-09-14T15:36:23.956Z</time>
      </trkpt>
      <trkpt lat="42.399263" lon="-70.985699">
        <ele>5.399647</ele>
        <time>2025-09-14T15:36:25.956Z</time>
      </trkpt>
      <trkpt lat="42.399358" lon="-70.985768">
        <ele>5.412480</ele>
        <time>2025-09-14T15:36:27.956Z</time>
      </trkpt>
      <trkpt lat="42.399456" lon="-70.985851">
        <ele>5.426241</ele>
        <time>2025-09-14T15:36:29.956Z</time>
      </trkpt>
      <trkpt lat="42.399550" lon="-70.985947">
        <ele>5.440257</ele>
        <time>2025-09-14T15:36:31.956Z</time>
      </trkpt>
      <trkpt lat="42.399641" lon="-70.986045">
        <ele>5.454099</ele>
        <time>2025-09-14T15:36:33.956Z</time>
      </trkpt>
      <trkpt lat="42.399731" lon="-70.986142">
        <ele>5.467792</ele>
        <time>2025-09-14T15:36:35.956Z</time>
      </trkpt>
      <trkpt lat="42.399833" lon="-70.986221">
        <ele>5.481781</ele>
        <time>2025-09-14T15:36:37.956Z</time>
      </trkpt>
      <trkpt lat="42.399929" lon="-70.986312">
        <ele>5.495731</ele>
        <time>2025-09-14T15:36:39.956Z</time>
      </trkpt>
      <trkpt lat="42.400022" lon="-70.986388">
        <ele>5.508663</ele>
        <time>2025-09-14T15:36:41.955Z</time>
      </trkpt>
      <trkpt lat="42.400113" lon="-70.986481">
        <ele>5.522235</ele>
        <time>2025-09-14T15:36:43.957Z</time>
      </trkpt>
      <trkpt lat="42.400192" lon="-70.986557">
        <ele>5.533771</ele>
        <time>2025-09-14T15:36:45.956Z</time>
      </trkpt>
      <trkpt lat="42.400291" lon="-70.986670">
        <ele>5.549185</ele>
        <time>2025-09-14T15:36:47.956Z</time>
      </trkpt>
      <trkpt lat="42.400390" lon="-70.986754">
        <ele>5.563093</ele>
        <time>2025-09-14T15:36:49.956Z</time>
      </trkpt>
      <trkpt lat="42.400467" lon="-70.986836">
        <ele>5.587590</ele>
        <time>2025-09-14T15:36:51.956Z</time>
      </trkpt>
      <trkpt lat="42.400540" lon="-70.986930">
        <ele>5.614918</ele>
        <time>2025-09-14T15:36:53.956Z</time>
      </trkpt>
      <trkpt lat="42.400630" lon="-70.987009">
        <ele>5.644015</ele>
        <time>2025-09-14T15:36:55.956Z</time>
      </trkpt>
      <trkpt lat="42.400719" lon="-70.987105">
        <ele>5.674884</ele>
        <time>2025-09-14T15:36:57.956Z</time>
      </trkpt>
      <trkpt lat="42.400798" lon="-70.987195">
        <ele>5.702891</ele>
        <time>2025-09-14T15:36:59.956Z</time>
      </trkpt>
      <trkpt lat="42.400883" lon="-70.987277">
        <ele>5.731204</ele>
        <time>2025-09-14T15:37:01.956Z</time>
      </trkpt>
      <trkpt lat="42.400966" lon="-70.987386">
        <ele>5.762571</ele>
        <time>2025-09-14T15:37:03.956Z</time>
      </trkpt>
      <trkpt lat="42.401048" lon="-70.987477">
        <ele>5.791332</ele>
        <time>2025-09-14T15:37:05.956Z</time>
      </trkpt>
      <trkpt lat="42.401133" lon="-70.987585">
        <ele>5.822953</ele>
        <time>2025-09-14T15:37:07.956Z</time>
      </trkpt>
      <trkpt lat="42.401222" lon="-70.987677">
        <ele>5.853329</ele>
        <time>2025-09-14T15:37:09.956Z</time>
      </trkpt>
      <trkpt lat="42.401301" lon="-70.987786">
        <ele>5.883926</ele>
        <time>2025-09-14T15:37:11.956Z</time>
      </trkpt>
      <trkpt lat="42.401381" lon="-70.987911">
        <ele>5.917063</ele>
        <time>2025-09-14T15:37:13.956Z</time>
      </trkpt>
      <trkpt lat="42.401460" lon="-70.988020">
        <ele>5.947660</ele>
        <time>2025-09-14T15:37:15.956Z</time>
      </trkpt>
      <trkpt lat="42.401538" lon="-70.988150">
        <ele>5.981216</ele>
        <time>2025-09-14T15:37:17.956Z</time>
      </trkpt>
      <trkpt lat="42.401600" lon="-70.988298">
        <ele>6.015304</ele>
        <time>2025-09-14T15:37:19.956Z</time>
      </trkpt>
      <trkpt lat="42.401692" lon="-70.988370">
        <ele>6.044132</ele>
        <time>2025-09-14T15:37:21.956Z</time>
      </trkpt>
      <trkpt lat="42.401782" lon="-70.988437">
        <ele>6.023186</ele>
        <time>2025-09-14T15:37:24.956Z</time>
      </trkpt>
      <trkpt lat="42.401874" lon="-70.988417">
        <ele>5.984596</ele>
        <time>2025-09-14T15:37:31.956Z</time>
      </trkpt>
      <trkpt lat="42.401948" lon="-70.988524">
        <ele>5.939762</ele>
        <time>2025-09-14T15:37:36.956Z</time>
      </trkpt>
      <trkpt lat="42.402039" lon="-70.988644">
        <ele>5.887157</ele>
        <time>2025-09-14T15:37:40.956Z</time>
      </trkpt>
      <trkpt lat="42.402120" lon="-70.988743">
        <ele>5.841967</ele>
        <time>2025-09-14T15:37:43.956Z</time>
      </trkpt>
      <trkpt lat="42.402210" lon="-70.988826">
        <ele>5.796871</ele>
        <time>2025-09-14T15:37:46.956Z</time>
      </trkpt>
      <trkpt lat="42.402285" lon="-70.988928">
        <ele>5.752849</ele>
        <time>2025-09-14T15:37:49.956Z</time>
      </trkpt>
      <trkpt lat="42.402375" lon="-70.988956">
        <ele>5.714604</ele>
        <time>2025-09-14T15:37:52.956Z</time>
      </trkpt>
      <trkpt lat="42.402485" lon="-70.989008">
        <ele>5.666350</ele>
        <time>2025-09-14T15:37:56.956Z</time>
      </trkpt>
      <trkpt lat="42.402571" lon="-70.989078">
        <ele>5.624794</ele>
        <time>2025-09-14T15:38:00.957Z</time>
      </trkpt>
      <trkpt lat="42.402646" lon="-70.989160">
        <ele>5.584873</ele>
        <time>2025-09-14T15:38:04.957Z</time>
      </trkpt>
      <trkpt lat="42.402695" lon="-70.989293">
        <ele>5.539416</ele>
        <time>2025-09-14T15:38:48.956Z</time>
      </trkpt>
      <trkpt lat="42.402750" lon="-70.989440">
        <ele>5.489019</ele>
        <time>2025-09-14T15:38:51.956Z</time>
      </trkpt>
      <trkpt lat="42.402796" lon="-70.989589">
        <ele>5.439629</ele>
        <time>2025-09-14T15:38:54.957Z</time>
      </trkpt>
      <trkpt lat="42.402870" lon="-70.989679">
        <ele>5.398436</ele>
        <time>2025-09-14T15:38:56.957Z</time>
      </trkpt>
      <trkpt lat="42.402987" lon="-70.989761">
        <ele>5.343875</ele>
        <time>2025-09-14T15:38:59.957Z</time>
      </trkpt>
      <trkpt lat="42.403087" lon="-70.989856">
        <ele>5.319109</ele>
        <time>2025-09-14T15:39:02.957Z</time>
      </trkpt>
      <trkpt lat="42.403169" lon="-70.989923">
        <ele>5.350242</ele>
        <time>2025-09-14T15:39:04.957Z</time>
      </trkpt>
      <trkpt lat="42.403280" lon="-70.990018">
        <ele>5.392928</ele>
        <time>2025-09-14T15:39:07.957Z</time>
      </trkpt>
      <trkpt lat="42.403379" lon="-70.990091">
        <ele>5.429572</ele>
        <time>2025-09-14T15:39:10.957Z</time>
      </trkpt>
      <trkpt lat="42.403370" lon="-70.990213">
        <ele>5.459003</ele>
        <time>2025-09-14T15:39:13.957Z</time>
      </trkpt>
      <trkpt lat="42.403389" lon="-70.990339">
        <ele>5.489873</ele>
        <time>2025-09-14T15:39:17.957Z</time>
      </trkpt>
      <trkpt lat="42.403497" lon="-70.990399">
        <ele>5.527821</ele>
        <time>2025-09-14T15:39:20.957Z</time>
      </trkpt>
      <trkpt lat="42.403619" lon="-70.990479">
        <ele>5.571885</ele>
        <time>2025-09-14T15:39:23.957Z</time>
      </trkpt>
      <trkpt lat="42.403734" lon="-70.990540">
        <ele>5.612034</ele>
        <time>2025-09-14T15:39:26.957Z</time>
      </trkpt>
      <trkpt lat="42.403827" lon="-70.990589">
        <ele>5.644474</ele>
        <time>2025-09-14T15:39:28.957Z</time>
      </trkpt>
      <trkpt lat="42.403917" lon="-70.990652">
        <ele>5.677409</ele>
        <time>2025-09-14T15:39:30.957Z</time>
      </trkpt>
      <trkpt lat="42.404045" lon="-70.990708">
        <ele>5.721136</ele>
        <time>2025-09-14T15:39:33.957Z</time>
      </trkpt>
      <trkpt lat="42.404143" lon="-70.990761">
        <ele>5.755440</ele>
        <time>2025-09-14T15:39:35.957Z</time>
      </trkpt>
      <trkpt lat="42.404238" lon="-70.990796">
        <ele>5.787445</ele>
        <time>2025-09-14T15:39:37.957Z</time>
      </trkpt>
      <trkpt lat="42.404328" lon="-70.990834">
        <ele>5.818092</ele>
        <time>2025-09-14T15:39:39.957Z</time>
      </trkpt>
      <trkpt lat="42.404417" lon="-70.990875">
        <ele>5.848652</ele>
        <time>2025-09-14T15:39:41.957Z</time>
      </trkpt>
      <trkpt lat="42.404554" lon="-70.990917">
        <ele>5.892881</ele>
        <time>2025-09-14T15:39:44.957Z</time>
      </trkpt>
      <trkpt lat="42.404650" lon="-70.990958">
        <ele>5.900383</ele>
        <time>2025-09-14T15:39:46.957Z</time>
      </trkpt>
      <trkpt lat="42.404744" lon="-70.991003">
        <ele>5.907814</ele>
        <time>2025-09-14T15:39:48.957Z</time>
      </trkpt>
      <trkpt lat="42.404839" lon="-70.991022">
        <ele>5.914971</ele>
        <time>2025-09-14T15:39:50.957Z</time>
      </trkpt>
      <trkpt lat="42.404940" lon="-70.991049">
        <ele>5.922644</ele>
        <time>2025-09-14T15:39:52.957Z</time>
      </trkpt>
      <trkpt lat="42.405045" lon="-70.991084">
        <ele>5.930703</ele>
        <time>2025-09-14T15:39:54.957Z</time>
      </trkpt>
      <trkpt lat="42.405137" lon="-70.991119">
        <ele>5.937825</ele>
        <time>2025-09-14T15:39:56.957Z</time>
      </trkpt>
      <trkpt lat="42.405225" lon="-70.991154">
        <ele>5.944660</ele>
        <time>2025-09-14T15:39:58.957Z</time>
      </trkpt>
      <trkpt lat="42.405360" lon="-70.991173">
        <ele>5.954776</ele>
        <time>2025-09-14T15:40:01.957Z</time>
      </trkpt>
      <trkpt lat="42.405450" lon="-70.991198">
        <ele>5.961623</ele>
        <time>2025-09-14T15:40:03.957Z</time>
      </trkpt>
      <trkpt lat="42.405574" lon="-70.991219">
        <ele>5.970937</ele>
        <time>2025-09-14T15:40:06.957Z</time>
      </trkpt>
      <trkpt lat="42.405681" lon="-70.991243">
        <ele>5.979020</ele>
        <time>2025-09-14T15:40:09.957Z</time>
      </trkpt>
      <trkpt lat="42.405773" lon="-70.991260">
        <ele>5.985940</ele>
        <time>2025-09-14T15:40:11.957Z</time>
      </trkpt>
      <trkpt lat="42.405915" lon="-70.991269">
        <ele>5.996535</ele>
        <time>2025-09-14T15:40:14.957Z</time>
      </trkpt>
      <trkpt lat="42.406005" lon="-70.991270">
        <ele>6.003243</ele>
        <time>2025-09-14T15:40:16.957Z</time>
      </trkpt>
      <trkpt lat="42.406101" lon="-70.991285">
        <ele>6.010445</ele>
        <time>2025-09-14T15:40:18.957Z</time>
      </trkpt>
      <trkpt lat="42.406191" lon="-70.991285">
        <ele>6.017153</ele>
        <time>2025-09-14T15:40:20.957Z</time>
      </trkpt>
      <trkpt lat="42.406284" lon="-70.991282">
        <ele>6.024086</ele>
        <time>2025-09-14T15:40:22.957Z</time>
      </trkpt>
      <trkpt lat="42.406415" lon="-70.991273">
        <ele>5.989750</ele>
        <time>2025-09-14T15:40:25.957Z</time>
      </trkpt>
      <trkpt lat="42.406520" lon="-70.991285">
        <ele>5.950506</ele>
        <time>2025-09-14T15:40:27.957Z</time>
      </trkpt>
      <trkpt lat="42.406621" lon="-70.991293">
        <ele>5.912827</ele>
        <time>2025-09-14T15:40:29.957Z</time>
      </trkpt>
      <trkpt lat="42.406727" lon="-70.991289">
        <ele>5.873334</ele>
        <time>2025-09-14T15:40:31.957Z</time>
      </trkpt>
      <trkpt lat="42.406825" lon="-70.991265">
        <ele>5.836244</ele>
        <time>2025-09-14T15:40:33.957Z</time>
      </trkpt>
      <trkpt lat="42.406924" lon="-70.991255">
        <ele>5.799272</ele>
        <time>2025-09-14T15:40:35.957Z</time>
      </trkpt>
      <trkpt lat="42.407026" lon="-70.991239">
        <ele>5.761030</ele>
        <time>2025-09-14T15:40:37.957Z</time>
      </trkpt>
      <trkpt lat="42.407126" lon="-70.991229">
        <ele>5.723686</ele>
        <time>2025-09-14T15:40:39.957Z</time>
      </trkpt>
      <trkpt lat="42.407219" lon="-70.991219">
        <ele>5.688941</ele>
        <time>2025-09-14T15:40:41.957Z</time>
      </trkpt>
      <trkpt lat="42.407314" lon="-70.991193">
        <ele>5.652845</ele>
        <time>2025-09-14T15:40:43.957Z</time>
      </trkpt>
      <trkpt lat="42.407414" lon="-70.991171">
        <ele>5.615115</ele>
        <time>2025-09-14T15:40:45.957Z</time>
      </trkpt>
      <trkpt lat="42.407521" lon="-70.991173">
        <ele>5.575261</ele>
        <time>2025-09-14T15:40:48.958Z</time>
      </trkpt>
      <trkpt lat="42.407622" lon="-70.991165">
        <ele>5.537582</ele>
        <time>2025-09-14T15:40:50.957Z</time>
      </trkpt>
      <trkpt lat="42.407732" lon="-70.991154">
        <ele>5.496503</ele>
        <time>2025-09-14T15:40:52.957Z</time>
      </trkpt>
      <trkpt lat="42.407823" lon="-70.991162">
        <ele>5.462541</ele>
        <time>2025-09-14T15:40:54.957Z</time>
      </trkpt>
      <trkpt lat="42.407923" lon="-70.991127">
        <ele>5.424075</ele>
        <time>2025-09-14T15:40:56.957Z</time>
      </trkpt>
      <trkpt lat="42.408018" lon="-70.991116">
        <ele>5.388565</ele>
        <time>2025-09-14T15:40:58.957Z</time>
      </trkpt>
      <trkpt lat="42.408152" lon="-70.991126">
        <ele>5.335380</ele>
        <time>2025-09-14T15:41:01.957Z</time>
      </trkpt>
      <trkpt lat="42.408292" lon="-70.991094">
        <ele>5.273120</ele>
        <time>2025-09-14T15:41:04.957Z</time>
      </trkpt>
      <trkpt lat="42.408392" lon="-70.991076">
        <ele>5.228883</ele>
        <time>2025-09-14T15:41:06.957Z</time>
      </trkpt>
      <trkpt lat="42.408503" lon="-70.991059">
        <ele>5.179897</ele>
        <time>2025-09-14T15:41:08.957Z</time>
      </trkpt>
      <trkpt lat="42.408596" lon="-70.991024">
        <ele>5.137570</ele>
        <time>2025-09-14T15:41:10.957Z</time>
      </trkpt>
      <trkpt lat="42.408707" lon="-70.991012">
        <ele>5.088740</ele>
        <time>2025-09-14T15:41:12.957Z</time>
      </trkpt>
      <trkpt lat="42.408811" lon="-70.991013">
        <ele>5.043134</ele>
        <time>2025-09-14T15:41:14.957Z</time>
      </trkpt>
      <trkpt lat="42.408916" lon="-70.991001">
        <ele>4.996926</ele>
        <time>2025-09-14T15:41:16.957Z</time>
      </trkpt>
      <trkpt lat="42.409025" lon="-70.990967">
        <ele>4.947877</ele>
        <time>2025-09-14T15:41:18.957Z</time>
      </trkpt>
      <trkpt lat="42.409125" lon="-70.990937">
        <ele>4.902963</ele>
        <time>2025-09-14T15:41:20.957Z</time>
      </trkpt>
      <trkpt lat="42.409230" lon="-70.990915">
        <ele>4.856371</ele>
        <time>2025-09-14T15:41:22.957Z</time>
      </trkpt>
      <trkpt lat="42.409327" lon="-70.990911">
        <ele>4.813815</ele>
        <time>2025-09-14T15:41:24.957Z</time>
      </trkpt>
      <trkpt lat="42.409445" lon="-70.990870">
        <ele>4.760395</ele>
        <time>2025-09-14T15:41:27.957Z</time>
      </trkpt>
      <trkpt lat="42.409553" lon="-70.990843">
        <ele>4.712236</ele>
        <time>2025-09-14T15:41:30.957Z</time>
      </trkpt>
      <trkpt lat="42.409689" lon="-70.990801">
        <ele>4.651067</ele>
        <time>2025-09-14T15:41:33.957Z</time>
      </trkpt>
      <trkpt lat="42.409785" lon="-70.990753">
        <ele>4.606193</ele>
        <time>2025-09-14T15:41:35.957Z</time>
      </trkpt>
      <trkpt lat="42.409896" lon="-70.990724">
        <ele>4.565194</ele>
        <time>2025-09-14T15:41:37.957Z</time>
      </trkpt>
      <trkpt lat="42.409999" lon="-70.990684">
        <ele>4.553882</ele>
        <time>2025-09-14T15:41:39.957Z</time>
      </trkpt>
      <trkpt lat="42.410103" lon="-70.990655">
        <ele>4.542673</ele>
        <time>2025-09-14T15:41:41.957Z</time>
      </trkpt>
      <trkpt lat="42.410209" lon="-70.990640">
        <ele>4.531421</ele>
        <time>2025-09-14T15:41:43.957Z</time>
      </trkpt>
      <trkpt lat="42.410304" lon="-70.990609">
        <ele>4.521105</ele>
        <time>2025-09-14T15:41:45.957Z</time>
      </trkpt>
      <trkpt lat="42.410393" lon="-70.990575">
        <ele>4.511343</ele>
        <time>2025-09-14T15:41:47.957Z</time>
      </trkpt>
      <trkpt lat="42.410497" lon="-70.990548">
        <ele>4.500164</ele>
        <time>2025-09-14T15:41:49.957Z</time>
      </trkpt>
      <trkpt lat="42.410592" lon="-70.990510">
        <ele>4.489707</ele>
        <time>2025-09-14T15:41:51.957Z</time>
      </trkpt>
      <trkpt lat="42.410697" lon="-70.990488">
        <ele>4.478490</ele>
        <time>2025-09-14T15:41:53.958Z</time>
      </trkpt>
      <trkpt lat="42.410809" lon="-70.990454">
        <ele>4.466373</ele>
        <time>2025-09-14T15:41:55.958Z</time>
      </trkpt>
      <trkpt lat="42.410909" lon="-70.990423">
        <ele>4.455543</ele>
        <time>2025-09-14T15:41:57.958Z</time>
      </trkpt>
      <trkpt lat="42.411014" lon="-70.990387">
        <ele>4.444109</ele>
        <time>2025-09-14T15:41:59.958Z</time>
      </trkpt>
      <trkpt lat="42.411116" lon="-70.990349">
        <ele>4.432941</ele>
        <time>2025-09-14T15:42:01.958Z</time>
      </trkpt>
      <trkpt lat="42.411219" lon="-70.990308">
        <ele>4.421607</ele>
        <time>2025-09-14T15:42:03.958Z</time>
      </trkpt>
      <trkpt lat="42.411321" lon="-70.990272">
        <ele>4.410480</ele>
        <time>2025-09-14T15:42:05.958Z</time>
      </trkpt>
      <trkpt lat="42.411418" lon="-70.990226">
        <ele>4.399630</ele>
        <time>2025-09-14T15:42:07.958Z</time>
      </trkpt>
      <trkpt lat="42.411513" lon="-70.990198">
        <ele>4.389366</ele>
        <time>2025-09-14T15:42:09.958Z</time>
      </trkpt>
      <trkpt lat="42.411644" lon="-70.990147">
        <ele>4.403503</ele>
        <time>2025-09-14T15:42:12.958Z</time>
      </trkpt>
      <trkpt lat="42.411747" lon="-70.990105">
        <ele>4.498194</ele>
        <time>2025-09-14T15:42:14.958Z</time>
      </trkpt>
      <trkpt lat="42.411853" lon="-70.990077">
        <ele>4.593264</ele>
        <time>2025-09-14T15:42:16.958Z</time>
      </trkpt>
      <trkpt lat="42.411945" lon="-70.990042">
        <ele>4.677385</ele>
        <time>2025-09-14T15:42:18.958Z</time>
      </trkpt>
      <trkpt lat="42.412036" lon="-70.990001">
        <ele>4.761808</ele>
        <time>2025-09-14T15:42:20.958Z</time>
      </trkpt>
      <trkpt lat="42.412132" lon="-70.989973">
        <ele>4.848254</ele>
        <time>2025-09-14T15:42:22.958Z</time>
      </trkpt>
      <trkpt lat="42.412262" lon="-70.989919">
        <ele>4.967954</ele>
        <time>2025-09-14T15:42:25.958Z</time>
      </trkpt>
      <trkpt lat="42.412387" lon="-70.989870">
        <ele>5.082507</ele>
        <time>2025-09-14T15:42:28.958Z</time>
      </trkpt>
      <trkpt lat="42.412491" lon="-70.989836">
        <ele>5.176687</ele>
        <time>2025-09-14T15:42:30.958Z</time>
      </trkpt>
      <trkpt lat="42.412623" lon="-70.989820">
        <ele>5.293351</ele>
        <time>2025-09-14T15:42:33.958Z</time>
      </trkpt>
      <trkpt lat="42.412717" lon="-70.989774">
        <ele>5.381334</ele>
        <time>2025-09-14T15:42:35.958Z</time>
      </trkpt>
      <trkpt lat="42.412840" lon="-70.989718">
        <ele>5.495565</ele>
        <time>2025-09-14T15:42:38.958Z</time>
      </trkpt>
      <trkpt lat="42.412963" lon="-70.989654">
        <ele>5.611556</ele>
        <time>2025-09-14T15:42:41.958Z</time>
      </trkpt>
      <trkpt lat="42.413075" lon="-70.989609">
        <ele>5.714396</ele>
        <time>2025-09-14T15:42:44.958Z</time>
      </trkpt>
      <trkpt lat="42.413199" lon="-70.989552">
        <ele>5.829668</ele>
        <time>2025-09-14T15:42:47.958Z</time>
      </trkpt>
      <trkpt lat="42.413332" lon="-70.989479">
        <ele>5.955996</ele>
        <time>2025-09-14T15:42:50.957Z</time>
      </trkpt>
      <trkpt lat="42.413456" lon="-70.989449">
        <ele>5.892935</ele>
        <time>2025-09-14T15:42:53.957Z</time>
      </trkpt>
      <trkpt lat="42.413573" lon="-70.989392">
        <ele>5.821934</ele>
        <time>2025-09-14T15:42:56.957Z</time>
      </trkpt>
      <trkpt lat="42.413693" lon="-70.989345">
        <ele>5.750603</ele>
        <time>2025-09-14T15:42:59.957Z</time>
      </trkpt>
      <trkpt lat="42.413789" lon="-70.989307">
        <ele>5.693491</ele>
        <time>2025-09-14T15:43:01.957Z</time>
      </trkpt>
      <trkpt lat="42.413883" lon="-70.989275">
        <ele>5.638144</ele>
        <time>2025-09-14T15:43:03.957Z</time>
      </trkpt>
      <trkpt lat="42.413980" lon="-70.989232">
        <ele>5.579863</ele>
        <time>2025-09-14T15:43:05.957Z</time>
      </trkpt>
      <trkpt lat="42.414081" lon="-70.989184">
        <ele>5.518741</ele>
        <time>2025-09-14T15:43:07.957Z</time>
      </trkpt>
      <trkpt lat="42.414173" lon="-70.989149">
        <ele>5.464173</ele>
        <time>2025-09-14T15:43:09.957Z</time>
      </trkpt>
      <trkpt lat="42.414304" lon="-70.989099">
        <ele>5.386454</ele>
        <time>2025-09-14T15:43:12.957Z</time>
      </trkpt>
      <trkpt lat="42.414399" lon="-70.989052">
        <ele>5.328701</ele>
        <time>2025-09-14T15:43:14.957Z</time>
      </trkpt>
      <trkpt lat="42.414488" lon="-70.989010">
        <ele>5.274883</ele>
        <time>2025-09-14T15:43:16.957Z</time>
      </trkpt>
      <trkpt lat="42.414583" lon="-70.988977">
        <ele>5.218879</ele>
        <time>2025-09-14T15:43:18.957Z</time>
      </trkpt>
      <trkpt lat="42.414708" lon="-70.988926">
        <ele>5.144332</ele>
        <time>2025-09-14T15:43:21.957Z</time>
      </trkpt>
      <trkpt lat="42.414802" lon="-70.988901">
        <ele>5.089630</ele>
        <time>2025-09-14T15:43:23.957Z</time>
      </trkpt>
      <trkpt lat="42.414897" lon="-70.988869">
        <ele>5.033729</ele>
        <time>2025-09-14T15:43:25.957Z</time>
      </trkpt>
      <trkpt lat="42.414996" lon="-70.988833">
        <ele>4.975195</ele>
        <time>2025-09-14T15:43:27.957Z</time>
      </trkpt>
      <trkpt lat="42.415093" lon="-70.988788">
        <ele>4.931576</ele>
        <time>2025-09-14T15:43:29.957Z</time>
      </trkpt>
      <trkpt lat="42.415187" lon="-70.988750">
        <ele>4.922962</ele>
        <time>2025-09-14T15:43:31.957Z</time>
      </trkpt>
      <trkpt lat="42.415274" lon="-70.988706">
        <ele>4.914807</ele>
        <time>2025-09-14T15:43:33.957Z</time>
      </trkpt>
      <trkpt lat="42.415363" lon="-70.988666">
        <ele>4.906573</ele>
        <time>2025-09-14T15:43:35.957Z</time>
      </trkpt>
      <trkpt lat="42.415453" lon="-70.988620">
        <ele>4.898127</ele>
        <time>2025-09-14T15:43:37.957Z</time>
      </trkpt>
      <trkpt lat="42.415537" lon="-70.988557">
        <ele>4.889695</ele>
        <time>2025-09-14T15:43:39.957Z</time>
      </trkpt>
      <trkpt lat="42.415635" lon="-70.988525">
        <ele>4.880843</ele>
        <time>2025-09-14T15:43:41.957Z</time>
      </trkpt>
      <trkpt lat="42.415729" lon="-70.988477">
        <ele>4.872022</ele>
        <time>2025-09-14T15:43:43.957Z</time>
      </trkpt>
      <trkpt lat="42.415821" lon="-70.988430">
        <ele>4.863388</ele>
        <time>2025-09-14T15:43:45.957Z</time>
      </trkpt>
      <trkpt lat="42.415913" lon="-70.988388">
        <ele>4.854863</ele>
        <time>2025-09-14T15:43:47.957Z</time>
      </trkpt>
      <trkpt lat="42.416006" lon="-70.988344">
        <ele>4.846213</ele>
        <time>2025-09-14T15:43:49.957Z</time>
      </trkpt>
      <trkpt lat="42.416092" lon="-70.988298">
        <ele>4.838094</ele>
        <time>2025-09-14T15:43:51.957Z</time>
      </trkpt>
      <trkpt lat="42.416186" lon="-70.988251">
        <ele>4.829295</ele>
        <time>2025-09-14T15:43:53.957Z</time>
      </trkpt>
      <trkpt lat="42.416276" lon="-70.988208">
        <ele>4.820915</ele>
        <time>2025-09-14T15:43:55.957Z</time>
      </trkpt>
      <trkpt lat="42.416405" lon="-70.988170">
        <ele>4.809323</ele>
        <time>2025-09-14T15:43:58.957Z</time>
      </trkpt>
      <trkpt lat="42.416493" lon="-70.988129">
        <ele>4.801151</ele>
        <time>2025-09-14T15:44:00.957Z</time>
      </trkpt>
      <trkpt lat="42.416570" lon="-70.988059">
        <ele>4.793008</ele>
        <time>2025-09-14T15:44:02.957Z</time>
      </trkpt>
      <trkpt lat="42.416686" lon="-70.987987">
        <ele>4.781804</ele>
        <time>2025-09-14T15:44:05.957Z</time>
      </trkpt>
      <trkpt lat="42.416777" lon="-70.987959">
        <ele>4.797651</ele>
        <time>2025-09-14T15:44:07.957Z</time>
      </trkpt>
      <trkpt lat="42.416887" lon="-70.987908">
        <ele>4.877006</ele>
        <time>2025-09-14T15:44:10.957Z</time>
      </trkpt>
      <trkpt lat="42.416969" lon="-70.987851">
        <ele>4.939912</ele>
        <time>2025-09-14T15:44:13.957Z</time>
      </trkpt>
      <trkpt lat="42.417070" lon="-70.987822">
        <ele>5.010380</ele>
        <time>2025-09-14T15:44:16.957Z</time>
      </trkpt>
      <trkpt lat="42.417191" lon="-70.987770">
        <ele>5.097022</ele>
        <time>2025-09-14T15:44:19.958Z</time>
      </trkpt>
      <trkpt lat="42.417276" lon="-70.987722">
        <ele>5.159877</ele>
        <time>2025-09-14T15:44:21.958Z</time>
      </trkpt>
      <trkpt lat="42.417390" lon="-70.987646">
        <ele>5.246599</ele>
        <time>2025-09-14T15:44:24.958Z</time>
      </trkpt>
      <trkpt lat="42.417475" lon="-70.987600">
        <ele>5.309072</ele>
        <time>2025-09-14T15:44:26.958Z</time>
      </trkpt>
      <trkpt lat="42.417591" lon="-70.987533">
        <ele>5.395143</ele>
        <time>2025-09-14T15:44:29.958Z</time>
      </trkpt>
      <trkpt lat="42.417699" lon="-70.987483">
        <ele>5.473043</ele>
        <time>2025-09-14T15:44:33.958Z</time>
      </trkpt>
      <trkpt lat="42.417772" lon="-70.987406">
        <ele>5.536192</ele>
        <time>2025-09-14T15:44:36.958Z</time>
      </trkpt>
      <trkpt lat="42.417897" lon="-70.987350">
        <ele>5.626053</ele>
        <time>2025-09-14T15:44:39.958Z</time>
      </trkpt>
      <trkpt lat="42.417999" lon="-70.987292">
        <ele>5.701556</ele>
        <time>2025-09-14T15:44:42.958Z</time>
      </trkpt>
      <trkpt lat="42.418097" lon="-70.987251">
        <ele>5.771562</ele>
        <time>2025-09-14T15:44:45.958Z</time>
      </trkpt>
      <trkpt lat="42.418183" lon="-70.987188">
        <ele>5.838293</ele>
        <time>2025-09-14T15:44:48.958Z</time>
      </trkpt>
      <trkpt lat="42.418262" lon="-70.987115">
        <ele>5.903564</ele>
        <time>2025-09-14T15:44:53.958Z</time>
      </trkpt>
      <trkpt lat="42.418353" lon="-70.987082">
        <ele>5.967861</ele>
        <time>2025-09-14T15:45:19.958Z</time>
      </trkpt>
      <trkpt lat="42.418440" lon="-70.987047">
        <ele>6.046315</ele>
        <time>2025-09-14T15:45:23.958Z</time>
      </trkpt>
      <trkpt lat="42.418534" lon="-70.986964">
        <ele>6.171853</ele>
        <time>2025-09-14T15:45:27.958Z</time>
      </trkpt>
      <trkpt lat="42.418643" lon="-70.986954">
        <ele>6.294083</ele>
        <time>2025-09-14T15:45:31.958Z</time>
      </trkpt>
      <trkpt lat="42.418731" lon="-70.986923">
        <ele>6.395813</ele>
        <time>2025-09-14T15:45:40.958Z</time>
      </trkpt>
      <trkpt lat="42.418778" lon="-70.987069">
        <ele>6.527367</ele>
        <time>2025-09-14T15:45:44.958Z</time>
      </trkpt>
      <trkpt lat="42.418720" lon="-70.987165">
        <ele>6.629826</ele>
        <time>2025-09-14T15:45:48.958Z</time>
      </trkpt>
      <trkpt lat="42.418709" lon="-70.987308">
        <ele>6.748576</ele>
        <time>2025-09-14T15:45:52.958Z</time>
      </trkpt>
      <trkpt lat="42.418765" lon="-70.987436">
        <ele>6.871468</ele>
        <time>2025-09-14T15:45:56.958Z</time>
      </trkpt>
      <trkpt lat="42.418810" lon="-70.987578">
        <ele>6.999101</ele>
        <time>2025-09-14T15:45:59.958Z</time>
      </trkpt>
      <trkpt lat="42.418841" lon="-70.987701">
        <ele>7.106449</ele>
        <time>2025-09-14T15:46:02.958Z</time>
      </trkpt>
      <trkpt lat="42.418853" lon="-70.987831">
        <ele>7.214658</ele>
        <time>2025-09-14T15:46:05.958Z</time>
      </trkpt>
      <trkpt lat="42.418843" lon="-70.987965">
        <ele>7.325898</ele>
        <time>2025-09-14T15:46:09.958Z</time>
      </trkpt>
      <trkpt lat="42.418832" lon="-70.988118">
        <ele>7.452866</ele>
        <time>2025-09-14T15:46:13.958Z</time>
      </trkpt>
      <trkpt lat="42.418840" lon="-70.988244">
        <ele>7.557319</ele>
        <time>2025-09-14T15:46:16.958Z</time>
      </trkpt>
      <trkpt lat="42.418825" lon="-70.988379">
        <ele>7.670077</ele>
        <time>2025-09-14T15:46:19.958Z</time>
      </trkpt>
      <trkpt lat="42.418833" lon="-70.988569">
        <ele>7.827261</ele>
        <time>2025-09-14T15:46:22.958Z</time>
      </trkpt>
      <trkpt lat="42.418825" lon="-70.988696">
        <ele>7.932537</ele>
        <time>2025-09-14T15:46:24.958Z</time>
      </trkpt>
      <trkpt lat="42.418815" lon="-70.988841">
        <ele>8.027035</ele>
        <time>2025-09-14T15:46:26.958Z</time>
      </trkpt>
      <trkpt lat="42.418806" lon="-70.989006">
        <ele>8.067161</ele>
        <time>2025-09-14T15:46:28.958Z</time>
      </trkpt>
      <trkpt lat="42.418808" lon="-70.989157">
        <ele>8.103789</ele>
        <time>2025-09-14T15:46:30.958Z</time>
      </trkpt>
      <trkpt lat="42.418795" lon="-70.989315">
        <ele>8.142346</ele>
        <time>2025-09-14T15:46:33.958Z</time>
      </trkpt>
      <trkpt lat="42.418748" lon="-70.989452">
        <ele>8.178985</ele>
        <time>2025-09-14T15:46:36.958Z</time>
      </trkpt>
      <trkpt lat="42.418745" lon="-70.989576">
        <ele>8.209074</ele>
        <time>2025-09-14T15:46:38.958Z</time>
      </trkpt>
      <trkpt lat="42.418766" lon="-70.989725">
        <ele>8.245864</ele>
        <time>2025-09-14T15:46:40.958Z</time>
      </trkpt>
      <trkpt lat="42.418760" lon="-70.989851">
        <ele>8.276486</ele>
        <time>2025-09-14T15:46:42.958Z</time>
      </trkpt>
      <trkpt lat="42.418755" lon="-70.989999">
        <ele>8.312418</ele>
        <time>2025-09-14T15:46:44.958Z</time>
      </trkpt>
      <trkpt lat="42.418759" lon="-70.990137">
        <ele>8.345912</ele>
        <time>2025-09-14T15:46:46.958Z</time>
      </trkpt>
      <trkpt lat="42.418757" lon="-70.990280">
        <ele>8.380600</ele>
        <time>2025-09-14T15:46:49.958Z</time>
      </trkpt>
      <trkpt lat="42.418770" lon="-70.990426">
        <ele>8.416266</ele>
        <time>2025-09-14T15:46:53.958Z</time>
      </trkpt>
      <trkpt lat="42.418765" lon="-70.990599">
        <ele>8.458256</ele>
        <time>2025-09-14T15:46:57.958Z</time>
      </trkpt>
      <trkpt lat="42.418766" lon="-70.990732">
        <ele>8.490514</ele>
        <time>2025-09-14T15:47:02.958Z</time>
      </trkpt>
      <trkpt lat="42.418747" lon="-70.990854">
        <ele>8.520753</ele>
        <time>2025-09-14T15:47:33.958Z</time>
      </trkpt>
      <trkpt lat="42.418793" lon="-70.991010">
        <ele>8.561494</ele>
        <time>2025-09-14T15:47:39.958Z</time>
      </trkpt>
      <trkpt lat="42.418780" lon="-70.991183">
        <ele>8.603669</ele>
        <time>2025-09-14T15:47:42.958Z</time>
      </trkpt>
      <trkpt lat="42.418770" lon="-70.991319">
        <ele>8.706545</ele>
        <time>2025-09-14T15:47:45.958Z</time>
      </trkpt>
      <trkpt lat="42.418757" lon="-70.991455">
        <ele>8.818154</ele>
        <time>2025-09-14T15:47:48.958Z</time>
      </trkpt>
      <trkpt lat="42.418751" lon="-70.991581">
        <ele>8.920913</ele>
        <time>2025-09-14T15:47:51.958Z</time>
      </trkpt>
      <trkpt lat="42.418740" lon="-70.991725">
        <ele>9.038734</ele>
        <time>2025-09-14T15:47:55.958Z</time>
      </trkpt>
      <trkpt lat="42.418723" lon="-70.991883">
        <ele>9.168683</ele>
        <time>2025-09-14T15:47:59.959Z</time>
      </trkpt>
      <trkpt lat="42.418711" lon="-70.992038">
        <ele>9.295523</ele>
        <time>2025-09-14T15:48:03.959Z</time>
      </trkpt>
      <trkpt lat="42.418723" lon="-70.992167">
        <ele>9.401341</ele>
        <time>2025-09-14T15:48:06.959Z</time>
      </trkpt>
      <trkpt lat="42.418692" lon="-70.992318">
        <ele>9.528897</ele>
        <time>2025-09-14T15:48:10.959Z</time>
      </trkpt>
      <trkpt lat="42.418681" lon="-70.992446">
        <ele>9.633774</ele>
        <time>2025-09-14T15:48:13.959Z</time>
      </trkpt>
      <trkpt lat="42.418703" lon="-70.992609">
        <ele>9.768632</ele>
        <time>2025-09-14T15:48:16.959Z</time>
      </trkpt>
      <trkpt lat="42.418666" lon="-70.992746">
        <ele>9.887358</ele>
        <time>2025-09-14T15:48:19.959Z</time>
      </trkpt>
      <trkpt lat="42.418648" lon="-70.992876">
        <ele>9.995005</ele>
        <time>2025-09-14T15:48:22.959Z</time>
      </trkpt>
      <trkpt lat="42.418618" lon="-70.993013">
        <ele>10.111306</ele>
        <time>2025-09-14T15:48:25.959Z</time>
      </trkpt>
      <trkpt lat="42.418607" lon="-70.993177">
        <ele>10.245328</ele>
        <time>2025-09-14T15:48:28.959Z</time>
      </trkpt>
      <trkpt lat="42.418614" lon="-70.993322">
        <ele>10.363590</ele>
        <time>2025-09-14T15:48:31.959Z</time>
      </trkpt>
      <trkpt lat="42.418646" lon="-70.993476">
        <ele>10.493795</ele>
        <time>2025-09-14T15:48:34.959Z</time>
      </trkpt>
      <trkpt lat="42.418641" lon="-70.994058">
        <ele>10.527993</ele>
        <time>2025-09-14T15:48:35.959Z</time>
      </trkpt>
      <trkpt lat="42.418617" lon="-70.994249">
        <ele>10.502039</ele>
        <time>2025-09-14T15:48:39.959Z</time>
      </trkpt>
      <trkpt lat="42.418619" lon="-70.994413">
        <ele>10.480066</ele>
        <time>2025-09-14T15:48:41.959Z</time>
      </trkpt>
      <trkpt lat="42.418627" lon="-70.994628">
        <ele>10.451228</ele>
        <time>2025-09-14T15:48:43.959Z</time>
      </trkpt>
      <trkpt lat="42.418639" lon="-70.994766">
        <ele>10.432614</ele>
        <time>2025-09-14T15:48:45.959Z</time>
      </trkpt>
      <trkpt lat="42.418646" lon="-70.994908">
        <ele>10.413549</ele>
        <time>2025-09-14T15:48:47.959Z</time>
      </trkpt>
      <trkpt lat="42.418639" lon="-70.995040">
        <ele>10.395821</ele>
        <time>2025-09-14T15:48:49.959Z</time>
      </trkpt>
      <trkpt lat="42.418618" lon="-70.995184">
        <ele>10.376158</ele>
        <time>2025-09-14T15:48:52.959Z</time>
      </trkpt>
      <trkpt lat="42.418601" lon="-70.995359">
        <ele>10.352513</ele>
        <time>2025-09-14T15:48:54.959Z</time>
      </trkpt>
      <trkpt lat="42.418604" lon="-70.995520">
        <ele>10.330938</ele>
        <time>2025-09-14T15:48:56.959Z</time>
      </trkpt>
      <trkpt lat="42.418641" lon="-70.995700">
        <ele>10.305908</ele>
        <time>2025-09-14T15:48:58.959Z</time>
      </trkpt>
      <trkpt lat="42.418641" lon="-70.995882">
        <ele>10.281527</ele>
        <time>2025-09-14T15:49:00.959Z</time>
      </trkpt>
      <trkpt lat="42.418620" lon="-70.996036">
        <ele>10.258167</ele>
        <time>2025-09-14T15:49:02.959Z</time>
      </trkpt>
      <trkpt lat="42.418634" lon="-70.996177">
        <ele>10.224837</ele>
        <time>2025-09-14T15:49:04.959Z</time>
      </trkpt>
      <trkpt lat="42.418636" lon="-70.996347">
        <ele>10.185006</ele>
        <time>2025-09-14T15:49:06.959Z</time>
      </trkpt>
      <trkpt lat="42.418645" lon="-70.996518">
        <ele>10.144843</ele>
        <time>2025-09-14T15:49:08.958Z</time>
      </trkpt>
      <trkpt lat="42.418666" lon="-70.996648">
        <ele>10.113667</ele>
        <time>2025-09-14T15:49:10.959Z</time>
      </trkpt>
      <trkpt lat="42.418644" lon="-70.996814">
        <ele>10.074156</ele>
        <time>2025-09-14T15:49:12.959Z</time>
      </trkpt>
      <trkpt lat="42.418640" lon="-70.996955">
        <ele>10.041100</ele>
        <time>2025-09-14T15:49:14.958Z</time>
      </trkpt>
      <trkpt lat="42.418637" lon="-70.997095">
        <ele>10.008288</ele>
        <time>2025-09-14T15:49:16.959Z</time>
      </trkpt>
      <trkpt lat="42.418677" lon="-70.997254">
        <ele>9.968935</ele>
        <time>2025-09-14T15:49:18.959Z</time>
      </trkpt>
      <trkpt lat="42.418642" lon="-70.997408">
        <ele>9.931186</ele>
        <time>2025-09-14T15:49:20.958Z</time>
      </trkpt>
      <trkpt lat="42.418624" lon="-70.997570">
        <ele>9.892806</ele>
        <time>2025-09-14T15:49:22.959Z</time>
      </trkpt>
      <trkpt lat="42.418615" lon="-70.997736">
        <ele>9.853812</ele>
        <time>2025-09-14T15:49:24.959Z</time>
      </trkpt>
      <trkpt lat="42.418598" lon="-70.997881">
        <ele>9.819417</ele>
        <time>2025-09-14T15:49:26.959Z</time>
      </trkpt>
      <trkpt lat="42.418590" lon="-70.998030">
        <ele>9.784418</ele>
        <time>2025-09-14T15:49:28.959Z</time>
      </trkpt>
      <trkpt lat="42.418594" lon="-70.998164">
        <ele>9.753000</ele>
        <time>2025-09-14T15:49:30.959Z</time>
      </trkpt>
      <trkpt lat="42.418596" lon="-70.998294">
        <ele>9.722538</ele>
        <time>2025-09-14T15:49:32.959Z</time>
      </trkpt>
      <trkpt lat="42.418587" lon="-70.998428">
        <ele>9.690952</ele>
        <time>2025-09-14T15:49:34.959Z</time>
      </trkpt>
      <trkpt lat="42.418566" lon="-70.998620">
        <ele>9.643980</ele>
        <time>2025-09-14T15:49:37.959Z</time>
      </trkpt>
      <trkpt lat="42.418562" lon="-70.998753">
        <ele>9.611767</ele>
        <time>2025-09-14T15:49:39.959Z</time>
      </trkpt>
      <trkpt lat="42.418565" lon="-70.998878">
        <ele>9.581500</ele>
        <time>2025-09-14T15:49:41.959Z</time>
      </trkpt>
      <trkpt lat="42.418546" lon="-70.999011">
        <ele>9.548716</ele>
        <time>2025-09-14T15:49:43.959Z</time>
      </trkpt>
      <trkpt lat="42.418537" lon="-70.999184">
        <ele>9.506746</ele>
        <time>2025-09-14T15:49:46.959Z</time>
      </trkpt>
      <trkpt lat="42.418554" lon="-70.999371">
        <ele>9.461149</ele>
        <time>2025-09-14T15:49:49.959Z</time>
      </trkpt>
      <trkpt lat="42.418542" lon="-70.999525">
        <ele>9.423673</ele>
        <time>2025-09-14T15:49:52.959Z</time>
      </trkpt>
      <trkpt lat="42.418526" lon="-70.999675">
        <ele>9.386995</ele>
        <time>2025-09-14T15:49:56.959Z</time>
      </trkpt>
      <trkpt lat="42.418536" lon="-70.999823">
        <ele>9.351029</ele>
        <time>2025-09-14T15:50:00.959Z</time>
      </trkpt>
      <trkpt lat="42.418511" lon="-70.999987">
        <ele>9.310503</ele>
        <time>2025-09-14T15:50:03.959Z</time>
      </trkpt>
      <trkpt lat="42.418439" lon="-71.000093">
        <ele>9.275644</ele>
        <time>2025-09-14T15:50:05.959Z</time>
      </trkpt>
      <trkpt lat="42.418383" lon="-71.000191">
        <ele>9.245653</ele>
        <time>2025-09-14T15:50:07.959Z</time>
      </trkpt>
      <trkpt lat="42.418285" lon="-71.000266">
        <ele>9.208754</ele>
        <time>2025-09-14T15:50:09.959Z</time>
      </trkpt>
      <trkpt lat="42.418150" lon="-71.000365">
        <ele>9.158430</ele>
        <time>2025-09-14T15:50:12.959Z</time>
      </trkpt>
      <trkpt lat="42.418068" lon="-71.000428">
        <ele>9.127527</ele>
        <time>2025-09-14T15:50:14.959Z</time>
      </trkpt>
      <trkpt lat="42.417946" lon="-71.000491">
        <ele>9.058413</ele>
        <time>2025-09-14T15:50:16.959Z</time>
      </trkpt>
      <trkpt lat="42.417844" lon="-71.000549">
        <ele>8.970841</ele>
        <time>2025-09-14T15:50:18.959Z</time>
      </trkpt>
      <trkpt lat="42.417733" lon="-71.000606">
        <ele>8.876868</ele>
        <time>2025-09-14T15:50:20.959Z</time>
      </trkpt>
      <trkpt lat="42.417630" lon="-71.000676">
        <ele>8.785643</ele>
        <time>2025-09-14T15:50:22.959Z</time>
      </trkpt>
      <trkpt lat="42.417544" lon="-71.000721">
        <ele>8.712660</ele>
        <time>2025-09-14T15:50:24.959Z</time>
      </trkpt>
      <trkpt lat="42.417449" lon="-71.000768">
        <ele>8.632596</ele>
        <time>2025-09-14T15:50:26.959Z</time>
      </trkpt>
      <trkpt lat="42.417361" lon="-71.000818">
        <ele>8.557053</ele>
        <time>2025-09-14T15:50:28.959Z</time>
      </trkpt>
      <trkpt lat="42.417257" lon="-71.000859">
        <ele>8.471308</ele>
        <time>2025-09-14T15:50:30.959Z</time>
      </trkpt>
      <trkpt lat="42.417148" lon="-71.000913">
        <ele>8.379430</ele>
        <time>2025-09-14T15:50:32.959Z</time>
      </trkpt>
      <trkpt lat="42.417053" lon="-71.000969">
        <ele>8.297413</ele>
        <time>2025-09-14T15:50:34.959Z</time>
      </trkpt>
      <trkpt lat="42.416949" lon="-71.001003">
        <ele>8.212720</ele>
        <time>2025-09-14T15:50:36.959Z</time>
      </trkpt>
      <trkpt lat="42.416873" lon="-71.001098">
        <ele>8.130853</ele>
        <time>2025-09-14T15:50:38.959Z</time>
      </trkpt>
      <trkpt lat="42.416808" lon="-71.001212">
        <ele>8.046672</ele>
        <time>2025-09-14T15:50:40.959Z</time>
      </trkpt>
      <trkpt lat="42.416705" lon="-71.001321">
        <ele>7.943200</ele>
        <time>2025-09-14T15:50:42.959Z</time>
      </trkpt>
      <trkpt lat="42.416678" lon="-71.001495">
        <ele>7.839288</ele>
        <time>2025-09-14T15:50:44.959Z</time>
      </trkpt>
      <trkpt lat="42.416679" lon="-71.001644">
        <ele>7.752205</ele>
        <time>2025-09-14T15:50:46.959Z</time>
      </trkpt>
      <trkpt lat="42.416687" lon="-71.001802">
        <ele>7.688755</ele>
        <time>2025-09-14T15:50:48.959Z</time>
      </trkpt>
      <trkpt lat="42.416700" lon="-71.001983">
        <ele>7.738555</ele>
        <time>2025-09-14T15:50:51.959Z</time>
      </trkpt>
      <trkpt lat="42.416679" lon="-71.002145">
        <ele>7.783597</ele>
        <time>2025-09-14T15:50:54.959Z</time>
      </trkpt>
      <trkpt lat="42.416684" lon="-71.002303">
        <ele>7.826904</ele>
        <time>2025-09-14T15:50:57.959Z</time>
      </trkpt>
      <trkpt lat="42.416665" lon="-71.002440">
        <ele>7.865077</ele>
        <time>2025-09-14T15:51:01.959Z</time>
      </trkpt>
      <trkpt lat="42.416671" lon="-71.002564">
        <ele>7.899106</ele>
        <time>2025-09-14T15:51:05.959Z</time>
      </trkpt>
      <trkpt lat="42.416638" lon="-71.002710">
        <ele>7.940920</ele>
        <time>2025-09-14T15:51:10.959Z</time>
      </trkpt>
      <trkpt lat="42.416661" lon="-71.002832">
        <ele>7.975401</ele>
        <time>2025-09-14T15:51:16.960Z</time>
      </trkpt>
      <trkpt lat="42.416619" lon="-71.002963">
        <ele>8.014511</ele>
        <time>2025-09-14T15:51:48.959Z</time>
      </trkpt>
      <trkpt lat="42.416645" lon="-71.003129">
        <ele>8.060981</ele>
        <time>2025-09-14T15:51:51.959Z</time>
      </trkpt>
      <trkpt lat="42.416651" lon="-71.003290">
        <ele>8.105126</ele>
        <time>2025-09-14T15:51:54.959Z</time>
      </trkpt>
      <trkpt lat="42.416658" lon="-71.003444">
        <ele>8.147378</ele>
        <time>2025-09-14T15:51:57.959Z</time>
      </trkpt>
      <trkpt lat="42.416671" lon="-71.003615">
        <ele>8.194453</ele>
        <time>2025-09-14T15:52:00.959Z</time>
      </trkpt>
      <trkpt lat="42.416671" lon="-71.003792">
        <ele>8.242924</ele>
        <time>2025-09-14T15:52:03.959Z</time>
      </trkpt>
      <trkpt lat="42.416677" lon="-71.003915">
        <ele>8.276680</ele>
        <time>2025-09-14T15:52:05.959Z</time>
      </trkpt>
      <trkpt lat="42.416678" lon="-71.004092">
        <ele>8.325152</ele>
        <time>2025-09-14T15:52:08.959Z</time>
      </trkpt>
      <trkpt lat="42.416675" lon="-71.004228">
        <ele>8.350534</ele>
        <time>2025-09-14T15:52:10.959Z</time>
      </trkpt>
      <trkpt lat="42.416703" lon="-71.004358">
        <ele>8.359684</ele>
        <time>2025-09-14T15:52:12.959Z</time>
      </trkpt>
      <trkpt lat="42.416707" lon="-71.004493">
        <ele>8.368813</ele>
        <time>2025-09-14T15:52:14.959Z</time>
      </trkpt>
      <trkpt lat="42.416715" lon="-71.004627">
        <ele>8.377896</ele>
        <time>2025-09-14T15:52:16.959Z</time>
      </trkpt>
      <trkpt lat="42.416718" lon="-71.004761">
        <ele>8.386954</ele>
        <time>2025-09-14T15:52:18.959Z</time>
      </trkpt>
      <trkpt lat="42.416720" lon="-71.004892">
        <ele>8.395807</ele>
        <time>2025-09-14T15:52:20.959Z</time>
      </trkpt>
      <trkpt lat="42.416723" lon="-71.005029">
        <ele>8.405067</ele>
        <time>2025-09-14T15:52:22.959Z</time>
      </trkpt>
      <trkpt lat="42.416725" lon="-71.005166">
        <ele>8.414326</ele>
        <time>2025-09-14T15:52:24.959Z</time>
      </trkpt>
      <trkpt lat="42.416725" lon="-71.005300">
        <ele>8.423379</ele>
        <time>2025-09-14T15:52:26.959Z</time>
      </trkpt>
      <trkpt lat="42.416738" lon="-71.005449">
        <ele>8.433517</ele>
        <time>2025-09-14T15:52:28.959Z</time>
      </trkpt>
      <trkpt lat="42.416740" lon="-71.005581">
        <ele>8.442437</ele>
        <time>2025-09-14T15:52:30.959Z</time>
      </trkpt>
      <trkpt lat="42.416751" lon="-71.005728">
        <ele>8.452420</ele>
        <time>2025-09-14T15:52:32.959Z</time>
      </trkpt>
      <trkpt lat="42.416767" lon="-71.005849">
        <ele>8.460725</ele>
        <time>2025-09-14T15:52:34.959Z</time>
      </trkpt>
      <trkpt lat="42.416775" lon="-71.005998">
        <ele>8.470819</ele>
        <time>2025-09-14T15:52:36.959Z</time>
      </trkpt>
      <trkpt lat="42.416776" lon="-71.006139">
        <ele>8.480346</ele>
        <time>2025-09-14T15:52:38.959Z</time>
      </trkpt>
      <trkpt lat="42.416774" lon="-71.006280">
        <ele>8.489875</ele>
        <time>2025-09-14T15:52:40.959Z</time>
      </trkpt>
      <trkpt lat="42.416775" lon="-71.006416">
        <ele>8.499064</ele>
        <time>2025-09-14T15:52:42.959Z</time>
      </trkpt>
      <trkpt lat="42.416796" lon="-71.006568">
        <ele>8.509512</ele>
        <time>2025-09-14T15:52:45.959Z</time>
      </trkpt>
      <trkpt lat="42.416809" lon="-71.006694">
        <ele>8.742635</ele>
        <time>2025-09-14T15:52:47.959Z</time>
      </trkpt>
      <trkpt lat="42.416824" lon="-71.006833">
        <ele>9.063100</ele>
        <time>2025-09-14T15:52:49.959Z</time>
      </trkpt>
      <trkpt lat="42.416828" lon="-71.006971">
        <ele>9.378157</ele>
        <time>2025-09-14T15:52:51.959Z</time>
      </trkpt>
      <trkpt lat="42.416819" lon="-71.007154">
        <ele>9.796553</ele>
        <time>2025-09-14T15:52:54.959Z</time>
      </trkpt>
      <trkpt lat="42.416831" lon="-71.007294">
        <ele>10.118075</ele>
        <time>2025-09-14T15:52:57.959Z</time>
      </trkpt>
      <trkpt lat="42.416807" lon="-71.007443">
        <ele>10.465980</ele>
        <time>2025-09-14T15:53:02.959Z</time>
      </trkpt>
      <trkpt lat="42.416758" lon="-71.007547">
        <ele>10.747430</ele>
        <time>2025-09-14T15:53:16.960Z</time>
      </trkpt>
      <trkpt lat="42.416709" lon="-71.007678">
        <ele>11.082444</ele>
        <time>2025-09-14T15:53:54.960Z</time>
      </trkpt>
      <trkpt lat="42.416766" lon="-71.007814">
        <ele>11.439207</ele>
        <time>2025-09-14T15:53:58.960Z</time>
      </trkpt>
      <trkpt lat="42.416798" lon="-71.007961">
        <ele>11.788827</ele>
        <time>2025-09-14T15:54:01.960Z</time>
      </trkpt>
      <trkpt lat="42.416833" lon="-71.008078">
        <ele>12.076814</ele>
        <time>2025-09-14T15:54:04.960Z</time>
      </trkpt>
      <trkpt lat="42.416867" lon="-71.008199">
        <ele>12.372165</ele>
        <time>2025-09-14T15:54:07.960Z</time>
      </trkpt>
      <trkpt lat="42.416904" lon="-71.008347">
        <ele>12.728625</ele>
        <time>2025-09-14T15:54:10.960Z</time>
      </trkpt>
      <trkpt lat="42.416921" lon="-71.008474">
        <ele>13.023069</ele>
        <time>2025-09-14T15:54:13.960Z</time>
      </trkpt>
      <trkpt lat="42.416972" lon="-71.008590">
        <ele>13.331066</ele>
        <time>2025-09-14T15:54:17.960Z</time>
      </trkpt>
      <trkpt lat="42.417014" lon="-71.008731">
        <ele>13.677919</ele>
        <time>2025-09-14T15:54:22.960Z</time>
      </trkpt>
      <trkpt lat="42.417083" lon="-71.008855">
        <ele>14.032149</ele>
        <time>2025-09-14T15:54:26.960Z</time>
      </trkpt>
      <trkpt lat="42.417125" lon="-71.008965">
        <ele>14.178394</ele>
        <time>2025-09-14T15:54:29.960Z</time>
      </trkpt>
      <trkpt lat="42.417209" lon="-71.009100">
        <ele>14.357583</ele>
        <time>2025-09-14T15:54:33.960Z</time>
      </trkpt>
      <trkpt lat="42.417288" lon="-71.009214">
        <ele>14.516272</ele>
        <time>2025-09-14T15:54:36.960Z</time>
      </trkpt>
      <trkpt lat="42.417358" lon="-71.009371">
        <ele>14.702421</ele>
        <time>2025-09-14T15:54:39.960Z</time>
      </trkpt>
      <trkpt lat="42.417424" lon="-71.009496">
        <ele>14.858394</ele>
        <time>2025-09-14T15:54:42.960Z</time>
      </trkpt>
      <trkpt lat="42.417509" lon="-71.009620">
        <ele>15.030130</ele>
        <time>2025-09-14T15:54:45.960Z</time>
      </trkpt>
      <trkpt lat="42.417560" lon="-71.009729">
        <ele>15.161104</ele>
        <time>2025-09-14T15:54:47.960Z</time>
      </trkpt>
      <trkpt lat="42.417633" lon="-71.009861">
        <ele>15.328494</ele>
        <time>2025-09-14T15:54:50.960Z</time>
      </trkpt>
      <trkpt lat="42.417704" lon="-71.010001">
        <ele>15.500879</ele>
        <time>2025-09-14T15:54:53.961Z</time>
      </trkpt>
      <trkpt lat="42.417758" lon="-71.010113">
        <ele>15.636644</ele>
        <time>2025-09-14T15:54:55.961Z</time>
      </trkpt>
      <trkpt lat="42.417833" lon="-71.010246">
        <ele>15.806503</ele>
        <time>2025-09-14T15:54:58.961Z</time>
      </trkpt>
      <trkpt lat="42.417891" lon="-71.010342">
        <ele>15.932403</ele>
        <time>2025-09-14T15:55:00.961Z</time>
      </trkpt>
      <trkpt lat="42.417952" lon="-71.010434">
        <ele>16.057906</ele>
        <time>2025-09-14T15:55:02.961Z</time>
      </trkpt>
      <trkpt lat="42.418038" lon="-71.010560">
        <ele>16.232065</ele>
        <time>2025-09-14T15:55:05.961Z</time>
      </trkpt>
      <trkpt lat="42.418115" lon="-71.010669">
        <ele>16.385179</ele>
        <time>2025-09-14T15:55:08.961Z</time>
      </trkpt>
      <trkpt lat="42.418206" lon="-71.010789">
        <ele>16.543781</ele>
        <time>2025-09-14T15:55:11.961Z</time>
      </trkpt>
      <trkpt lat="42.418299" lon="-71.010917">
        <ele>16.563007</ele>
        <time>2025-09-14T15:55:14.961Z</time>
      </trkpt>
      <trkpt lat="42.418388" lon="-71.011028">
        <ele>16.580550</ele>
        <time>2025-09-14T15:55:17.961Z</time>
      </trkpt>
      <trkpt lat="42.418463" lon="-71.011133">
        <ele>16.596190</ele>
        <time>2025-09-14T15:55:19.961Z</time>
      </trkpt>
      <trkpt lat="42.418539" lon="-71.011244">
        <ele>16.612397</ele>
        <time>2025-09-14T15:55:21.961Z</time>
      </trkpt>
      <trkpt lat="42.418613" lon="-71.011345">
        <ele>16.627630</ele>
        <time>2025-09-14T15:55:23.961Z</time>
      </trkpt>
      <trkpt lat="42.418685" lon="-71.011441">
        <ele>16.642280</ele>
        <time>2025-09-14T15:55:25.959Z</time>
      </trkpt>
      <trkpt lat="42.418756" lon="-71.011570">
        <ele>16.659505</ele>
        <time>2025-09-14T15:55:27.960Z</time>
      </trkpt>
      <trkpt lat="42.418827" lon="-71.011654">
        <ele>16.673175</ele>
        <time>2025-09-14T15:55:29.959Z</time>
      </trkpt>
      <trkpt lat="42.418897" lon="-71.011737">
        <ele>16.686665</ele>
        <time>2025-09-14T15:55:31.960Z</time>
      </trkpt>
      <trkpt lat="42.418977" lon="-71.011848">
        <ele>16.703272</ele>
        <time>2025-09-14T15:55:33.960Z</time>
      </trkpt>
      <trkpt lat="42.419042" lon="-71.011959">
        <ele>16.718439</ele>
        <time>2025-09-14T15:55:35.960Z</time>
      </trkpt>
      <trkpt lat="42.419132" lon="-71.012080">
        <ele>16.736827</ele>
        <time>2025-09-14T15:55:38.959Z</time>
      </trkpt>
      <trkpt lat="42.419198" lon="-71.012187">
        <ele>16.751753</ele>
        <time>2025-09-14T15:55:40.959Z</time>
      </trkpt>
      <trkpt lat="42.419255" lon="-71.012297">
        <ele>16.766140</ele>
        <time>2025-09-14T15:55:42.959Z</time>
      </trkpt>
      <trkpt lat="42.419317" lon="-71.012388">
        <ele>16.779396</ele>
        <time>2025-09-14T15:55:44.959Z</time>
      </trkpt>
      <trkpt lat="42.419373" lon="-71.012511">
        <ele>16.794866</ele>
        <time>2025-09-14T15:55:46.959Z</time>
      </trkpt>
      <trkpt lat="42.419424" lon="-71.012622">
        <ele>16.786378</ele>
        <time>2025-09-14T15:55:48.959Z</time>
      </trkpt>
      <trkpt lat="42.419470" lon="-71.012741">
        <ele>16.748156</ele>
        <time>2025-09-14T15:55:50.959Z</time>
      </trkpt>
      <trkpt lat="42.419535" lon="-71.012842">
        <ele>16.710030</ele>
        <time>2025-09-14T15:55:52.959Z</time>
      </trkpt>
      <trkpt lat="42.419588" lon="-71.012956">
        <ele>16.671696</ele>
        <time>2025-09-14T15:55:54.959Z</time>
      </trkpt>
      <trkpt lat="42.419657" lon="-71.013110">
        <ele>16.620438</ele>
        <time>2025-09-14T15:55:57.959Z</time>
      </trkpt>
      <trkpt lat="42.419719" lon="-71.013214">
        <ele>16.582401</ele>
        <time>2025-09-14T15:55:59.959Z</time>
      </trkpt>
      <trkpt lat="42.419809" lon="-71.013377">
        <ele>16.524484</ele>
        <time>2025-09-14T15:56:02.959Z</time>
      </trkpt>
      <trkpt lat="42.419861" lon="-71.013487">
        <ele>16.487317</ele>
        <time>2025-09-14T15:56:04.959Z</time>
      </trkpt>
      <trkpt lat="42.419918" lon="-71.013597">
        <ele>16.449077</ele>
        <time>2025-09-14T15:56:06.960Z</time>
      </trkpt>
      <trkpt lat="42.419963" lon="-71.013711">
        <ele>16.412293</ele>
        <time>2025-09-14T15:56:08.960Z</time>
      </trkpt>
      <trkpt lat="42.420013" lon="-71.013818">
        <ele>16.376261</ele>
        <time>2025-09-14T15:56:10.960Z</time>
      </trkpt>
      <trkpt lat="42.420066" lon="-71.013930">
        <ele>16.338407</ele>
        <time>2025-09-14T15:56:12.960Z</time>
      </trkpt>
      <trkpt lat="42.420123" lon="-71.014041">
        <ele>16.299934</ele>
        <time>2025-09-14T15:56:14.960Z</time>
      </trkpt>
      <trkpt lat="42.420175" lon="-71.014152">
        <ele>16.262527</ele>
        <time>2025-09-14T15:56:16.960Z</time>
      </trkpt>
      <trkpt lat="42.420240" lon="-71.014284">
        <ele>16.217379</ele>
        <time>2025-09-14T15:56:18.960Z</time>
      </trkpt>
      <trkpt lat="42.420271" lon="-71.014425">
        <ele>16.175518</ele>
        <time>2025-09-14T15:56:20.960Z</time>
      </trkpt>
      <trkpt lat="42.420315" lon="-71.014564">
        <ele>16.132485</ele>
        <time>2025-09-14T15:56:22.960Z</time>
      </trkpt>
      <trkpt lat="42.420354" lon="-71.014699">
        <ele>16.085996</ele>
        <time>2025-09-14T15:56:24.960Z</time>
      </trkpt>
      <trkpt lat="42.420401" lon="-71.014830">
        <ele>16.032629</ele>
        <time>2025-09-14T15:56:26.960Z</time>
      </trkpt>
      <trkpt lat="42.420447" lon="-71.014957">
        <ele>15.980798</ele>
        <time>2025-09-14T15:56:28.960Z</time>
      </trkpt>
      <trkpt lat="42.420476" lon="-71.015081">
        <ele>15.933140</ele>
        <time>2025-09-14T15:56:30.960Z</time>
      </trkpt>
      <trkpt lat="42.420522" lon="-71.015229">
        <ele>15.874303</ele>
        <time>2025-09-14T15:56:32.960Z</time>
      </trkpt>
      <trkpt lat="42.420570" lon="-71.015352">
        <ele>15.823327</ele>
        <time>2025-09-14T15:56:34.960Z</time>
      </trkpt>
      <trkpt lat="42.420603" lon="-71.015478">
        <ele>15.774342</ele>
        <time>2025-09-14T15:56:36.960Z</time>
      </trkpt>
      <trkpt lat="42.420650" lon="-71.015598">
        <ele>15.724570</ele>
        <time>2025-09-14T15:56:38.960Z</time>
      </trkpt>
      <trkpt lat="42.420691" lon="-71.015713">
        <ele>15.677778</ele>
        <time>2025-09-14T15:56:40.960Z</time>
      </trkpt>
      <trkpt lat="42.420740" lon="-71.015833">
        <ele>15.627533</ele>
        <time>2025-09-14T15:56:42.960Z</time>
      </trkpt>
      <trkpt lat="42.420765" lon="-71.015960">
        <ele>15.579375</ele>
        <time>2025-09-14T15:56:44.960Z</time>
      </trkpt>
      <trkpt lat="42.420802" lon="-71.016080">
        <ele>15.531727</ele>
        <time>2025-09-14T15:56:46.960Z</time>
      </trkpt>
      <trkpt lat="42.420852" lon="-71.016183">
        <ele>15.486560</ele>
        <time>2025-09-14T15:56:48.960Z</time>
      </trkpt>
      <trkpt lat="42.420897" lon="-71.016356">
        <ele>15.419354</ele>
        <time>2025-09-14T15:56:51.960Z</time>
      </trkpt>
      <trkpt lat="42.420938" lon="-71.016467">
        <ele>15.373878</ele>
        <time>2025-09-14T15:56:53.960Z</time>
      </trkpt>
      <trkpt lat="42.420984" lon="-71.016591">
        <ele>15.323031</ele>
        <time>2025-09-14T15:56:55.960Z</time>
      </trkpt>
      <trkpt lat="42.421015" lon="-71.016708">
        <ele>15.277486</ele>
        <time>2025-09-14T15:56:57.960Z</time>
      </trkpt>
      <trkpt lat="42.421058" lon="-71.016849">
        <ele>15.221590</ele>
        <time>2025-09-14T15:57:00.960Z</time>
      </trkpt>
      <trkpt lat="42.421121" lon="-71.016970">
        <ele>15.059766</ele>
        <time>2025-09-14T15:57:04.960Z</time>
      </trkpt>
      <trkpt lat="42.421195" lon="-71.017043">
        <ele>14.915389</ele>
        <time>2025-09-14T15:57:07.960Z</time>
      </trkpt>
      <trkpt lat="42.421295" lon="-71.017054">
        <ele>14.757155</ele>
        <time>2025-09-14T15:57:10.960Z</time>
      </trkpt>
      <trkpt lat="42.421394" lon="-71.017062">
        <ele>14.600739</ele>
        <time>2025-09-14T15:57:12.960Z</time>
      </trkpt>
      <trkpt lat="42.421493" lon="-71.017065">
        <ele>14.444561</ele>
        <time>2025-09-14T15:57:14.960Z</time>
      </trkpt>
      <trkpt lat="42.421585" lon="-71.017084">
        <ele>14.297786</ele>
        <time>2025-09-14T15:57:16.960Z</time>
      </trkpt>
      <trkpt lat="42.421675" lon="-71.017104">
        <ele>14.153945</ele>
        <time>2025-09-14T15:57:18.960Z</time>
      </trkpt>
      <trkpt lat="42.421770" lon="-71.017142">
        <ele>13.997720</ele>
        <time>2025-09-14T15:57:20.960Z</time>
      </trkpt>
      <trkpt lat="42.421889" lon="-71.017168">
        <ele>13.807613</ele>
        <time>2025-09-14T15:57:22.960Z</time>
      </trkpt>
      <trkpt lat="42.421988" lon="-71.017176">
        <ele>13.651197</ele>
        <time>2025-09-14T15:57:24.960Z</time>
      </trkpt>
      <trkpt lat="42.422091" lon="-71.017197">
        <ele>13.486920</ele>
        <time>2025-09-14T15:57:26.960Z</time>
      </trkpt>
      <trkpt lat="42.422181" lon="-71.017190">
        <ele>13.344743</ele>
        <time>2025-09-14T15:57:28.960Z</time>
      </trkpt>
      <trkpt lat="42.422305" lon="-71.017184">
        <ele>13.149051</ele>
        <time>2025-09-14T15:57:30.960Z</time>
      </trkpt>
      <trkpt lat="42.422399" lon="-71.017202">
        <ele>12.999324</ele>
        <time>2025-09-14T15:57:32.960Z</time>
      </trkpt>
      <trkpt lat="42.422495" lon="-71.017190">
        <ele>12.847274</ele>
        <time>2025-09-14T15:57:34.960Z</time>
      </trkpt>
      <trkpt lat="42.422599" lon="-71.017203">
        <ele>12.682553</ele>
        <time>2025-09-14T15:57:36.960Z</time>
      </trkpt>
      <trkpt lat="42.422699" lon="-71.017193">
        <ele>12.524408</ele>
        <time>2025-09-14T15:57:38.960Z</time>
      </trkpt>
      <trkpt lat="42.422802" lon="-71.017207">
        <ele>12.385376</ele>
        <time>2025-09-14T15:57:40.960Z</time>
      </trkpt>
      <trkpt lat="42.422917" lon="-71.017212">
        <ele>12.437162</ele>
        <time>2025-09-14T15:57:42.960Z</time>
      </trkpt>
      <trkpt lat="42.423011" lon="-71.017215">
        <ele>12.479480</ele>
        <time>2025-09-14T15:57:44.960Z</time>
      </trkpt>
      <trkpt lat="42.423102" lon="-71.017208">
        <ele>12.520503</ele>
        <time>2025-09-14T15:57:46.960Z</time>
      </trkpt>
      <trkpt lat="42.423231" lon="-71.017226">
        <ele>12.578869</ele>
        <time>2025-09-14T15:57:49.960Z</time>
      </trkpt>
      <trkpt lat="42.423323" lon="-71.017270">
        <ele>12.622781</ele>
        <time>2025-09-14T15:57:51.960Z</time>
      </trkpt>
      <trkpt lat="42.423410" lon="-71.017337">
        <ele>12.667822</ele>
        <time>2025-09-14T15:57:53.960Z</time>
      </trkpt>
      <trkpt lat="42.423498" lon="-71.017437">
        <ele>12.719518</ele>
        <time>2025-09-14T15:57:55.960Z</time>
      </trkpt>
      <trkpt lat="42.423605" lon="-71.017531">
        <ele>12.776916</ele>
        <time>2025-09-14T15:57:58.960Z</time>
      </trkpt>
      <trkpt lat="42.423694" lon="-71.017640">
        <ele>12.830915</ele>
        <time>2025-09-14T15:58:00.960Z</time>
      </trkpt>
      <trkpt lat="42.423758" lon="-71.017745">
        <ele>12.876155</ele>
        <time>2025-09-14T15:58:02.960Z</time>
      </trkpt>
      <trkpt lat="42.423842" lon="-71.017825">
        <ele>12.922369</ele>
        <time>2025-09-14T15:58:04.960Z</time>
      </trkpt>
      <trkpt lat="42.423947" lon="-71.017953">
        <ele>12.985943</ele>
        <time>2025-09-14T15:58:07.960Z</time>
      </trkpt>
      <trkpt lat="42.424014" lon="-71.018064">
        <ele>13.033580</ele>
        <time>2025-09-14T15:58:09.960Z</time>
      </trkpt>
      <trkpt lat="42.424109" lon="-71.018146">
        <ele>13.084279</ele>
        <time>2025-09-14T15:58:11.960Z</time>
      </trkpt>
      <trkpt lat="42.424179" lon="-71.018240">
        <ele>13.128640</ele>
        <time>2025-09-14T15:58:13.960Z</time>
      </trkpt>
      <trkpt lat="42.424262" lon="-71.018335">
        <ele>13.177544</ele>
        <time>2025-09-14T15:58:15.960Z</time>
      </trkpt>
      <trkpt lat="42.424351" lon="-71.018421">
        <ele>13.121027</ele>
        <time>2025-09-14T15:58:17.960Z</time>
      </trkpt>
      <trkpt lat="42.424421" lon="-71.018505">
        <ele>13.043595</ele>
        <time>2025-09-14T15:58:19.960Z</time>
      </trkpt>
      <trkpt lat="42.424498" lon="-71.018616">
        <ele>12.950492</ele>
        <time>2025-09-14T15:58:21.960Z</time>
      </trkpt>
      <trkpt lat="42.424580" lon="-71.018687">
        <ele>12.869910</ele>
        <time>2025-09-14T15:58:23.960Z</time>
      </trkpt>
      <trkpt lat="42.424664" lon="-71.018786">
        <ele>12.777717</ele>
        <time>2025-09-14T15:58:25.960Z</time>
      </trkpt>
      <trkpt lat="42.424748" lon="-71.018874">
        <ele>12.689792</ele>
        <time>2025-09-14T15:58:27.960Z</time>
      </trkpt>
      <trkpt lat="42.424829" lon="-71.018964">
        <ele>12.603048</ele>
        <time>2025-09-14T15:58:29.960Z</time>
      </trkpt>
      <trkpt lat="42.424913" lon="-71.019065">
        <ele>12.510049</ele>
        <time>2025-09-14T15:58:31.960Z</time>
      </trkpt>
      <trkpt lat="42.424989" lon="-71.019162">
        <ele>12.423589</ele>
        <time>2025-09-14T15:58:33.960Z</time>
      </trkpt>
      <trkpt lat="42.425073" lon="-71.019249">
        <ele>12.336036</ele>
        <time>2025-09-14T15:58:35.960Z</time>
      </trkpt>
      <trkpt lat="42.425156" lon="-71.019345">
        <ele>12.245669</ele>
        <time>2025-09-14T15:58:37.960Z</time>
      </trkpt>
      <trkpt lat="42.425242" lon="-71.019445">
        <ele>12.151824</ele>
        <time>2025-09-14T15:58:39.960Z</time>
      </trkpt>
      <trkpt lat="42.425310" lon="-71.019556">
        <ele>12.063658</ele>
        <time>2025-09-14T15:58:41.960Z</time>
      </trkpt>
      <trkpt lat="42.425395" lon="-71.019651">
        <ele>11.972415</ele>
        <time>2025-09-14T15:58:43.960Z</time>
      </trkpt>
      <trkpt lat="42.425477" lon="-71.019763">
        <ele>11.875997</ele>
        <time>2025-09-14T15:58:45.961Z</time>
      </trkpt>
      <trkpt lat="42.425549" lon="-71.019843">
        <ele>11.798891</ele>
        <time>2025-09-14T15:58:47.961Z</time>
      </trkpt>
      <trkpt lat="42.425638" lon="-71.019950">
        <ele>11.700362</ele>
        <time>2025-09-14T15:58:49.961Z</time>
      </trkpt>
      <trkpt lat="42.425706" lon="-71.020058">
        <ele>11.560705</ele>
        <time>2025-09-14T15:58:51.961Z</time>
      </trkpt>
      <trkpt lat="42.425785" lon="-71.020151">
        <ele>11.421106</ele>
        <time>2025-09-14T15:58:53.961Z</time>
      </trkpt>
      <trkpt lat="42.425868" lon="-71.020260">
        <ele>11.266919</ele>
        <time>2025-09-14T15:58:55.961Z</time>
      </trkpt>
      <trkpt lat="42.425950" lon="-71.020363">
        <ele>11.117765</ele>
        <time>2025-09-14T15:58:57.961Z</time>
      </trkpt>
      <trkpt lat="42.426022" lon="-71.020491">
        <ele>10.959319</ele>
        <time>2025-09-14T15:58:59.961Z</time>
      </trkpt>
      <trkpt lat="42.426088" lon="-71.020609">
        <ele>10.813554</ele>
        <time>2025-09-14T15:59:01.961Z</time>
      </trkpt>
      <trkpt lat="42.426154" lon="-71.020706">
        <ele>10.683666</ele>
        <time>2025-09-14T15:59:03.961Z</time>
      </trkpt>
      <trkpt lat="42.426245" lon="-71.020846">
        <ele>10.500002</ele>
        <time>2025-09-14T15:59:05.961Z</time>
      </trkpt>
      <trkpt lat="42.426331" lon="-71.020960">
        <ele>10.339514</ele>
        <time>2025-09-14T15:59:07.961Z</time>
      </trkpt>
      <trkpt lat="42.426404" lon="-71.021064">
        <ele>10.198215</ele>
        <time>2025-09-14T15:59:09.961Z</time>
      </trkpt>
      <trkpt lat="42.426477" lon="-71.021187">
        <ele>10.042823</ele>
        <time>2025-09-14T15:59:11.961Z</time>
      </trkpt>
      <trkpt lat="42.426550" lon="-71.021307">
        <ele>9.889723</ele>
        <time>2025-09-14T15:59:13.961Z</time>
      </trkpt>
      <trkpt lat="42.426662" lon="-71.021482">
        <ele>9.661679</ele>
        <time>2025-09-14T15:59:18.961Z</time>
      </trkpt>
      <trkpt lat="42.426757" lon="-71.021651">
        <ele>9.452532</ele>
        <time>2025-09-14T15:59:20.961Z</time>
      </trkpt>
      <trkpt lat="42.426825" lon="-71.021801">
        <ele>9.278334</ele>
        <time>2025-09-14T15:59:22.961Z</time>
      </trkpt>
      <trkpt lat="42.426897" lon="-71.021940">
        <ele>9.104376</ele>
        <time>2025-09-14T15:59:24.961Z</time>
      </trkpt>
      <trkpt lat="42.426998" lon="-71.022085">
        <ele>8.900139</ele>
        <time>2025-09-14T15:59:26.961Z</time>
      </trkpt>
      <trkpt lat="42.427069" lon="-71.022206">
        <ele>8.741790</ele>
        <time>2025-09-14T15:59:28.961Z</time>
      </trkpt>
      <trkpt lat="42.427133" lon="-71.022316">
        <ele>8.598306</ele>
        <time>2025-09-14T15:59:30.961Z</time>
      </trkpt>
      <trkpt lat="42.427215" lon="-71.022385">
        <ele>8.464338</ele>
        <time>2025-09-14T15:59:34.961Z</time>
      </trkpt>
      <trkpt lat="42.427258" lon="-71.022494">
        <ele>8.337729</ele>
        <time>2025-09-14T15:59:37.961Z</time>
      </trkpt>
      <trkpt lat="42.427240" lon="-71.022614">
        <ele>8.212286</ele>
        <time>2025-09-14T15:59:39.961Z</time>
      </trkpt>
      <trkpt lat="42.427158" lon="-71.022752">
        <ele>8.030802</ele>
        <time>2025-09-14T15:59:42.961Z</time>
      </trkpt>
      <trkpt lat="42.427091" lon="-71.022857">
        <ele>7.888617</ele>
        <time>2025-09-14T15:59:44.960Z</time>
      </trkpt>
      <trkpt lat="42.427047" lon="-71.022971">
        <ele>7.756832</ele>
        <time>2025-09-14T15:59:46.961Z</time>
      </trkpt>
      <trkpt lat="42.426980" lon="-71.023078">
        <ele>7.613091</ele>
        <time>2025-09-14T15:59:48.960Z</time>
      </trkpt>
      <trkpt lat="42.426905" lon="-71.023179">
        <ele>7.466326</ele>
        <time>2025-09-14T15:59:50.961Z</time>
      </trkpt>
      <trkpt lat="42.426846" lon="-71.023284">
        <ele>7.331141</ele>
        <time>2025-09-14T15:59:52.961Z</time>
      </trkpt>
      <trkpt lat="42.426763" lon="-71.023393">
        <ele>7.170712</ele>
        <time>2025-09-14T15:59:54.961Z</time>
      </trkpt>
      <trkpt lat="42.426706" lon="-71.023503">
        <ele>7.033030</ele>
        <time>2025-09-14T15:59:56.961Z</time>
      </trkpt>
      <trkpt lat="42.426638" lon="-71.023604">
        <ele>6.892988</ele>
        <time>2025-09-14T15:59:58.961Z</time>
      </trkpt>
      <trkpt lat="42.426579" lon="-71.023712">
        <ele>6.777152</ele>
        <time>2025-09-14T16:00:00.961Z</time>
      </trkpt>
      <trkpt lat="42.426501" lon="-71.023848">
        <ele>6.678436</ele>
        <time>2025-09-14T16:00:02.961Z</time>
      </trkpt>
      <trkpt lat="42.426437" lon="-71.023961">
        <ele>6.596799</ele>
        <time>2025-09-14T16:00:04.961Z</time>
      </trkpt>
      <trkpt lat="42.426363" lon="-71.024070">
        <ele>6.511916</ele>
        <time>2025-09-14T16:00:06.961Z</time>
      </trkpt>
      <trkpt lat="42.426303" lon="-71.024178">
        <ele>6.434440</ele>
        <time>2025-09-14T16:00:08.961Z</time>
      </trkpt>
      <trkpt lat="42.426235" lon="-71.024298">
        <ele>6.347728</ele>
        <time>2025-09-14T16:00:10.961Z</time>
      </trkpt>
      <trkpt lat="42.426161" lon="-71.024411">
        <ele>6.261144</ele>
        <time>2025-09-14T16:00:12.961Z</time>
      </trkpt>
      <trkpt lat="42.426099" lon="-71.024521">
        <ele>6.181816</ele>
        <time>2025-09-14T16:00:14.961Z</time>
      </trkpt>
      <trkpt lat="42.426034" lon="-71.024624">
        <ele>6.104144</ele>
        <time>2025-09-14T16:00:16.961Z</time>
      </trkpt>
      <trkpt lat="42.425979" lon="-71.024739">
        <ele>6.025603</ele>
        <time>2025-09-14T16:00:18.961Z</time>
      </trkpt>
      <trkpt lat="42.425904" lon="-71.024852">
        <ele>5.938501</ele>
        <time>2025-09-14T16:00:20.961Z</time>
      </trkpt>
      <trkpt lat="42.425838" lon="-71.024965">
        <ele>5.855909</ele>
        <time>2025-09-14T16:00:22.961Z</time>
      </trkpt>
      <trkpt lat="42.425772" lon="-71.025075">
        <ele>5.774658</ele>
        <time>2025-09-14T16:00:24.961Z</time>
      </trkpt>
      <trkpt lat="42.425707" lon="-71.025184">
        <ele>5.694341</ele>
        <time>2025-09-14T16:00:26.961Z</time>
      </trkpt>
      <trkpt lat="42.425647" lon="-71.025291">
        <ele>5.617321</ele>
        <time>2025-09-14T16:00:28.961Z</time>
      </trkpt>
      <trkpt lat="42.425569" lon="-71.025407">
        <ele>5.527381</ele>
        <time>2025-09-14T16:00:30.961Z</time>
      </trkpt>
      <trkpt lat="42.425494" lon="-71.025519">
        <ele>5.440705</ele>
        <time>2025-09-14T16:00:32.961Z</time>
      </trkpt>
      <trkpt lat="42.425413" lon="-71.025611">
        <ele>5.436748</ele>
        <time>2025-09-14T16:00:34.961Z</time>
      </trkpt>
      <trkpt lat="42.425334" lon="-71.025683">
        <ele>5.479333</ele>
        <time>2025-09-14T16:00:36.961Z</time>
      </trkpt>
      <trkpt lat="42.425190" lon="-71.025713">
        <ele>5.544497</ele>
        <time>2025-09-14T16:00:38.961Z</time>
      </trkpt>
      <trkpt lat="42.425078" lon="-71.025756">
        <ele>5.596564</ele>
        <time>2025-09-14T16:00:40.961Z</time>
      </trkpt>
      <trkpt lat="42.424967" lon="-71.025775">
        <ele>5.646605</ele>
        <time>2025-09-14T16:00:42.961Z</time>
      </trkpt>
      <trkpt lat="42.424865" lon="-71.025792">
        <ele>5.692571</ele>
        <time>2025-09-14T16:00:44.961Z</time>
      </trkpt>
      <trkpt lat="42.424768" lon="-71.025834">
        <ele>5.738118</ele>
        <time>2025-09-14T16:00:46.961Z</time>
      </trkpt>
      <trkpt lat="42.424681" lon="-71.025927">
        <ele>5.787685</ele>
        <time>2025-09-14T16:00:48.961Z</time>
      </trkpt>
      <trkpt lat="42.424595" lon="-71.026006">
        <ele>5.834159</ele>
        <time>2025-09-14T16:00:50.961Z</time>
      </trkpt>
      <trkpt lat="42.424508" lon="-71.026075">
        <ele>5.879249</ele>
        <time>2025-09-14T16:00:52.961Z</time>
      </trkpt>
      <trkpt lat="42.424425" lon="-71.026145">
        <ele>5.922979</ele>
        <time>2025-09-14T16:00:54.961Z</time>
      </trkpt>
      <trkpt lat="42.424327" lon="-71.026220">
        <ele>5.973322</ele>
        <time>2025-09-14T16:00:56.961Z</time>
      </trkpt>
      <trkpt lat="42.424228" lon="-71.026334">
        <ele>6.031436</ele>
        <time>2025-09-14T16:00:59.961Z</time>
      </trkpt>
      <trkpt lat="42.424145" lon="-71.026423">
        <ele>6.078781</ele>
        <time>2025-09-14T16:01:01.961Z</time>
      </trkpt>
      <trkpt lat="42.424064" lon="-71.026574">
        <ele>6.140409</ele>
        <time>2025-09-14T16:01:04.961Z</time>
      </trkpt>
      <trkpt lat="42.423996" lon="-71.026669">
        <ele>6.184099</ele>
        <time>2025-09-14T16:01:06.961Z</time>
      </trkpt>
      <trkpt lat="42.423936" lon="-71.026777">
        <ele>6.262870</ele>
        <time>2025-09-14T16:01:08.961Z</time>
      </trkpt>
      <trkpt lat="42.423880" lon="-71.026895">
        <ele>6.407676</ele>
        <time>2025-09-14T16:01:10.961Z</time>
      </trkpt>
      <trkpt lat="42.423847" lon="-71.027080">
        <ele>6.604139</ele>
        <time>2025-09-14T16:01:13.961Z</time>
      </trkpt>
      <trkpt lat="42.423827" lon="-71.027219">
        <ele>6.750323</ele>
        <time>2025-09-14T16:01:15.961Z</time>
      </trkpt>
      <trkpt lat="42.423821" lon="-71.027354">
        <ele>6.889929</ele>
        <time>2025-09-14T16:01:17.961Z</time>
      </trkpt>
      <trkpt lat="42.423813" lon="-71.027484">
        <ele>7.024587</ele>
        <time>2025-09-14T16:01:19.961Z</time>
      </trkpt>
      <trkpt lat="42.423790" lon="-71.027615">
        <ele>7.163585</ele>
        <time>2025-09-14T16:01:21.961Z</time>
      </trkpt>
      <trkpt lat="42.423769" lon="-71.027797">
        <ele>7.353736</ele>
        <time>2025-09-14T16:01:24.961Z</time>
      </trkpt>
      <trkpt lat="42.423739" lon="-71.027930">
        <ele>7.497292</ele>
        <time>2025-09-14T16:01:26.961Z</time>
      </trkpt>
      <trkpt lat="42.423709" lon="-71.028065">
        <ele>7.642824</ele>
        <time>2025-09-14T16:01:28.961Z</time>
      </trkpt>
      <trkpt lat="42.423658" lon="-71.028189">
        <ele>7.789351</ele>
        <time>2025-09-14T16:01:30.962Z</time>
      </trkpt>
      <trkpt lat="42.423609" lon="-71.028296">
        <ele>7.919330</ele>
        <time>2025-09-14T16:01:32.962Z</time>
      </trkpt>
      <trkpt lat="42.423533" lon="-71.028443">
        <ele>8.104588</ele>
        <time>2025-09-14T16:01:35.962Z</time>
      </trkpt>
      <trkpt lat="42.423433" lon="-71.028564">
        <ele>8.292086</ele>
        <time>2025-09-14T16:01:38.962Z</time>
      </trkpt>
      <trkpt lat="42.423357" lon="-71.028661">
        <ele>8.438102</ele>
        <time>2025-09-14T16:01:41.962Z</time>
      </trkpt>
      <trkpt lat="42.423245" lon="-71.028750">
        <ele>8.619678</ele>
        <time>2025-09-14T16:01:44.961Z</time>
      </trkpt>
      <trkpt lat="42.423141" lon="-71.028810">
        <ele>8.826244</ele>
        <time>2025-09-14T16:01:47.961Z</time>
      </trkpt>
      <trkpt lat="42.423039" lon="-71.028852">
        <ele>9.120249</ele>
        <time>2025-09-14T16:01:50.961Z</time>
      </trkpt>
      <trkpt lat="42.422930" lon="-71.028900">
        <ele>9.436334</ele>
        <time>2025-09-14T16:01:53.961Z</time>
      </trkpt>
      <trkpt lat="42.422823" lon="-71.028958">
        <ele>9.754166</ele>
        <time>2025-09-14T16:01:57.961Z</time>
      </trkpt>
      <trkpt lat="42.422793" lon="-71.029090">
        <ele>10.035337</ele>
        <time>2025-09-14T16:02:02.961Z</time>
      </trkpt>
      <trkpt lat="42.422784" lon="-71.029244">
        <ele>10.349829</ele>
        <time>2025-09-14T16:02:07.961Z</time>
      </trkpt>
      <trkpt lat="42.422762" lon="-71.029392">
        <ele>10.657172</ele>
        <time>2025-09-14T16:02:13.961Z</time>
      </trkpt>
      <trkpt lat="42.422713" lon="-71.029506">
        <ele>10.925727</ele>
        <time>2025-09-14T16:02:45.961Z</time>
      </trkpt>
      <trkpt lat="42.422689" lon="-71.029684">
        <ele>11.294092</ele>
        <time>2025-09-14T16:06:20.962Z</time>
      </trkpt>
      <trkpt lat="42.422695" lon="-71.029818">
        <ele>11.567388</ele>
        <time>2025-09-14T16:06:30.962Z</time>
      </trkpt>
      <trkpt lat="42.422704" lon="-71.029956">
        <ele>11.849421</ele>
        <time>2025-09-14T16:06:37.962Z</time>
      </trkpt>
      <trkpt lat="42.422703" lon="-71.030093">
        <ele>12.128337</ele>
        <time>2025-09-14T16:06:43.962Z</time>
      </trkpt>
      <trkpt lat="42.422697" lon="-71.030215">
        <ele>12.377253</ele>
        <time>2025-09-14T16:06:50.962Z</time>
      </trkpt>
      <trkpt lat="42.422696" lon="-71.030375">
        <ele>12.702990</ele>
        <time>2025-09-14T16:06:55.962Z</time>
      </trkpt>
      <trkpt lat="42.422704" lon="-71.030505">
        <ele>12.968560</ele>
        <time>2025-09-14T16:06:58.962Z</time>
      </trkpt>
      <trkpt lat="42.422706" lon="-71.030639">
        <ele>13.241411</ele>
        <time>2025-09-14T16:07:01.962Z</time>
      </trkpt>
      <trkpt lat="42.422704" lon="-71.030794">
        <ele>13.557006</ele>
        <time>2025-09-14T16:07:05.962Z</time>
      </trkpt>
      <trkpt lat="42.422698" lon="-71.030932">
        <ele>13.635420</ele>
        <time>2025-09-14T16:07:08.962Z</time>
      </trkpt>
      <trkpt lat="42.422698" lon="-71.031068">
        <ele>13.538187</ele>
        <time>2025-09-14T16:07:11.962Z</time>
      </trkpt>
      <trkpt lat="42.422704" lon="-71.031224">
        <ele>13.426503</ele>
        <time>2025-09-14T16:07:14.962Z</time>
      </trkpt>
      <trkpt lat="42.422689" lon="-71.031378">
        <ele>13.315447</ele>
        <time>2025-09-14T16:07:18.962Z</time>
      </trkpt>
      <trkpt lat="42.422682" lon="-71.031530">
        <ele>13.206563</ele>
        <time>2025-09-14T16:07:22.962Z</time>
      </trkpt>
      <trkpt lat="42.422681" lon="-71.031683">
        <ele>13.097172</ele>
        <time>2025-09-14T16:07:26.963Z</time>
      </trkpt>
      <trkpt lat="42.422684" lon="-71.031861">
        <ele>12.969878</ele>
        <time>2025-09-14T16:07:29.963Z</time>
      </trkpt>
      <trkpt lat="42.422682" lon="-71.032036">
        <ele>12.844747</ele>
        <time>2025-09-14T16:07:31.963Z</time>
      </trkpt>
      <trkpt lat="42.422673" lon="-71.032186">
        <ele>12.737151</ele>
        <time>2025-09-14T16:07:33.963Z</time>
      </trkpt>
      <trkpt lat="42.422657" lon="-71.032323">
        <ele>12.637985</ele>
        <time>2025-09-14T16:07:35.963Z</time>
      </trkpt>
      <trkpt lat="42.422635" lon="-71.032460">
        <ele>12.537746</ele>
        <time>2025-09-14T16:07:37.963Z</time>
      </trkpt>
      <trkpt lat="42.422637" lon="-71.032619">
        <ele>12.424052</ele>
        <time>2025-09-14T16:07:39.963Z</time>
      </trkpt>
      <trkpt lat="42.422625" lon="-71.032781">
        <ele>12.307649</ele>
        <time>2025-09-14T16:07:41.963Z</time>
      </trkpt>
      <trkpt lat="42.422617" lon="-71.032934">
        <ele>12.197987</ele>
        <time>2025-09-14T16:07:43.963Z</time>
      </trkpt>
      <trkpt lat="42.422610" lon="-71.033085">
        <ele>12.089817</ele>
        <time>2025-09-14T16:07:45.963Z</time>
      </trkpt>
      <trkpt lat="42.422603" lon="-71.033235">
        <ele>11.982361</ele>
        <time>2025-09-14T16:07:47.963Z</time>
      </trkpt>
      <trkpt lat="42.422594" lon="-71.033382">
        <ele>11.850637</ele>
        <time>2025-09-14T16:07:49.963Z</time>
      </trkpt>
      <trkpt lat="42.422585" lon="-71.033528">
        <ele>11.706170</ele>
        <time>2025-09-14T16:07:51.963Z</time>
      </trkpt>
      <trkpt lat="42.422571" lon="-71.033668">
        <ele>11.566860</ele>
        <time>2025-09-14T16:07:53.963Z</time>
      </trkpt>
      <trkpt lat="42.422554" lon="-71.033792">
        <ele>11.442496</ele>
        <time>2025-09-14T16:07:55.963Z</time>
      </trkpt>
      <trkpt lat="42.422546" lon="-71.033920">
        <ele>11.315828</ele>
        <time>2025-09-14T16:07:57.963Z</time>
      </trkpt>
      <trkpt lat="42.422543" lon="-71.034102">
        <ele>11.136319</ele>
        <time>2025-09-14T16:08:00.962Z</time>
      </trkpt>
      <trkpt lat="42.422536" lon="-71.034240">
        <ele>10.999921</ele>
        <time>2025-09-14T16:08:02.961Z</time>
      </trkpt>
      <trkpt lat="42.422525" lon="-71.034369">
        <ele>10.871872</ele>
        <time>2025-09-14T16:08:04.962Z</time>
      </trkpt>
      <trkpt lat="42.422531" lon="-71.034497">
        <ele>10.745401</ele>
        <time>2025-09-14T16:08:06.962Z</time>
      </trkpt>
      <trkpt lat="42.422546" lon="-71.034636">
        <ele>10.606881</ele>
        <time>2025-09-14T16:08:08.961Z</time>
      </trkpt>
      <trkpt lat="42.422534" lon="-71.034766">
        <ele>10.477694</ele>
        <time>2025-09-14T16:08:10.962Z</time>
      </trkpt>
      <trkpt lat="42.422525" lon="-71.034888">
        <ele>10.356795</ele>
        <time>2025-09-14T16:08:12.962Z</time>
      </trkpt>
      <trkpt lat="42.422507" lon="-71.035039">
        <ele>10.205969</ele>
        <time>2025-09-14T16:08:15.962Z</time>
      </trkpt>
      <trkpt lat="42.422492" lon="-71.035161">
        <ele>10.084012</ele>
        <time>2025-09-14T16:08:18.962Z</time>
      </trkpt>
      <trkpt lat="42.422453" lon="-71.035278">
        <ele>9.957425</ele>
        <time>2025-09-14T16:08:28.962Z</time>
      </trkpt>
      <trkpt lat="42.422445" lon="-71.035428">
        <ele>9.809129</ele>
        <time>2025-09-14T16:08:43.962Z</time>
      </trkpt>
      <trkpt lat="42.422430" lon="-71.035559">
        <ele>9.678409</ele>
        <time>2025-09-14T16:08:46.962Z</time>
      </trkpt>
      <trkpt lat="42.422424" lon="-71.035720">
        <ele>9.574080</ele>
        <time>2025-09-14T16:08:49.962Z</time>
      </trkpt>
      <trkpt lat="42.422420" lon="-71.035881">
        <ele>9.775244</ele>
        <time>2025-09-14T16:08:52.962Z</time>
      </trkpt>
      <trkpt lat="42.422407" lon="-71.036051">
        <ele>9.988669</ele>
        <time>2025-09-14T16:08:55.962Z</time>
      </trkpt>
      <trkpt lat="42.422402" lon="-71.036181">
        <ele>10.151228</ele>
        <time>2025-09-14T16:08:57.962Z</time>
      </trkpt>
      <trkpt lat="42.422384" lon="-71.036341">
        <ele>10.353337</ele>
        <time>2025-09-14T16:09:00.962Z</time>
      </trkpt>
      <trkpt lat="42.422370" lon="-71.036507">
        <ele>10.561979</ele>
        <time>2025-09-14T16:09:03.962Z</time>
      </trkpt>
      <trkpt lat="42.422387" lon="-71.036654">
        <ele>10.747786</ele>
        <time>2025-09-14T16:09:06.962Z</time>
      </trkpt>
      <trkpt lat="42.422382" lon="-71.036817">
        <ele>10.951510</ele>
        <time>2025-09-14T16:09:09.962Z</time>
      </trkpt>
      <trkpt lat="42.422371" lon="-71.036957">
        <ele>11.127324</ele>
        <time>2025-09-14T16:09:12.962Z</time>
      </trkpt>
      <trkpt lat="42.422363" lon="-71.037123">
        <ele>11.335059</ele>
        <time>2025-09-14T16:09:15.962Z</time>
      </trkpt>
      <trkpt lat="42.422346" lon="-71.037283">
        <ele>11.536920</ele>
        <time>2025-09-14T16:09:18.962Z</time>
      </trkpt>
      <trkpt lat="42.422330" lon="-71.037424">
        <ele>11.715063</ele>
        <time>2025-09-14T16:09:21.962Z</time>
      </trkpt>
      <trkpt lat="42.422317" lon="-71.037597">
        <ele>11.932215</ele>
        <time>2025-09-14T16:09:24.962Z</time>
      </trkpt>
      <trkpt lat="42.422295" lon="-71.037759">
        <ele>12.137909</ele>
        <time>2025-09-14T16:09:27.962Z</time>
      </trkpt>
      <trkpt lat="42.422284" lon="-71.037895">
        <ele>12.308757</ele>
        <time>2025-09-14T16:09:30.962Z</time>
      </trkpt>
      <trkpt lat="42.422275" lon="-71.038019">
        <ele>12.464351</ele>
        <time>2025-09-14T16:09:32.963Z</time>
      </trkpt>
      <trkpt lat="42.422266" lon="-71.038174">
        <ele>12.668849</ele>
        <time>2025-09-14T16:09:35.963Z</time>
      </trkpt>
      <trkpt lat="42.422249" lon="-71.038307">
        <ele>12.861524</ele>
        <time>2025-09-14T16:09:38.963Z</time>
      </trkpt>
      <trkpt lat="42.422241" lon="-71.038474">
        <ele>13.100409</ele>
        <time>2025-09-14T16:09:41.963Z</time>
      </trkpt>
      <trkpt lat="42.422216" lon="-71.038632">
        <ele>13.331068</ele>
        <time>2025-09-14T16:09:44.963Z</time>
      </trkpt>
      <trkpt lat="42.422187" lon="-71.038774">
        <ele>13.541379</ele>
        <time>2025-09-14T16:09:47.963Z</time>
      </trkpt>
      <trkpt lat="42.422184" lon="-71.038927">
        <ele>13.759855</ele>
        <time>2025-09-14T16:09:50.963Z</time>
      </trkpt>
      <trkpt lat="42.422159" lon="-71.039079">
        <ele>13.982147</ele>
        <time>2025-09-14T16:09:53.963Z</time>
      </trkpt>
      <trkpt lat="42.422164" lon="-71.039223">
        <ele>14.187926</ele>
        <time>2025-09-14T16:09:56.963Z</time>
      </trkpt>
      <trkpt lat="42.422142" lon="-71.039385">
        <ele>14.423053</ele>
        <time>2025-09-14T16:09:59.963Z</time>
      </trkpt>
      <trkpt lat="42.422127" lon="-71.039528">
        <ele>14.629228</ele>
        <time>2025-09-14T16:10:02.963Z</time>
      </trkpt>
      <trkpt lat="42.422111" lon="-71.039659">
        <ele>14.818766</ele>
        <time>2025-09-14T16:10:05.963Z</time>
      </trkpt>
      <trkpt lat="42.422093" lon="-71.039798">
        <ele>15.020211</ele>
        <time>2025-09-14T16:10:08.963Z</time>
      </trkpt>
      <trkpt lat="42.422074" lon="-71.039947">
        <ele>15.236050</ele>
        <time>2025-09-14T16:10:11.962Z</time>
      </trkpt>
      <trkpt lat="42.422063" lon="-71.040090">
        <ele>15.441281</ele>
        <time>2025-09-14T16:10:14.962Z</time>
      </trkpt>
      <trkpt lat="42.422076" lon="-71.040222">
        <ele>15.631373</ele>
        <time>2025-09-14T16:10:17.963Z</time>
      </trkpt>
      <trkpt lat="42.422075" lon="-71.040362">
        <ele>15.831225</ele>
        <time>2025-09-14T16:10:20.962Z</time>
      </trkpt>
      <trkpt lat="42.422080" lon="-71.040502">
        <ele>16.031302</ele>
        <time>2025-09-14T16:10:23.962Z</time>
      </trkpt>
      <trkpt lat="42.422084" lon="-71.040659">
        <ele>16.251023</ele>
        <time>2025-09-14T16:10:26.962Z</time>
      </trkpt>
      <trkpt lat="42.422098" lon="-71.040807">
        <ele>16.458978</ele>
        <time>2025-09-14T16:10:29.962Z</time>
      </trkpt>
      <trkpt lat="42.422100" lon="-71.040953">
        <ele>16.662494</ele>
        <time>2025-09-14T16:10:32.962Z</time>
      </trkpt>
      <trkpt lat="42.422097" lon="-71.041098">
        <ele>16.864661</ele>
        <time>2025-09-14T16:10:35.963Z</time>
      </trkpt>
      <trkpt lat="42.422122" lon="-71.041236">
        <ele>17.062699</ele>
        <time>2025-09-14T16:10:38.963Z</time>
      </trkpt>
      <trkpt lat="42.422122" lon="-71.041385">
        <ele>17.270362</ele>
        <time>2025-09-14T16:10:41.966Z</time>
      </trkpt>
      <trkpt lat="42.422124" lon="-71.041560">
        <ele>17.514289</ele>
        <time>2025-09-14T16:10:45.969Z</time>
      </trkpt>
      <trkpt lat="42.422121" lon="-71.041693">
        <ele>17.699739</ele>
        <time>2025-09-14T16:10:48.970Z</time>
      </trkpt>
      <trkpt lat="42.422143" lon="-71.041817">
        <ele>17.877479</ele>
        <time>2025-09-14T16:10:52.972Z</time>
      </trkpt>
      <trkpt lat="42.422170" lon="-71.041940">
        <ele>18.056324</ele>
        <time>2025-09-14T16:10:57.974Z</time>
      </trkpt>
      <trkpt lat="42.422151" lon="-71.042078">
        <ele>18.251972</ele>
        <time>2025-09-14T16:11:00.975Z</time>
      </trkpt>
      <trkpt lat="42.422078" lon="-71.042195">
        <ele>18.465478</ele>
        <time>2025-09-14T16:11:03.975Z</time>
      </trkpt>
      <trkpt lat="42.422023" lon="-71.042325">
        <ele>18.674307</ele>
        <time>2025-09-14T16:11:07.976Z</time>
      </trkpt>
      <trkpt lat="42.421953" lon="-71.042414">
        <ele>18.855558</ele>
        <time>2025-09-14T16:11:11.977Z</time>
      </trkpt>
      <trkpt lat="42.421881" lon="-71.042495">
        <ele>19.032258</ele>
        <time>2025-09-14T16:11:15.977Z</time>
      </trkpt>
      <trkpt lat="42.421809" lon="-71.042574">
        <ele>19.207190</ele>
        <time>2025-09-14T16:11:18.977Z</time>
      </trkpt>
      <trkpt lat="42.421752" lon="-71.042679">
        <ele>19.388839</ele>
        <time>2025-09-14T16:11:21.978Z</time>
      </trkpt>
      <trkpt lat="42.421690" lon="-71.042785">
        <ele>19.535545</ele>
        <time>2025-09-14T16:11:24.978Z</time>
      </trkpt>
      <trkpt lat="42.421618" lon="-71.042875">
        <ele>19.654599</ele>
        <time>2025-09-14T16:11:27.978Z</time>
      </trkpt>
      <trkpt lat="42.421550" lon="-71.042971">
        <ele>19.773951</ele>
        <time>2025-09-14T16:11:30.978Z</time>
      </trkpt>
      <trkpt lat="42.421468" lon="-71.043057">
        <ele>19.899972</ele>
        <time>2025-09-14T16:11:33.978Z</time>
      </trkpt>
      <trkpt lat="42.421398" lon="-71.043160">
        <ele>20.025565</ele>
        <time>2025-09-14T16:11:36.978Z</time>
      </trkpt>
      <trkpt lat="42.421331" lon="-71.043247">
        <ele>20.138348</ele>
        <time>2025-09-14T16:11:39.978Z</time>
      </trkpt>
      <trkpt lat="42.421264" lon="-71.043337">
        <ele>20.253010</ele>
        <time>2025-09-14T16:11:42.978Z</time>
      </trkpt>
      <trkpt lat="42.421171" lon="-71.043434">
        <ele>20.395643</ele>
        <time>2025-09-14T16:11:45.979Z</time>
      </trkpt>
      <trkpt lat="42.421085" lon="-71.043500">
        <ele>20.515757</ele>
        <time>2025-09-14T16:11:47.979Z</time>
      </trkpt>
      <trkpt lat="42.420981" lon="-71.043615">
        <ele>20.678899</ele>
        <time>2025-09-14T16:11:50.979Z</time>
      </trkpt>
      <trkpt lat="42.420882" lon="-71.043729">
        <ele>20.836798</ele>
        <time>2025-09-14T16:11:53.979Z</time>
      </trkpt>
      <trkpt lat="42.420816" lon="-71.043850">
        <ele>20.971761</ele>
        <time>2025-09-14T16:11:56.979Z</time>
      </trkpt>
      <trkpt lat="42.420709" lon="-71.043933">
        <ele>21.121598</ele>
        <time>2025-09-14T16:11:59.979Z</time>
      </trkpt>
      <trkpt lat="42.420627" lon="-71.044003">
        <ele>21.239381</ele>
        <time>2025-09-14T16:12:02.979Z</time>
      </trkpt>
      <trkpt lat="42.420550" lon="-71.044079">
        <ele>21.355156</ele>
        <time>2025-09-14T16:12:05.979Z</time>
      </trkpt>
      <trkpt lat="42.420485" lon="-71.044168">
        <ele>21.467467</ele>
        <time>2025-09-14T16:12:08.979Z</time>
      </trkpt>
      <trkpt lat="42.420388" lon="-71.044252">
        <ele>21.607370</ele>
        <time>2025-09-14T16:12:12.978Z</time>
      </trkpt>
      <trkpt lat="42.420296" lon="-71.044316">
        <ele>21.720194</ele>
        <time>2025-09-14T16:12:15.979Z</time>
      </trkpt>
      <trkpt lat="42.420225" lon="-71.044406">
        <ele>21.820946</ele>
        <time>2025-09-14T16:12:18.979Z</time>
      </trkpt>
      <trkpt lat="42.420143" lon="-71.044475">
        <ele>21.920968</ele>
        <time>2025-09-14T16:12:21.979Z</time>
      </trkpt>
      <trkpt lat="42.420061" lon="-71.044554">
        <ele>22.025228</ele>
        <time>2025-09-14T16:12:24.979Z</time>
      </trkpt>
      <trkpt lat="42.419985" lon="-71.044646">
        <ele>22.130837</ele>
        <time>2025-09-14T16:12:27.979Z</time>
      </trkpt>
      <trkpt lat="42.419910" lon="-71.044736">
        <ele>22.234654</ele>
        <time>2025-09-14T16:12:30.979Z</time>
      </trkpt>
      <trkpt lat="42.419837" lon="-71.044813">
        <ele>22.330519</ele>
        <time>2025-09-14T16:12:33.979Z</time>
      </trkpt>
      <trkpt lat="42.419754" lon="-71.044898">
        <ele>22.438329</ele>
        <time>2025-09-14T16:12:36.979Z</time>
      </trkpt>
      <trkpt lat="42.419672" lon="-71.044975">
        <ele>22.541711</ele>
        <time>2025-09-14T16:12:39.979Z</time>
      </trkpt>
      <trkpt lat="42.419587" lon="-71.045047">
        <ele>22.645584</ele>
        <time>2025-09-14T16:12:42.979Z</time>
      </trkpt>
      <trkpt lat="42.419514" lon="-71.045119">
        <ele>22.739148</ele>
        <time>2025-09-14T16:12:45.979Z</time>
      </trkpt>
      <trkpt lat="42.419431" lon="-71.045192">
        <ele>22.841685</ele>
        <time>2025-09-14T16:12:48.979Z</time>
      </trkpt>
      <trkpt lat="42.419344" lon="-71.045272">
        <ele>22.950637</ele>
        <time>2025-09-14T16:12:51.979Z</time>
      </trkpt>
      <trkpt lat="42.419264" lon="-71.045348">
        <ele>23.051882</ele>
        <time>2025-09-14T16:12:54.979Z</time>
      </trkpt>
      <trkpt lat="42.419178" lon="-71.045413">
        <ele>23.153922</ele>
        <time>2025-09-14T16:12:57.979Z</time>
      </trkpt>
      <trkpt lat="42.419079" lon="-71.045477">
        <ele>23.267583</ele>
        <time>2025-09-14T16:13:00.979Z</time>
      </trkpt>
      <trkpt lat="42.419005" lon="-71.045566">
        <ele>23.370118</ele>
        <time>2025-09-14T16:13:03.979Z</time>
      </trkpt>
      <trkpt lat="42.418912" lon="-71.045633">
        <ele>23.479260</ele>
        <time>2025-09-14T16:13:06.979Z</time>
      </trkpt>
      <trkpt lat="42.418837" lon="-71.045718">
        <ele>23.583298</ele>
        <time>2025-09-14T16:13:09.979Z</time>
      </trkpt>
      <trkpt lat="42.418737" lon="-71.045802">
        <ele>23.709873</ele>
        <time>2025-09-14T16:13:12.979Z</time>
      </trkpt>
      <trkpt lat="42.418636" lon="-71.045863">
        <ele>23.828829</ele>
        <time>2025-09-14T16:13:15.979Z</time>
      </trkpt>
      <trkpt lat="42.418542" lon="-71.045943">
        <ele>23.948247</ele>
        <time>2025-09-14T16:13:18.979Z</time>
      </trkpt>
      <trkpt lat="42.418433" lon="-71.046025">
        <ele>24.082368</ele>
        <time>2025-09-14T16:13:21.979Z</time>
      </trkpt>
      <trkpt lat="42.418313" lon="-71.046098">
        <ele>24.223873</ele>
        <time>2025-09-14T16:13:24.980Z</time>
      </trkpt>
      <trkpt lat="42.418226" lon="-71.046167">
        <ele>24.332321</ele>
        <time>2025-09-14T16:13:26.980Z</time>
      </trkpt>
      <trkpt lat="42.418124" lon="-71.046225">
        <ele>24.451318</ele>
        <time>2025-09-14T16:13:28.980Z</time>
      </trkpt>
      <trkpt lat="42.418000" lon="-71.046310">
        <ele>24.600813</ele>
        <time>2025-09-14T16:13:30.980Z</time>
      </trkpt>
      <trkpt lat="42.417898" lon="-71.046377">
        <ele>24.722755</ele>
        <time>2025-09-14T16:13:32.980Z</time>
      </trkpt>
      <trkpt lat="42.417775" lon="-71.046430">
        <ele>24.861600</ele>
        <time>2025-09-14T16:13:34.980Z</time>
      </trkpt>
      <trkpt lat="42.417652" lon="-71.046498">
        <ele>25.004508</ele>
        <time>2025-09-14T16:13:36.980Z</time>
      </trkpt>
      <trkpt lat="42.417434" lon="-71.046602">
        <ele>25.253131</ele>
        <time>2025-09-14T16:13:40.980Z</time>
      </trkpt>
      <trkpt lat="42.417321" lon="-71.046696">
        <ele>25.395777</ele>
        <time>2025-09-14T16:13:42.980Z</time>
      </trkpt>
      <trkpt lat="42.417192" lon="-71.046791">
        <ele>25.209649</ele>
        <time>2025-09-14T16:13:44.980Z</time>
      </trkpt>
      <trkpt lat="42.417073" lon="-71.046890">
        <ele>24.887644</ele>
        <time>2025-09-14T16:13:46.980Z</time>
      </trkpt>
      <trkpt lat="42.416983" lon="-71.046971">
        <ele>24.638494</ele>
        <time>2025-09-14T16:13:48.980Z</time>
      </trkpt>
      <trkpt lat="42.416899" lon="-71.047067">
        <ele>24.385081</ele>
        <time>2025-09-14T16:13:50.980Z</time>
      </trkpt>
      <trkpt lat="42.416821" lon="-71.047128">
        <ele>24.177408</ele>
        <time>2025-09-14T16:13:52.980Z</time>
      </trkpt>
      <trkpt lat="42.416735" lon="-71.047191">
        <ele>23.951970</ele>
        <time>2025-09-14T16:13:54.980Z</time>
      </trkpt>
      <trkpt lat="42.416622" lon="-71.047289">
        <ele>23.642589</ele>
        <time>2025-09-14T16:13:57.980Z</time>
      </trkpt>
      <trkpt lat="42.416503" lon="-71.047383">
        <ele>23.324955</ele>
        <time>2025-09-14T16:13:59.980Z</time>
      </trkpt>
      <trkpt lat="42.416408" lon="-71.047456">
        <ele>23.073114</ele>
        <time>2025-09-14T16:14:01.980Z</time>
      </trkpt>
      <trkpt lat="42.416309" lon="-71.047546">
        <ele>22.798198</ele>
        <time>2025-09-14T16:14:03.980Z</time>
      </trkpt>
      <trkpt lat="42.416204" lon="-71.047607">
        <ele>22.534764</ele>
        <time>2025-09-14T16:14:05.980Z</time>
      </trkpt>
      <trkpt lat="42.416059" lon="-71.047715">
        <ele>22.153214</ele>
        <time>2025-09-14T16:14:08.980Z</time>
      </trkpt>
      <trkpt lat="42.415944" lon="-71.047792">
        <ele>21.857424</ele>
        <time>2025-09-14T16:14:10.980Z</time>
      </trkpt>
      <trkpt lat="42.415844" lon="-71.047871">
        <ele>21.590496</ele>
        <time>2025-09-14T16:14:12.980Z</time>
      </trkpt>
      <trkpt lat="42.415744" lon="-71.048008">
        <ele>21.297016</ele>
        <time>2025-09-14T16:14:14.980Z</time>
      </trkpt>
      <trkpt lat="42.415640" lon="-71.048046">
        <ele>21.297016</ele>
        <time>2025-09-14T16:14:16.980Z</time>
      </trkpt>
      <trkpt lat="42.415547" lon="-71.048104">
        <ele>21.297016</ele>
        <time>2025-09-14T16:14:19.979Z</time>
      </trkpt>
      <trkpt lat="42.415463" lon="-71.048182">
        <ele>21.297016</ele>
        <time>2025-09-14T16:14:23.979Z</time>
      </trkpt>
      <trkpt lat="42.415376" lon="-71.048223">
        <ele>21.297016</ele>
        <time>2025-09-14T16:14:33.979Z</time>
      </trkpt>
      <trkpt lat="42.415275" lon="-71.048307">
        <ele>21.297016</ele>
        <time>2025-09-14T16:14:50.980Z</time>
      </trkpt>
      <trkpt lat="42.414931" lon="-71.048029">
        <ele>21.297016</ele>
        <time>2025-09-14T16:16:10.981Z</time>
      </trkpt>
      <trkpt lat="42.414839" lon="-71.047939">
        <ele>21.297016</ele>
        <time>2025-09-14T16:16:13.981Z</time>
      </trkpt>
      <trkpt lat="42.414758" lon="-71.047846">
        <ele>21.297016</ele>
        <time>2025-09-14T16:16:16.981Z</time>
      </trkpt>
      <trkpt lat="42.414673" lon="-71.047763">
        <ele>21.297016</ele>
        <time>2025-09-14T16:16:19.981Z</time>
      </trkpt>
      <trkpt lat="42.414604" lon="-71.047665">
        <ele>21.297016</ele>
        <time>2025-09-14T16:16:22.981Z</time>
      </trkpt>
      <trkpt lat="42.414578" lon="-71.047545">
        <ele>21.297016</ele>
        <time>2025-09-14T16:16:25.980Z</time>
      </trkpt>
      <trkpt lat="42.414552" lon="-71.047427">
        <ele>21.297016</ele>
        <time>2025-09-14T16:16:28.981Z</time>
      </trkpt>
      <trkpt lat="42.414578" lon="-71.047286">
        <ele>21.297016</ele>
        <time>2025-09-14T16:16:32.981Z</time>
      </trkpt>
      <trkpt lat="42.414658" lon="-71.047190">
        <ele>21.297016</ele>
        <time>2025-09-14T16:16:46.981Z</time>
      </trkpt>
    </trkseg>
  </trk>
</gpx>