<?xml version='1.0' encoding='UTF-8'?>
<gpx version="1.1" creator="https://www.komoot.de" xmlns="http://www.topografix.com/GPX/1/1" xmlns:xsi="http://www.w3.org/2001/XMLSchema-instance" xsi:schemaLocation="http://www.topografix.com/GPX/1/1 http://www.topografix.com/GPX/1/1/gpx.xsd">
  <metadata>
    <name>Melrose + Malden + Saugus</name>
    <author>
      <link href="https://www.komoot.de">
        <text>komoot</text>
        <type>text/html</type>
      </link>
    </author>
  </metadata>
  <trk>
    <name>Melrose + Malden + Saugus</name>
    <trkseg>
      <trkpt lat="42.425767" lon="-71.065256">
        <ele>7.049650</ele>
        <time>2025-08-30T17:22:13.001Z</time>
      </trkpt>
      <trkpt lat="42.425849" lon="-71.065322">
        <ele>7.049650</ele>
        <time>2025-08-30T17:22:17.001Z</time>
      </trkpt>
      <trkpt lat="42.425890" lon="-71.065443">
        <ele>7.049650</ele>
        <time>2025-08-30T17:22:24.001Z</time>
      </trkpt>
      <trkpt lat="42.425895" lon="-71.065569">
        <ele>7.049650</ele>
        <time>2025-08-30T17:22:30.001Z</time>
      </trkpt>
      <trkpt lat="42.425985" lon="-71.065635">
        <ele>7.049650</ele>
        <time>2025-08-30T17:22:34.001Z</time>
      </trkpt>
      <trkpt lat="42.426094" lon="-71.065658">
        <ele>7.049650</ele>
        <time>2025-08-30T17:22:40.001Z</time>
      </trkpt>
      <trkpt lat="42.426195" lon="-71.065677">
        <ele>7.049650</ele>
        <time>2025-08-30T17:22:43.001Z</time>
      </trkpt>
      <trkpt lat="42.426292" lon="-71.065729">
        <ele>7.049650</ele>
        <time>2025-08-30T17:22:46.001Z</time>
      </trkpt>
      <trkpt lat="42.426382" lon="-71.065792">
        <ele>7.049650</ele>
        <time>2025-08-30T17:22:51.001Z</time>
      </trkpt>
      <trkpt lat="42.426476" lon="-71.065871">
        <ele>7.102338</ele>
        <time>2025-08-30T17:22:55.001Z</time>
      </trkpt>
      <trkpt lat="42.426562" lon="-71.065949">
        <ele>7.399637</ele>
        <time>2025-08-30T17:22:59.001Z</time>
      </trkpt>
      <trkpt lat="42.426642" lon="-71.066013">
        <ele>7.666525</ele>
        <time>2025-08-30T17:23:03.001Z</time>
      </trkpt>
      <trkpt lat="42.426723" lon="-71.066103">
        <ele>7.967458</ele>
        <time>2025-08-30T17:23:07.001Z</time>
      </trkpt>
      <trkpt lat="42.426797" lon="-71.066173">
        <ele>8.226724</ele>
        <time>2025-08-30T17:23:11.001Z</time>
      </trkpt>
      <trkpt lat="42.426847" lon="-71.066303">
        <ele>8.537553</ele>
        <time>2025-08-30T17:23:20.001Z</time>
      </trkpt>
      <trkpt lat="42.427068" lon="-71.066514">
        <ele>9.314218</ele>
        <time>2025-08-30T17:24:07.001Z</time>
      </trkpt>
      <trkpt lat="42.427117" lon="-71.066626">
        <ele>9.590283</ele>
        <time>2025-08-30T17:24:10.001Z</time>
      </trkpt>
      <trkpt lat="42.427194" lon="-71.066721">
        <ele>9.889454</ele>
        <time>2025-08-30T17:24:13.001Z</time>
      </trkpt>
      <trkpt lat="42.427310" lon="-71.066778">
        <ele>10.243921</ele>
        <time>2025-08-30T17:24:16.001Z</time>
      </trkpt>
      <trkpt lat="42.427439" lon="-71.066806">
        <ele>10.619217</ele>
        <time>2025-08-30T17:24:19.001Z</time>
      </trkpt>
      <trkpt lat="42.427529" lon="-71.066841">
        <ele>10.888195</ele>
        <time>2025-08-30T17:24:21.001Z</time>
      </trkpt>
      <trkpt lat="42.427646" lon="-71.066876">
        <ele>11.232389</ele>
        <time>2025-08-30T17:24:24.001Z</time>
      </trkpt>
      <trkpt lat="42.427761" lon="-71.066890">
        <ele>11.564073</ele>
        <time>2025-08-30T17:24:27.001Z</time>
      </trkpt>
      <trkpt lat="42.427884" lon="-71.066941">
        <ele>11.933585</ele>
        <time>2025-08-30T17:24:30.001Z</time>
      </trkpt>
      <trkpt lat="42.428009" lon="-71.066964">
        <ele>12.287214</ele>
        <time>2025-08-30T17:24:33.001Z</time>
      </trkpt>
      <trkpt lat="42.428121" lon="-71.066996">
        <ele>12.579833</ele>
        <time>2025-08-30T17:24:37.001Z</time>
      </trkpt>
      <trkpt lat="42.428212" lon="-71.067008">
        <ele>12.813568</ele>
        <time>2025-08-30T17:24:41.001Z</time>
      </trkpt>
      <trkpt lat="42.428319" lon="-71.066993">
        <ele>13.088568</ele>
        <time>2025-08-30T17:24:54.002Z</time>
      </trkpt>
      <trkpt lat="42.428415" lon="-71.067032">
        <ele>13.344782</ele>
        <time>2025-08-30T17:24:57.002Z</time>
      </trkpt>
      <trkpt lat="42.428510" lon="-71.067060">
        <ele>13.593325</ele>
        <time>2025-08-30T17:25:00.002Z</time>
      </trkpt>
      <trkpt lat="42.428618" lon="-71.067064">
        <ele>13.869523</ele>
        <time>2025-08-30T17:25:03.002Z</time>
      </trkpt>
      <trkpt lat="42.428739" lon="-71.067096">
        <ele>14.184691</ele>
        <time>2025-08-30T17:25:07.002Z</time>
      </trkpt>
      <trkpt lat="42.428857" lon="-71.067111">
        <ele>14.487676</ele>
        <time>2025-08-30T17:25:10.002Z</time>
      </trkpt>
      <trkpt lat="42.428962" lon="-71.067128">
        <ele>14.758012</ele>
        <time>2025-08-30T17:25:13.002Z</time>
      </trkpt>
      <trkpt lat="42.429052" lon="-71.067121">
        <ele>14.988470</ele>
        <time>2025-08-30T17:25:15.002Z</time>
      </trkpt>
      <trkpt lat="42.429175" lon="-71.067149">
        <ele>15.307320</ele>
        <time>2025-08-30T17:25:18.002Z</time>
      </trkpt>
      <trkpt lat="42.429276" lon="-71.067168">
        <ele>15.567998</ele>
        <time>2025-08-30T17:25:21.002Z</time>
      </trkpt>
      <trkpt lat="42.429402" lon="-71.067169">
        <ele>15.890115</ele>
        <time>2025-08-30T17:25:24.002Z</time>
      </trkpt>
      <trkpt lat="42.429509" lon="-71.067201">
        <ele>16.170239</ele>
        <time>2025-08-30T17:25:27.002Z</time>
      </trkpt>
      <trkpt lat="42.429600" lon="-71.067207">
        <ele>16.403150</ele>
        <time>2025-08-30T17:25:29.002Z</time>
      </trkpt>
      <trkpt lat="42.429708" lon="-71.067220">
        <ele>16.680333</ele>
        <time>2025-08-30T17:25:32.002Z</time>
      </trkpt>
      <trkpt lat="42.429822" lon="-71.067241">
        <ele>16.936753</ele>
        <time>2025-08-30T17:25:35.002Z</time>
      </trkpt>
      <trkpt lat="42.429923" lon="-71.067260">
        <ele>17.135950</ele>
        <time>2025-08-30T17:25:38.002Z</time>
      </trkpt>
      <trkpt lat="42.430059" lon="-71.067287">
        <ele>17.404464</ele>
        <time>2025-08-30T17:25:41.002Z</time>
      </trkpt>
      <trkpt lat="42.430149" lon="-71.067304">
        <ele>17.581980</ele>
        <time>2025-08-30T17:25:43.002Z</time>
      </trkpt>
      <trkpt lat="42.430241" lon="-71.067323">
        <ele>17.763779</ele>
        <time>2025-08-30T17:25:46.002Z</time>
      </trkpt>
      <trkpt lat="42.430348" lon="-71.067351">
        <ele>17.976667</ele>
        <time>2025-08-30T17:25:50.002Z</time>
      </trkpt>
      <trkpt lat="42.430462" lon="-71.067384">
        <ele>18.204393</ele>
        <time>2025-08-30T17:25:54.002Z</time>
      </trkpt>
      <trkpt lat="42.430549" lon="-71.067429">
        <ele>18.386313</ele>
        <time>2025-08-30T17:26:01.002Z</time>
      </trkpt>
      <trkpt lat="42.430638" lon="-71.067444">
        <ele>18.561515</ele>
        <time>2025-08-30T17:26:15.002Z</time>
      </trkpt>
      <trkpt lat="42.430753" lon="-71.067457">
        <ele>18.786949</ele>
        <time>2025-08-30T17:26:19.142Z</time>
      </trkpt>
      <trkpt lat="42.430861" lon="-71.067495">
        <ele>19.004926</ele>
        <time>2025-08-30T17:26:22.002Z</time>
      </trkpt>
      <trkpt lat="42.430953" lon="-71.067525">
        <ele>19.189781</ele>
        <time>2025-08-30T17:26:25.002Z</time>
      </trkpt>
      <trkpt lat="42.431054" lon="-71.067550">
        <ele>19.390351</ele>
        <time>2025-08-30T17:26:28.002Z</time>
      </trkpt>
      <trkpt lat="42.431174" lon="-71.067585">
        <ele>19.630142</ele>
        <time>2025-08-30T17:26:31.001Z</time>
      </trkpt>
      <trkpt lat="42.431265" lon="-71.067608">
        <ele>19.810978</ele>
        <time>2025-08-30T17:26:33.001Z</time>
      </trkpt>
      <trkpt lat="42.431387" lon="-71.067655">
        <ele>20.058753</ele>
        <time>2025-08-30T17:26:36.002Z</time>
      </trkpt>
      <trkpt lat="42.431510" lon="-71.067693">
        <ele>20.305202</ele>
        <time>2025-08-30T17:26:39.002Z</time>
      </trkpt>
      <trkpt lat="42.431633" lon="-71.067716">
        <ele>20.494971</ele>
        <time>2025-08-30T17:26:42.002Z</time>
      </trkpt>
      <trkpt lat="42.431746" lon="-71.067749">
        <ele>20.666473</ele>
        <time>2025-08-30T17:26:45.002Z</time>
      </trkpt>
      <trkpt lat="42.431845" lon="-71.067753">
        <ele>20.813420</ele>
        <time>2025-08-30T17:26:48.002Z</time>
      </trkpt>
      <trkpt lat="42.431961" lon="-71.067742">
        <ele>20.985944</ele>
        <time>2025-08-30T17:26:51.002Z</time>
      </trkpt>
      <trkpt lat="42.432072" lon="-71.067720">
        <ele>21.152381</ele>
        <time>2025-08-30T17:26:54.002Z</time>
      </trkpt>
      <trkpt lat="42.432191" lon="-71.067734">
        <ele>21.329600</ele>
        <time>2025-08-30T17:26:57.002Z</time>
      </trkpt>
      <trkpt lat="42.432312" lon="-71.067707">
        <ele>21.511540</ele>
        <time>2025-08-30T17:27:00.002Z</time>
      </trkpt>
      <trkpt lat="42.432434" lon="-71.067725">
        <ele>21.693615</ele>
        <time>2025-08-30T17:27:03.002Z</time>
      </trkpt>
      <trkpt lat="42.432556" lon="-71.067727">
        <ele>21.874633</ele>
        <time>2025-08-30T17:27:06.002Z</time>
      </trkpt>
      <trkpt lat="42.432667" lon="-71.067686">
        <ele>22.045328</ele>
        <time>2025-08-30T17:27:09.002Z</time>
      </trkpt>
      <trkpt lat="42.432788" lon="-71.067685">
        <ele>22.224853</ele>
        <time>2025-08-30T17:27:12.002Z</time>
      </trkpt>
      <trkpt lat="42.432904" lon="-71.067663">
        <ele>22.398634</ele>
        <time>2025-08-30T17:27:15.002Z</time>
      </trkpt>
      <trkpt lat="42.432999" lon="-71.067696">
        <ele>22.544139</ele>
        <time>2025-08-30T17:27:17.002Z</time>
      </trkpt>
      <trkpt lat="42.433098" lon="-71.067687">
        <ele>22.691350</ele>
        <time>2025-08-30T17:27:19.002Z</time>
      </trkpt>
      <trkpt lat="42.433223" lon="-71.067706">
        <ele>22.877969</ele>
        <time>2025-08-30T17:27:22.002Z</time>
      </trkpt>
      <trkpt lat="42.433325" lon="-71.067688">
        <ele>22.948283</ele>
        <time>2025-08-30T17:27:24.003Z</time>
      </trkpt>
      <trkpt lat="42.433438" lon="-71.067718">
        <ele>22.702528</ele>
        <time>2025-08-30T17:27:26.003Z</time>
      </trkpt>
      <trkpt lat="42.433534" lon="-71.067719">
        <ele>22.497634</ele>
        <time>2025-08-30T17:27:28.003Z</time>
      </trkpt>
      <trkpt lat="42.433669" lon="-71.067716">
        <ele>22.209473</ele>
        <time>2025-08-30T17:27:31.003Z</time>
      </trkpt>
      <trkpt lat="42.433763" lon="-71.067684">
        <ele>22.002619</ele>
        <time>2025-08-30T17:27:33.003Z</time>
      </trkpt>
      <trkpt lat="42.433862" lon="-71.067669">
        <ele>21.790012</ele>
        <time>2025-08-30T17:27:35.003Z</time>
      </trkpt>
      <trkpt lat="42.433963" lon="-71.067668">
        <ele>21.574448</ele>
        <time>2025-08-30T17:27:37.003Z</time>
      </trkpt>
      <trkpt lat="42.434053" lon="-71.067649">
        <ele>21.380049</ele>
        <time>2025-08-30T17:27:39.003Z</time>
      </trkpt>
      <trkpt lat="42.434193" lon="-71.067610">
        <ele>21.075005</ele>
        <time>2025-08-30T17:27:42.003Z</time>
      </trkpt>
      <trkpt lat="42.434298" lon="-71.067586">
        <ele>20.847743</ele>
        <time>2025-08-30T17:27:44.003Z</time>
      </trkpt>
      <trkpt lat="42.434414" lon="-71.067564">
        <ele>20.597758</ele>
        <time>2025-08-30T17:27:46.003Z</time>
      </trkpt>
      <trkpt lat="42.434517" lon="-71.067545">
        <ele>20.375903</ele>
        <time>2025-08-30T17:27:48.003Z</time>
      </trkpt>
      <trkpt lat="42.434630" lon="-71.067538">
        <ele>20.134482</ele>
        <time>2025-08-30T17:27:50.003Z</time>
      </trkpt>
      <trkpt lat="42.434736" lon="-71.067500">
        <ele>19.900468</ele>
        <time>2025-08-30T17:27:52.003Z</time>
      </trkpt>
      <trkpt lat="42.434838" lon="-71.067498">
        <ele>19.682752</ele>
        <time>2025-08-30T17:27:54.003Z</time>
      </trkpt>
      <trkpt lat="42.434930" lon="-71.067499">
        <ele>19.486396</ele>
        <time>2025-08-30T17:28:03.003Z</time>
      </trkpt>
      <trkpt lat="42.434995" lon="-71.067590">
        <ele>19.286919</ele>
        <time>2025-08-30T17:28:13.003Z</time>
      </trkpt>
      <trkpt lat="42.435481" lon="-71.067523">
        <ele>18.846648</ele>
        <time>2025-08-30T17:29:48.003Z</time>
      </trkpt>
      <trkpt lat="42.435577" lon="-71.067500">
        <ele>18.775732</ele>
        <time>2025-08-30T17:29:50.003Z</time>
      </trkpt>
      <trkpt lat="42.435681" lon="-71.067478">
        <ele>18.699164</ele>
        <time>2025-08-30T17:29:52.003Z</time>
      </trkpt>
      <trkpt lat="42.435784" lon="-71.067484">
        <ele>18.624170</ele>
        <time>2025-08-30T17:29:54.003Z</time>
      </trkpt>
      <trkpt lat="42.435908" lon="-71.067493">
        <ele>18.533840</ele>
        <time>2025-08-30T17:29:56.003Z</time>
      </trkpt>
      <trkpt lat="42.436025" lon="-71.067495">
        <ele>18.448725</ele>
        <time>2025-08-30T17:29:58.004Z</time>
      </trkpt>
      <trkpt lat="42.436155" lon="-71.067469">
        <ele>18.353135</ele>
        <time>2025-08-30T17:30:01.004Z</time>
      </trkpt>
      <trkpt lat="42.436249" lon="-71.067441">
        <ele>18.283125</ele>
        <time>2025-08-30T17:30:03.004Z</time>
      </trkpt>
      <trkpt lat="42.436366" lon="-71.067449">
        <ele>18.197908</ele>
        <time>2025-08-30T17:30:05.004Z</time>
      </trkpt>
      <trkpt lat="42.436466" lon="-71.067414">
        <ele>18.122778</ele>
        <time>2025-08-30T17:30:07.004Z</time>
      </trkpt>
      <trkpt lat="42.436587" lon="-71.067409">
        <ele>18.034719</ele>
        <time>2025-08-30T17:30:09.004Z</time>
      </trkpt>
      <trkpt lat="42.436673" lon="-71.067359">
        <ele>17.966645</ele>
        <time>2025-08-30T17:30:11.004Z</time>
      </trkpt>
      <trkpt lat="42.436776" lon="-71.067333">
        <ele>17.890431</ele>
        <time>2025-08-30T17:30:13.004Z</time>
      </trkpt>
      <trkpt lat="42.436866" lon="-71.067295">
        <ele>17.840426</ele>
        <time>2025-08-30T17:30:15.004Z</time>
      </trkpt>
      <trkpt lat="42.436955" lon="-71.067250">
        <ele>17.817381</ele>
        <time>2025-08-30T17:30:17.004Z</time>
      </trkpt>
      <trkpt lat="42.437034" lon="-71.067188">
        <ele>17.795233</ele>
        <time>2025-08-30T17:30:19.004Z</time>
      </trkpt>
      <trkpt lat="42.437114" lon="-71.067129">
        <ele>17.773136</ele>
        <time>2025-08-30T17:30:21.004Z</time>
      </trkpt>
      <trkpt lat="42.437210" lon="-71.067090">
        <ele>17.748823</ele>
        <time>2025-08-30T17:30:23.004Z</time>
      </trkpt>
      <trkpt lat="42.437307" lon="-71.067035">
        <ele>17.723313</ele>
        <time>2025-08-30T17:30:25.004Z</time>
      </trkpt>
      <trkpt lat="42.437457" lon="-71.066996">
        <ele>17.686260</ele>
        <time>2025-08-30T17:30:28.004Z</time>
      </trkpt>
      <trkpt lat="42.437570" lon="-71.066999">
        <ele>17.658841</ele>
        <time>2025-08-30T17:30:30.004Z</time>
      </trkpt>
      <trkpt lat="42.437665" lon="-71.066990">
        <ele>17.635738</ele>
        <time>2025-08-30T17:30:32.004Z</time>
      </trkpt>
      <trkpt lat="42.437768" lon="-71.066973">
        <ele>17.610565</ele>
        <time>2025-08-30T17:30:34.004Z</time>
      </trkpt>
      <trkpt lat="42.437911" lon="-71.066940">
        <ele>17.575374</ele>
        <time>2025-08-30T17:30:37.004Z</time>
      </trkpt>
      <trkpt lat="42.438038" lon="-71.066940">
        <ele>17.544564</ele>
        <time>2025-08-30T17:30:39.004Z</time>
      </trkpt>
      <trkpt lat="42.438148" lon="-71.066920">
        <ele>17.517639</ele>
        <time>2025-08-30T17:30:41.004Z</time>
      </trkpt>
      <trkpt lat="42.438273" lon="-71.066913">
        <ele>17.487289</ele>
        <time>2025-08-30T17:30:43.004Z</time>
      </trkpt>
      <trkpt lat="42.438411" lon="-71.066885">
        <ele>17.453437</ele>
        <time>2025-08-30T17:30:45.004Z</time>
      </trkpt>
      <trkpt lat="42.438574" lon="-71.066887">
        <ele>17.413892</ele>
        <time>2025-08-30T17:30:47.004Z</time>
      </trkpt>
      <trkpt lat="42.438725" lon="-71.066886">
        <ele>17.609184</ele>
        <time>2025-08-30T17:30:49.004Z</time>
      </trkpt>
      <trkpt lat="42.438878" lon="-71.066888">
        <ele>17.810467</ele>
        <time>2025-08-30T17:30:51.004Z</time>
      </trkpt>
      <trkpt lat="42.439028" lon="-71.066902">
        <ele>18.008261</ele>
        <time>2025-08-30T17:30:53.004Z</time>
      </trkpt>
      <trkpt lat="42.439139" lon="-71.066921">
        <ele>18.155444</ele>
        <time>2025-08-30T17:30:55.004Z</time>
      </trkpt>
      <trkpt lat="42.439246" lon="-71.066926">
        <ele>18.296287</ele>
        <time>2025-08-30T17:30:57.004Z</time>
      </trkpt>
      <trkpt lat="42.439366" lon="-71.066944">
        <ele>18.455113</ele>
        <time>2025-08-30T17:30:59.004Z</time>
      </trkpt>
      <trkpt lat="42.439470" lon="-71.066965">
        <ele>18.593437</ele>
        <time>2025-08-30T17:31:01.004Z</time>
      </trkpt>
      <trkpt lat="42.439584" lon="-71.067016">
        <ele>18.751368</ele>
        <time>2025-08-30T17:31:03.004Z</time>
      </trkpt>
      <trkpt lat="42.439682" lon="-71.067064">
        <ele>18.888451</ele>
        <time>2025-08-30T17:31:05.004Z</time>
      </trkpt>
      <trkpt lat="42.439767" lon="-71.067104">
        <ele>19.006821</ele>
        <time>2025-08-30T17:31:07.004Z</time>
      </trkpt>
      <trkpt lat="42.439870" lon="-71.067164">
        <ele>19.154309</ele>
        <time>2025-08-30T17:31:09.004Z</time>
      </trkpt>
      <trkpt lat="42.439976" lon="-71.067231">
        <ele>19.308178</ele>
        <time>2025-08-30T17:31:11.004Z</time>
      </trkpt>
      <trkpt lat="42.440061" lon="-71.067279">
        <ele>19.429318</ele>
        <time>2025-08-30T17:31:13.004Z</time>
      </trkpt>
      <trkpt lat="42.440151" lon="-71.067348">
        <ele>19.565351</ele>
        <time>2025-08-30T17:31:15.004Z</time>
      </trkpt>
      <trkpt lat="42.440262" lon="-71.067398">
        <ele>19.719230</ele>
        <time>2025-08-30T17:31:18.004Z</time>
      </trkpt>
      <trkpt lat="42.440394" lon="-71.067465">
        <ele>19.872849</ele>
        <time>2025-08-30T17:31:21.004Z</time>
      </trkpt>
      <trkpt lat="42.440519" lon="-71.067501">
        <ele>19.998231</ele>
        <time>2025-08-30T17:31:24.004Z</time>
      </trkpt>
      <trkpt lat="42.440613" lon="-71.067549">
        <ele>20.096789</ele>
        <time>2025-08-30T17:31:26.004Z</time>
      </trkpt>
      <trkpt lat="42.440715" lon="-71.067598">
        <ele>20.202968</ele>
        <time>2025-08-30T17:31:28.004Z</time>
      </trkpt>
      <trkpt lat="42.440808" lon="-71.067633">
        <ele>20.297668</ele>
        <time>2025-08-30T17:31:30.004Z</time>
      </trkpt>
      <trkpt lat="42.440910" lon="-71.067677">
        <ele>20.402692</ele>
        <time>2025-08-30T17:31:32.004Z</time>
      </trkpt>
      <trkpt lat="42.440995" lon="-71.067724">
        <ele>20.492765</ele>
        <time>2025-08-30T17:31:34.004Z</time>
      </trkpt>
      <trkpt lat="42.441111" lon="-71.067792">
        <ele>20.616771</ele>
        <time>2025-08-30T17:31:36.004Z</time>
      </trkpt>
      <trkpt lat="42.441226" lon="-71.067837">
        <ele>20.734212</ele>
        <time>2025-08-30T17:31:38.004Z</time>
      </trkpt>
      <trkpt lat="42.441318" lon="-71.067899">
        <ele>20.835023</ele>
        <time>2025-08-30T17:31:40.004Z</time>
      </trkpt>
      <trkpt lat="42.441409" lon="-71.067943">
        <ele>20.929820</ele>
        <time>2025-08-30T17:31:42.004Z</time>
      </trkpt>
      <trkpt lat="42.441499" lon="-71.067975">
        <ele>21.021112</ele>
        <time>2025-08-30T17:31:44.004Z</time>
      </trkpt>
      <trkpt lat="42.441610" lon="-71.067978">
        <ele>21.130040</ele>
        <time>2025-08-30T17:31:46.004Z</time>
      </trkpt>
      <trkpt lat="42.441712" lon="-71.067992">
        <ele>21.230628</ele>
        <time>2025-08-30T17:31:48.004Z</time>
      </trkpt>
      <trkpt lat="42.441805" lon="-71.067956">
        <ele>21.325524</ele>
        <time>2025-08-30T17:31:51.004Z</time>
      </trkpt>
      <trkpt lat="42.441929" lon="-71.067942">
        <ele>21.447607</ele>
        <time>2025-08-30T17:31:54.004Z</time>
      </trkpt>
      <trkpt lat="42.442023" lon="-71.067942">
        <ele>21.539834</ele>
        <time>2025-08-30T17:31:56.004Z</time>
      </trkpt>
      <trkpt lat="42.442152" lon="-71.067934">
        <ele>21.272754</ele>
        <time>2025-08-30T17:31:59.004Z</time>
      </trkpt>
      <trkpt lat="42.442270" lon="-71.067946">
        <ele>21.015059</ele>
        <time>2025-08-30T17:32:01.004Z</time>
      </trkpt>
      <trkpt lat="42.442386" lon="-71.067940">
        <ele>20.762259</ele>
        <time>2025-08-30T17:32:03.004Z</time>
      </trkpt>
      <trkpt lat="42.442497" lon="-71.067933">
        <ele>20.520270</ele>
        <time>2025-08-30T17:32:05.004Z</time>
      </trkpt>
      <trkpt lat="42.442638" lon="-71.067934">
        <ele>20.213206</ele>
        <time>2025-08-30T17:32:07.004Z</time>
      </trkpt>
      <trkpt lat="42.442755" lon="-71.067916">
        <ele>19.956775</ele>
        <time>2025-08-30T17:32:09.004Z</time>
      </trkpt>
      <trkpt lat="42.442883" lon="-71.067883">
        <ele>19.673026</ele>
        <time>2025-08-30T17:32:11.004Z</time>
      </trkpt>
      <trkpt lat="42.442983" lon="-71.067881">
        <ele>19.455229</ele>
        <time>2025-08-30T17:32:13.004Z</time>
      </trkpt>
      <trkpt lat="42.443079" lon="-71.067876">
        <ele>19.246013</ele>
        <time>2025-08-30T17:32:16.004Z</time>
      </trkpt>
      <trkpt lat="42.443155" lon="-71.067946">
        <ele>19.045895</ele>
        <time>2025-08-30T17:32:31.004Z</time>
      </trkpt>
      <trkpt lat="42.443247" lon="-71.067939">
        <ele>18.845228</ele>
        <time>2025-08-30T17:32:44.005Z</time>
      </trkpt>
      <trkpt lat="42.443348" lon="-71.067923">
        <ele>18.623780</ele>
        <time>2025-08-30T17:32:47.005Z</time>
      </trkpt>
      <trkpt lat="42.443441" lon="-71.067930">
        <ele>18.420939</ele>
        <time>2025-08-30T17:32:50.005Z</time>
      </trkpt>
      <trkpt lat="42.443552" lon="-71.067935">
        <ele>18.179078</ele>
        <time>2025-08-30T17:32:53.005Z</time>
      </trkpt>
      <trkpt lat="42.443642" lon="-71.067921">
        <ele>17.981795</ele>
        <time>2025-08-30T17:32:55.005Z</time>
      </trkpt>
      <trkpt lat="42.443748" lon="-71.067929">
        <ele>17.750598</ele>
        <time>2025-08-30T17:32:57.005Z</time>
      </trkpt>
      <trkpt lat="42.443857" lon="-71.067928">
        <ele>17.572410</ele>
        <time>2025-08-30T17:32:59.005Z</time>
      </trkpt>
      <trkpt lat="42.443969" lon="-71.067939">
        <ele>17.454779</ele>
        <time>2025-08-30T17:33:01.005Z</time>
      </trkpt>
      <trkpt lat="42.444073" lon="-71.067936">
        <ele>17.345811</ele>
        <time>2025-08-30T17:33:03.005Z</time>
      </trkpt>
      <trkpt lat="42.444181" lon="-71.067947">
        <ele>17.232358</ele>
        <time>2025-08-30T17:33:05.005Z</time>
      </trkpt>
      <trkpt lat="42.444286" lon="-71.067948">
        <ele>17.122365</ele>
        <time>2025-08-30T17:33:07.005Z</time>
      </trkpt>
      <trkpt lat="42.444388" lon="-71.067954">
        <ele>17.015416</ele>
        <time>2025-08-30T17:33:09.005Z</time>
      </trkpt>
      <trkpt lat="42.444491" lon="-71.067952">
        <ele>16.907509</ele>
        <time>2025-08-30T17:33:11.005Z</time>
      </trkpt>
      <trkpt lat="42.444598" lon="-71.067960">
        <ele>16.795253</ele>
        <time>2025-08-30T17:33:13.005Z</time>
      </trkpt>
      <trkpt lat="42.444698" lon="-71.067963">
        <ele>16.690474</ele>
        <time>2025-08-30T17:33:15.005Z</time>
      </trkpt>
      <trkpt lat="42.444825" lon="-71.067958">
        <ele>16.557381</ele>
        <time>2025-08-30T17:33:18.005Z</time>
      </trkpt>
      <trkpt lat="42.444918" lon="-71.067971">
        <ele>16.459444</ele>
        <time>2025-08-30T17:33:21.005Z</time>
      </trkpt>
      <trkpt lat="42.445012" lon="-71.067968">
        <ele>16.360948</ele>
        <time>2025-08-30T17:33:26.005Z</time>
      </trkpt>
      <trkpt lat="42.445107" lon="-71.068009">
        <ele>16.256508</ele>
        <time>2025-08-30T17:33:41.005Z</time>
      </trkpt>
      <trkpt lat="42.445209" lon="-71.067979">
        <ele>16.147172</ele>
        <time>2025-08-30T17:33:44.005Z</time>
      </trkpt>
      <trkpt lat="42.445331" lon="-71.067963">
        <ele>16.018776</ele>
        <time>2025-08-30T17:33:47.005Z</time>
      </trkpt>
      <trkpt lat="42.445457" lon="-71.067952">
        <ele>15.886513</ele>
        <time>2025-08-30T17:33:50.005Z</time>
      </trkpt>
      <trkpt lat="42.445589" lon="-71.067952">
        <ele>15.748239</ele>
        <time>2025-08-30T17:33:53.005Z</time>
      </trkpt>
      <trkpt lat="42.445683" lon="-71.067943">
        <ele>15.771781</ele>
        <time>2025-08-30T17:33:55.005Z</time>
      </trkpt>
      <trkpt lat="42.445773" lon="-71.067949">
        <ele>15.800667</ele>
        <time>2025-08-30T17:33:57.005Z</time>
      </trkpt>
      <trkpt lat="42.445910" lon="-71.067960">
        <ele>15.844663</ele>
        <time>2025-08-30T17:34:00.005Z</time>
      </trkpt>
      <trkpt lat="42.446003" lon="-71.067950">
        <ele>15.874570</ele>
        <time>2025-08-30T17:34:02.005Z</time>
      </trkpt>
      <trkpt lat="42.446140" lon="-71.067942">
        <ele>15.918529</ele>
        <time>2025-08-30T17:34:05.005Z</time>
      </trkpt>
      <trkpt lat="42.446235" lon="-71.067926">
        <ele>15.949217</ele>
        <time>2025-08-30T17:34:07.005Z</time>
      </trkpt>
      <trkpt lat="42.446332" lon="-71.067952">
        <ele>15.980915</ele>
        <time>2025-08-30T17:34:09.005Z</time>
      </trkpt>
      <trkpt lat="42.446423" lon="-71.067949">
        <ele>16.010096</ele>
        <time>2025-08-30T17:34:11.005Z</time>
      </trkpt>
      <trkpt lat="42.446513" lon="-71.067960">
        <ele>16.039065</ele>
        <time>2025-08-30T17:34:13.005Z</time>
      </trkpt>
      <trkpt lat="42.446610" lon="-71.067945">
        <ele>16.070362</ele>
        <time>2025-08-30T17:34:15.005Z</time>
      </trkpt>
      <trkpt lat="42.446711" lon="-71.067948">
        <ele>16.102747</ele>
        <time>2025-08-30T17:34:17.005Z</time>
      </trkpt>
      <trkpt lat="42.446815" lon="-71.067948">
        <ele>16.136087</ele>
        <time>2025-08-30T17:34:19.005Z</time>
      </trkpt>
      <trkpt lat="42.446916" lon="-71.067943">
        <ele>16.168486</ele>
        <time>2025-08-30T17:34:21.005Z</time>
      </trkpt>
      <trkpt lat="42.447010" lon="-71.067933">
        <ele>16.198713</ele>
        <time>2025-08-30T17:34:23.005Z</time>
      </trkpt>
      <trkpt lat="42.447105" lon="-71.067925">
        <ele>16.229226</ele>
        <time>2025-08-30T17:34:25.005Z</time>
      </trkpt>
      <trkpt lat="42.447203" lon="-71.067925">
        <ele>16.260642</ele>
        <time>2025-08-30T17:34:27.005Z</time>
      </trkpt>
      <trkpt lat="42.447310" lon="-71.067918">
        <ele>16.294983</ele>
        <time>2025-08-30T17:34:29.005Z</time>
      </trkpt>
      <trkpt lat="42.447410" lon="-71.067910">
        <ele>16.365179</ele>
        <time>2025-08-30T17:34:31.005Z</time>
      </trkpt>
      <trkpt lat="42.447515" lon="-71.067907">
        <ele>16.572885</ele>
        <time>2025-08-30T17:34:33.005Z</time>
      </trkpt>
      <trkpt lat="42.447615" lon="-71.067896">
        <ele>16.771306</ele>
        <time>2025-08-30T17:34:35.005Z</time>
      </trkpt>
      <trkpt lat="42.447713" lon="-71.067907">
        <ele>16.965785</ele>
        <time>2025-08-30T17:34:37.005Z</time>
      </trkpt>
      <trkpt lat="42.447817" lon="-71.067901">
        <ele>17.171654</ele>
        <time>2025-08-30T17:34:39.005Z</time>
      </trkpt>
      <trkpt lat="42.447947" lon="-71.067896">
        <ele>17.428859</ele>
        <time>2025-08-30T17:34:42.005Z</time>
      </trkpt>
      <trkpt lat="42.448049" lon="-71.067881">
        <ele>17.631770</ele>
        <time>2025-08-30T17:34:44.005Z</time>
      </trkpt>
      <trkpt lat="42.448147" lon="-71.067883">
        <ele>17.825608</ele>
        <time>2025-08-30T17:34:46.005Z</time>
      </trkpt>
      <trkpt lat="42.448247" lon="-71.067871">
        <ele>18.024153</ele>
        <time>2025-08-30T17:34:48.005Z</time>
      </trkpt>
      <trkpt lat="42.448374" lon="-71.067856">
        <ele>18.276274</ele>
        <time>2025-08-30T17:34:51.005Z</time>
      </trkpt>
      <trkpt lat="42.448469" lon="-71.067866">
        <ele>18.464722</ele>
        <time>2025-08-30T17:34:53.005Z</time>
      </trkpt>
      <trkpt lat="42.448573" lon="-71.067866">
        <ele>18.670404</ele>
        <time>2025-08-30T17:34:55.005Z</time>
      </trkpt>
      <trkpt lat="42.448670" lon="-71.067877">
        <ele>18.862912</ele>
        <time>2025-08-30T17:34:57.005Z</time>
      </trkpt>
      <trkpt lat="42.448763" lon="-71.067872">
        <ele>19.046984</ele>
        <time>2025-08-30T17:34:59.005Z</time>
      </trkpt>
      <trkpt lat="42.448855" lon="-71.067882">
        <ele>19.229518</ele>
        <time>2025-08-30T17:35:01.005Z</time>
      </trkpt>
      <trkpt lat="42.448951" lon="-71.067881">
        <ele>19.419384</ele>
        <time>2025-08-30T17:35:03.005Z</time>
      </trkpt>
      <trkpt lat="42.449055" lon="-71.067873">
        <ele>19.625397</ele>
        <time>2025-08-30T17:35:05.005Z</time>
      </trkpt>
      <trkpt lat="42.449148" lon="-71.067868">
        <ele>19.809468</ele>
        <time>2025-08-30T17:35:07.005Z</time>
      </trkpt>
      <trkpt lat="42.449257" lon="-71.067865">
        <ele>19.991754</ele>
        <time>2025-08-30T17:35:10.006Z</time>
      </trkpt>
      <trkpt lat="42.449359" lon="-71.067859">
        <ele>20.148248</ele>
        <time>2025-08-30T17:35:12.006Z</time>
      </trkpt>
      <trkpt lat="42.449490" lon="-71.067863">
        <ele>20.349097</ele>
        <time>2025-08-30T17:35:15.006Z</time>
      </trkpt>
      <trkpt lat="42.449589" lon="-71.067859">
        <ele>20.500913</ele>
        <time>2025-08-30T17:35:17.006Z</time>
      </trkpt>
      <trkpt lat="42.449682" lon="-71.067863">
        <ele>20.643536</ele>
        <time>2025-08-30T17:35:19.006Z</time>
      </trkpt>
      <trkpt lat="42.449787" lon="-71.067855">
        <ele>20.804735</ele>
        <time>2025-08-30T17:35:22.006Z</time>
      </trkpt>
      <trkpt lat="42.449902" lon="-71.067867">
        <ele>20.981530</ele>
        <time>2025-08-30T17:35:24.006Z</time>
      </trkpt>
      <trkpt lat="42.450023" lon="-71.067854">
        <ele>21.167582</ele>
        <time>2025-08-30T17:35:27.006Z</time>
      </trkpt>
      <trkpt lat="42.450148" lon="-71.067853">
        <ele>21.359187</ele>
        <time>2025-08-30T17:35:30.006Z</time>
      </trkpt>
      <trkpt lat="42.450250" lon="-71.067833">
        <ele>21.517161</ele>
        <time>2025-08-30T17:35:32.006Z</time>
      </trkpt>
      <trkpt lat="42.450340" lon="-71.067820">
        <ele>21.655896</ele>
        <time>2025-08-30T17:35:34.006Z</time>
      </trkpt>
      <trkpt lat="42.450440" lon="-71.067779">
        <ele>21.816037</ele>
        <time>2025-08-30T17:35:36.006Z</time>
      </trkpt>
      <trkpt lat="42.450533" lon="-71.067754">
        <ele>21.961366</ele>
        <time>2025-08-30T17:35:38.006Z</time>
      </trkpt>
      <trkpt lat="42.450662" lon="-71.067711">
        <ele>22.164992</ele>
        <time>2025-08-30T17:35:41.006Z</time>
      </trkpt>
      <trkpt lat="42.450800" lon="-71.067662">
        <ele>22.383659</ele>
        <time>2025-08-30T17:35:44.006Z</time>
      </trkpt>
      <trkpt lat="42.450931" lon="-71.067611">
        <ele>22.592577</ele>
        <time>2025-08-30T17:35:47.006Z</time>
      </trkpt>
      <trkpt lat="42.451041" lon="-71.067560">
        <ele>22.421834</ele>
        <time>2025-08-30T17:35:50.006Z</time>
      </trkpt>
      <trkpt lat="42.451134" lon="-71.067510">
        <ele>22.184225</ele>
        <time>2025-08-30T17:35:54.006Z</time>
      </trkpt>
      <trkpt lat="42.451225" lon="-71.067455">
        <ele>21.947593</ele>
        <time>2025-08-30T17:35:58.006Z</time>
      </trkpt>
      <trkpt lat="42.451293" lon="-71.067363">
        <ele>21.719405</ele>
        <time>2025-08-30T17:36:11.006Z</time>
      </trkpt>
      <trkpt lat="42.451631" lon="-71.067239">
        <ele>20.887802</ele>
        <time>2025-08-30T17:37:17.006Z</time>
      </trkpt>
      <trkpt lat="42.451724" lon="-71.067176">
        <ele>20.640883</ele>
        <time>2025-08-30T17:37:19.006Z</time>
      </trkpt>
      <trkpt lat="42.451811" lon="-71.067108">
        <ele>20.402370</ele>
        <time>2025-08-30T17:37:21.006Z</time>
      </trkpt>
      <trkpt lat="42.451935" lon="-71.066999">
        <ele>20.051366</ele>
        <time>2025-08-30T17:37:24.006Z</time>
      </trkpt>
      <trkpt lat="42.452065" lon="-71.066944">
        <ele>19.727937</ele>
        <time>2025-08-30T17:37:26.006Z</time>
      </trkpt>
      <trkpt lat="42.452154" lon="-71.066888">
        <ele>19.494903</ele>
        <time>2025-08-30T17:37:28.006Z</time>
      </trkpt>
      <trkpt lat="42.452254" lon="-71.066838">
        <ele>19.241767</ele>
        <time>2025-08-30T17:37:30.006Z</time>
      </trkpt>
      <trkpt lat="42.452362" lon="-71.066756">
        <ele>18.947773</ele>
        <time>2025-08-30T17:37:32.006Z</time>
      </trkpt>
      <trkpt lat="42.452479" lon="-71.066692">
        <ele>18.648132</ele>
        <time>2025-08-30T17:37:34.006Z</time>
      </trkpt>
      <trkpt lat="42.452566" lon="-71.066634">
        <ele>18.417873</ele>
        <time>2025-08-30T17:37:36.006Z</time>
      </trkpt>
      <trkpt lat="42.452664" lon="-71.066528">
        <ele>18.345405</ele>
        <time>2025-08-30T17:37:39.006Z</time>
      </trkpt>
      <trkpt lat="42.452764" lon="-71.066500">
        <ele>18.328475</ele>
        <time>2025-08-30T17:37:42.006Z</time>
      </trkpt>
      <trkpt lat="42.452856" lon="-71.066477">
        <ele>18.312963</ele>
        <time>2025-08-30T17:37:51.007Z</time>
      </trkpt>
      <trkpt lat="42.452946" lon="-71.066452">
        <ele>18.297731</ele>
        <time>2025-08-30T17:38:09.007Z</time>
      </trkpt>
      <trkpt lat="42.453050" lon="-71.066379">
        <ele>18.278312</ele>
        <time>2025-08-30T17:38:13.007Z</time>
      </trkpt>
      <trkpt lat="42.453130" lon="-71.066286">
        <ele>18.260837</ele>
        <time>2025-08-30T17:38:16.007Z</time>
      </trkpt>
      <trkpt lat="42.453227" lon="-71.066228">
        <ele>18.243258</ele>
        <time>2025-08-30T17:38:18.007Z</time>
      </trkpt>
      <trkpt lat="42.453313" lon="-71.066190">
        <ele>18.228260</ele>
        <time>2025-08-30T17:38:20.007Z</time>
      </trkpt>
      <trkpt lat="42.453427" lon="-71.066146">
        <ele>18.208607</ele>
        <time>2025-08-30T17:38:23.007Z</time>
      </trkpt>
      <trkpt lat="42.453517" lon="-71.066117">
        <ele>18.193269</ele>
        <time>2025-08-30T17:38:25.007Z</time>
      </trkpt>
      <trkpt lat="42.453613" lon="-71.066076">
        <ele>18.176580</ele>
        <time>2025-08-30T17:38:27.007Z</time>
      </trkpt>
      <trkpt lat="42.453720" lon="-71.065997">
        <ele>18.156377</ele>
        <time>2025-08-30T17:38:29.007Z</time>
      </trkpt>
      <trkpt lat="42.453841" lon="-71.065936">
        <ele>18.134972</ele>
        <time>2025-08-30T17:38:32.007Z</time>
      </trkpt>
      <trkpt lat="42.453946" lon="-71.065876">
        <ele>18.116079</ele>
        <time>2025-08-30T17:38:35.007Z</time>
      </trkpt>
      <trkpt lat="42.454032" lon="-71.065822">
        <ele>18.100364</ele>
        <time>2025-08-30T17:38:37.007Z</time>
      </trkpt>
      <trkpt lat="42.454152" lon="-71.065707">
        <ele>18.075996</ele>
        <time>2025-08-30T17:38:40.007Z</time>
      </trkpt>
      <trkpt lat="42.454262" lon="-71.065671">
        <ele>18.078697</ele>
        <time>2025-08-30T17:38:43.007Z</time>
      </trkpt>
      <trkpt lat="42.454360" lon="-71.065644">
        <ele>18.113997</ele>
        <time>2025-08-30T17:38:46.007Z</time>
      </trkpt>
      <trkpt lat="42.454464" lon="-71.065608">
        <ele>18.151886</ele>
        <time>2025-08-30T17:38:50.007Z</time>
      </trkpt>
      <trkpt lat="42.454548" lon="-71.065532">
        <ele>18.187537</ele>
        <time>2025-08-30T17:39:00.007Z</time>
      </trkpt>
      <trkpt lat="42.454888" lon="-71.065277">
        <ele>18.324702</ele>
        <time>2025-08-30T17:39:53.007Z</time>
      </trkpt>
      <trkpt lat="42.455014" lon="-71.065252">
        <ele>18.369652</ele>
        <time>2025-08-30T17:39:57.007Z</time>
      </trkpt>
      <trkpt lat="42.455119" lon="-71.065202">
        <ele>18.408936</ele>
        <time>2025-08-30T17:40:00.007Z</time>
      </trkpt>
      <trkpt lat="42.455213" lon="-71.065178">
        <ele>18.442701</ele>
        <time>2025-08-30T17:40:03.007Z</time>
      </trkpt>
      <trkpt lat="42.455334" lon="-71.065077">
        <ele>18.492862</ele>
        <time>2025-08-30T17:40:06.007Z</time>
      </trkpt>
      <trkpt lat="42.455441" lon="-71.064993">
        <ele>18.536510</ele>
        <time>2025-08-30T17:40:09.007Z</time>
      </trkpt>
      <trkpt lat="42.455534" lon="-71.064919">
        <ele>18.574577</ele>
        <time>2025-08-30T17:40:12.007Z</time>
      </trkpt>
      <trkpt lat="42.455650" lon="-71.064902">
        <ele>18.615762</ele>
        <time>2025-08-30T17:40:16.007Z</time>
      </trkpt>
      <trkpt lat="42.455768" lon="-71.064859">
        <ele>18.658893</ele>
        <time>2025-08-30T17:40:18.995Z</time>
      </trkpt>
      <trkpt lat="42.455880" lon="-71.064827">
        <ele>18.698739</ele>
        <time>2025-08-30T17:40:21.995Z</time>
      </trkpt>
      <trkpt lat="42.455988" lon="-71.064745">
        <ele>18.662919</ele>
        <time>2025-08-30T17:40:23.995Z</time>
      </trkpt>
      <trkpt lat="42.456085" lon="-71.064605">
        <ele>18.621917</ele>
        <time>2025-08-30T17:40:25.995Z</time>
      </trkpt>
      <trkpt lat="42.456190" lon="-71.064523">
        <ele>18.586851</ele>
        <time>2025-08-30T17:40:27.995Z</time>
      </trkpt>
      <trkpt lat="42.456297" lon="-71.064449">
        <ele>18.552092</ele>
        <time>2025-08-30T17:40:29.995Z</time>
      </trkpt>
      <trkpt lat="42.456374" lon="-71.064345">
        <ele>18.520637</ele>
        <time>2025-08-30T17:40:31.995Z</time>
      </trkpt>
      <trkpt lat="42.456472" lon="-71.064274">
        <ele>18.488483</ele>
        <time>2025-08-30T17:40:33.995Z</time>
      </trkpt>
      <trkpt lat="42.456585" lon="-71.064201">
        <ele>18.452261</ele>
        <time>2025-08-30T17:40:35.995Z</time>
      </trkpt>
      <trkpt lat="42.456696" lon="-71.064137">
        <ele>18.417357</ele>
        <time>2025-08-30T17:40:37.995Z</time>
      </trkpt>
      <trkpt lat="42.456801" lon="-71.064060">
        <ele>18.382812</ele>
        <time>2025-08-30T17:40:39.995Z</time>
      </trkpt>
      <trkpt lat="42.456885" lon="-71.063991">
        <ele>18.354390</ele>
        <time>2025-08-30T17:40:41.995Z</time>
      </trkpt>
      <trkpt lat="42.456963" lon="-71.063928">
        <ele>18.328117</ele>
        <time>2025-08-30T17:40:43.995Z</time>
      </trkpt>
      <trkpt lat="42.457074" lon="-71.063869">
        <ele>18.293616</ele>
        <time>2025-08-30T17:40:45.995Z</time>
      </trkpt>
      <trkpt lat="42.457168" lon="-71.063818">
        <ele>18.264318</ele>
        <time>2025-08-30T17:40:47.995Z</time>
      </trkpt>
      <trkpt lat="42.457270" lon="-71.063768">
        <ele>18.232932</ele>
        <time>2025-08-30T17:40:49.995Z</time>
      </trkpt>
      <trkpt lat="42.457369" lon="-71.063748">
        <ele>18.203969</ele>
        <time>2025-08-30T17:40:51.995Z</time>
      </trkpt>
      <trkpt lat="42.457461" lon="-71.063676">
        <ele>18.171981</ele>
        <time>2025-08-30T17:40:53.995Z</time>
      </trkpt>
      <trkpt lat="42.457552" lon="-71.063639">
        <ele>18.138022</ele>
        <time>2025-08-30T17:40:55.995Z</time>
      </trkpt>
      <trkpt lat="42.457664" lon="-71.063603">
        <ele>18.096879</ele>
        <time>2025-08-30T17:40:57.995Z</time>
      </trkpt>
      <trkpt lat="42.457777" lon="-71.063525">
        <ele>18.051552</ele>
        <time>2025-08-30T17:41:00.995Z</time>
      </trkpt>
      <trkpt lat="42.457864" lon="-71.063466">
        <ele>18.016780</ele>
        <time>2025-08-30T17:41:02.995Z</time>
      </trkpt>
      <trkpt lat="42.457954" lon="-71.063424">
        <ele>17.982757</ele>
        <time>2025-08-30T17:41:04.996Z</time>
      </trkpt>
      <trkpt lat="42.458053" lon="-71.063377">
        <ele>17.945263</ele>
        <time>2025-08-30T17:41:06.995Z</time>
      </trkpt>
      <trkpt lat="42.458146" lon="-71.063334">
        <ele>17.910141</ele>
        <time>2025-08-30T17:41:08.995Z</time>
      </trkpt>
      <trkpt lat="42.458228" lon="-71.063279">
        <ele>17.877439</ele>
        <time>2025-08-30T17:41:10.995Z</time>
      </trkpt>
      <trkpt lat="42.458322" lon="-71.063244">
        <ele>17.842595</ele>
        <time>2025-08-30T17:41:12.995Z</time>
      </trkpt>
      <trkpt lat="42.458426" lon="-71.063183">
        <ele>17.802090</ele>
        <time>2025-08-30T17:41:14.995Z</time>
      </trkpt>
      <trkpt lat="42.458521" lon="-71.063140">
        <ele>17.766290</ele>
        <time>2025-08-30T17:41:16.995Z</time>
      </trkpt>
      <trkpt lat="42.458629" lon="-71.063087">
        <ele>17.725235</ele>
        <time>2025-08-30T17:41:18.995Z</time>
      </trkpt>
      <trkpt lat="42.458710" lon="-71.063004">
        <ele>17.688940</ele>
        <time>2025-08-30T17:41:20.995Z</time>
      </trkpt>
      <trkpt lat="42.458799" lon="-71.062954">
        <ele>17.654504</ele>
        <time>2025-08-30T17:41:22.995Z</time>
      </trkpt>
      <trkpt lat="42.458893" lon="-71.062916">
        <ele>17.619442</ele>
        <time>2025-08-30T17:41:24.995Z</time>
      </trkpt>
      <trkpt lat="42.458986" lon="-71.062867">
        <ele>17.583777</ele>
        <time>2025-08-30T17:41:26.995Z</time>
      </trkpt>
      <trkpt lat="42.459096" lon="-71.062829">
        <ele>17.543202</ele>
        <time>2025-08-30T17:41:28.995Z</time>
      </trkpt>
      <trkpt lat="42.459204" lon="-71.062763">
        <ele>17.579846</ele>
        <time>2025-08-30T17:41:30.995Z</time>
      </trkpt>
      <trkpt lat="42.459313" lon="-71.062713">
        <ele>17.632151</ele>
        <time>2025-08-30T17:41:32.995Z</time>
      </trkpt>
      <trkpt lat="42.459404" lon="-71.062666">
        <ele>17.676414</ele>
        <time>2025-08-30T17:41:34.995Z</time>
      </trkpt>
      <trkpt lat="42.459489" lon="-71.062621">
        <ele>17.717892</ele>
        <time>2025-08-30T17:41:36.995Z</time>
      </trkpt>
      <trkpt lat="42.459579" lon="-71.062536">
        <ele>17.767751</ele>
        <time>2025-08-30T17:41:39.995Z</time>
      </trkpt>
      <trkpt lat="42.459671" lon="-71.062530">
        <ele>17.809616</ele>
        <time>2025-08-30T17:41:42.996Z</time>
      </trkpt>
      <trkpt lat="42.459773" lon="-71.062579">
        <ele>17.858804</ele>
        <time>2025-08-30T17:41:46.996Z</time>
      </trkpt>
      <trkpt lat="42.459852" lon="-71.062644">
        <ele>17.900810</ele>
        <time>2025-08-30T17:42:03.996Z</time>
      </trkpt>
      <trkpt lat="42.459976" lon="-71.062448">
        <ele>17.987393</ele>
        <time>2025-08-30T17:43:24.995Z</time>
      </trkpt>
      <trkpt lat="42.460089" lon="-71.062378">
        <ele>18.043864</ele>
        <time>2025-08-30T17:43:28.995Z</time>
      </trkpt>
      <trkpt lat="42.460206" lon="-71.062309">
        <ele>18.101860</ele>
        <time>2025-08-30T17:43:31.995Z</time>
      </trkpt>
      <trkpt lat="42.460311" lon="-71.062245">
        <ele>18.154190</ele>
        <time>2025-08-30T17:43:34.995Z</time>
      </trkpt>
      <trkpt lat="42.460414" lon="-71.062158">
        <ele>18.209352</ele>
        <time>2025-08-30T17:43:38.995Z</time>
      </trkpt>
      <trkpt lat="42.460505" lon="-71.062138">
        <ele>18.251255</ele>
        <time>2025-08-30T17:43:59.995Z</time>
      </trkpt>
      <trkpt lat="42.460593" lon="-71.062108">
        <ele>18.292500</ele>
        <time>2025-08-30T17:44:02.995Z</time>
      </trkpt>
      <trkpt lat="42.460716" lon="-71.062058">
        <ele>18.350867</ele>
        <time>2025-08-30T17:44:05.995Z</time>
      </trkpt>
      <trkpt lat="42.460831" lon="-71.062034">
        <ele>18.535585</ele>
        <time>2025-08-30T17:44:08.995Z</time>
      </trkpt>
      <trkpt lat="42.460967" lon="-71.062028">
        <ele>18.758630</ele>
        <time>2025-08-30T17:44:11.995Z</time>
      </trkpt>
      <trkpt lat="42.461097" lon="-71.062028">
        <ele>18.971721</ele>
        <time>2025-08-30T17:44:14.995Z</time>
      </trkpt>
      <trkpt lat="42.461214" lon="-71.062011">
        <ele>19.164603</ele>
        <time>2025-08-30T17:44:17.995Z</time>
      </trkpt>
      <trkpt lat="42.461342" lon="-71.062005">
        <ele>19.374542</ele>
        <time>2025-08-30T17:44:20.995Z</time>
      </trkpt>
      <trkpt lat="42.461456" lon="-71.061983">
        <ele>19.563291</ele>
        <time>2025-08-30T17:44:23.995Z</time>
      </trkpt>
      <trkpt lat="42.461553" lon="-71.061962">
        <ele>19.724306</ele>
        <time>2025-08-30T17:44:26.995Z</time>
      </trkpt>
      <trkpt lat="42.461675" lon="-71.061953">
        <ele>19.924580</ele>
        <time>2025-08-30T17:44:29.995Z</time>
      </trkpt>
      <trkpt lat="42.461806" lon="-71.061938">
        <ele>20.140076</ele>
        <time>2025-08-30T17:44:32.995Z</time>
      </trkpt>
      <trkpt lat="42.461944" lon="-71.061919">
        <ele>20.367445</ele>
        <time>2025-08-30T17:44:35.995Z</time>
      </trkpt>
      <trkpt lat="42.462067" lon="-71.061900">
        <ele>20.570367</ele>
        <time>2025-08-30T17:44:38.995Z</time>
      </trkpt>
      <trkpt lat="42.462190" lon="-71.061890">
        <ele>20.772347</ele>
        <time>2025-08-30T17:44:41.995Z</time>
      </trkpt>
      <trkpt lat="42.462321" lon="-71.061869">
        <ele>20.988575</ele>
        <time>2025-08-30T17:44:44.995Z</time>
      </trkpt>
      <trkpt lat="42.462419" lon="-71.061858">
        <ele>21.149763</ele>
        <time>2025-08-30T17:44:46.995Z</time>
      </trkpt>
      <trkpt lat="42.462511" lon="-71.061843">
        <ele>21.301514</ele>
        <time>2025-08-30T17:44:48.995Z</time>
      </trkpt>
      <trkpt lat="42.462620" lon="-71.061849">
        <ele>21.357056</ele>
        <time>2025-08-30T17:44:51.995Z</time>
      </trkpt>
      <trkpt lat="42.462731" lon="-71.061837">
        <ele>21.413750</ele>
        <time>2025-08-30T17:44:54.995Z</time>
      </trkpt>
      <trkpt lat="42.462820" lon="-71.061809">
        <ele>21.460268</ele>
        <time>2025-08-30T17:44:57.995Z</time>
      </trkpt>
      <trkpt lat="42.462920" lon="-71.061791">
        <ele>21.511629</ele>
        <time>2025-08-30T17:45:01.995Z</time>
      </trkpt>
      <trkpt lat="42.463009" lon="-71.061760">
        <ele>21.558414</ele>
        <time>2025-08-30T17:45:05.995Z</time>
      </trkpt>
      <trkpt lat="42.463118" lon="-71.061734">
        <ele>21.614763</ele>
        <time>2025-08-30T17:45:08.995Z</time>
      </trkpt>
      <trkpt lat="42.463248" lon="-71.061722">
        <ele>21.681104</ele>
        <time>2025-08-30T17:45:11.995Z</time>
      </trkpt>
      <trkpt lat="42.463355" lon="-71.061706">
        <ele>21.735913</ele>
        <time>2025-08-30T17:45:14.995Z</time>
      </trkpt>
      <trkpt lat="42.463448" lon="-71.061692">
        <ele>21.783554</ele>
        <time>2025-08-30T17:45:17.993Z</time>
      </trkpt>
      <trkpt lat="42.463547" lon="-71.061765">
        <ele>21.840933</ele>
        <time>2025-08-30T17:45:34.994Z</time>
      </trkpt>
      <trkpt lat="42.463655" lon="-71.061741">
        <ele>21.896654</ele>
        <time>2025-08-30T17:45:56.994Z</time>
      </trkpt>
      <trkpt lat="42.463684" lon="-71.061617">
        <ele>21.945512</ele>
        <time>2025-08-30T17:46:03.994Z</time>
      </trkpt>
      <trkpt lat="42.463652" lon="-71.061470">
        <ele>22.003079</ele>
        <time>2025-08-30T17:46:08.994Z</time>
      </trkpt>
      <trkpt lat="42.463611" lon="-71.061323">
        <ele>22.062105</ele>
        <time>2025-08-30T17:46:12.994Z</time>
      </trkpt>
      <trkpt lat="42.463546" lon="-71.061193">
        <ele>22.121091</ele>
        <time>2025-08-30T17:46:16.994Z</time>
      </trkpt>
      <trkpt lat="42.463488" lon="-71.061081">
        <ele>22.172488</ele>
        <time>2025-08-30T17:46:20.994Z</time>
      </trkpt>
      <trkpt lat="42.463453" lon="-71.060968">
        <ele>22.219248</ele>
        <time>2025-08-30T17:46:26.994Z</time>
      </trkpt>
      <trkpt lat="42.463536" lon="-71.060605">
        <ele>22.441480</ele>
        <time>2025-08-30T17:47:03.995Z</time>
      </trkpt>
      <trkpt lat="42.463632" lon="-71.060502">
        <ele>22.538528</ele>
        <time>2025-08-30T17:47:06.995Z</time>
      </trkpt>
      <trkpt lat="42.463700" lon="-71.060422">
        <ele>22.609900</ele>
        <time>2025-08-30T17:47:08.995Z</time>
      </trkpt>
      <trkpt lat="42.463771" lon="-71.060335">
        <ele>22.685766</ele>
        <time>2025-08-30T17:47:10.995Z</time>
      </trkpt>
      <trkpt lat="42.463829" lon="-71.060238">
        <ele>22.758780</ele>
        <time>2025-08-30T17:47:12.995Z</time>
      </trkpt>
      <trkpt lat="42.463910" lon="-71.060128">
        <ele>22.849665</ele>
        <time>2025-08-30T17:47:14.995Z</time>
      </trkpt>
      <trkpt lat="42.463991" lon="-71.060011">
        <ele>22.943491</ele>
        <time>2025-08-30T17:47:16.995Z</time>
      </trkpt>
      <trkpt lat="42.464061" lon="-71.059906">
        <ele>23.026248</ele>
        <time>2025-08-30T17:47:18.995Z</time>
      </trkpt>
      <trkpt lat="42.464141" lon="-71.059823">
        <ele>23.106104</ele>
        <time>2025-08-30T17:47:20.995Z</time>
      </trkpt>
      <trkpt lat="42.464207" lon="-71.059720">
        <ele>23.185883</ele>
        <time>2025-08-30T17:47:22.993Z</time>
      </trkpt>
      <trkpt lat="42.464298" lon="-71.059621">
        <ele>23.278374</ele>
        <time>2025-08-30T17:47:24.993Z</time>
      </trkpt>
      <trkpt lat="42.464383" lon="-71.059539">
        <ele>23.361072</ele>
        <time>2025-08-30T17:47:26.993Z</time>
      </trkpt>
      <trkpt lat="42.464457" lon="-71.059428">
        <ele>23.448558</ele>
        <time>2025-08-30T17:47:28.994Z</time>
      </trkpt>
      <trkpt lat="42.464521" lon="-71.059328">
        <ele>23.525972</ele>
        <time>2025-08-30T17:47:30.993Z</time>
      </trkpt>
      <trkpt lat="42.464591" lon="-71.059233">
        <ele>23.604489</ele>
        <time>2025-08-30T17:47:32.993Z</time>
      </trkpt>
      <trkpt lat="42.464664" lon="-71.059147">
        <ele>23.672648</ele>
        <time>2025-08-30T17:47:34.993Z</time>
      </trkpt>
      <trkpt lat="42.464758" lon="-71.059028">
        <ele>23.751900</ele>
        <time>2025-08-30T17:47:37.993Z</time>
      </trkpt>
      <trkpt lat="42.464837" lon="-71.058967">
        <ele>23.807923</ele>
        <time>2025-08-30T17:47:39.993Z</time>
      </trkpt>
      <trkpt lat="42.464959" lon="-71.058901">
        <ele>23.888864</ele>
        <time>2025-08-30T17:47:42.993Z</time>
      </trkpt>
      <trkpt lat="42.465049" lon="-71.058873">
        <ele>23.945763</ele>
        <time>2025-08-30T17:47:44.993Z</time>
      </trkpt>
      <trkpt lat="42.465139" lon="-71.058888">
        <ele>24.001638</ele>
        <time>2025-08-30T17:47:46.993Z</time>
      </trkpt>
      <trkpt lat="42.465270" lon="-71.058906">
        <ele>24.082773</ele>
        <time>2025-08-30T17:47:49.993Z</time>
      </trkpt>
      <trkpt lat="42.465367" lon="-71.058925">
        <ele>24.143164</ele>
        <time>2025-08-30T17:47:51.993Z</time>
      </trkpt>
      <trkpt lat="42.465493" lon="-71.058878">
        <ele>24.223690</ele>
        <time>2025-08-30T17:47:54.993Z</time>
      </trkpt>
      <trkpt lat="42.465574" lon="-71.058812">
        <ele>24.281924</ele>
        <time>2025-08-30T17:47:56.993Z</time>
      </trkpt>
      <trkpt lat="42.465672" lon="-71.058701">
        <ele>24.360616</ele>
        <time>2025-08-30T17:47:59.993Z</time>
      </trkpt>
      <trkpt lat="42.465749" lon="-71.058576">
        <ele>24.434640</ele>
        <time>2025-08-30T17:48:02.993Z</time>
      </trkpt>
      <trkpt lat="42.465817" lon="-71.058436">
        <ele>24.510833</ele>
        <time>2025-08-30T17:48:05.993Z</time>
      </trkpt>
      <trkpt lat="42.465890" lon="-71.058355">
        <ele>24.568963</ele>
        <time>2025-08-30T17:48:08.993Z</time>
      </trkpt>
      <trkpt lat="42.465976" lon="-71.058313">
        <ele>24.625289</ele>
        <time>2025-08-30T17:48:33.994Z</time>
      </trkpt>
      <trkpt lat="42.466210" lon="-71.058098">
        <ele>24.840529</ele>
        <time>2025-08-30T17:51:02.993Z</time>
      </trkpt>
      <trkpt lat="42.466304" lon="-71.058020">
        <ele>24.966265</ele>
        <time>2025-08-30T17:51:05.993Z</time>
      </trkpt>
      <trkpt lat="42.466391" lon="-71.057966">
        <ele>25.075428</ele>
        <time>2025-08-30T17:51:07.993Z</time>
      </trkpt>
      <trkpt lat="42.466475" lon="-71.057890">
        <ele>25.190643</ele>
        <time>2025-08-30T17:51:09.993Z</time>
      </trkpt>
      <trkpt lat="42.466557" lon="-71.057777">
        <ele>25.324042</ele>
        <time>2025-08-30T17:51:12.993Z</time>
      </trkpt>
      <trkpt lat="42.466635" lon="-71.057672">
        <ele>25.449450</ele>
        <time>2025-08-30T17:51:14.993Z</time>
      </trkpt>
      <trkpt lat="42.466695" lon="-71.057567">
        <ele>25.561226</ele>
        <time>2025-08-30T17:51:16.993Z</time>
      </trkpt>
      <trkpt lat="42.466757" lon="-71.057474">
        <ele>25.666719</ele>
        <time>2025-08-30T17:51:18.993Z</time>
      </trkpt>
      <trkpt lat="42.466804" lon="-71.057345">
        <ele>25.787802</ele>
        <time>2025-08-30T17:51:21.993Z</time>
      </trkpt>
      <trkpt lat="42.466847" lon="-71.057222">
        <ele>25.902351</ele>
        <time>2025-08-30T17:51:23.993Z</time>
      </trkpt>
      <trkpt lat="42.466896" lon="-71.057087">
        <ele>26.028971</ele>
        <time>2025-08-30T17:51:26.993Z</time>
      </trkpt>
      <trkpt lat="42.466939" lon="-71.056920">
        <ele>26.177829</ele>
        <time>2025-08-30T17:51:29.993Z</time>
      </trkpt>
      <trkpt lat="42.467002" lon="-71.056756">
        <ele>26.333440</ele>
        <time>2025-08-30T17:51:32.993Z</time>
      </trkpt>
      <trkpt lat="42.467064" lon="-71.056581">
        <ele>26.496820</ele>
        <time>2025-08-30T17:51:35.992Z</time>
      </trkpt>
      <trkpt lat="42.467112" lon="-71.056462">
        <ele>26.610960</ele>
        <time>2025-08-30T17:51:37.993Z</time>
      </trkpt>
      <trkpt lat="42.467163" lon="-71.056334">
        <ele>26.733390</ele>
        <time>2025-08-30T17:51:39.992Z</time>
      </trkpt>
      <trkpt lat="42.467212" lon="-71.056193">
        <ele>26.811107</ele>
        <time>2025-08-30T17:51:41.993Z</time>
      </trkpt>
      <trkpt lat="42.467261" lon="-71.056032">
        <ele>26.829887</ele>
        <time>2025-08-30T17:51:44.993Z</time>
      </trkpt>
      <trkpt lat="42.467331" lon="-71.055885">
        <ele>26.848753</ele>
        <time>2025-08-30T17:51:47.993Z</time>
      </trkpt>
      <trkpt lat="42.467365" lon="-71.055741">
        <ele>26.865056</ele>
        <time>2025-08-30T17:51:49.993Z</time>
      </trkpt>
      <trkpt lat="42.467402" lon="-71.055607">
        <ele>26.880484</ele>
        <time>2025-08-30T17:51:51.993Z</time>
      </trkpt>
      <trkpt lat="42.467452" lon="-71.055442">
        <ele>26.899719</ele>
        <time>2025-08-30T17:51:54.993Z</time>
      </trkpt>
      <trkpt lat="42.467491" lon="-71.055314">
        <ele>26.914651</ele>
        <time>2025-08-30T17:51:56.993Z</time>
      </trkpt>
      <trkpt lat="42.467529" lon="-71.055182">
        <ele>26.929930</ele>
        <time>2025-08-30T17:51:58.993Z</time>
      </trkpt>
      <trkpt lat="42.467556" lon="-71.055050">
        <ele>26.944700</ele>
        <time>2025-08-30T17:52:01.993Z</time>
      </trkpt>
      <trkpt lat="42.467593" lon="-71.054924">
        <ele>26.959324</ele>
        <time>2025-08-30T17:52:03.993Z</time>
      </trkpt>
      <trkpt lat="42.467651" lon="-71.054769">
        <ele>26.978064</ele>
        <time>2025-08-30T17:52:05.993Z</time>
      </trkpt>
      <trkpt lat="42.467690" lon="-71.054597">
        <ele>26.997467</ele>
        <time>2025-08-30T17:52:08.993Z</time>
      </trkpt>
      <trkpt lat="42.467728" lon="-71.054477">
        <ele>27.011548</ele>
        <time>2025-08-30T17:52:10.993Z</time>
      </trkpt>
      <trkpt lat="42.467776" lon="-71.054310">
        <ele>27.030874</ele>
        <time>2025-08-30T17:52:13.993Z</time>
      </trkpt>
      <trkpt lat="42.467837" lon="-71.054123">
        <ele>27.052921</ele>
        <time>2025-08-30T17:52:16.993Z</time>
      </trkpt>
      <trkpt lat="42.467881" lon="-71.053962">
        <ele>27.045828</ele>
        <time>2025-08-30T17:52:19.993Z</time>
      </trkpt>
      <trkpt lat="42.467911" lon="-71.053812">
        <ele>26.981101</ele>
        <time>2025-08-30T17:52:22.993Z</time>
      </trkpt>
      <trkpt lat="42.468127" lon="-71.053021">
        <ele>26.629820</ele>
        <time>2025-08-30T17:52:35.993Z</time>
      </trkpt>
      <trkpt lat="42.468158" lon="-71.052879">
        <ele>26.568145</ele>
        <time>2025-08-30T17:52:38.993Z</time>
      </trkpt>
      <trkpt lat="42.468204" lon="-71.052740">
        <ele>26.504697</ele>
        <time>2025-08-30T17:52:41.993Z</time>
      </trkpt>
      <trkpt lat="42.468218" lon="-71.052596">
        <ele>26.444206</ele>
        <time>2025-08-30T17:52:45.993Z</time>
      </trkpt>
      <trkpt lat="42.468215" lon="-71.052442">
        <ele>26.380046</ele>
        <time>2025-08-30T17:52:48.993Z</time>
      </trkpt>
      <trkpt lat="42.468264" lon="-71.052236">
        <ele>26.289903</ele>
        <time>2025-08-30T17:52:50.993Z</time>
      </trkpt>
      <trkpt lat="42.468504" lon="-71.050860">
        <ele>25.392718</ele>
        <time>2025-08-30T17:53:06.994Z</time>
      </trkpt>
      <trkpt lat="42.468547" lon="-71.050613">
        <ele>25.193818</ele>
        <time>2025-08-30T17:53:09.994Z</time>
      </trkpt>
      <trkpt lat="42.468584" lon="-71.050434">
        <ele>25.048127</ele>
        <time>2025-08-30T17:53:11.994Z</time>
      </trkpt>
      <trkpt lat="42.468607" lon="-71.050292">
        <ele>24.934186</ele>
        <time>2025-08-30T17:53:13.994Z</time>
      </trkpt>
      <trkpt lat="42.468609" lon="-71.050157">
        <ele>24.828361</ele>
        <time>2025-08-30T17:53:16.994Z</time>
      </trkpt>
      <trkpt lat="42.468640" lon="-71.050010">
        <ele>24.708537</ele>
        <time>2025-08-30T17:53:18.994Z</time>
      </trkpt>
      <trkpt lat="42.468692" lon="-71.049871">
        <ele>24.586390</ele>
        <time>2025-08-30T17:53:20.994Z</time>
      </trkpt>
      <trkpt lat="42.468724" lon="-71.049756">
        <ele>24.490062</ele>
        <time>2025-08-30T17:53:22.994Z</time>
      </trkpt>
      <trkpt lat="42.468776" lon="-71.049608">
        <ele>24.361584</ele>
        <time>2025-08-30T17:53:24.994Z</time>
      </trkpt>
      <trkpt lat="42.469005" lon="-71.048978">
        <ele>24.142471</ele>
        <time>2025-08-30T17:53:32.994Z</time>
      </trkpt>
      <trkpt lat="42.469082" lon="-71.048806">
        <ele>24.143822</ele>
        <time>2025-08-30T17:53:34.994Z</time>
      </trkpt>
      <trkpt lat="42.469147" lon="-71.048647">
        <ele>24.145043</ele>
        <time>2025-08-30T17:53:36.994Z</time>
      </trkpt>
      <trkpt lat="42.469193" lon="-71.048504">
        <ele>24.146090</ele>
        <time>2025-08-30T17:53:38.994Z</time>
      </trkpt>
      <trkpt lat="42.469249" lon="-71.048379">
        <ele>24.147072</ele>
        <time>2025-08-30T17:53:40.993Z</time>
      </trkpt>
      <trkpt lat="42.469305" lon="-71.048224">
        <ele>24.148231</ele>
        <time>2025-08-30T17:53:42.993Z</time>
      </trkpt>
      <trkpt lat="42.469358" lon="-71.048097">
        <ele>24.149211</ele>
        <time>2025-08-30T17:53:44.993Z</time>
      </trkpt>
      <trkpt lat="42.469395" lon="-71.047981">
        <ele>24.150060</ele>
        <time>2025-08-30T17:53:46.993Z</time>
      </trkpt>
      <trkpt lat="42.469429" lon="-71.047856">
        <ele>24.150954</ele>
        <time>2025-08-30T17:53:48.993Z</time>
      </trkpt>
      <trkpt lat="42.469482" lon="-71.047718">
        <ele>24.151999</ele>
        <time>2025-08-30T17:53:50.992Z</time>
      </trkpt>
      <trkpt lat="42.469540" lon="-71.047567">
        <ele>24.153142</ele>
        <time>2025-08-30T17:53:52.992Z</time>
      </trkpt>
      <trkpt lat="42.469585" lon="-71.047423">
        <ele>24.154192</ele>
        <time>2025-08-30T17:53:54.993Z</time>
      </trkpt>
      <trkpt lat="42.469643" lon="-71.047257">
        <ele>24.155425</ele>
        <time>2025-08-30T17:53:57.993Z</time>
      </trkpt>
      <trkpt lat="42.469687" lon="-71.047141">
        <ele>24.170293</ele>
        <time>2025-08-30T17:53:59.993Z</time>
      </trkpt>
      <trkpt lat="42.469743" lon="-71.046995">
        <ele>24.228271</ele>
        <time>2025-08-30T17:54:01.993Z</time>
      </trkpt>
      <trkpt lat="42.469794" lon="-71.046849">
        <ele>24.285186</ele>
        <time>2025-08-30T17:54:03.993Z</time>
      </trkpt>
      <trkpt lat="42.469838" lon="-71.046728">
        <ele>24.332716</ele>
        <time>2025-08-30T17:54:05.993Z</time>
      </trkpt>
      <trkpt lat="42.469884" lon="-71.046586">
        <ele>24.387357</ele>
        <time>2025-08-30T17:54:07.993Z</time>
      </trkpt>
      <trkpt lat="42.469933" lon="-71.046437">
        <ele>24.444834</ele>
        <time>2025-08-30T17:54:10.993Z</time>
      </trkpt>
      <trkpt lat="42.469959" lon="-71.046314">
        <ele>24.489914</ele>
        <time>2025-08-30T17:54:12.993Z</time>
      </trkpt>
      <trkpt lat="42.469999" lon="-71.046175">
        <ele>24.542481</ele>
        <time>2025-08-30T17:54:14.993Z</time>
      </trkpt>
      <trkpt lat="42.470039" lon="-71.046019">
        <ele>24.600669</ele>
        <time>2025-08-30T17:54:17.993Z</time>
      </trkpt>
      <trkpt lat="42.470056" lon="-71.045873">
        <ele>24.652745</ele>
        <time>2025-08-30T17:54:20.993Z</time>
      </trkpt>
      <trkpt lat="42.470063" lon="-71.045728">
        <ele>24.703940</ele>
        <time>2025-08-30T17:54:23.993Z</time>
      </trkpt>
      <trkpt lat="42.470074" lon="-71.045571">
        <ele>24.759504</ele>
        <time>2025-08-30T17:54:26.993Z</time>
      </trkpt>
      <trkpt lat="42.470080" lon="-71.045446">
        <ele>24.803637</ele>
        <time>2025-08-30T17:54:28.993Z</time>
      </trkpt>
      <trkpt lat="42.470095" lon="-71.045311">
        <ele>24.851736</ele>
        <time>2025-08-30T17:54:30.993Z</time>
      </trkpt>
      <trkpt lat="42.470111" lon="-71.045131">
        <ele>24.915613</ele>
        <time>2025-08-30T17:54:33.993Z</time>
      </trkpt>
      <trkpt lat="42.470118" lon="-71.045000">
        <ele>24.961888</ele>
        <time>2025-08-30T17:54:35.993Z</time>
      </trkpt>
      <trkpt lat="42.470131" lon="-71.044873">
        <ele>25.007061</ele>
        <time>2025-08-30T17:54:37.993Z</time>
      </trkpt>
      <trkpt lat="42.470144" lon="-71.044747">
        <ele>24.916813</ele>
        <time>2025-08-30T17:54:39.993Z</time>
      </trkpt>
      <trkpt lat="42.470164" lon="-71.044560">
        <ele>24.738742</ele>
        <time>2025-08-30T17:54:42.993Z</time>
      </trkpt>
      <trkpt lat="42.470225" lon="-71.044384">
        <ele>24.555484</ele>
        <time>2025-08-30T17:54:44.993Z</time>
      </trkpt>
      <trkpt lat="42.470290" lon="-71.044209">
        <ele>24.370837</ele>
        <time>2025-08-30T17:54:46.993Z</time>
      </trkpt>
      <trkpt lat="42.470372" lon="-71.044036">
        <ele>24.177045</ele>
        <time>2025-08-30T17:54:48.993Z</time>
      </trkpt>
      <trkpt lat="42.470443" lon="-71.043857">
        <ele>23.985515</ele>
        <time>2025-08-30T17:54:50.993Z</time>
      </trkpt>
      <trkpt lat="42.470504" lon="-71.043722">
        <ele>23.836320</ele>
        <time>2025-08-30T17:54:52.993Z</time>
      </trkpt>
      <trkpt lat="42.470567" lon="-71.043588">
        <ele>23.686570</ele>
        <time>2025-08-30T17:54:54.993Z</time>
      </trkpt>
      <trkpt lat="42.470636" lon="-71.043407">
        <ele>23.494565</ele>
        <time>2025-08-30T17:54:56.993Z</time>
      </trkpt>
      <trkpt lat="42.470773" lon="-71.043301">
        <ele>23.293034</ele>
        <time>2025-08-30T17:54:58.993Z</time>
      </trkpt>
      <trkpt lat="42.470830" lon="-71.043191">
        <ele>23.166350</ele>
        <time>2025-08-30T17:55:00.993Z</time>
      </trkpt>
      <trkpt lat="42.470914" lon="-71.043024">
        <ele>22.975863</ele>
        <time>2025-08-30T17:55:02.993Z</time>
      </trkpt>
      <trkpt lat="42.470983" lon="-71.042876">
        <ele>22.810867</ele>
        <time>2025-08-30T17:55:04.993Z</time>
      </trkpt>
      <trkpt lat="42.470921" lon="-71.042762">
        <ele>22.779771</ele>
        <time>2025-08-30T17:55:05.993Z</time>
      </trkpt>
      <trkpt lat="42.470989" lon="-71.042610">
        <ele>23.043245</ele>
        <time>2025-08-30T17:55:07.993Z</time>
      </trkpt>
      <trkpt lat="42.471033" lon="-71.042488">
        <ele>23.244517</ele>
        <time>2025-08-30T17:55:09.993Z</time>
      </trkpt>
      <trkpt lat="42.471092" lon="-71.042329">
        <ele>23.508308</ele>
        <time>2025-08-30T17:55:12.993Z</time>
      </trkpt>
      <trkpt lat="42.471137" lon="-71.042196">
        <ele>23.725175</ele>
        <time>2025-08-30T17:55:14.993Z</time>
      </trkpt>
      <trkpt lat="42.471170" lon="-71.042066">
        <ele>23.928937</ele>
        <time>2025-08-30T17:55:16.993Z</time>
      </trkpt>
      <trkpt lat="42.471217" lon="-71.041920">
        <ele>24.165031</ele>
        <time>2025-08-30T17:55:19.993Z</time>
      </trkpt>
      <trkpt lat="42.471260" lon="-71.041761">
        <ele>24.416023</ele>
        <time>2025-08-30T17:55:22.993Z</time>
      </trkpt>
      <trkpt lat="42.471314" lon="-71.041644">
        <ele>24.620575</ele>
        <time>2025-08-30T17:55:24.993Z</time>
      </trkpt>
      <trkpt lat="42.471354" lon="-71.041486">
        <ele>24.868153</ele>
        <time>2025-08-30T17:55:27.993Z</time>
      </trkpt>
      <trkpt lat="42.471397" lon="-71.041378">
        <ele>25.050048</ele>
        <time>2025-08-30T17:55:29.993Z</time>
      </trkpt>
      <trkpt lat="42.471440" lon="-71.041219">
        <ele>25.301039</ele>
        <time>2025-08-30T17:55:32.993Z</time>
      </trkpt>
      <trkpt lat="42.471478" lon="-71.041098">
        <ele>25.495948</ele>
        <time>2025-08-30T17:55:34.993Z</time>
      </trkpt>
      <trkpt lat="42.471514" lon="-71.040977">
        <ele>25.689319</ele>
        <time>2025-08-30T17:55:36.993Z</time>
      </trkpt>
      <trkpt lat="42.471544" lon="-71.040824">
        <ele>25.923952</ele>
        <time>2025-08-30T17:55:39.993Z</time>
      </trkpt>
      <trkpt lat="42.471567" lon="-71.040699">
        <ele>26.114890</ele>
        <time>2025-08-30T17:55:42.993Z</time>
      </trkpt>
      <trkpt lat="42.471593" lon="-71.040575">
        <ele>26.305948</ele>
        <time>2025-08-30T17:55:45.993Z</time>
      </trkpt>
      <trkpt lat="42.471617" lon="-71.040425">
        <ele>26.208562</ele>
        <time>2025-08-30T17:55:48.993Z</time>
      </trkpt>
      <trkpt lat="42.471650" lon="-71.040248">
        <ele>26.044505</ele>
        <time>2025-08-30T17:55:51.993Z</time>
      </trkpt>
      <trkpt lat="42.471671" lon="-71.040065">
        <ele>25.878080</ele>
        <time>2025-08-30T17:55:54.992Z</time>
      </trkpt>
      <trkpt lat="42.471686" lon="-71.039927">
        <ele>25.752731</ele>
        <time>2025-08-30T17:55:56.993Z</time>
      </trkpt>
      <trkpt lat="42.471696" lon="-71.039782">
        <ele>25.621864</ele>
        <time>2025-08-30T17:55:58.992Z</time>
      </trkpt>
      <trkpt lat="42.471708" lon="-71.039621">
        <ele>25.476450</ele>
        <time>2025-08-30T17:56:00.993Z</time>
      </trkpt>
      <trkpt lat="42.471709" lon="-71.039472">
        <ele>25.342551</ele>
        <time>2025-08-30T17:56:02.993Z</time>
      </trkpt>
      <trkpt lat="42.471716" lon="-71.039293">
        <ele>25.181473</ele>
        <time>2025-08-30T17:56:04.993Z</time>
      </trkpt>
      <trkpt lat="42.471722" lon="-71.039121">
        <ele>25.026738</ele>
        <time>2025-08-30T17:56:06.993Z</time>
      </trkpt>
      <trkpt lat="42.471749" lon="-71.038953">
        <ele>24.872229</ele>
        <time>2025-08-30T17:56:08.993Z</time>
      </trkpt>
      <trkpt lat="42.471791" lon="-71.038758">
        <ele>24.689681</ele>
        <time>2025-08-30T17:56:10.993Z</time>
      </trkpt>
      <trkpt lat="42.471818" lon="-71.038596">
        <ele>24.540436</ele>
        <time>2025-08-30T17:56:12.993Z</time>
      </trkpt>
      <trkpt lat="42.471854" lon="-71.038466">
        <ele>24.415654</ele>
        <time>2025-08-30T17:56:14.993Z</time>
      </trkpt>
      <trkpt lat="42.471892" lon="-71.038281">
        <ele>24.243085</ele>
        <time>2025-08-30T17:56:16.993Z</time>
      </trkpt>
      <trkpt lat="42.471950" lon="-71.038079">
        <ele>23.980993</ele>
        <time>2025-08-30T17:56:18.993Z</time>
      </trkpt>
      <trkpt lat="42.472014" lon="-71.037896">
        <ele>23.665334</ele>
        <time>2025-08-30T17:56:20.993Z</time>
      </trkpt>
      <trkpt lat="42.472063" lon="-71.037743">
        <ele>23.405362</ele>
        <time>2025-08-30T17:56:22.993Z</time>
      </trkpt>
      <trkpt lat="42.472127" lon="-71.037593">
        <ele>23.135278</ele>
        <time>2025-08-30T17:56:24.993Z</time>
      </trkpt>
      <trkpt lat="42.472186" lon="-71.037428">
        <ele>22.849485</ele>
        <time>2025-08-30T17:56:26.993Z</time>
      </trkpt>
      <trkpt lat="42.472248" lon="-71.037288">
        <ele>22.594975</ele>
        <time>2025-08-30T17:56:28.993Z</time>
      </trkpt>
      <trkpt lat="42.472300" lon="-71.037139">
        <ele>22.338064</ele>
        <time>2025-08-30T17:56:30.993Z</time>
      </trkpt>
      <trkpt lat="42.472333" lon="-71.036987">
        <ele>22.091110</ele>
        <time>2025-08-30T17:56:32.993Z</time>
      </trkpt>
      <trkpt lat="42.472351" lon="-71.036834">
        <ele>21.849632</ele>
        <time>2025-08-30T17:56:34.993Z</time>
      </trkpt>
      <trkpt lat="42.472373" lon="-71.036658">
        <ele>21.571410</ele>
        <time>2025-08-30T17:56:37.993Z</time>
      </trkpt>
      <trkpt lat="42.472381" lon="-71.036502">
        <ele>21.327685</ele>
        <time>2025-08-30T17:56:40.993Z</time>
      </trkpt>
      <trkpt lat="42.472394" lon="-71.036320">
        <ele>21.042696</ele>
        <time>2025-08-30T17:56:43.993Z</time>
      </trkpt>
      <trkpt lat="42.472402" lon="-71.036187">
        <ele>20.834716</ele>
        <time>2025-08-30T17:56:45.993Z</time>
      </trkpt>
      <trkpt lat="42.472402" lon="-71.036062">
        <ele>20.639893</ele>
        <time>2025-08-30T17:56:47.993Z</time>
      </trkpt>
      <trkpt lat="42.472360" lon="-71.035934">
        <ele>20.421545</ele>
        <time>2025-08-30T17:56:49.993Z</time>
      </trkpt>
      <trkpt lat="42.472293" lon="-71.035840">
        <ele>20.445291</ele>
        <time>2025-08-30T17:56:51.993Z</time>
      </trkpt>
      <trkpt lat="42.472243" lon="-71.035735">
        <ele>20.615124</ele>
        <time>2025-08-30T17:56:53.993Z</time>
      </trkpt>
      <trkpt lat="42.472198" lon="-71.035611">
        <ele>20.802914</ele>
        <time>2025-08-30T17:56:56.993Z</time>
      </trkpt>
      <trkpt lat="42.472162" lon="-71.035491">
        <ele>20.978951</ele>
        <time>2025-08-30T17:57:01.993Z</time>
      </trkpt>
      <trkpt lat="42.472042" lon="-71.035045">
        <ele>21.624073</ele>
        <time>2025-08-30T17:58:24.993Z</time>
      </trkpt>
      <trkpt lat="42.471915" lon="-71.034648">
        <ele>22.212100</ele>
        <time>2025-08-30T18:00:00.993Z</time>
      </trkpt>
      <trkpt lat="42.471862" lon="-71.034521">
        <ele>22.410385</ele>
        <time>2025-08-30T18:00:04.993Z</time>
      </trkpt>
      <trkpt lat="42.471818" lon="-71.034393">
        <ele>22.602283</ele>
        <time>2025-08-30T18:00:08.993Z</time>
      </trkpt>
      <trkpt lat="42.471766" lon="-71.034289">
        <ele>22.773017</ele>
        <time>2025-08-30T18:00:11.992Z</time>
      </trkpt>
      <trkpt lat="42.471652" lon="-71.034226">
        <ele>22.999815</ele>
        <time>2025-08-30T18:00:14.992Z</time>
      </trkpt>
      <trkpt lat="42.471542" lon="-71.034160">
        <ele>23.221426</ele>
        <time>2025-08-30T18:00:17.992Z</time>
      </trkpt>
      <trkpt lat="42.471469" lon="-71.034087">
        <ele>23.388540</ele>
        <time>2025-08-30T18:00:20.992Z</time>
      </trkpt>
      <trkpt lat="42.471415" lon="-71.033981">
        <ele>23.563597</ele>
        <time>2025-08-30T18:00:23.992Z</time>
      </trkpt>
      <trkpt lat="42.471347" lon="-71.033852">
        <ele>23.615407</ele>
        <time>2025-08-30T18:00:26.992Z</time>
      </trkpt>
      <trkpt lat="42.471329" lon="-71.033696">
        <ele>23.551540</ele>
        <time>2025-08-30T18:00:30.992Z</time>
      </trkpt>
      <trkpt lat="42.471288" lon="-71.033561">
        <ele>23.492486</ele>
        <time>2025-08-30T18:00:33.992Z</time>
      </trkpt>
      <trkpt lat="42.471206" lon="-71.033461">
        <ele>23.432004</ele>
        <time>2025-08-30T18:00:36.992Z</time>
      </trkpt>
      <trkpt lat="42.471133" lon="-71.033367">
        <ele>23.376794</ele>
        <time>2025-08-30T18:00:39.992Z</time>
      </trkpt>
      <trkpt lat="42.471054" lon="-71.033261">
        <ele>23.315842</ele>
        <time>2025-08-30T18:00:42.992Z</time>
      </trkpt>
      <trkpt lat="42.470975" lon="-71.033128">
        <ele>23.246771</ele>
        <time>2025-08-30T18:00:45.992Z</time>
      </trkpt>
      <trkpt lat="42.470906" lon="-71.033020">
        <ele>23.188977</ele>
        <time>2025-08-30T18:00:48.992Z</time>
      </trkpt>
      <trkpt lat="42.466551" lon="-71.027449">
        <ele>19.607653</ele>
        <time>2025-08-30T18:02:42.993Z</time>
      </trkpt>
      <trkpt lat="42.466433" lon="-71.027402">
        <ele>19.514739</ele>
        <time>2025-08-30T18:02:47.993Z</time>
      </trkpt>
      <trkpt lat="42.466289" lon="-71.027361">
        <ele>19.403577</ele>
        <time>2025-08-30T18:02:49.993Z</time>
      </trkpt>
      <trkpt lat="42.466150" lon="-71.027311">
        <ele>19.315293</ele>
        <time>2025-08-30T18:02:51.993Z</time>
      </trkpt>
      <trkpt lat="42.466029" lon="-71.027280">
        <ele>19.269373</ele>
        <time>2025-08-30T18:02:53.993Z</time>
      </trkpt>
      <trkpt lat="42.465897" lon="-71.027248">
        <ele>19.219369</ele>
        <time>2025-08-30T18:02:55.993Z</time>
      </trkpt>
      <trkpt lat="42.465787" lon="-71.027169">
        <ele>19.172948</ele>
        <time>2025-08-30T18:02:57.993Z</time>
      </trkpt>
      <trkpt lat="42.465708" lon="-71.027108">
        <ele>19.139045</ele>
        <time>2025-08-30T18:02:59.993Z</time>
      </trkpt>
      <trkpt lat="42.465601" lon="-71.027029">
        <ele>19.093611</ele>
        <time>2025-08-30T18:03:01.993Z</time>
      </trkpt>
      <trkpt lat="42.465493" lon="-71.026940">
        <ele>19.046479</ele>
        <time>2025-08-30T18:03:03.993Z</time>
      </trkpt>
      <trkpt lat="42.465397" lon="-71.026852">
        <ele>19.003264</ele>
        <time>2025-08-30T18:03:05.993Z</time>
      </trkpt>
      <trkpt lat="42.465294" lon="-71.026746">
        <ele>18.955041</ele>
        <time>2025-08-30T18:03:07.993Z</time>
      </trkpt>
      <trkpt lat="42.465207" lon="-71.026650">
        <ele>18.913209</ele>
        <time>2025-08-30T18:03:09.993Z</time>
      </trkpt>
      <trkpt lat="42.465125" lon="-71.026558">
        <ele>18.873516</ele>
        <time>2025-08-30T18:03:11.993Z</time>
      </trkpt>
      <trkpt lat="42.465017" lon="-71.026455">
        <ele>18.824275</ele>
        <time>2025-08-30T18:03:14.993Z</time>
      </trkpt>
      <trkpt lat="42.464930" lon="-71.026395">
        <ele>18.787875</ele>
        <time>2025-08-30T18:03:17.993Z</time>
      </trkpt>
      <trkpt lat="42.464855" lon="-71.026301">
        <ele>18.749785</ele>
        <time>2025-08-30T18:03:27.993Z</time>
      </trkpt>
      <trkpt lat="42.464872" lon="-71.026181">
        <ele>18.716171</ele>
        <time>2025-08-30T18:03:50.993Z</time>
      </trkpt>
      <trkpt lat="42.464826" lon="-71.026047">
        <ele>18.675514</ele>
        <time>2025-08-30T18:03:58.993Z</time>
      </trkpt>
      <trkpt lat="42.464738" lon="-71.025968">
        <ele>18.587713</ele>
        <time>2025-08-30T18:04:03.993Z</time>
      </trkpt>
      <trkpt lat="42.464746" lon="-71.025826">
        <ele>18.481395</ele>
        <time>2025-08-30T18:04:08.993Z</time>
      </trkpt>
      <trkpt lat="42.464728" lon="-71.025692">
        <ele>18.379713</ele>
        <time>2025-08-30T18:04:11.992Z</time>
      </trkpt>
      <trkpt lat="42.464714" lon="-71.025544">
        <ele>18.268319</ele>
        <time>2025-08-30T18:04:14.992Z</time>
      </trkpt>
      <trkpt lat="42.464714" lon="-71.025409">
        <ele>18.167536</ele>
        <time>2025-08-30T18:04:17.992Z</time>
      </trkpt>
      <trkpt lat="42.464706" lon="-71.025266">
        <ele>18.060473</ele>
        <time>2025-08-30T18:04:20.992Z</time>
      </trkpt>
      <trkpt lat="42.464706" lon="-71.025137">
        <ele>17.964169</ele>
        <time>2025-08-30T18:04:22.992Z</time>
      </trkpt>
      <trkpt lat="42.464704" lon="-71.025012">
        <ele>17.870828</ele>
        <time>2025-08-30T18:04:24.992Z</time>
      </trkpt>
      <trkpt lat="42.464682" lon="-71.024856">
        <ele>17.752258</ele>
        <time>2025-08-30T18:04:27.992Z</time>
      </trkpt>
      <trkpt lat="42.464678" lon="-71.024714">
        <ele>17.646171</ele>
        <time>2025-08-30T18:04:29.992Z</time>
      </trkpt>
      <trkpt lat="42.464671" lon="-71.024558">
        <ele>17.529495</ele>
        <time>2025-08-30T18:04:32.992Z</time>
      </trkpt>
      <trkpt lat="42.464659" lon="-71.024416">
        <ele>17.422792</ele>
        <time>2025-08-30T18:04:36.992Z</time>
      </trkpt>
      <trkpt lat="42.464657" lon="-71.024280">
        <ele>17.321242</ele>
        <time>2025-08-30T18:04:44.992Z</time>
      </trkpt>
      <trkpt lat="42.464651" lon="-71.024112">
        <ele>17.195675</ele>
        <time>2025-08-30T18:04:48.992Z</time>
      </trkpt>
      <trkpt lat="42.464626" lon="-71.023959">
        <ele>17.078685</ele>
        <time>2025-08-30T18:04:51.992Z</time>
      </trkpt>
      <trkpt lat="42.464605" lon="-71.023806">
        <ele>16.962503</ele>
        <time>2025-08-30T18:04:54.992Z</time>
      </trkpt>
      <trkpt lat="42.464610" lon="-71.023635">
        <ele>16.832787</ele>
        <time>2025-08-30T18:04:56.992Z</time>
      </trkpt>
      <trkpt lat="42.464627" lon="-71.023461">
        <ele>16.674634</ele>
        <time>2025-08-30T18:04:58.992Z</time>
      </trkpt>
      <trkpt lat="42.464621" lon="-71.023283">
        <ele>16.514078</ele>
        <time>2025-08-30T18:05:00.992Z</time>
      </trkpt>
      <trkpt lat="42.464603" lon="-71.023149">
        <ele>16.391351</ele>
        <time>2025-08-30T18:05:02.992Z</time>
      </trkpt>
      <trkpt lat="42.464598" lon="-71.023007">
        <ele>16.263255</ele>
        <time>2025-08-30T18:05:04.992Z</time>
      </trkpt>
      <trkpt lat="42.464586" lon="-71.022869">
        <ele>16.138048</ele>
        <time>2025-08-30T18:05:06.992Z</time>
      </trkpt>
      <trkpt lat="42.464585" lon="-71.022669">
        <ele>15.957832</ele>
        <time>2025-08-30T18:05:08.992Z</time>
      </trkpt>
      <trkpt lat="42.464560" lon="-71.022485">
        <ele>15.789249</ele>
        <time>2025-08-30T18:05:10.992Z</time>
      </trkpt>
      <trkpt lat="42.464526" lon="-71.022329">
        <ele>15.642677</ele>
        <time>2025-08-30T18:05:12.992Z</time>
      </trkpt>
      <trkpt lat="42.464510" lon="-71.022161">
        <ele>15.490043</ele>
        <time>2025-08-30T18:05:14.992Z</time>
      </trkpt>
      <trkpt lat="42.464475" lon="-71.021999">
        <ele>15.337940</ele>
        <time>2025-08-30T18:05:16.992Z</time>
      </trkpt>
      <trkpt lat="42.464466" lon="-71.021832">
        <ele>15.187061</ele>
        <time>2025-08-30T18:05:18.992Z</time>
      </trkpt>
      <trkpt lat="42.464431" lon="-71.021641">
        <ele>15.009729</ele>
        <time>2025-08-30T18:05:20.992Z</time>
      </trkpt>
      <trkpt lat="42.464412" lon="-71.021466">
        <ele>14.850344</ele>
        <time>2025-08-30T18:05:22.992Z</time>
      </trkpt>
      <trkpt lat="42.464402" lon="-71.021277">
        <ele>14.679606</ele>
        <time>2025-08-30T18:05:24.992Z</time>
      </trkpt>
      <trkpt lat="42.464408" lon="-71.021101">
        <ele>14.615112</ele>
        <time>2025-08-30T18:05:26.992Z</time>
      </trkpt>
      <trkpt lat="42.464389" lon="-71.020926">
        <ele>14.574600</ele>
        <time>2025-08-30T18:05:28.992Z</time>
      </trkpt>
      <trkpt lat="42.464381" lon="-71.020720">
        <ele>14.527354</ele>
        <time>2025-08-30T18:05:30.992Z</time>
      </trkpt>
      <trkpt lat="42.464379" lon="-71.020516">
        <ele>14.480627</ele>
        <time>2025-08-30T18:05:32.992Z</time>
      </trkpt>
      <trkpt lat="42.464373" lon="-71.020318">
        <ele>14.435241</ele>
        <time>2025-08-30T18:05:34.993Z</time>
      </trkpt>
      <trkpt lat="42.464365" lon="-71.020129">
        <ele>14.391882</ele>
        <time>2025-08-30T18:05:36.993Z</time>
      </trkpt>
      <trkpt lat="42.464355" lon="-71.019951">
        <ele>14.350997</ele>
        <time>2025-08-30T18:05:38.993Z</time>
      </trkpt>
      <trkpt lat="42.464348" lon="-71.019774">
        <ele>14.310400</ele>
        <time>2025-08-30T18:05:40.993Z</time>
      </trkpt>
      <trkpt lat="42.464335" lon="-71.019625">
        <ele>14.276036</ele>
        <time>2025-08-30T18:05:42.993Z</time>
      </trkpt>
      <trkpt lat="42.464336" lon="-71.019478">
        <ele>14.242367</ele>
        <time>2025-08-30T18:05:44.993Z</time>
      </trkpt>
      <trkpt lat="42.464314" lon="-71.019353">
        <ele>14.212935</ele>
        <time>2025-08-30T18:05:46.993Z</time>
      </trkpt>
      <trkpt lat="42.464313" lon="-71.019214">
        <ele>14.181098</ele>
        <time>2025-08-30T18:05:48.993Z</time>
      </trkpt>
      <trkpt lat="42.464317" lon="-71.019083">
        <ele>14.151069</ele>
        <time>2025-08-30T18:05:51.993Z</time>
      </trkpt>
      <trkpt lat="42.464304" lon="-71.018939">
        <ele>14.117842</ele>
        <time>2025-08-30T18:06:03.993Z</time>
      </trkpt>
      <trkpt lat="42.464289" lon="-71.018777">
        <ele>14.078162</ele>
        <time>2025-08-30T18:06:07.993Z</time>
      </trkpt>
      <trkpt lat="42.464287" lon="-71.018633">
        <ele>14.036166</ele>
        <time>2025-08-30T18:06:10.993Z</time>
      </trkpt>
      <trkpt lat="42.464281" lon="-71.018491">
        <ele>13.994692</ele>
        <time>2025-08-30T18:06:13.993Z</time>
      </trkpt>
      <trkpt lat="42.464287" lon="-71.018333">
        <ele>13.948559</ele>
        <time>2025-08-30T18:06:16.992Z</time>
      </trkpt>
      <trkpt lat="42.464292" lon="-71.018197">
        <ele>13.908854</ele>
        <time>2025-08-30T18:06:18.992Z</time>
      </trkpt>
      <trkpt lat="42.464293" lon="-71.018049">
        <ele>13.865696</ele>
        <time>2025-08-30T18:06:20.991Z</time>
      </trkpt>
      <trkpt lat="42.464290" lon="-71.017917">
        <ele>13.827188</ele>
        <time>2025-08-30T18:06:22.992Z</time>
      </trkpt>
      <trkpt lat="42.464277" lon="-71.017751">
        <ele>13.778512</ele>
        <time>2025-08-30T18:06:25.992Z</time>
      </trkpt>
      <trkpt lat="42.464265" lon="-71.017589">
        <ele>13.731036</ele>
        <time>2025-08-30T18:06:28.992Z</time>
      </trkpt>
      <trkpt lat="42.464264" lon="-71.017459">
        <ele>13.693127</ele>
        <time>2025-08-30T18:06:30.992Z</time>
      </trkpt>
      <trkpt lat="42.464288" lon="-71.017338">
        <ele>13.656592</ele>
        <time>2025-08-30T18:06:32.992Z</time>
      </trkpt>
      <trkpt lat="42.464284" lon="-71.017215">
        <ele>13.620691</ele>
        <time>2025-08-30T18:06:34.992Z</time>
      </trkpt>
      <trkpt lat="42.464278" lon="-71.017043">
        <ele>13.570481</ele>
        <time>2025-08-30T18:06:36.992Z</time>
      </trkpt>
      <trkpt lat="42.464279" lon="-71.016896">
        <ele>13.527615</ele>
        <time>2025-08-30T18:06:38.992Z</time>
      </trkpt>
      <trkpt lat="42.464286" lon="-71.016724">
        <ele>13.477385</ele>
        <time>2025-08-30T18:06:40.992Z</time>
      </trkpt>
      <trkpt lat="42.464288" lon="-71.016599">
        <ele>13.440928</ele>
        <time>2025-08-30T18:06:42.992Z</time>
      </trkpt>
      <trkpt lat="42.464279" lon="-71.016467">
        <ele>13.402274</ele>
        <time>2025-08-30T18:06:44.992Z</time>
      </trkpt>
      <trkpt lat="42.464291" lon="-71.016311">
        <ele>13.337730</ele>
        <time>2025-08-30T18:06:46.992Z</time>
      </trkpt>
      <trkpt lat="42.464283" lon="-71.016164">
        <ele>13.256837</ele>
        <time>2025-08-30T18:06:48.992Z</time>
      </trkpt>
      <trkpt lat="42.464315" lon="-71.015982">
        <ele>13.154156</ele>
        <time>2025-08-30T18:06:50.992Z</time>
      </trkpt>
      <trkpt lat="42.464353" lon="-71.015761">
        <ele>13.029619</ele>
        <time>2025-08-30T18:06:52.992Z</time>
      </trkpt>
      <trkpt lat="42.464375" lon="-71.015554">
        <ele>12.914844</ele>
        <time>2025-08-30T18:06:54.992Z</time>
      </trkpt>
      <trkpt lat="42.464403" lon="-71.015345">
        <ele>12.798267</ele>
        <time>2025-08-30T18:06:56.992Z</time>
      </trkpt>
      <trkpt lat="42.464435" lon="-71.015143">
        <ele>12.684881</ele>
        <time>2025-08-30T18:06:58.992Z</time>
      </trkpt>
      <trkpt lat="42.464449" lon="-71.014973">
        <ele>12.591005</ele>
        <time>2025-08-30T18:07:00.992Z</time>
      </trkpt>
      <trkpt lat="42.464474" lon="-71.014828">
        <ele>12.509284</ele>
        <time>2025-08-30T18:07:02.992Z</time>
      </trkpt>
      <trkpt lat="42.464490" lon="-71.014692">
        <ele>12.433703</ele>
        <time>2025-08-30T18:07:04.992Z</time>
      </trkpt>
      <trkpt lat="42.464496" lon="-71.014562">
        <ele>12.362219</ele>
        <time>2025-08-30T18:07:06.992Z</time>
      </trkpt>
      <trkpt lat="42.464495" lon="-71.014439">
        <ele>12.294712</ele>
        <time>2025-08-30T18:07:08.992Z</time>
      </trkpt>
      <trkpt lat="42.464508" lon="-71.014276">
        <ele>12.204736</ele>
        <time>2025-08-30T18:07:11.992Z</time>
      </trkpt>
      <trkpt lat="42.464519" lon="-71.014132">
        <ele>12.125285</ele>
        <time>2025-08-30T18:07:13.992Z</time>
      </trkpt>
      <trkpt lat="42.464518" lon="-71.014001">
        <ele>12.053388</ele>
        <time>2025-08-30T18:07:15.992Z</time>
      </trkpt>
      <trkpt lat="42.464528" lon="-71.013852">
        <ele>11.984228</ele>
        <time>2025-08-30T18:07:17.992Z</time>
      </trkpt>
      <trkpt lat="42.464534" lon="-71.013703">
        <ele>11.917818</ele>
        <time>2025-08-30T18:07:19.992Z</time>
      </trkpt>
      <trkpt lat="42.464539" lon="-71.013498">
        <ele>11.826534</ele>
        <time>2025-08-30T18:07:22.992Z</time>
      </trkpt>
      <trkpt lat="42.464560" lon="-71.013338">
        <ele>11.754209</ele>
        <time>2025-08-30T18:07:24.992Z</time>
      </trkpt>
      <trkpt lat="42.464582" lon="-71.013168">
        <ele>11.677396</ele>
        <time>2025-08-30T18:07:26.992Z</time>
      </trkpt>
      <trkpt lat="42.464598" lon="-71.012981">
        <ele>11.593615</ele>
        <time>2025-08-30T18:07:28.992Z</time>
      </trkpt>
      <trkpt lat="42.464606" lon="-71.012843">
        <ele>11.532010</ele>
        <time>2025-08-30T18:07:30.992Z</time>
      </trkpt>
      <trkpt lat="42.464619" lon="-71.012678">
        <ele>11.458160</ele>
        <time>2025-08-30T18:07:32.992Z</time>
      </trkpt>
      <trkpt lat="42.464620" lon="-71.012507">
        <ele>11.382055</ele>
        <time>2025-08-30T18:07:34.992Z</time>
      </trkpt>
      <trkpt lat="42.464623" lon="-71.012350">
        <ele>11.312160</ele>
        <time>2025-08-30T18:07:36.992Z</time>
      </trkpt>
      <trkpt lat="42.464634" lon="-71.012218">
        <ele>11.253040</ele>
        <time>2025-08-30T18:07:38.992Z</time>
      </trkpt>
      <trkpt lat="42.464647" lon="-71.012059">
        <ele>11.181845</ele>
        <time>2025-08-30T18:07:40.992Z</time>
      </trkpt>
      <trkpt lat="42.464659" lon="-71.011881">
        <ele>11.102297</ele>
        <time>2025-08-30T18:07:42.992Z</time>
      </trkpt>
      <trkpt lat="42.464667" lon="-71.011729">
        <ele>11.034479</ele>
        <time>2025-08-30T18:07:44.992Z</time>
      </trkpt>
      <trkpt lat="42.464658" lon="-71.011599">
        <ele>10.976369</ele>
        <time>2025-08-30T18:07:46.992Z</time>
      </trkpt>
      <trkpt lat="42.464660" lon="-71.011446">
        <ele>10.853172</ele>
        <time>2025-08-30T18:07:48.992Z</time>
      </trkpt>
      <trkpt lat="42.464674" lon="-71.011281">
        <ele>10.691492</ele>
        <time>2025-08-30T18:07:50.992Z</time>
      </trkpt>
      <trkpt lat="42.464682" lon="-71.011156">
        <ele>10.569353</ele>
        <time>2025-08-30T18:07:52.992Z</time>
      </trkpt>
      <trkpt lat="42.464663" lon="-71.010997">
        <ele>10.412556</ele>
        <time>2025-08-30T18:07:54.992Z</time>
      </trkpt>
      <trkpt lat="42.464677" lon="-71.010839">
        <ele>10.257644</ele>
        <time>2025-08-30T18:07:56.992Z</time>
      </trkpt>
      <trkpt lat="42.464675" lon="-71.010693">
        <ele>10.115494</ele>
        <time>2025-08-30T18:07:58.992Z</time>
      </trkpt>
      <trkpt lat="42.464675" lon="-71.010557">
        <ele>9.983104</ele>
        <time>2025-08-30T18:08:00.992Z</time>
      </trkpt>
      <trkpt lat="42.464615" lon="-71.010391">
        <ele>9.803156</ele>
        <time>2025-08-30T18:08:03.992Z</time>
      </trkpt>
      <trkpt lat="42.464525" lon="-71.010278">
        <ele>9.641276</ele>
        <time>2025-08-30T18:08:06.992Z</time>
      </trkpt>
      <trkpt lat="42.464416" lon="-71.010172">
        <ele>9.464255</ele>
        <time>2025-08-30T18:08:09.992Z</time>
      </trkpt>
      <trkpt lat="42.464304" lon="-71.010104">
        <ele>9.302313</ele>
        <time>2025-08-30T18:08:12.992Z</time>
      </trkpt>
      <trkpt lat="42.464202" lon="-71.010066">
        <ele>9.162724</ele>
        <time>2025-08-30T18:08:14.992Z</time>
      </trkpt>
      <trkpt lat="42.464108" lon="-71.010015">
        <ele>9.029115</ele>
        <time>2025-08-30T18:08:16.992Z</time>
      </trkpt>
      <trkpt lat="42.464021" lon="-71.009975">
        <ele>8.907887</ele>
        <time>2025-08-30T18:08:18.992Z</time>
      </trkpt>
      <trkpt lat="42.463891" lon="-71.009929">
        <ele>8.730591</ele>
        <time>2025-08-30T18:08:21.992Z</time>
      </trkpt>
      <trkpt lat="42.463790" lon="-71.009902">
        <ele>8.594745</ele>
        <time>2025-08-30T18:08:23.993Z</time>
      </trkpt>
      <trkpt lat="42.463665" lon="-71.009887">
        <ele>8.560274</ele>
        <time>2025-08-30T18:08:26.992Z</time>
      </trkpt>
      <trkpt lat="42.463544" lon="-71.009858">
        <ele>8.537972</ele>
        <time>2025-08-30T18:08:28.992Z</time>
      </trkpt>
      <trkpt lat="42.463427" lon="-71.009836">
        <ele>8.516534</ele>
        <time>2025-08-30T18:08:30.992Z</time>
      </trkpt>
      <trkpt lat="42.463296" lon="-71.009785">
        <ele>8.491796</ele>
        <time>2025-08-30T18:08:32.992Z</time>
      </trkpt>
      <trkpt lat="42.463191" lon="-71.009740">
        <ele>8.471809</ele>
        <time>2025-08-30T18:08:34.992Z</time>
      </trkpt>
      <trkpt lat="42.463078" lon="-71.009706">
        <ele>8.450801</ele>
        <time>2025-08-30T18:08:36.992Z</time>
      </trkpt>
      <trkpt lat="42.462947" lon="-71.009676">
        <ele>8.426687</ele>
        <time>2025-08-30T18:08:38.992Z</time>
      </trkpt>
      <trkpt lat="42.462838" lon="-71.009656">
        <ele>8.406724</ele>
        <time>2025-08-30T18:08:40.992Z</time>
      </trkpt>
      <trkpt lat="42.462731" lon="-71.009625">
        <ele>8.386865</ele>
        <time>2025-08-30T18:08:42.992Z</time>
      </trkpt>
      <trkpt lat="42.462631" lon="-71.009609">
        <ele>8.368589</ele>
        <time>2025-08-30T18:08:44.992Z</time>
      </trkpt>
      <trkpt lat="42.462524" lon="-71.009591">
        <ele>8.349020</ele>
        <time>2025-08-30T18:08:47.992Z</time>
      </trkpt>
      <trkpt lat="42.462495" lon="-71.009766">
        <ele>8.325004</ele>
        <time>2025-08-30T18:08:52.993Z</time>
      </trkpt>
      <trkpt lat="42.462471" lon="-71.009898">
        <ele>8.306801</ele>
        <time>2025-08-30T18:08:54.993Z</time>
      </trkpt>
      <trkpt lat="42.462487" lon="-71.009743">
        <ele>8.285845</ele>
        <time>2025-08-30T18:09:11.993Z</time>
      </trkpt>
      <trkpt lat="42.462478" lon="-71.009614">
        <ele>8.268496</ele>
        <time>2025-08-30T18:09:15.993Z</time>
      </trkpt>
      <trkpt lat="42.462392" lon="-71.009558">
        <ele>8.292099</ele>
        <time>2025-08-30T18:09:20.993Z</time>
      </trkpt>
      <trkpt lat="42.462340" lon="-71.009664">
        <ele>8.471236</ele>
        <time>2025-08-30T18:09:26.993Z</time>
      </trkpt>
      <trkpt lat="42.462321" lon="-71.009783">
        <ele>8.642575</ele>
        <time>2025-08-30T18:09:29.993Z</time>
      </trkpt>
      <trkpt lat="42.462310" lon="-71.009911">
        <ele>8.823920</ele>
        <time>2025-08-30T18:09:32.993Z</time>
      </trkpt>
      <trkpt lat="42.462290" lon="-71.010046">
        <ele>9.017690</ele>
        <time>2025-08-30T18:09:35.993Z</time>
      </trkpt>
      <trkpt lat="42.462274" lon="-71.010194">
        <ele>9.228186</ele>
        <time>2025-08-30T18:09:39.993Z</time>
      </trkpt>
      <trkpt lat="42.462265" lon="-71.010352">
        <ele>9.451192</ele>
        <time>2025-08-30T18:09:42.993Z</time>
      </trkpt>
      <trkpt lat="42.462231" lon="-71.010515">
        <ele>9.689565</ele>
        <time>2025-08-30T18:09:45.993Z</time>
      </trkpt>
      <trkpt lat="42.462232" lon="-71.010644">
        <ele>9.871109</ele>
        <time>2025-08-30T18:09:47.993Z</time>
      </trkpt>
      <trkpt lat="42.462213" lon="-71.010807">
        <ele>10.103335</ele>
        <time>2025-08-30T18:09:50.993Z</time>
      </trkpt>
      <trkpt lat="42.462187" lon="-71.010980">
        <ele>10.351789</ele>
        <time>2025-08-30T18:09:53.993Z</time>
      </trkpt>
      <trkpt lat="42.462172" lon="-71.011107">
        <ele>10.532785</ele>
        <time>2025-08-30T18:09:55.993Z</time>
      </trkpt>
      <trkpt lat="42.462136" lon="-71.011283">
        <ele>10.789804</ele>
        <time>2025-08-30T18:09:58.993Z</time>
      </trkpt>
      <trkpt lat="42.462125" lon="-71.011427">
        <ele>10.993530</ele>
        <time>2025-08-30T18:10:01.993Z</time>
      </trkpt>
      <trkpt lat="42.462084" lon="-71.011586">
        <ele>11.230557</ele>
        <time>2025-08-30T18:10:04.993Z</time>
      </trkpt>
      <trkpt lat="42.462063" lon="-71.011769">
        <ele>11.491180</ele>
        <time>2025-08-30T18:10:07.993Z</time>
      </trkpt>
      <trkpt lat="42.462035" lon="-71.011902">
        <ele>11.685844</ele>
        <time>2025-08-30T18:10:09.993Z</time>
      </trkpt>
      <trkpt lat="42.462010" lon="-71.012020">
        <ele>11.919643</ele>
        <time>2025-08-30T18:10:11.993Z</time>
      </trkpt>
      <trkpt lat="42.461967" lon="-71.012205">
        <ele>12.289025</ele>
        <time>2025-08-30T18:10:14.993Z</time>
      </trkpt>
      <trkpt lat="42.461939" lon="-71.012349">
        <ele>12.572620</ele>
        <time>2025-08-30T18:10:17.993Z</time>
      </trkpt>
      <trkpt lat="42.461881" lon="-71.012523">
        <ele>12.936237</ele>
        <time>2025-08-30T18:10:20.993Z</time>
      </trkpt>
      <trkpt lat="42.461842" lon="-71.012644">
        <ele>13.187699</ele>
        <time>2025-08-30T18:10:22.993Z</time>
      </trkpt>
      <trkpt lat="42.461792" lon="-71.012767">
        <ele>13.455145</ele>
        <time>2025-08-30T18:10:24.993Z</time>
      </trkpt>
      <trkpt lat="42.461751" lon="-71.012891">
        <ele>13.713921</ele>
        <time>2025-08-30T18:10:26.993Z</time>
      </trkpt>
      <trkpt lat="42.461693" lon="-71.012994">
        <ele>13.960684</ele>
        <time>2025-08-30T18:10:28.992Z</time>
      </trkpt>
      <trkpt lat="42.461641" lon="-71.013098">
        <ele>14.199943</ele>
        <time>2025-08-30T18:10:30.993Z</time>
      </trkpt>
      <trkpt lat="42.461586" lon="-71.013217">
        <ele>14.467366</ele>
        <time>2025-08-30T18:10:32.992Z</time>
      </trkpt>
      <trkpt lat="42.461549" lon="-71.013334">
        <ele>14.709788</ele>
        <time>2025-08-30T18:10:34.992Z</time>
      </trkpt>
      <trkpt lat="42.461498" lon="-71.013465">
        <ele>14.991869</ele>
        <time>2025-08-30T18:10:36.993Z</time>
      </trkpt>
      <trkpt lat="42.461453" lon="-71.013592">
        <ele>15.260177</ele>
        <time>2025-08-30T18:10:38.992Z</time>
      </trkpt>
      <trkpt lat="42.461397" lon="-71.013704">
        <ele>15.517841</ele>
        <time>2025-08-30T18:10:40.992Z</time>
      </trkpt>
      <trkpt lat="42.461337" lon="-71.013816">
        <ele>15.781437</ele>
        <time>2025-08-30T18:10:42.992Z</time>
      </trkpt>
      <trkpt lat="42.461260" lon="-71.013927">
        <ele>16.071599</ele>
        <time>2025-08-30T18:10:44.992Z</time>
      </trkpt>
      <trkpt lat="42.461198" lon="-71.014037">
        <ele>16.324524</ele>
        <time>2025-08-30T18:10:46.992Z</time>
      </trkpt>
      <trkpt lat="42.461135" lon="-71.014149">
        <ele>16.147688</ele>
        <time>2025-08-30T18:10:48.992Z</time>
      </trkpt>
      <trkpt lat="42.461066" lon="-71.014264">
        <ele>15.961574</ele>
        <time>2025-08-30T18:10:50.992Z</time>
      </trkpt>
      <trkpt lat="42.460964" lon="-71.014400">
        <ele>15.718072</ele>
        <time>2025-08-30T18:10:53.992Z</time>
      </trkpt>
      <trkpt lat="42.460881" lon="-71.014499">
        <ele>15.529911</ele>
        <time>2025-08-30T18:10:56.992Z</time>
      </trkpt>
      <trkpt lat="42.460798" lon="-71.014568">
        <ele>15.364202</ele>
        <time>2025-08-30T18:10:59.992Z</time>
      </trkpt>
      <trkpt lat="42.460707" lon="-71.014623">
        <ele>15.194630</ele>
        <time>2025-08-30T18:11:05.992Z</time>
      </trkpt>
      <trkpt lat="42.460630" lon="-71.014717">
        <ele>15.018270</ele>
        <time>2025-08-30T18:11:09.992Z</time>
      </trkpt>
      <trkpt lat="42.460564" lon="-71.014802">
        <ele>14.863328</ele>
        <time>2025-08-30T18:11:13.992Z</time>
      </trkpt>
      <trkpt lat="42.460481" lon="-71.014916">
        <ele>14.662227</ele>
        <time>2025-08-30T18:11:16.992Z</time>
      </trkpt>
      <trkpt lat="42.460377" lon="-71.015040">
        <ele>14.426497</ele>
        <time>2025-08-30T18:11:19.992Z</time>
      </trkpt>
      <trkpt lat="42.460298" lon="-71.015145">
        <ele>14.238195</ele>
        <time>2025-08-30T18:11:22.992Z</time>
      </trkpt>
      <trkpt lat="42.460222" lon="-71.015245">
        <ele>14.057932</ele>
        <time>2025-08-30T18:11:26.992Z</time>
      </trkpt>
      <trkpt lat="42.460109" lon="-71.015318">
        <ele>13.844891</ele>
        <time>2025-08-30T18:11:28.992Z</time>
      </trkpt>
      <trkpt lat="42.460018" lon="-71.015380">
        <ele>13.671553</ele>
        <time>2025-08-30T18:11:29.992Z</time>
      </trkpt>
      <trkpt lat="42.459908" lon="-71.015460">
        <ele>13.459098</ele>
        <time>2025-08-30T18:11:31.992Z</time>
      </trkpt>
      <trkpt lat="42.459817" lon="-71.015553">
        <ele>13.266301</ele>
        <time>2025-08-30T18:11:33.992Z</time>
      </trkpt>
      <trkpt lat="42.459730" lon="-71.015596">
        <ele>13.181861</ele>
        <time>2025-08-30T18:11:35.992Z</time>
      </trkpt>
      <trkpt lat="42.459623" lon="-71.015676">
        <ele>13.070435</ele>
        <time>2025-08-30T18:11:38.992Z</time>
      </trkpt>
      <trkpt lat="42.459524" lon="-71.015728">
        <ele>12.973621</ele>
        <time>2025-08-30T18:11:40.992Z</time>
      </trkpt>
      <trkpt lat="42.459446" lon="-71.015793">
        <ele>12.890130</ele>
        <time>2025-08-30T18:11:42.992Z</time>
      </trkpt>
      <trkpt lat="42.459367" lon="-71.015892">
        <ele>12.792024</ele>
        <time>2025-08-30T18:11:44.992Z</time>
      </trkpt>
      <trkpt lat="42.459288" lon="-71.015964">
        <ele>12.705218</ele>
        <time>2025-08-30T18:11:46.992Z</time>
      </trkpt>
      <trkpt lat="42.459192" lon="-71.016056">
        <ele>12.598011</ele>
        <time>2025-08-30T18:11:48.992Z</time>
      </trkpt>
      <trkpt lat="42.459079" lon="-71.016113">
        <ele>12.488068</ele>
        <time>2025-08-30T18:11:50.992Z</time>
      </trkpt>
      <trkpt lat="42.458996" lon="-71.016163">
        <ele>12.405247</ele>
        <time>2025-08-30T18:11:52.992Z</time>
      </trkpt>
      <trkpt lat="42.458871" lon="-71.016237">
        <ele>12.280868</ele>
        <time>2025-08-30T18:11:55.992Z</time>
      </trkpt>
      <trkpt lat="42.458758" lon="-71.016259">
        <ele>12.176772</ele>
        <time>2025-08-30T18:11:57.992Z</time>
      </trkpt>
      <trkpt lat="42.458651" lon="-71.016340">
        <ele>12.065018</ele>
        <time>2025-08-30T18:12:00.992Z</time>
      </trkpt>
      <trkpt lat="42.458560" lon="-71.016383">
        <ele>11.977142</ele>
        <time>2025-08-30T18:12:02.992Z</time>
      </trkpt>
      <trkpt lat="42.458470" lon="-71.016403">
        <ele>11.893980</ele>
        <time>2025-08-30T18:12:04.992Z</time>
      </trkpt>
      <trkpt lat="42.458366" lon="-71.016480">
        <ele>11.785922</ele>
        <time>2025-08-30T18:12:07.992Z</time>
      </trkpt>
      <trkpt lat="42.458278" lon="-71.016510">
        <ele>11.703180</ele>
        <time>2025-08-30T18:12:09.992Z</time>
      </trkpt>
      <trkpt lat="42.458146" lon="-71.016591">
        <ele>11.658315</ele>
        <time>2025-08-30T18:12:12.992Z</time>
      </trkpt>
      <trkpt lat="42.458003" lon="-71.016651">
        <ele>11.732645</ele>
        <time>2025-08-30T18:12:15.992Z</time>
      </trkpt>
      <trkpt lat="42.457884" lon="-71.016662">
        <ele>11.791870</ele>
        <time>2025-08-30T18:12:18.992Z</time>
      </trkpt>
      <trkpt lat="42.457792" lon="-71.016700">
        <ele>11.839625</ele>
        <time>2025-08-30T18:12:20.992Z</time>
      </trkpt>
      <trkpt lat="42.457689" lon="-71.016730">
        <ele>11.891936</ele>
        <time>2025-08-30T18:12:22.992Z</time>
      </trkpt>
      <trkpt lat="42.457585" lon="-71.016734">
        <ele>11.943597</ele>
        <time>2025-08-30T18:12:24.992Z</time>
      </trkpt>
      <trkpt lat="42.457459" lon="-71.016755">
        <ele>12.006632</ele>
        <time>2025-08-30T18:12:26.992Z</time>
      </trkpt>
      <trkpt lat="42.457355" lon="-71.016776">
        <ele>12.058842</ele>
        <time>2025-08-30T18:12:28.992Z</time>
      </trkpt>
      <trkpt lat="42.457217" lon="-71.016794">
        <ele>12.127681</ele>
        <time>2025-08-30T18:12:31.992Z</time>
      </trkpt>
      <trkpt lat="42.457121" lon="-71.016820">
        <ele>12.176291</ele>
        <time>2025-08-30T18:12:33.993Z</time>
      </trkpt>
      <trkpt lat="42.457028" lon="-71.016835">
        <ele>12.222795</ele>
        <time>2025-08-30T18:12:35.992Z</time>
      </trkpt>
      <trkpt lat="42.456935" lon="-71.016861">
        <ele>12.269946</ele>
        <time>2025-08-30T18:12:37.993Z</time>
      </trkpt>
      <trkpt lat="42.456803" lon="-71.016853">
        <ele>12.335554</ele>
        <time>2025-08-30T18:12:40.993Z</time>
      </trkpt>
      <trkpt lat="42.456682" lon="-71.016859">
        <ele>12.395676</ele>
        <time>2025-08-30T18:12:43.992Z</time>
      </trkpt>
      <trkpt lat="42.456568" lon="-71.016858">
        <ele>12.452282</ele>
        <time>2025-08-30T18:12:46.992Z</time>
      </trkpt>
      <trkpt lat="42.456444" lon="-71.016823">
        <ele>12.515174</ele>
        <time>2025-08-30T18:12:49.992Z</time>
      </trkpt>
      <trkpt lat="42.456341" lon="-71.016806">
        <ele>12.431211</ele>
        <time>2025-08-30T18:12:52.992Z</time>
      </trkpt>
      <trkpt lat="42.456219" lon="-71.016800">
        <ele>12.313476</ele>
        <time>2025-08-30T18:12:56.992Z</time>
      </trkpt>
      <trkpt lat="42.456075" lon="-71.016800">
        <ele>12.174601</ele>
        <time>2025-08-30T18:12:59.992Z</time>
      </trkpt>
      <trkpt lat="42.455947" lon="-71.016801">
        <ele>12.051155</ele>
        <time>2025-08-30T18:13:02.992Z</time>
      </trkpt>
      <trkpt lat="42.455851" lon="-71.016804">
        <ele>11.958547</ele>
        <time>2025-08-30T18:13:04.992Z</time>
      </trkpt>
      <trkpt lat="42.455760" lon="-71.016799">
        <ele>11.870714</ele>
        <time>2025-08-30T18:13:06.992Z</time>
      </trkpt>
      <trkpt lat="42.455612" lon="-71.016788">
        <ele>11.727767</ele>
        <time>2025-08-30T18:13:09.992Z</time>
      </trkpt>
      <trkpt lat="42.455519" lon="-71.016772">
        <ele>11.637357</ele>
        <time>2025-08-30T18:13:11.992Z</time>
      </trkpt>
      <trkpt lat="42.455397" lon="-71.016780">
        <ele>11.519561</ele>
        <time>2025-08-30T18:13:14.992Z</time>
      </trkpt>
      <trkpt lat="42.455280" lon="-71.016722">
        <ele>11.399415</ele>
        <time>2025-08-30T18:13:17.992Z</time>
      </trkpt>
      <trkpt lat="42.455165" lon="-71.016693">
        <ele>11.286605</ele>
        <time>2025-08-30T18:13:20.992Z</time>
      </trkpt>
      <trkpt lat="42.455043" lon="-71.016675">
        <ele>11.168252</ele>
        <time>2025-08-30T18:13:23.992Z</time>
      </trkpt>
      <trkpt lat="42.454911" lon="-71.016594">
        <ele>11.028510</ele>
        <time>2025-08-30T18:13:26.992Z</time>
      </trkpt>
      <trkpt lat="42.454813" lon="-71.016546">
        <ele>10.928016</ele>
        <time>2025-08-30T18:13:28.992Z</time>
      </trkpt>
      <trkpt lat="42.454671" lon="-71.016478">
        <ele>10.792269</ele>
        <time>2025-08-30T18:13:30.992Z</time>
      </trkpt>
      <trkpt lat="42.454378" lon="-71.016367">
        <ele>11.357155</ele>
        <time>2025-08-30T18:13:34.992Z</time>
      </trkpt>
      <trkpt lat="42.454247" lon="-71.016298">
        <ele>11.618113</ele>
        <time>2025-08-30T18:13:36.992Z</time>
      </trkpt>
      <trkpt lat="42.454102" lon="-71.016247">
        <ele>11.896262</ele>
        <time>2025-08-30T18:13:38.992Z</time>
      </trkpt>
      <trkpt lat="42.453982" lon="-71.016199">
        <ele>12.128576</ele>
        <time>2025-08-30T18:13:40.992Z</time>
      </trkpt>
      <trkpt lat="42.453869" lon="-71.016176">
        <ele>12.340743</ele>
        <time>2025-08-30T18:13:42.992Z</time>
      </trkpt>
      <trkpt lat="42.453754" lon="-71.016157">
        <ele>12.555852</ele>
        <time>2025-08-30T18:13:44.992Z</time>
      </trkpt>
      <trkpt lat="42.453637" lon="-71.016145">
        <ele>12.773715</ele>
        <time>2025-08-30T18:13:46.992Z</time>
      </trkpt>
      <trkpt lat="42.453530" lon="-71.016139">
        <ele>12.972559</ele>
        <time>2025-08-30T18:13:48.992Z</time>
      </trkpt>
      <trkpt lat="42.453410" lon="-71.016100">
        <ele>13.201688</ele>
        <time>2025-08-30T18:13:51.992Z</time>
      </trkpt>
      <trkpt lat="42.453288" lon="-71.016062">
        <ele>13.434118</ele>
        <time>2025-08-30T18:13:54.992Z</time>
      </trkpt>
      <trkpt lat="42.453177" lon="-71.016053">
        <ele>13.640588</ele>
        <time>2025-08-30T18:13:57.992Z</time>
      </trkpt>
      <trkpt lat="42.453057" lon="-71.016039">
        <ele>13.864224</ele>
        <time>2025-08-30T18:14:00.992Z</time>
      </trkpt>
      <trkpt lat="42.452937" lon="-71.016020">
        <ele>14.088552</ele>
        <time>2025-08-30T18:14:03.992Z</time>
      </trkpt>
      <trkpt lat="42.452822" lon="-71.016011">
        <ele>14.099881</ele>
        <time>2025-08-30T18:14:05.992Z</time>
      </trkpt>
      <trkpt lat="42.452700" lon="-71.015978">
        <ele>14.066162</ele>
        <time>2025-08-30T18:14:07.992Z</time>
      </trkpt>
      <trkpt lat="42.452595" lon="-71.015969">
        <ele>14.037645</ele>
        <time>2025-08-30T18:14:09.992Z</time>
      </trkpt>
      <trkpt lat="42.452498" lon="-71.015947">
        <ele>14.010988</ele>
        <time>2025-08-30T18:14:11.992Z</time>
      </trkpt>
      <trkpt lat="42.452382" lon="-71.015878">
        <ele>13.976652</ele>
        <time>2025-08-30T18:14:13.992Z</time>
      </trkpt>
      <trkpt lat="42.452273" lon="-71.015842">
        <ele>13.946244</ele>
        <time>2025-08-30T18:14:15.992Z</time>
      </trkpt>
      <trkpt lat="42.452163" lon="-71.015813">
        <ele>13.915870</ele>
        <time>2025-08-30T18:14:17.992Z</time>
      </trkpt>
      <trkpt lat="42.452039" lon="-71.015793">
        <ele>13.882023</ele>
        <time>2025-08-30T18:14:21.992Z</time>
      </trkpt>
      <trkpt lat="42.451911" lon="-71.015747">
        <ele>13.846131</ele>
        <time>2025-08-30T18:14:23.992Z</time>
      </trkpt>
      <trkpt lat="42.451813" lon="-71.015720">
        <ele>13.819025</ele>
        <time>2025-08-30T18:14:25.992Z</time>
      </trkpt>
      <trkpt lat="42.451724" lon="-71.015659">
        <ele>13.791993</ele>
        <time>2025-08-30T18:14:27.992Z</time>
      </trkpt>
      <trkpt lat="42.451636" lon="-71.015626">
        <ele>13.767245</ele>
        <time>2025-08-30T18:14:29.992Z</time>
      </trkpt>
      <trkpt lat="42.451514" lon="-71.015585">
        <ele>13.733176</ele>
        <time>2025-08-30T18:14:32.992Z</time>
      </trkpt>
      <trkpt lat="42.451383" lon="-71.015508">
        <ele>13.694474</ele>
        <time>2025-08-30T18:14:35.992Z</time>
      </trkpt>
      <trkpt lat="42.451297" lon="-71.015440">
        <ele>13.667487</ele>
        <time>2025-08-30T18:14:37.992Z</time>
      </trkpt>
      <trkpt lat="42.451187" lon="-71.015424">
        <ele>13.639791</ele>
        <time>2025-08-30T18:14:40.992Z</time>
      </trkpt>
      <trkpt lat="42.451095" lon="-71.015431">
        <ele>13.700174</ele>
        <time>2025-08-30T18:14:42.992Z</time>
      </trkpt>
      <trkpt lat="42.451016" lon="-71.015496">
        <ele>13.760737</ele>
        <time>2025-08-30T18:14:45.992Z</time>
      </trkpt>
      <trkpt lat="42.450919" lon="-71.015487">
        <ele>13.824451</ele>
        <time>2025-08-30T18:14:48.992Z</time>
      </trkpt>
      <trkpt lat="42.450827" lon="-71.015402">
        <ele>13.897415</ele>
        <time>2025-08-30T18:14:50.993Z</time>
      </trkpt>
      <trkpt lat="42.450711" lon="-71.015340">
        <ele>13.979129</ele>
        <time>2025-08-30T18:14:53.992Z</time>
      </trkpt>
      <trkpt lat="42.450578" lon="-71.015323">
        <ele>14.066672</ele>
        <time>2025-08-30T18:14:56.992Z</time>
      </trkpt>
      <trkpt lat="42.450460" lon="-71.015264">
        <ele>14.149093</ele>
        <time>2025-08-30T18:14:59.992Z</time>
      </trkpt>
      <trkpt lat="42.450351" lon="-71.015236">
        <ele>14.221793</ele>
        <time>2025-08-30T18:15:01.992Z</time>
      </trkpt>
      <trkpt lat="42.450229" lon="-71.015214">
        <ele>14.302445</ele>
        <time>2025-08-30T18:15:04.992Z</time>
      </trkpt>
      <trkpt lat="42.450138" lon="-71.015186">
        <ele>14.363596</ele>
        <time>2025-08-30T18:15:06.993Z</time>
      </trkpt>
      <trkpt lat="42.450014" lon="-71.015161">
        <ele>14.445748</ele>
        <time>2025-08-30T18:15:09.993Z</time>
      </trkpt>
      <trkpt lat="42.449907" lon="-71.015140">
        <ele>14.516598</ele>
        <time>2025-08-30T18:15:12.993Z</time>
      </trkpt>
      <trkpt lat="42.449812" lon="-71.015124">
        <ele>14.579331</ele>
        <time>2025-08-30T18:15:14.993Z</time>
      </trkpt>
      <trkpt lat="42.449713" lon="-71.015120">
        <ele>14.644235</ele>
        <time>2025-08-30T18:15:16.993Z</time>
      </trkpt>
      <trkpt lat="42.449611" lon="-71.015103">
        <ele>14.711580</ele>
        <time>2025-08-30T18:15:18.993Z</time>
      </trkpt>
      <trkpt lat="42.449499" lon="-71.015080">
        <ele>14.785812</ele>
        <time>2025-08-30T18:15:20.993Z</time>
      </trkpt>
      <trkpt lat="42.449397" lon="-71.015067">
        <ele>14.940275</ele>
        <time>2025-08-30T18:15:22.993Z</time>
      </trkpt>
      <trkpt lat="42.449301" lon="-71.015060">
        <ele>15.155622</ele>
        <time>2025-08-30T18:15:24.993Z</time>
      </trkpt>
      <trkpt lat="42.449201" lon="-71.015034">
        <ele>15.383704</ele>
        <time>2025-08-30T18:15:26.993Z</time>
      </trkpt>
      <trkpt lat="42.449111" lon="-71.015023">
        <ele>15.586118</ele>
        <time>2025-08-30T18:15:28.993Z</time>
      </trkpt>
      <trkpt lat="42.449001" lon="-71.014976">
        <ele>15.844470</ele>
        <time>2025-08-30T18:15:31.993Z</time>
      </trkpt>
      <trkpt lat="42.448902" lon="-71.014973">
        <ele>16.066282</ele>
        <time>2025-08-30T18:15:34.993Z</time>
      </trkpt>
      <trkpt lat="42.448804" lon="-71.014943">
        <ele>16.291329</ele>
        <time>2025-08-30T18:15:37.993Z</time>
      </trkpt>
      <trkpt lat="42.448709" lon="-71.014919">
        <ele>16.507791</ele>
        <time>2025-08-30T18:15:40.993Z</time>
      </trkpt>
      <trkpt lat="42.448596" lon="-71.014908">
        <ele>16.761559</ele>
        <time>2025-08-30T18:15:43.993Z</time>
      </trkpt>
      <trkpt lat="42.448504" lon="-71.014894">
        <ele>16.968930</ele>
        <time>2025-08-30T18:15:45.993Z</time>
      </trkpt>
      <trkpt lat="42.448403" lon="-71.014909">
        <ele>17.196521</ele>
        <time>2025-08-30T18:15:48.993Z</time>
      </trkpt>
      <trkpt lat="42.448288" lon="-71.014900">
        <ele>17.454546</ele>
        <time>2025-08-30T18:15:51.993Z</time>
      </trkpt>
      <trkpt lat="42.448152" lon="-71.014923">
        <ele>17.761544</ele>
        <time>2025-08-30T18:15:54.993Z</time>
      </trkpt>
      <trkpt lat="42.448055" lon="-71.014928">
        <ele>17.978977</ele>
        <time>2025-08-30T18:15:56.993Z</time>
      </trkpt>
      <trkpt lat="42.447930" lon="-71.014920">
        <ele>18.259284</ele>
        <time>2025-08-30T18:15:58.993Z</time>
      </trkpt>
      <trkpt lat="42.447828" lon="-71.014944">
        <ele>18.491179</ele>
        <time>2025-08-30T18:16:01.993Z</time>
      </trkpt>
      <trkpt lat="42.447691" lon="-71.014919">
        <ele>18.800823</ele>
        <time>2025-08-30T18:16:03.993Z</time>
      </trkpt>
      <trkpt lat="42.447589" lon="-71.014927">
        <ele>18.623183</ele>
        <time>2025-08-30T18:16:05.993Z</time>
      </trkpt>
      <trkpt lat="42.447471" lon="-71.014943">
        <ele>18.301814</ele>
        <time>2025-08-30T18:16:08.993Z</time>
      </trkpt>
      <trkpt lat="42.447363" lon="-71.014952">
        <ele>18.008587</ele>
        <time>2025-08-30T18:16:10.993Z</time>
      </trkpt>
      <trkpt lat="42.447265" lon="-71.014962">
        <ele>17.742261</ele>
        <time>2025-08-30T18:16:12.993Z</time>
      </trkpt>
      <trkpt lat="42.447149" lon="-71.014969">
        <ele>17.427597</ele>
        <time>2025-08-30T18:16:15.993Z</time>
      </trkpt>
      <trkpt lat="42.447032" lon="-71.014981">
        <ele>17.109627</ele>
        <time>2025-08-30T18:16:17.993Z</time>
      </trkpt>
      <trkpt lat="42.446913" lon="-71.014998">
        <ele>16.785357</ele>
        <time>2025-08-30T18:16:20.993Z</time>
      </trkpt>
      <trkpt lat="42.446795" lon="-71.014991">
        <ele>16.465278</ele>
        <time>2025-08-30T18:16:23.993Z</time>
      </trkpt>
      <trkpt lat="42.446692" lon="-71.014952">
        <ele>16.175464</ele>
        <time>2025-08-30T18:16:26.993Z</time>
      </trkpt>
      <trkpt lat="42.446584" lon="-71.014926">
        <ele>15.878208</ele>
        <time>2025-08-30T18:16:29.993Z</time>
      </trkpt>
      <trkpt lat="42.446489" lon="-71.014912">
        <ele>15.619246</ele>
        <time>2025-08-30T18:16:30.993Z</time>
      </trkpt>
      <trkpt lat="42.446333" lon="-71.014893">
        <ele>15.194791</ele>
        <time>2025-08-30T18:16:32.993Z</time>
      </trkpt>
      <trkpt lat="42.446160" lon="-71.014868">
        <ele>14.723314</ele>
        <time>2025-08-30T18:16:34.993Z</time>
      </trkpt>
      <trkpt lat="42.446068" lon="-71.014856">
        <ele>14.472847</ele>
        <time>2025-08-30T18:16:35.993Z</time>
      </trkpt>
      <trkpt lat="42.445929" lon="-71.014821">
        <ele>14.089718</ele>
        <time>2025-08-30T18:16:37.993Z</time>
      </trkpt>
      <trkpt lat="42.445760" lon="-71.014820">
        <ele>13.919156</ele>
        <time>2025-08-30T18:16:39.993Z</time>
      </trkpt>
      <trkpt lat="42.445652" lon="-71.014801">
        <ele>13.873679</ele>
        <time>2025-08-30T18:16:41.993Z</time>
      </trkpt>
      <trkpt lat="42.445500" lon="-71.014799">
        <ele>13.810205</ele>
        <time>2025-08-30T18:16:43.993Z</time>
      </trkpt>
      <trkpt lat="42.445383" lon="-71.014802">
        <ele>13.761339</ele>
        <time>2025-08-30T18:16:45.993Z</time>
      </trkpt>
      <trkpt lat="42.445267" lon="-71.014795">
        <ele>13.712852</ele>
        <time>2025-08-30T18:16:47.993Z</time>
      </trkpt>
      <trkpt lat="42.445176" lon="-71.014768">
        <ele>13.673952</ele>
        <time>2025-08-30T18:16:49.993Z</time>
      </trkpt>
      <trkpt lat="42.445073" lon="-71.014817">
        <ele>13.628368</ele>
        <time>2025-08-30T18:16:52.992Z</time>
      </trkpt>
      <trkpt lat="42.444958" lon="-71.014824">
        <ele>13.580299</ele>
        <time>2025-08-30T18:16:55.993Z</time>
      </trkpt>
      <trkpt lat="42.444842" lon="-71.014843">
        <ele>13.531507</ele>
        <time>2025-08-30T18:16:58.992Z</time>
      </trkpt>
      <trkpt lat="42.444742" lon="-71.014848">
        <ele>13.489721</ele>
        <time>2025-08-30T18:17:00.992Z</time>
      </trkpt>
      <trkpt lat="42.444642" lon="-71.014870">
        <ele>13.447416</ele>
        <time>2025-08-30T18:17:02.992Z</time>
      </trkpt>
      <trkpt lat="42.444505" lon="-71.014882">
        <ele>13.390088</ele>
        <time>2025-08-30T18:17:05.992Z</time>
      </trkpt>
      <trkpt lat="42.444398" lon="-71.014905">
        <ele>13.344849</ele>
        <time>2025-08-30T18:17:07.993Z</time>
      </trkpt>
      <trkpt lat="42.444277" lon="-71.014906">
        <ele>13.294321</ele>
        <time>2025-08-30T18:17:09.993Z</time>
      </trkpt>
      <trkpt lat="42.444123" lon="-71.014891">
        <ele>13.229848</ele>
        <time>2025-08-30T18:17:11.993Z</time>
      </trkpt>
      <trkpt lat="42.443977" lon="-71.014871">
        <ele>13.049279</ele>
        <time>2025-08-30T18:17:13.993Z</time>
      </trkpt>
      <trkpt lat="42.443842" lon="-71.014868">
        <ele>12.863227</ele>
        <time>2025-08-30T18:17:15.993Z</time>
      </trkpt>
      <trkpt lat="42.443693" lon="-71.014856">
        <ele>12.657546</ele>
        <time>2025-08-30T18:17:17.993Z</time>
      </trkpt>
      <trkpt lat="42.443550" lon="-71.014840">
        <ele>12.459825</ele>
        <time>2025-08-30T18:17:19.993Z</time>
      </trkpt>
      <trkpt lat="42.443417" lon="-71.014827">
        <ele>12.276078</ele>
        <time>2025-08-30T18:17:21.993Z</time>
      </trkpt>
      <trkpt lat="42.443294" lon="-71.014829">
        <ele>12.106575</ele>
        <time>2025-08-30T18:17:23.993Z</time>
      </trkpt>
      <trkpt lat="42.443188" lon="-71.014851">
        <ele>11.958806</ele>
        <time>2025-08-30T18:17:25.993Z</time>
      </trkpt>
      <trkpt lat="42.443063" lon="-71.014837">
        <ele>11.785972</ele>
        <time>2025-08-30T18:17:27.993Z</time>
      </trkpt>
      <trkpt lat="42.442949" lon="-71.014829">
        <ele>11.628672</ele>
        <time>2025-08-30T18:17:29.993Z</time>
      </trkpt>
      <trkpt lat="42.442846" lon="-71.014831">
        <ele>11.486726</ele>
        <time>2025-08-30T18:17:31.993Z</time>
      </trkpt>
      <trkpt lat="42.442700" lon="-71.014830">
        <ele>11.285539</ele>
        <time>2025-08-30T18:17:34.993Z</time>
      </trkpt>
      <trkpt lat="42.442560" lon="-71.014844">
        <ele>11.092098</ele>
        <time>2025-08-30T18:17:37.993Z</time>
      </trkpt>
      <trkpt lat="42.442454" lon="-71.014826">
        <ele>10.944890</ele>
        <time>2025-08-30T18:17:39.993Z</time>
      </trkpt>
      <trkpt lat="42.442329" lon="-71.014830">
        <ele>10.772595</ele>
        <time>2025-08-30T18:17:42.993Z</time>
      </trkpt>
      <trkpt lat="42.442229" lon="-71.014835">
        <ele>10.758370</ele>
        <time>2025-08-30T18:17:44.993Z</time>
      </trkpt>
      <trkpt lat="42.442093" lon="-71.014840">
        <ele>10.787069</ele>
        <time>2025-08-30T18:17:47.993Z</time>
      </trkpt>
      <trkpt lat="42.441956" lon="-71.014858">
        <ele>10.816104</ele>
        <time>2025-08-30T18:17:50.993Z</time>
      </trkpt>
      <trkpt lat="42.441859" lon="-71.014864">
        <ele>10.836588</ele>
        <time>2025-08-30T18:17:53.993Z</time>
      </trkpt>
      <trkpt lat="42.441768" lon="-71.014870">
        <ele>10.855806</ele>
        <time>2025-08-30T18:17:56.993Z</time>
      </trkpt>
      <trkpt lat="42.441679" lon="-71.014845">
        <ele>10.874980</ele>
        <time>2025-08-30T18:18:01.993Z</time>
      </trkpt>
      <trkpt lat="42.441571" lon="-71.014795">
        <ele>10.899055</ele>
        <time>2025-08-30T18:18:09.993Z</time>
      </trkpt>
      <trkpt lat="42.441481" lon="-71.014743">
        <ele>10.919694</ele>
        <time>2025-08-30T18:18:13.993Z</time>
      </trkpt>
      <trkpt lat="42.441404" lon="-71.014808">
        <ele>10.938831</ele>
        <time>2025-08-30T18:18:16.993Z</time>
      </trkpt>
      <trkpt lat="42.441306" lon="-71.014817">
        <ele>10.959551</ele>
        <time>2025-08-30T18:18:19.993Z</time>
      </trkpt>
      <trkpt lat="42.441176" lon="-71.014815">
        <ele>10.986976</ele>
        <time>2025-08-30T18:18:22.993Z</time>
      </trkpt>
      <trkpt lat="42.441082" lon="-71.014830">
        <ele>11.006942</ele>
        <time>2025-08-30T18:18:24.993Z</time>
      </trkpt>
      <trkpt lat="42.440962" lon="-71.014833">
        <ele>11.032260</ele>
        <time>2025-08-30T18:18:26.993Z</time>
      </trkpt>
      <trkpt lat="42.440856" lon="-71.014826">
        <ele>11.054647</ele>
        <time>2025-08-30T18:18:28.993Z</time>
      </trkpt>
      <trkpt lat="42.440742" lon="-71.014825">
        <ele>11.078695</ele>
        <time>2025-08-30T18:18:31.993Z</time>
      </trkpt>
      <trkpt lat="42.440615" lon="-71.014819">
        <ele>11.105501</ele>
        <time>2025-08-30T18:18:34.993Z</time>
      </trkpt>
      <trkpt lat="42.440504" lon="-71.014816">
        <ele>11.027662</ele>
        <time>2025-08-30T18:18:36.993Z</time>
      </trkpt>
      <trkpt lat="42.440389" lon="-71.014809">
        <ele>10.726331</ele>
        <time>2025-08-30T18:18:38.993Z</time>
      </trkpt>
      <trkpt lat="42.440283" lon="-71.014808">
        <ele>10.448856</ele>
        <time>2025-08-30T18:18:40.993Z</time>
      </trkpt>
      <trkpt lat="42.440187" lon="-71.014809">
        <ele>10.197556</ele>
        <time>2025-08-30T18:18:42.993Z</time>
      </trkpt>
      <trkpt lat="42.440089" lon="-71.014819">
        <ele>9.940303</ele>
        <time>2025-08-30T18:18:44.993Z</time>
      </trkpt>
      <trkpt lat="42.439964" lon="-71.014824">
        <ele>9.612957</ele>
        <time>2025-08-30T18:18:46.993Z</time>
      </trkpt>
      <trkpt lat="42.439837" lon="-71.014858">
        <ele>9.274092</ele>
        <time>2025-08-30T18:18:49.993Z</time>
      </trkpt>
      <trkpt lat="42.439704" lon="-71.014884">
        <ele>8.922343</ele>
        <time>2025-08-30T18:18:52.992Z</time>
      </trkpt>
      <trkpt lat="42.439581" lon="-71.014908">
        <ele>8.597054</ele>
        <time>2025-08-30T18:18:54.993Z</time>
      </trkpt>
      <trkpt lat="42.439470" lon="-71.014945">
        <ele>8.297835</ele>
        <time>2025-08-30T18:18:56.993Z</time>
      </trkpt>
      <trkpt lat="42.439379" lon="-71.014972">
        <ele>8.053988</ele>
        <time>2025-08-30T18:18:58.993Z</time>
      </trkpt>
      <trkpt lat="42.439263" lon="-71.015005">
        <ele>7.743723</ele>
        <time>2025-08-30T18:19:00.993Z</time>
      </trkpt>
      <trkpt lat="42.439136" lon="-71.015057">
        <ele>7.396439</ele>
        <time>2025-08-30T18:19:02.993Z</time>
      </trkpt>
      <trkpt lat="42.438989" lon="-71.015091">
        <ele>7.006083</ele>
        <time>2025-08-30T18:19:04.993Z</time>
      </trkpt>
      <trkpt lat="42.438858" lon="-71.015133">
        <ele>6.653705</ele>
        <time>2025-08-30T18:19:06.993Z</time>
      </trkpt>
      <trkpt lat="42.438743" lon="-71.015185">
        <ele>6.423394</ele>
        <time>2025-08-30T18:19:08.993Z</time>
      </trkpt>
      <trkpt lat="42.438631" lon="-71.015233">
        <ele>6.464222</ele>
        <time>2025-08-30T18:19:10.993Z</time>
      </trkpt>
      <trkpt lat="42.438530" lon="-71.015290">
        <ele>6.502249</ele>
        <time>2025-08-30T18:19:12.993Z</time>
      </trkpt>
      <trkpt lat="42.438418" lon="-71.015358">
        <ele>6.544905</ele>
        <time>2025-08-30T18:19:14.993Z</time>
      </trkpt>
      <trkpt lat="42.438314" lon="-71.015426">
        <ele>6.585040</ele>
        <time>2025-08-30T18:19:16.993Z</time>
      </trkpt>
      <trkpt lat="42.438222" lon="-71.015489">
        <ele>6.620867</ele>
        <time>2025-08-30T18:19:18.993Z</time>
      </trkpt>
      <trkpt lat="42.438130" lon="-71.015557">
        <ele>6.657291</ele>
        <time>2025-08-30T18:19:20.993Z</time>
      </trkpt>
      <trkpt lat="42.438043" lon="-71.015620">
        <ele>6.691576</ele>
        <time>2025-08-30T18:19:22.993Z</time>
      </trkpt>
      <trkpt lat="42.437955" lon="-71.015706">
        <ele>6.729287</ele>
        <time>2025-08-30T18:19:24.993Z</time>
      </trkpt>
      <trkpt lat="42.437872" lon="-71.015777">
        <ele>6.763402</ele>
        <time>2025-08-30T18:19:26.993Z</time>
      </trkpt>
      <trkpt lat="42.437789" lon="-71.015867">
        <ele>6.800350</ele>
        <time>2025-08-30T18:19:28.993Z</time>
      </trkpt>
      <trkpt lat="42.437721" lon="-71.015962">
        <ele>6.834297</ele>
        <time>2025-08-30T18:19:30.993Z</time>
      </trkpt>
      <trkpt lat="42.437626" lon="-71.016104">
        <ele>6.883459</ele>
        <time>2025-08-30T18:19:33.993Z</time>
      </trkpt>
      <trkpt lat="42.437576" lon="-71.016214">
        <ele>6.916597</ele>
        <time>2025-08-30T18:19:35.993Z</time>
      </trkpt>
      <trkpt lat="42.437513" lon="-71.016304">
        <ele>6.948415</ele>
        <time>2025-08-30T18:19:37.993Z</time>
      </trkpt>
      <trkpt lat="42.437462" lon="-71.016408">
        <ele>6.980444</ele>
        <time>2025-08-30T18:19:39.993Z</time>
      </trkpt>
      <trkpt lat="42.437382" lon="-71.016522">
        <ele>7.020795</ele>
        <time>2025-08-30T18:19:41.993Z</time>
      </trkpt>
      <trkpt lat="42.437323" lon="-71.016644">
        <ele>6.973274</ele>
        <time>2025-08-30T18:19:43.993Z</time>
      </trkpt>
      <trkpt lat="42.437258" lon="-71.016761">
        <ele>6.850300</ele>
        <time>2025-08-30T18:19:45.993Z</time>
      </trkpt>
      <trkpt lat="42.437193" lon="-71.016884">
        <ele>6.723264</ele>
        <time>2025-08-30T18:19:47.993Z</time>
      </trkpt>
      <trkpt lat="42.437115" lon="-71.016995">
        <ele>6.594560</ele>
        <time>2025-08-30T18:19:49.993Z</time>
      </trkpt>
      <trkpt lat="42.437067" lon="-71.017110">
        <ele>6.483617</ele>
        <time>2025-08-30T18:19:51.993Z</time>
      </trkpt>
      <trkpt lat="42.436996" lon="-71.017221">
        <ele>6.360270</ele>
        <time>2025-08-30T18:19:53.993Z</time>
      </trkpt>
      <trkpt lat="42.436927" lon="-71.017326">
        <ele>6.242210</ele>
        <time>2025-08-30T18:19:55.993Z</time>
      </trkpt>
      <trkpt lat="42.436855" lon="-71.017428">
        <ele>6.123687</ele>
        <time>2025-08-30T18:19:57.993Z</time>
      </trkpt>
      <trkpt lat="42.436800" lon="-71.017536">
        <ele>6.013500</ele>
        <time>2025-08-30T18:19:59.993Z</time>
      </trkpt>
      <trkpt lat="42.436736" lon="-71.017651">
        <ele>5.892551</ele>
        <time>2025-08-30T18:20:01.993Z</time>
      </trkpt>
      <trkpt lat="42.436674" lon="-71.017751">
        <ele>5.782878</ele>
        <time>2025-08-30T18:20:03.993Z</time>
      </trkpt>
      <trkpt lat="42.436627" lon="-71.017889">
        <ele>5.655250</ele>
        <time>2025-08-30T18:20:06.993Z</time>
      </trkpt>
      <trkpt lat="42.436551" lon="-71.017982">
        <ele>5.538731</ele>
        <time>2025-08-30T18:20:09.993Z</time>
      </trkpt>
      <trkpt lat="42.436458" lon="-71.018002">
        <ele>5.431589</ele>
        <time>2025-08-30T18:20:20.993Z</time>
      </trkpt>
      <trkpt lat="42.436368" lon="-71.017992">
        <ele>5.328841</ele>
        <time>2025-08-30T18:20:34.993Z</time>
      </trkpt>
      <trkpt lat="42.436296" lon="-71.018162">
        <ele>5.164249</ele>
        <time>2025-08-30T18:23:35.992Z</time>
      </trkpt>
      <trkpt lat="42.436233" lon="-71.018298">
        <ele>5.029411</ele>
        <time>2025-08-30T18:23:39.992Z</time>
      </trkpt>
      <trkpt lat="42.436179" lon="-71.018411">
        <ele>5.101954</ele>
        <time>2025-08-30T18:23:42.992Z</time>
      </trkpt>
      <trkpt lat="42.436115" lon="-71.018533">
        <ele>5.285486</ele>
        <time>2025-08-30T18:23:45.993Z</time>
      </trkpt>
      <trkpt lat="42.436042" lon="-71.018684">
        <ele>5.506825</ele>
        <time>2025-08-30T18:23:48.993Z</time>
      </trkpt>
      <trkpt lat="42.435992" lon="-71.018787">
        <ele>5.657991</ele>
        <time>2025-08-30T18:23:50.993Z</time>
      </trkpt>
      <trkpt lat="42.435944" lon="-71.018894">
        <ele>5.811527</ele>
        <time>2025-08-30T18:23:52.993Z</time>
      </trkpt>
      <trkpt lat="42.435884" lon="-71.018990">
        <ele>5.965778</ele>
        <time>2025-08-30T18:23:54.993Z</time>
      </trkpt>
      <trkpt lat="42.435837" lon="-71.019099">
        <ele>6.120570</ele>
        <time>2025-08-30T18:23:56.993Z</time>
      </trkpt>
      <trkpt lat="42.435759" lon="-71.019215">
        <ele>6.312988</ele>
        <time>2025-08-30T18:23:58.993Z</time>
      </trkpt>
      <trkpt lat="42.435680" lon="-71.019365">
        <ele>6.538943</ele>
        <time>2025-08-30T18:24:01.993Z</time>
      </trkpt>
      <trkpt lat="42.435607" lon="-71.019468">
        <ele>6.714044</ele>
        <time>2025-08-30T18:24:03.993Z</time>
      </trkpt>
      <trkpt lat="42.435534" lon="-71.019581">
        <ele>6.898185</ele>
        <time>2025-08-30T18:24:06.993Z</time>
      </trkpt>
      <trkpt lat="42.435450" lon="-71.019761">
        <ele>7.159319</ele>
        <time>2025-08-30T18:24:10.993Z</time>
      </trkpt>
      <trkpt lat="42.435398" lon="-71.019936">
        <ele>7.390639</ele>
        <time>2025-08-30T18:24:13.993Z</time>
      </trkpt>
      <trkpt lat="42.435362" lon="-71.020094">
        <ele>7.593399</ele>
        <time>2025-08-30T18:24:16.993Z</time>
      </trkpt>
      <trkpt lat="42.435297" lon="-71.020198">
        <ele>7.760505</ele>
        <time>2025-08-30T18:24:18.993Z</time>
      </trkpt>
      <trkpt lat="42.435228" lon="-71.020288">
        <ele>7.919628</ele>
        <time>2025-08-30T18:24:20.993Z</time>
      </trkpt>
      <trkpt lat="42.435156" lon="-71.020402">
        <ele>7.905907</ele>
        <time>2025-08-30T18:24:23.993Z</time>
      </trkpt>
      <trkpt lat="42.435095" lon="-71.020496">
        <ele>7.813744</ele>
        <time>2025-08-30T18:24:25.993Z</time>
      </trkpt>
      <trkpt lat="42.435013" lon="-71.020608">
        <ele>7.697582</ele>
        <time>2025-08-30T18:24:27.993Z</time>
      </trkpt>
      <trkpt lat="42.434932" lon="-71.020752">
        <ele>7.564268</ele>
        <time>2025-08-30T18:24:30.993Z</time>
      </trkpt>
      <trkpt lat="42.434852" lon="-71.020855">
        <ele>7.454169</ele>
        <time>2025-08-30T18:24:32.993Z</time>
      </trkpt>
      <trkpt lat="42.434783" lon="-71.020955">
        <ele>7.353370</ele>
        <time>2025-08-30T18:24:34.993Z</time>
      </trkpt>
      <trkpt lat="42.434721" lon="-71.021063">
        <ele>7.252624</ele>
        <time>2025-08-30T18:24:36.993Z</time>
      </trkpt>
      <trkpt lat="42.434648" lon="-71.021158">
        <ele>7.151643</ele>
        <time>2025-08-30T18:24:38.993Z</time>
      </trkpt>
      <trkpt lat="42.434566" lon="-71.021274">
        <ele>7.033372</ele>
        <time>2025-08-30T18:24:40.993Z</time>
      </trkpt>
      <trkpt lat="42.434497" lon="-71.021371">
        <ele>6.934175</ele>
        <time>2025-08-30T18:24:42.993Z</time>
      </trkpt>
      <trkpt lat="42.434449" lon="-71.021483">
        <ele>6.838811</ele>
        <time>2025-08-30T18:24:44.993Z</time>
      </trkpt>
      <trkpt lat="42.434351" lon="-71.021624">
        <ele>6.696200</ele>
        <time>2025-08-30T18:24:47.993Z</time>
      </trkpt>
      <trkpt lat="42.434265" lon="-71.021771">
        <ele>6.558079</ele>
        <time>2025-08-30T18:24:50.993Z</time>
      </trkpt>
      <trkpt lat="42.434211" lon="-71.021873">
        <ele>6.465650</ele>
        <time>2025-08-30T18:24:52.993Z</time>
      </trkpt>
      <trkpt lat="42.434149" lon="-71.021972">
        <ele>6.370047</ele>
        <time>2025-08-30T18:24:54.993Z</time>
      </trkpt>
      <trkpt lat="42.434087" lon="-71.022082">
        <ele>6.268133</ele>
        <time>2025-08-30T18:24:56.993Z</time>
      </trkpt>
      <trkpt lat="42.434023" lon="-71.022178">
        <ele>6.195594</ele>
        <time>2025-08-30T18:24:58.993Z</time>
      </trkpt>
      <trkpt lat="42.433959" lon="-71.022289">
        <ele>6.276370</ele>
        <time>2025-08-30T18:25:00.993Z</time>
      </trkpt>
      <trkpt lat="42.433886" lon="-71.022409">
        <ele>6.365549</ele>
        <time>2025-08-30T18:25:02.993Z</time>
      </trkpt>
      <trkpt lat="42.433820" lon="-71.022516">
        <ele>6.445518</ele>
        <time>2025-08-30T18:25:04.993Z</time>
      </trkpt>
      <trkpt lat="42.433757" lon="-71.022620">
        <ele>6.522674</ele>
        <time>2025-08-30T18:25:06.993Z</time>
      </trkpt>
      <trkpt lat="42.433706" lon="-71.022734">
        <ele>6.599122</ele>
        <time>2025-08-30T18:25:08.993Z</time>
      </trkpt>
      <trkpt lat="42.433646" lon="-71.022839">
        <ele>6.675274</ele>
        <time>2025-08-30T18:25:10.992Z</time>
      </trkpt>
      <trkpt lat="42.433582" lon="-71.022986">
        <ele>6.773148</ele>
        <time>2025-08-30T18:25:13.993Z</time>
      </trkpt>
      <trkpt lat="42.433514" lon="-71.023136">
        <ele>6.874099</ele>
        <time>2025-08-30T18:25:16.992Z</time>
      </trkpt>
      <trkpt lat="42.433451" lon="-71.023250">
        <ele>6.955770</ele>
        <time>2025-08-30T18:25:18.993Z</time>
      </trkpt>
      <trkpt lat="42.433399" lon="-71.023362">
        <ele>7.031650</ele>
        <time>2025-08-30T18:25:20.992Z</time>
      </trkpt>
      <trkpt lat="42.433328" lon="-71.023479">
        <ele>7.118513</ele>
        <time>2025-08-30T18:25:22.993Z</time>
      </trkpt>
      <trkpt lat="42.433284" lon="-71.023629">
        <ele>7.211079</ele>
        <time>2025-08-30T18:25:25.993Z</time>
      </trkpt>
      <trkpt lat="42.433234" lon="-71.023794">
        <ele>7.313367</ele>
        <time>2025-08-30T18:25:28.993Z</time>
      </trkpt>
      <trkpt lat="42.433176" lon="-71.023921">
        <ele>7.399013</ele>
        <time>2025-08-30T18:25:31.993Z</time>
      </trkpt>
      <trkpt lat="42.433107" lon="-71.024027">
        <ele>7.480065</ele>
        <time>2025-08-30T18:25:34.993Z</time>
      </trkpt>
      <trkpt lat="42.433038" lon="-71.024137">
        <ele>7.562852</ele>
        <time>2025-08-30T18:25:37.993Z</time>
      </trkpt>
      <trkpt lat="42.432989" lon="-71.024246">
        <ele>7.536166</ele>
        <time>2025-08-30T18:25:46.993Z</time>
      </trkpt>
      <trkpt lat="42.432986" lon="-71.024372">
        <ele>7.471855</ele>
        <time>2025-08-30T18:25:54.993Z</time>
      </trkpt>
      <trkpt lat="42.432916" lon="-71.024495">
        <ele>7.392621</ele>
        <time>2025-08-30T18:25:58.993Z</time>
      </trkpt>
      <trkpt lat="42.432881" lon="-71.024634">
        <ele>7.317699</ele>
        <time>2025-08-30T18:26:01.993Z</time>
      </trkpt>
      <trkpt lat="42.432841" lon="-71.024782">
        <ele>7.237295</ele>
        <time>2025-08-30T18:26:04.993Z</time>
      </trkpt>
      <trkpt lat="42.432790" lon="-71.024935">
        <ele>7.151653</ele>
        <time>2025-08-30T18:26:07.993Z</time>
      </trkpt>
      <trkpt lat="42.432751" lon="-71.025046">
        <ele>7.088939</ele>
        <time>2025-08-30T18:26:09.993Z</time>
      </trkpt>
      <trkpt lat="42.432723" lon="-71.025173">
        <ele>7.021323</ele>
        <time>2025-08-30T18:26:11.993Z</time>
      </trkpt>
      <trkpt lat="42.432674" lon="-71.025331">
        <ele>6.933894</ele>
        <time>2025-08-30T18:26:14.993Z</time>
      </trkpt>
      <trkpt lat="42.432616" lon="-71.025483">
        <ele>6.846603</ele>
        <time>2025-08-30T18:26:17.993Z</time>
      </trkpt>
      <trkpt lat="42.432584" lon="-71.025634">
        <ele>6.766459</ele>
        <time>2025-08-30T18:26:21.993Z</time>
      </trkpt>
      <trkpt lat="42.432547" lon="-71.025760">
        <ele>6.697281</ele>
        <time>2025-08-30T18:26:25.993Z</time>
      </trkpt>
      <trkpt lat="42.432513" lon="-71.025875">
        <ele>6.634083</ele>
        <time>2025-08-30T18:26:32.993Z</time>
      </trkpt>
      <trkpt lat="42.432453" lon="-71.026009">
        <ele>6.554128</ele>
        <time>2025-08-30T18:26:35.993Z</time>
      </trkpt>
      <trkpt lat="42.432428" lon="-71.026156">
        <ele>6.477172</ele>
        <time>2025-08-30T18:26:38.993Z</time>
      </trkpt>
      <trkpt lat="42.432395" lon="-71.026280">
        <ele>6.409928</ele>
        <time>2025-08-30T18:26:40.993Z</time>
      </trkpt>
      <trkpt lat="42.432350" lon="-71.026386">
        <ele>6.347546</ele>
        <time>2025-08-30T18:26:42.993Z</time>
      </trkpt>
      <trkpt lat="42.432306" lon="-71.026498">
        <ele>6.376502</ele>
        <time>2025-08-30T18:26:44.993Z</time>
      </trkpt>
      <trkpt lat="42.432279" lon="-71.026615">
        <ele>6.416426</ele>
        <time>2025-08-30T18:26:46.993Z</time>
      </trkpt>
      <trkpt lat="42.432224" lon="-71.026785">
        <ele>6.476878</ele>
        <time>2025-08-30T18:26:49.993Z</time>
      </trkpt>
      <trkpt lat="42.432188" lon="-71.026920">
        <ele>6.523627</ele>
        <time>2025-08-30T18:26:51.993Z</time>
      </trkpt>
      <trkpt lat="42.432147" lon="-71.027102">
        <ele>6.585601</ele>
        <time>2025-08-30T18:26:54.993Z</time>
      </trkpt>
      <trkpt lat="42.432119" lon="-71.027225">
        <ele>6.627522</ele>
        <time>2025-08-30T18:26:56.993Z</time>
      </trkpt>
      <trkpt lat="42.432101" lon="-71.027393">
        <ele>6.682811</ele>
        <time>2025-08-30T18:26:59.993Z</time>
      </trkpt>
      <trkpt lat="42.432067" lon="-71.027516">
        <ele>6.725587</ele>
        <time>2025-08-30T18:27:01.993Z</time>
      </trkpt>
      <trkpt lat="42.432033" lon="-71.027648">
        <ele>6.771120</ele>
        <time>2025-08-30T18:27:03.993Z</time>
      </trkpt>
      <trkpt lat="42.432005" lon="-71.027786">
        <ele>6.817732</ele>
        <time>2025-08-30T18:27:05.993Z</time>
      </trkpt>
      <trkpt lat="42.431978" lon="-71.027928">
        <ele>6.865490</ele>
        <time>2025-08-30T18:27:07.993Z</time>
      </trkpt>
      <trkpt lat="42.431949" lon="-71.028060">
        <ele>6.910344</ele>
        <time>2025-08-30T18:27:09.993Z</time>
      </trkpt>
      <trkpt lat="42.431920" lon="-71.028193">
        <ele>6.955511</ele>
        <time>2025-08-30T18:27:11.993Z</time>
      </trkpt>
      <trkpt lat="42.431899" lon="-71.028318">
        <ele>6.997263</ele>
        <time>2025-08-30T18:27:13.993Z</time>
      </trkpt>
      <trkpt lat="42.431887" lon="-71.028447">
        <ele>7.039609</ele>
        <time>2025-08-30T18:27:15.992Z</time>
      </trkpt>
      <trkpt lat="42.431878" lon="-71.028635">
        <ele>7.100966</ele>
        <time>2025-08-30T18:27:18.992Z</time>
      </trkpt>
      <trkpt lat="42.431861" lon="-71.028767">
        <ele>7.139234</ele>
        <time>2025-08-30T18:27:20.992Z</time>
      </trkpt>
      <trkpt lat="42.431838" lon="-71.028891">
        <ele>7.160421</ele>
        <time>2025-08-30T18:27:22.992Z</time>
      </trkpt>
      <trkpt lat="42.431819" lon="-71.029035">
        <ele>7.184662</ele>
        <time>2025-08-30T18:27:25.992Z</time>
      </trkpt>
      <trkpt lat="42.431805" lon="-71.029157">
        <ele>7.205122</ele>
        <time>2025-08-30T18:27:27.993Z</time>
      </trkpt>
      <trkpt lat="42.431777" lon="-71.029295">
        <ele>7.228838</ele>
        <time>2025-08-30T18:27:30.992Z</time>
      </trkpt>
      <trkpt lat="42.431758" lon="-71.029466">
        <ele>7.257494</ele>
        <time>2025-08-30T18:27:33.992Z</time>
      </trkpt>
      <trkpt lat="42.431757" lon="-71.029626">
        <ele>7.284008</ele>
        <time>2025-08-30T18:27:35.992Z</time>
      </trkpt>
      <trkpt lat="42.431741" lon="-71.029781">
        <ele>7.309943</ele>
        <time>2025-08-30T18:27:37.992Z</time>
      </trkpt>
      <trkpt lat="42.431721" lon="-71.029927">
        <ele>7.334550</ele>
        <time>2025-08-30T18:27:39.992Z</time>
      </trkpt>
      <trkpt lat="42.431707" lon="-71.030098">
        <ele>7.363061</ele>
        <time>2025-08-30T18:27:42.992Z</time>
      </trkpt>
      <trkpt lat="42.431684" lon="-71.030291">
        <ele>7.395457</ele>
        <time>2025-08-30T18:27:45.992Z</time>
      </trkpt>
      <trkpt lat="42.431677" lon="-71.030456">
        <ele>7.422845</ele>
        <time>2025-08-30T18:27:47.992Z</time>
      </trkpt>
      <trkpt lat="42.431660" lon="-71.030588">
        <ele>7.445049</ele>
        <time>2025-08-30T18:27:49.992Z</time>
      </trkpt>
      <trkpt lat="42.431646" lon="-71.030740">
        <ele>7.470432</ele>
        <time>2025-08-30T18:27:51.992Z</time>
      </trkpt>
      <trkpt lat="42.431648" lon="-71.030891">
        <ele>7.495459</ele>
        <time>2025-08-30T18:27:53.992Z</time>
      </trkpt>
      <trkpt lat="42.431642" lon="-71.031054">
        <ele>7.522503</ele>
        <time>2025-08-30T18:27:55.992Z</time>
      </trkpt>
      <trkpt lat="42.431634" lon="-71.031206">
        <ele>7.532652</ele>
        <time>2025-08-30T18:27:57.992Z</time>
      </trkpt>
      <trkpt lat="42.431625" lon="-71.031348">
        <ele>7.521511</ele>
        <time>2025-08-30T18:27:59.992Z</time>
      </trkpt>
      <trkpt lat="42.431615" lon="-71.031498">
        <ele>7.509739</ele>
        <time>2025-08-30T18:28:01.992Z</time>
      </trkpt>
      <trkpt lat="42.431603" lon="-71.031638">
        <ele>7.498722</ele>
        <time>2025-08-30T18:28:03.992Z</time>
      </trkpt>
      <trkpt lat="42.431587" lon="-71.031788">
        <ele>7.486876</ele>
        <time>2025-08-30T18:28:05.992Z</time>
      </trkpt>
      <trkpt lat="42.431570" lon="-71.031929">
        <ele>7.475708</ele>
        <time>2025-08-30T18:28:07.992Z</time>
      </trkpt>
      <trkpt lat="42.431556" lon="-71.032073">
        <ele>7.464355</ele>
        <time>2025-08-30T18:28:09.993Z</time>
      </trkpt>
      <trkpt lat="42.431544" lon="-71.032226">
        <ele>7.452329</ele>
        <time>2025-08-30T18:28:11.993Z</time>
      </trkpt>
      <trkpt lat="42.431533" lon="-71.032404">
        <ele>7.438366</ele>
        <time>2025-08-30T18:28:14.993Z</time>
      </trkpt>
      <trkpt lat="42.431529" lon="-71.032534">
        <ele>7.428196</ele>
        <time>2025-08-30T18:28:16.993Z</time>
      </trkpt>
      <trkpt lat="42.431524" lon="-71.032689">
        <ele>7.416069</ele>
        <time>2025-08-30T18:28:18.993Z</time>
      </trkpt>
      <trkpt lat="42.431514" lon="-71.032825">
        <ele>7.405386</ele>
        <time>2025-08-30T18:28:20.993Z</time>
      </trkpt>
      <trkpt lat="42.431525" lon="-71.032971">
        <ele>7.393914</ele>
        <time>2025-08-30T18:28:22.993Z</time>
      </trkpt>
      <trkpt lat="42.431513" lon="-71.033111">
        <ele>7.382898</ele>
        <time>2025-08-30T18:28:24.993Z</time>
      </trkpt>
      <trkpt lat="42.431502" lon="-71.033234">
        <ele>7.373213</ele>
        <time>2025-08-30T18:28:26.993Z</time>
      </trkpt>
      <trkpt lat="42.431487" lon="-71.033366">
        <ele>7.362773</ele>
        <time>2025-08-30T18:28:28.993Z</time>
      </trkpt>
      <trkpt lat="42.431459" lon="-71.033527">
        <ele>7.349844</ele>
        <time>2025-08-30T18:28:30.993Z</time>
      </trkpt>
      <trkpt lat="42.431442" lon="-71.033676">
        <ele>7.342066</ele>
        <time>2025-08-30T18:28:32.993Z</time>
      </trkpt>
      <trkpt lat="42.431432" lon="-71.033814">
        <ele>7.336078</ele>
        <time>2025-08-30T18:28:34.993Z</time>
      </trkpt>
      <trkpt lat="42.431413" lon="-71.033961">
        <ele>7.329635</ele>
        <time>2025-08-30T18:28:36.993Z</time>
      </trkpt>
      <trkpt lat="42.431404" lon="-71.034100">
        <ele>7.323610</ele>
        <time>2025-08-30T18:28:38.993Z</time>
      </trkpt>
      <trkpt lat="42.431396" lon="-71.034226">
        <ele>7.318149</ele>
        <time>2025-08-30T18:28:40.993Z</time>
      </trkpt>
      <trkpt lat="42.431382" lon="-71.034378">
        <ele>7.311535</ele>
        <time>2025-08-30T18:28:42.993Z</time>
      </trkpt>
      <trkpt lat="42.431367" lon="-71.034500">
        <ele>7.306194</ele>
        <time>2025-08-30T18:28:44.993Z</time>
      </trkpt>
      <trkpt lat="42.431367" lon="-71.034628">
        <ele>7.300667</ele>
        <time>2025-08-30T18:28:46.993Z</time>
      </trkpt>
      <trkpt lat="42.431357" lon="-71.034750">
        <ele>7.295367</ele>
        <time>2025-08-30T18:28:48.993Z</time>
      </trkpt>
      <trkpt lat="42.431351" lon="-71.034885">
        <ele>7.289527</ele>
        <time>2025-08-30T18:28:50.993Z</time>
      </trkpt>
      <trkpt lat="42.431336" lon="-71.035019">
        <ele>7.283675</ele>
        <time>2025-08-30T18:28:52.993Z</time>
      </trkpt>
      <trkpt lat="42.431328" lon="-71.035149">
        <ele>7.278043</ele>
        <time>2025-08-30T18:28:54.993Z</time>
      </trkpt>
      <trkpt lat="42.431315" lon="-71.035276">
        <ele>7.272506</ele>
        <time>2025-08-30T18:28:56.993Z</time>
      </trkpt>
      <trkpt lat="42.431307" lon="-71.035417">
        <ele>7.266400</ele>
        <time>2025-08-30T18:28:58.993Z</time>
      </trkpt>
      <trkpt lat="42.431291" lon="-71.035556">
        <ele>7.260326</ele>
        <time>2025-08-30T18:29:00.993Z</time>
      </trkpt>
      <trkpt lat="42.431281" lon="-71.035688">
        <ele>7.254596</ele>
        <time>2025-08-30T18:29:02.993Z</time>
      </trkpt>
      <trkpt lat="42.431277" lon="-71.035833">
        <ele>7.248331</ele>
        <time>2025-08-30T18:29:04.993Z</time>
      </trkpt>
      <trkpt lat="42.431261" lon="-71.035981">
        <ele>7.241872</ele>
        <time>2025-08-30T18:29:06.993Z</time>
      </trkpt>
      <trkpt lat="42.431260" lon="-71.036115">
        <ele>7.302796</ele>
        <time>2025-08-30T18:29:08.993Z</time>
      </trkpt>
      <trkpt lat="42.431243" lon="-71.036256">
        <ele>7.368804</ele>
        <time>2025-08-30T18:29:10.993Z</time>
      </trkpt>
      <trkpt lat="42.431236" lon="-71.036389">
        <ele>7.430409</ele>
        <time>2025-08-30T18:29:12.993Z</time>
      </trkpt>
      <trkpt lat="42.431225" lon="-71.036565">
        <ele>7.512015</ele>
        <time>2025-08-30T18:29:15.993Z</time>
      </trkpt>
      <trkpt lat="42.431208" lon="-71.036743">
        <ele>7.594941</ele>
        <time>2025-08-30T18:29:18.993Z</time>
      </trkpt>
      <trkpt lat="42.431211" lon="-71.036887">
        <ele>7.661498</ele>
        <time>2025-08-30T18:29:20.993Z</time>
      </trkpt>
      <trkpt lat="42.431205" lon="-71.037027">
        <ele>7.726290</ele>
        <time>2025-08-30T18:29:22.992Z</time>
      </trkpt>
      <trkpt lat="42.431194" lon="-71.037213">
        <ele>7.812501</ele>
        <time>2025-08-30T18:29:25.992Z</time>
      </trkpt>
      <trkpt lat="42.431187" lon="-71.037339">
        <ele>7.870881</ele>
        <time>2025-08-30T18:29:27.993Z</time>
      </trkpt>
      <trkpt lat="42.431169" lon="-71.037462">
        <ele>7.928815</ele>
        <time>2025-08-30T18:29:29.993Z</time>
      </trkpt>
      <trkpt lat="42.431166" lon="-71.037603">
        <ele>7.993987</ele>
        <time>2025-08-30T18:29:31.993Z</time>
      </trkpt>
      <trkpt lat="42.431159" lon="-71.037737">
        <ele>8.056053</ele>
        <time>2025-08-30T18:29:33.993Z</time>
      </trkpt>
      <trkpt lat="42.431148" lon="-71.037886">
        <ele>8.125238</ele>
        <time>2025-08-30T18:29:35.992Z</time>
      </trkpt>
      <trkpt lat="42.431133" lon="-71.038050">
        <ele>8.201589</ele>
        <time>2025-08-30T18:29:37.992Z</time>
      </trkpt>
      <trkpt lat="42.431136" lon="-71.038190">
        <ele>8.266299</ele>
        <time>2025-08-30T18:29:39.992Z</time>
      </trkpt>
      <trkpt lat="42.431135" lon="-71.038344">
        <ele>8.337453</ele>
        <time>2025-08-30T18:29:41.992Z</time>
      </trkpt>
      <trkpt lat="42.431119" lon="-71.038464">
        <ele>8.350978</ele>
        <time>2025-08-30T18:29:43.992Z</time>
      </trkpt>
      <trkpt lat="42.431105" lon="-71.038633">
        <ele>8.300709</ele>
        <time>2025-08-30T18:29:46.992Z</time>
      </trkpt>
      <trkpt lat="42.431106" lon="-71.038784">
        <ele>8.256072</ele>
        <time>2025-08-30T18:29:48.992Z</time>
      </trkpt>
      <trkpt lat="42.431098" lon="-71.038911">
        <ele>8.218395</ele>
        <time>2025-08-30T18:29:50.992Z</time>
      </trkpt>
      <trkpt lat="42.431083" lon="-71.039052">
        <ele>8.176285</ele>
        <time>2025-08-30T18:29:52.992Z</time>
      </trkpt>
      <trkpt lat="42.431084" lon="-71.039174">
        <ele>8.140220</ele>
        <time>2025-08-30T18:29:54.992Z</time>
      </trkpt>
      <trkpt lat="42.431066" lon="-71.039310">
        <ele>8.099378</ele>
        <time>2025-08-30T18:29:56.992Z</time>
      </trkpt>
      <trkpt lat="42.431037" lon="-71.039470">
        <ele>8.050677</ele>
        <time>2025-08-30T18:29:59.992Z</time>
      </trkpt>
      <trkpt lat="42.431004" lon="-71.039700">
        <ele>7.981417</ele>
        <time>2025-08-30T18:30:02.992Z</time>
      </trkpt>
      <trkpt lat="42.430997" lon="-71.039828">
        <ele>7.943477</ele>
        <time>2025-08-30T18:30:15.992Z</time>
      </trkpt>
      <trkpt lat="42.431015" lon="-71.039964">
        <ele>7.902634</ele>
        <time>2025-08-30T18:30:20.992Z</time>
      </trkpt>
      <trkpt lat="42.430985" lon="-71.040131">
        <ele>7.851829</ele>
        <time>2025-08-30T18:30:24.992Z</time>
      </trkpt>
      <trkpt lat="42.430972" lon="-71.040258">
        <ele>7.813928</ele>
        <time>2025-08-30T18:30:26.993Z</time>
      </trkpt>
      <trkpt lat="42.430968" lon="-71.040417">
        <ele>7.766901</ele>
        <time>2025-08-30T18:30:29.993Z</time>
      </trkpt>
      <trkpt lat="42.430955" lon="-71.040543">
        <ele>7.729294</ele>
        <time>2025-08-30T18:30:31.993Z</time>
      </trkpt>
      <trkpt lat="42.430941" lon="-71.040720">
        <ele>7.676674</ele>
        <time>2025-08-30T18:30:34.993Z</time>
      </trkpt>
      <trkpt lat="42.430914" lon="-71.040891">
        <ele>7.710337</ele>
        <time>2025-08-30T18:30:37.993Z</time>
      </trkpt>
      <trkpt lat="42.430899" lon="-71.041056">
        <ele>7.848756</ele>
        <time>2025-08-30T18:30:40.993Z</time>
      </trkpt>
      <trkpt lat="42.430888" lon="-71.041192">
        <ele>7.962669</ele>
        <time>2025-08-30T18:30:42.993Z</time>
      </trkpt>
      <trkpt lat="42.430877" lon="-71.041323">
        <ele>8.072445</ele>
        <time>2025-08-30T18:30:44.993Z</time>
      </trkpt>
      <trkpt lat="42.430864" lon="-71.041450">
        <ele>8.179198</ele>
        <time>2025-08-30T18:30:46.993Z</time>
      </trkpt>
      <trkpt lat="42.430844" lon="-71.041627">
        <ele>8.328287</ele>
        <time>2025-08-30T18:30:49.989Z</time>
      </trkpt>
      <trkpt lat="42.430826" lon="-71.041758">
        <ele>8.439233</ele>
        <time>2025-08-30T18:30:51.988Z</time>
      </trkpt>
      <trkpt lat="42.430820" lon="-71.041892">
        <ele>8.551008</ele>
        <time>2025-08-30T18:30:53.985Z</time>
      </trkpt>
      <trkpt lat="42.430801" lon="-71.042056">
        <ele>8.689228</ele>
        <time>2025-08-30T18:30:56.984Z</time>
      </trkpt>
      <trkpt lat="42.430809" lon="-71.042225">
        <ele>8.830229</ele>
        <time>2025-08-30T18:30:59.982Z</time>
      </trkpt>
      <trkpt lat="42.430831" lon="-71.042387">
        <ele>8.967376</ele>
        <time>2025-08-30T18:31:02.980Z</time>
      </trkpt>
      <trkpt lat="42.430823" lon="-71.042564">
        <ele>9.115024</ele>
        <time>2025-08-30T18:31:05.979Z</time>
      </trkpt>
      <trkpt lat="42.430830" lon="-71.042686">
        <ele>9.216909</ele>
        <time>2025-08-30T18:31:07.978Z</time>
      </trkpt>
      <trkpt lat="42.430803" lon="-71.042850">
        <ele>9.356813</ele>
        <time>2025-08-30T18:31:10.976Z</time>
      </trkpt>
      <trkpt lat="42.430801" lon="-71.043013">
        <ele>9.492547</ele>
        <time>2025-08-30T18:31:13.976Z</time>
      </trkpt>
      <trkpt lat="42.430796" lon="-71.043137">
        <ele>9.595945</ele>
        <time>2025-08-30T18:31:15.976Z</time>
      </trkpt>
      <trkpt lat="42.430781" lon="-71.043300">
        <ele>9.691740</ele>
        <time>2025-08-30T18:31:18.976Z</time>
      </trkpt>
      <trkpt lat="42.430772" lon="-71.043423">
        <ele>9.719880</ele>
        <time>2025-08-30T18:31:20.975Z</time>
      </trkpt>
      <trkpt lat="42.430767" lon="-71.043563">
        <ele>9.751791</ele>
        <time>2025-08-30T18:31:22.975Z</time>
      </trkpt>
      <trkpt lat="42.430752" lon="-71.043698">
        <ele>9.782872</ele>
        <time>2025-08-30T18:31:24.975Z</time>
      </trkpt>
      <trkpt lat="42.430738" lon="-71.043828">
        <ele>9.812782</ele>
        <time>2025-08-30T18:31:26.975Z</time>
      </trkpt>
      <trkpt lat="42.430732" lon="-71.043960">
        <ele>9.842892</ele>
        <time>2025-08-30T18:31:28.974Z</time>
      </trkpt>
      <trkpt lat="42.430712" lon="-71.044097">
        <ele>9.874686</ele>
        <time>2025-08-30T18:31:30.974Z</time>
      </trkpt>
      <trkpt lat="42.430693" lon="-71.044227">
        <ele>9.904858</ele>
        <time>2025-08-30T18:31:32.972Z</time>
      </trkpt>
      <trkpt lat="42.430670" lon="-71.044360">
        <ele>9.935958</ele>
        <time>2025-08-30T18:31:34.974Z</time>
      </trkpt>
      <trkpt lat="42.430655" lon="-71.044492">
        <ele>9.966364</ele>
        <time>2025-08-30T18:31:36.974Z</time>
      </trkpt>
      <trkpt lat="42.430653" lon="-71.044617">
        <ele>9.994829</ele>
        <time>2025-08-30T18:31:38.972Z</time>
      </trkpt>
      <trkpt lat="42.430652" lon="-71.044759">
        <ele>10.027159</ele>
        <time>2025-08-30T18:31:40.971Z</time>
      </trkpt>
      <trkpt lat="42.430650" lon="-71.044886">
        <ele>10.056080</ele>
        <time>2025-08-30T18:31:42.971Z</time>
      </trkpt>
      <trkpt lat="42.430651" lon="-71.045053">
        <ele>10.094102</ele>
        <time>2025-08-30T18:31:45.971Z</time>
      </trkpt>
      <trkpt lat="42.430653" lon="-71.045228">
        <ele>10.133948</ele>
        <time>2025-08-30T18:31:49.971Z</time>
      </trkpt>
      <trkpt lat="42.430674" lon="-71.045356">
        <ele>10.163801</ele>
        <time>2025-08-30T18:31:52.971Z</time>
      </trkpt>
      <trkpt lat="42.430679" lon="-71.045488">
        <ele>10.193893</ele>
        <time>2025-08-30T18:31:55.971Z</time>
      </trkpt>
      <trkpt lat="42.430668" lon="-71.045633">
        <ele>10.227079</ele>
        <time>2025-08-30T18:31:58.971Z</time>
      </trkpt>
      <trkpt lat="42.430650" lon="-71.045789">
        <ele>10.146291</ele>
        <time>2025-08-30T18:32:01.971Z</time>
      </trkpt>
      <trkpt lat="42.430640" lon="-71.045965">
        <ele>10.039449</ele>
        <time>2025-08-30T18:32:04.971Z</time>
      </trkpt>
      <trkpt lat="42.430613" lon="-71.046128">
        <ele>9.938337</ele>
        <time>2025-08-30T18:32:07.972Z</time>
      </trkpt>
      <trkpt lat="42.430616" lon="-71.046271">
        <ele>9.851749</ele>
        <time>2025-08-30T18:32:09.972Z</time>
      </trkpt>
      <trkpt lat="42.430606" lon="-71.046412">
        <ele>9.766014</ele>
        <time>2025-08-30T18:32:11.972Z</time>
      </trkpt>
      <trkpt lat="42.430600" lon="-71.046535">
        <ele>9.691404</ele>
        <time>2025-08-30T18:32:13.972Z</time>
      </trkpt>
      <trkpt lat="42.430592" lon="-71.046729">
        <ele>9.573799</ele>
        <time>2025-08-30T18:32:16.972Z</time>
      </trkpt>
      <trkpt lat="42.430581" lon="-71.046877">
        <ele>9.483767</ele>
        <time>2025-08-30T18:32:18.972Z</time>
      </trkpt>
      <trkpt lat="42.430568" lon="-71.047016">
        <ele>9.398962</ele>
        <time>2025-08-30T18:32:20.972Z</time>
      </trkpt>
      <trkpt lat="42.430576" lon="-71.047162">
        <ele>9.310351</ele>
        <time>2025-08-30T18:32:22.972Z</time>
      </trkpt>
      <trkpt lat="42.430581" lon="-71.047325">
        <ele>9.211607</ele>
        <time>2025-08-30T18:32:24.972Z</time>
      </trkpt>
      <trkpt lat="42.430558" lon="-71.047459">
        <ele>9.128337</ele>
        <time>2025-08-30T18:32:26.972Z</time>
      </trkpt>
      <trkpt lat="42.430551" lon="-71.047602">
        <ele>9.041594</ele>
        <time>2025-08-30T18:32:28.972Z</time>
      </trkpt>
      <trkpt lat="42.430538" lon="-71.047756">
        <ele>8.947776</ele>
        <time>2025-08-30T18:32:30.972Z</time>
      </trkpt>
      <trkpt lat="42.430514" lon="-71.047895">
        <ele>8.861373</ele>
        <time>2025-08-30T18:32:32.972Z</time>
      </trkpt>
      <trkpt lat="42.430490" lon="-71.048075">
        <ele>8.754833</ele>
        <time>2025-08-30T18:32:35.972Z</time>
      </trkpt>
      <trkpt lat="42.430479" lon="-71.048199">
        <ele>8.736539</ele>
        <time>2025-08-30T18:32:37.972Z</time>
      </trkpt>
      <trkpt lat="42.430461" lon="-71.048339">
        <ele>8.715723</ele>
        <time>2025-08-30T18:32:39.972Z</time>
      </trkpt>
      <trkpt lat="42.430447" lon="-71.048467">
        <ele>8.696769</ele>
        <time>2025-08-30T18:32:41.972Z</time>
      </trkpt>
      <trkpt lat="42.430421" lon="-71.048591">
        <ele>8.677886</ele>
        <time>2025-08-30T18:32:43.972Z</time>
      </trkpt>
      <trkpt lat="42.430415" lon="-71.048731">
        <ele>8.657344</ele>
        <time>2025-08-30T18:32:45.972Z</time>
      </trkpt>
      <trkpt lat="42.430400" lon="-71.048865">
        <ele>8.637492</ele>
        <time>2025-08-30T18:32:47.972Z</time>
      </trkpt>
      <trkpt lat="42.430383" lon="-71.048997">
        <ele>8.617864</ele>
        <time>2025-08-30T18:32:49.972Z</time>
      </trkpt>
      <trkpt lat="42.430376" lon="-71.049140">
        <ele>8.596871</ele>
        <time>2025-08-30T18:32:51.972Z</time>
      </trkpt>
      <trkpt lat="42.430363" lon="-71.049289">
        <ele>8.574894</ele>
        <time>2025-08-30T18:32:53.972Z</time>
      </trkpt>
      <trkpt lat="42.430342" lon="-71.049409">
        <ele>8.556829</ele>
        <time>2025-08-30T18:32:55.972Z</time>
      </trkpt>
      <trkpt lat="42.430344" lon="-71.049540">
        <ele>8.537636</ele>
        <time>2025-08-30T18:32:57.972Z</time>
      </trkpt>
      <trkpt lat="42.430334" lon="-71.049724">
        <ele>8.510610</ele>
        <time>2025-08-30T18:33:00.972Z</time>
      </trkpt>
      <trkpt lat="42.430334" lon="-71.049855">
        <ele>8.491421</ele>
        <time>2025-08-30T18:33:02.972Z</time>
      </trkpt>
      <trkpt lat="42.430333" lon="-71.049979">
        <ele>8.473257</ele>
        <time>2025-08-30T18:33:04.972Z</time>
      </trkpt>
      <trkpt lat="42.430330" lon="-71.050163">
        <ele>8.446297</ele>
        <time>2025-08-30T18:33:07.972Z</time>
      </trkpt>
      <trkpt lat="42.430321" lon="-71.050349">
        <ele>8.418994</ele>
        <time>2025-08-30T18:33:10.972Z</time>
      </trkpt>
      <trkpt lat="42.430321" lon="-71.050489">
        <ele>8.397579</ele>
        <time>2025-08-30T18:33:12.972Z</time>
      </trkpt>
      <trkpt lat="42.430325" lon="-71.050620">
        <ele>8.354370</ele>
        <time>2025-08-30T18:33:14.972Z</time>
      </trkpt>
      <trkpt lat="42.430295" lon="-71.050768">
        <ele>8.303789</ele>
        <time>2025-08-30T18:33:17.972Z</time>
      </trkpt>
      <trkpt lat="42.430295" lon="-71.050950">
        <ele>8.243809</ele>
        <time>2025-08-30T18:33:20.972Z</time>
      </trkpt>
      <trkpt lat="42.430279" lon="-71.051102">
        <ele>8.193209</ele>
        <time>2025-08-30T18:33:22.972Z</time>
      </trkpt>
      <trkpt lat="42.430286" lon="-71.051250">
        <ele>8.144334</ele>
        <time>2025-08-30T18:33:24.972Z</time>
      </trkpt>
      <trkpt lat="42.430283" lon="-71.051409">
        <ele>8.091917</ele>
        <time>2025-08-30T18:33:26.972Z</time>
      </trkpt>
      <trkpt lat="42.430283" lon="-71.051552">
        <ele>8.044790</ele>
        <time>2025-08-30T18:33:28.972Z</time>
      </trkpt>
      <trkpt lat="42.430272" lon="-71.051697">
        <ele>7.996752</ele>
        <time>2025-08-30T18:33:30.972Z</time>
      </trkpt>
      <trkpt lat="42.430243" lon="-71.051838">
        <ele>7.948514</ele>
        <time>2025-08-30T18:33:32.972Z</time>
      </trkpt>
      <trkpt lat="42.430224" lon="-71.051985">
        <ele>7.899331</ele>
        <time>2025-08-30T18:33:34.971Z</time>
      </trkpt>
      <trkpt lat="42.430224" lon="-71.052117">
        <ele>7.855829</ele>
        <time>2025-08-30T18:33:36.972Z</time>
      </trkpt>
      <trkpt lat="42.430215" lon="-71.052244">
        <ele>7.813783</ele>
        <time>2025-08-30T18:33:38.971Z</time>
      </trkpt>
      <trkpt lat="42.430196" lon="-71.052428">
        <ele>7.752553</ele>
        <time>2025-08-30T18:33:41.972Z</time>
      </trkpt>
      <trkpt lat="42.430183" lon="-71.052573">
        <ele>7.704415</ele>
        <time>2025-08-30T18:33:43.971Z</time>
      </trkpt>
      <trkpt lat="42.430174" lon="-71.052702">
        <ele>7.661712</ele>
        <time>2025-08-30T18:33:45.972Z</time>
      </trkpt>
      <trkpt lat="42.430157" lon="-71.052883">
        <ele>7.601581</ele>
        <time>2025-08-30T18:33:48.971Z</time>
      </trkpt>
      <trkpt lat="42.430150" lon="-71.053070">
        <ele>7.460811</ele>
        <time>2025-08-30T18:33:51.971Z</time>
      </trkpt>
      <trkpt lat="42.430126" lon="-71.053192">
        <ele>7.360711</ele>
        <time>2025-08-30T18:33:53.971Z</time>
      </trkpt>
      <trkpt lat="42.430116" lon="-71.053320">
        <ele>7.258664</ele>
        <time>2025-08-30T18:33:55.971Z</time>
      </trkpt>
      <trkpt lat="42.430106" lon="-71.053446">
        <ele>7.158193</ele>
        <time>2025-08-30T18:33:57.971Z</time>
      </trkpt>
      <trkpt lat="42.430091" lon="-71.053577">
        <ele>7.053092</ele>
        <time>2025-08-30T18:33:59.971Z</time>
      </trkpt>
      <trkpt lat="42.430077" lon="-71.053711">
        <ele>6.945796</ele>
        <time>2025-08-30T18:34:01.971Z</time>
      </trkpt>
      <trkpt lat="42.430068" lon="-71.053870">
        <ele>6.819368</ele>
        <time>2025-08-30T18:34:04.971Z</time>
      </trkpt>
      <trkpt lat="42.430060" lon="-71.054027">
        <ele>6.694600</ele>
        <time>2025-08-30T18:34:07.971Z</time>
      </trkpt>
      <trkpt lat="42.430056" lon="-71.054151">
        <ele>6.596197</ele>
        <time>2025-08-30T18:34:17.971Z</time>
      </trkpt>
      <trkpt lat="42.430053" lon="-71.054658">
        <ele>6.194227</ele>
        <time>2025-08-30T18:35:04.971Z</time>
      </trkpt>
      <trkpt lat="42.430042" lon="-71.054794">
        <ele>6.085758</ele>
        <time>2025-08-30T18:35:06.971Z</time>
      </trkpt>
      <trkpt lat="42.430019" lon="-71.054922">
        <ele>5.981314</ele>
        <time>2025-08-30T18:35:08.971Z</time>
      </trkpt>
      <trkpt lat="42.429997" lon="-71.055060">
        <ele>5.869383</ele>
        <time>2025-08-30T18:35:10.971Z</time>
      </trkpt>
      <trkpt lat="42.429933" lon="-71.055215">
        <ele>5.728575</ele>
        <time>2025-08-30T18:35:12.971Z</time>
      </trkpt>
      <trkpt lat="42.429889" lon="-71.055372">
        <ele>5.715233</ele>
        <time>2025-08-30T18:35:14.971Z</time>
      </trkpt>
      <trkpt lat="42.429856" lon="-71.055515">
        <ele>5.803543</ele>
        <time>2025-08-30T18:35:16.971Z</time>
      </trkpt>
      <trkpt lat="42.429832" lon="-71.055657">
        <ele>5.889407</ele>
        <time>2025-08-30T18:35:18.971Z</time>
      </trkpt>
      <trkpt lat="42.429810" lon="-71.055776">
        <ele>5.961715</ele>
        <time>2025-08-30T18:35:20.971Z</time>
      </trkpt>
      <trkpt lat="42.429790" lon="-71.055927">
        <ele>6.052139</ele>
        <time>2025-08-30T18:35:23.971Z</time>
      </trkpt>
      <trkpt lat="42.429784" lon="-71.056083">
        <ele>6.144213</ele>
        <time>2025-08-30T18:35:26.971Z</time>
      </trkpt>
      <trkpt lat="42.429752" lon="-71.056213">
        <ele>6.224986</ele>
        <time>2025-08-30T18:35:28.971Z</time>
      </trkpt>
      <trkpt lat="42.429716" lon="-71.056341">
        <ele>6.305723</ele>
        <time>2025-08-30T18:35:30.971Z</time>
      </trkpt>
      <trkpt lat="42.429681" lon="-71.056468">
        <ele>6.385627</ele>
        <time>2025-08-30T18:35:32.971Z</time>
      </trkpt>
      <trkpt lat="42.429649" lon="-71.056590">
        <ele>6.461942</ele>
        <time>2025-08-30T18:35:34.971Z</time>
      </trkpt>
      <trkpt lat="42.429613" lon="-71.056731">
        <ele>6.549882</ele>
        <time>2025-08-30T18:35:36.971Z</time>
      </trkpt>
      <trkpt lat="42.429583" lon="-71.056860">
        <ele>6.629602</ele>
        <time>2025-08-30T18:35:38.971Z</time>
      </trkpt>
      <trkpt lat="42.429548" lon="-71.056993">
        <ele>6.712829</ele>
        <time>2025-08-30T18:35:41.971Z</time>
      </trkpt>
      <trkpt lat="42.429493" lon="-71.057111">
        <ele>6.795087</ele>
        <time>2025-08-30T18:35:43.971Z</time>
      </trkpt>
      <trkpt lat="42.429450" lon="-71.057226">
        <ele>6.871072</ele>
        <time>2025-08-30T18:35:45.971Z</time>
      </trkpt>
      <trkpt lat="42.429399" lon="-71.057362">
        <ele>6.960986</ele>
        <time>2025-08-30T18:35:47.971Z</time>
      </trkpt>
      <trkpt lat="42.429346" lon="-71.057495">
        <ele>7.050075</ele>
        <time>2025-08-30T18:35:49.971Z</time>
      </trkpt>
      <trkpt lat="42.429293" lon="-71.057617">
        <ele>7.170423</ele>
        <time>2025-08-30T18:35:51.971Z</time>
      </trkpt>
      <trkpt lat="42.429234" lon="-71.057757">
        <ele>7.371569</ele>
        <time>2025-08-30T18:35:53.970Z</time>
      </trkpt>
      <trkpt lat="42.429169" lon="-71.057886">
        <ele>7.566450</ele>
        <time>2025-08-30T18:35:55.970Z</time>
      </trkpt>
      <trkpt lat="42.429110" lon="-71.058021">
        <ele>7.762203</ele>
        <time>2025-08-30T18:35:57.970Z</time>
      </trkpt>
      <trkpt lat="42.429050" lon="-71.058165">
        <ele>7.968523</ele>
        <time>2025-08-30T18:35:59.970Z</time>
      </trkpt>
      <trkpt lat="42.428987" lon="-71.058277">
        <ele>8.144220</ele>
        <time>2025-08-30T18:36:01.970Z</time>
      </trkpt>
      <trkpt lat="42.428931" lon="-71.058396">
        <ele>8.320307</ele>
        <time>2025-08-30T18:36:03.970Z</time>
      </trkpt>
      <trkpt lat="42.428882" lon="-71.058514">
        <ele>8.489237</ele>
        <time>2025-08-30T18:36:05.970Z</time>
      </trkpt>
      <trkpt lat="42.428839" lon="-71.058637">
        <ele>8.659049</ele>
        <time>2025-08-30T18:36:07.970Z</time>
      </trkpt>
      <trkpt lat="42.428808" lon="-71.058760">
        <ele>8.821218</ele>
        <time>2025-08-30T18:36:09.970Z</time>
      </trkpt>
      <trkpt lat="42.428782" lon="-71.058880">
        <ele>8.977261</ele>
        <time>2025-08-30T18:36:11.970Z</time>
      </trkpt>
      <trkpt lat="42.428754" lon="-71.059007">
        <ele>9.142638</ele>
        <time>2025-08-30T18:36:13.970Z</time>
      </trkpt>
      <trkpt lat="42.428714" lon="-71.059118">
        <ele>9.296759</ele>
        <time>2025-08-30T18:36:15.970Z</time>
      </trkpt>
      <trkpt lat="42.428675" lon="-71.059257">
        <ele>9.482298</ele>
        <time>2025-08-30T18:36:17.970Z</time>
      </trkpt>
      <trkpt lat="42.428617" lon="-71.059375">
        <ele>9.659186</ele>
        <time>2025-08-30T18:36:19.970Z</time>
      </trkpt>
      <trkpt lat="42.428584" lon="-71.059496">
        <ele>9.820136</ele>
        <time>2025-08-30T18:36:21.970Z</time>
      </trkpt>
      <trkpt lat="42.428540" lon="-71.059616">
        <ele>9.987318</ele>
        <time>2025-08-30T18:36:23.970Z</time>
      </trkpt>
      <trkpt lat="42.428476" lon="-71.059719">
        <ele>10.136331</ele>
        <time>2025-08-30T18:36:25.970Z</time>
      </trkpt>
      <trkpt lat="42.428393" lon="-71.059820">
        <ele>10.076557</ele>
        <time>2025-08-30T18:36:27.970Z</time>
      </trkpt>
      <trkpt lat="42.428313" lon="-71.059892">
        <ele>10.025099</ele>
        <time>2025-08-30T18:36:29.970Z</time>
      </trkpt>
      <trkpt lat="42.428238" lon="-71.059970">
        <ele>9.974442</ele>
        <time>2025-08-30T18:36:32.970Z</time>
      </trkpt>
      <trkpt lat="42.428144" lon="-71.060051">
        <ele>9.914755</ele>
        <time>2025-08-30T18:36:36.970Z</time>
      </trkpt>
      <trkpt lat="42.428076" lon="-71.060169">
        <ele>9.855552</ele>
        <time>2025-08-30T18:36:39.970Z</time>
      </trkpt>
      <trkpt lat="42.427999" lon="-71.060303">
        <ele>9.788394</ele>
        <time>2025-08-30T18:36:42.970Z</time>
      </trkpt>
      <trkpt lat="42.427926" lon="-71.060414">
        <ele>9.729600</ele>
        <time>2025-08-30T18:36:44.970Z</time>
      </trkpt>
      <trkpt lat="42.427856" lon="-71.060526">
        <ele>9.671562</ele>
        <time>2025-08-30T18:36:46.970Z</time>
      </trkpt>
      <trkpt lat="42.427793" lon="-71.060646">
        <ele>9.613326</ele>
        <time>2025-08-30T18:36:48.970Z</time>
      </trkpt>
      <trkpt lat="42.427706" lon="-71.060758">
        <ele>9.549025</ele>
        <time>2025-08-30T18:36:50.970Z</time>
      </trkpt>
      <trkpt lat="42.427642" lon="-71.060873">
        <ele>9.492068</ele>
        <time>2025-08-30T18:36:52.970Z</time>
      </trkpt>
      <trkpt lat="42.427571" lon="-71.060982">
        <ele>9.434577</ele>
        <time>2025-08-30T18:36:54.970Z</time>
      </trkpt>
      <trkpt lat="42.427508" lon="-71.061091">
        <ele>9.379828</ele>
        <time>2025-08-30T18:36:56.970Z</time>
      </trkpt>
      <trkpt lat="42.427433" lon="-71.061231">
        <ele>9.311417</ele>
        <time>2025-08-30T18:36:58.970Z</time>
      </trkpt>
      <trkpt lat="42.427367" lon="-71.061348">
        <ele>9.253181</ele>
        <time>2025-08-30T18:37:00.970Z</time>
      </trkpt>
      <trkpt lat="42.427306" lon="-71.061474">
        <ele>9.193590</ele>
        <time>2025-08-30T18:37:02.970Z</time>
      </trkpt>
      <trkpt lat="42.427249" lon="-71.061598">
        <ele>9.116364</ele>
        <time>2025-08-30T18:37:04.970Z</time>
      </trkpt>
      <trkpt lat="42.427170" lon="-71.061728">
        <ele>9.018484</ele>
        <time>2025-08-30T18:37:06.970Z</time>
      </trkpt>
      <trkpt lat="42.427094" lon="-71.061836">
        <ele>8.931749</ele>
        <time>2025-08-30T18:37:08.970Z</time>
      </trkpt>
      <trkpt lat="42.427037" lon="-71.061951">
        <ele>8.851230</ele>
        <time>2025-08-30T18:37:10.970Z</time>
      </trkpt>
      <trkpt lat="42.426980" lon="-71.062064">
        <ele>8.771673</ele>
        <time>2025-08-30T18:37:12.970Z</time>
      </trkpt>
      <trkpt lat="42.426913" lon="-71.062177">
        <ele>8.687422</ele>
        <time>2025-08-30T18:37:14.970Z</time>
      </trkpt>
      <trkpt lat="42.426847" lon="-71.062296">
        <ele>8.600900</ele>
        <time>2025-08-30T18:37:16.970Z</time>
      </trkpt>
      <trkpt lat="42.426790" lon="-71.062395">
        <ele>8.527917</ele>
        <time>2025-08-30T18:37:18.970Z</time>
      </trkpt>
      <trkpt lat="42.426725" lon="-71.062539">
        <ele>8.429803</ele>
        <time>2025-08-30T18:37:21.970Z</time>
      </trkpt>
      <trkpt lat="42.426658" lon="-71.062648">
        <ele>8.347351</ele>
        <time>2025-08-30T18:37:24.970Z</time>
      </trkpt>
      <trkpt lat="42.426538" lon="-71.062741">
        <ele>8.238483</ele>
        <time>2025-08-30T18:37:27.970Z</time>
      </trkpt>
      <trkpt lat="42.426499" lon="-71.062889">
        <ele>8.147135</ele>
        <time>2025-08-30T18:37:30.970Z</time>
      </trkpt>
      <trkpt lat="42.426443" lon="-71.063043">
        <ele>8.047345</ele>
        <time>2025-08-30T18:37:33.970Z</time>
      </trkpt>
      <trkpt lat="42.426403" lon="-71.063160">
        <ele>7.972394</ele>
        <time>2025-08-30T18:37:35.970Z</time>
      </trkpt>
      <trkpt lat="42.426364" lon="-71.063275">
        <ele>7.898829</ele>
        <time>2025-08-30T18:37:37.970Z</time>
      </trkpt>
      <trkpt lat="42.426360" lon="-71.063415">
        <ele>7.817389</ele>
        <time>2025-08-30T18:37:40.970Z</time>
      </trkpt>
      <trkpt lat="42.426338" lon="-71.063536">
        <ele>7.760814</ele>
        <time>2025-08-30T18:37:44.970Z</time>
      </trkpt>
      <trkpt lat="42.426284" lon="-71.063637">
        <ele>7.760814</ele>
        <time>2025-08-30T18:37:48.970Z</time>
      </trkpt>
      <trkpt lat="42.426262" lon="-71.063759">
        <ele>7.760814</ele>
        <time>2025-08-30T18:37:52.970Z</time>
      </trkpt>
      <trkpt lat="42.426232" lon="-71.063877">
        <ele>7.760814</ele>
        <time>2025-08-30T18:37:56.970Z</time>
      </trkpt>
      <trkpt lat="42.426170" lon="-71.064026">
        <ele>7.760814</ele>
        <time>2025-08-30T18:37:59.970Z</time>
      </trkpt>
      <trkpt lat="42.426110" lon="-71.064116">
        <ele>7.760814</ele>
        <time>2025-08-30T18:38:01.970Z</time>
      </trkpt>
      <trkpt lat="42.426052" lon="-71.064218">
        <ele>7.760814</ele>
        <time>2025-08-30T18:38:03.970Z</time>
      </trkpt>
      <trkpt lat="42.426006" lon="-71.064338">
        <ele>7.760814</ele>
        <time>2025-08-30T18:38:06.970Z</time>
      </trkpt>
      <trkpt lat="42.425977" lon="-71.064491">
        <ele>7.760814</ele>
        <time>2025-08-30T18:38:09.970Z</time>
      </trkpt>
      <trkpt lat="42.425930" lon="-71.064620">
        <ele>7.760814</ele>
        <time>2025-08-30T18:38:12.970Z</time>
      </trkpt>
      <trkpt lat="42.425897" lon="-71.064783">
        <ele>7.760814</ele>
        <time>2025-08-30T18:38:15.970Z</time>
      </trkpt>
      <trkpt lat="42.425868" lon="-71.064901">
        <ele>7.760814</ele>
        <time>2025-08-30T18:38:20.970Z</time>
      </trkpt>
      <trkpt lat="42.425796" lon="-71.064996">
        <ele>7.760814</ele>
        <time>2025-08-30T18:38:26.970Z</time>
      </trkpt>
      <trkpt lat="42.425706" lon="-71.065051">
        <ele>7.760814</ele>
        <time>2025-08-30T18:38:36.970Z</time>
      </trkpt>
    </trkseg>
  </trk>
</gpx>