<?xml version="1.0"?><gpx version="1.0" creator="cycle.travel"  xmlns:xsi="http://www.w3.org/2001/XMLSchema-instance"  xmlns="http://www.topografix.com/GPX/1/0"  xsi:schemaLocation="http://www.topografix.com/GPX/1/0 http://www.topografix.com/GPX/1/0/gpx.xsd">  <trk>    <name>Waltham + Newto</name>    <trkseg>      <trkpt lat="42.37627" lon="-71.24258"><ele>18</ele></trkpt>      <trkpt lat="42.37627" lon="-71.24234"><ele>18</ele></trkpt>      <trkpt lat="42.37627" lon="-71.24217"><ele>18</ele></trkpt>      <trkpt lat="42.37626" lon="-71.24177"><ele>18</ele></trkpt>      <trkpt lat="42.37626" lon="-71.24163"><ele>18</ele></trkpt>      <trkpt lat="42.37625" lon="-71.24135"><ele>18</ele></trkpt>      <trkpt lat="42.37623" lon="-71.24103"><ele>18</ele></trkpt>      <trkpt lat="42.37623" lon="-71.24086"><ele>18</ele></trkpt>      <trkpt lat="42.37622" lon="-71.24071"><ele>18</ele></trkpt>      <trkpt lat="42.37621" lon="-71.24055"><ele>18</ele></trkpt>      <trkpt lat="42.37619" lon="-71.24008"><ele>18</ele></trkpt>      <trkpt lat="42.37619" lon="-71.23986"><ele>18</ele></trkpt>      <trkpt lat="42.37618" lon="-71.23953"><ele>18</ele></trkpt>      <trkpt lat="42.37618" lon="-71.23929"><ele>18</ele></trkpt>      <trkpt lat="42.37618" lon="-71.23918"><ele>18</ele></trkpt>      <trkpt lat="42.37618" lon="-71.23900"><ele>18</ele></trkpt>      <trkpt lat="42.37617" lon="-71.23851"><ele>18</ele></trkpt>      <trkpt lat="42.37616" lon="-71.23818"><ele>18</ele></trkpt>      <trkpt lat="42.37615" lon="-71.23805"><ele>18</ele></trkpt>      <trkpt lat="42.37615" lon="-71.23791"><ele>18</ele></trkpt>      <trkpt lat="42.37615" lon="-71.23779"><ele>17</ele></trkpt>      <trkpt lat="42.37616" lon="-71.23725"><ele>17</ele></trkpt>      <trkpt lat="42.37616" lon="-71.23707"><ele>17</ele></trkpt>      <trkpt lat="42.37606" lon="-71.23707"><ele>17</ele></trkpt>      <trkpt lat="42.37586" lon="-71.23700"><ele>17</ele></trkpt>      <trkpt lat="42.37566" lon="-71.23694"><ele>16</ele></trkpt>      <trkpt lat="42.37557" lon="-71.23691"><ele>16</ele></trkpt>      <trkpt lat="42.37546" lon="-71.23688"><ele>16</ele></trkpt>      <trkpt lat="42.37527" lon="-71.23682"><ele>16</ele></trkpt>      <trkpt lat="42.37514" lon="-71.23679"><ele>16</ele></trkpt>      <trkpt lat="42.37500" lon="-71.23675"><ele>15</ele></trkpt>      <trkpt lat="42.37473" lon="-71.23667"><ele>14</ele></trkpt>      <trkpt lat="42.37458" lon="-71.23663"><ele>14</ele></trkpt>      <trkpt lat="42.37447" lon="-71.23661"><ele>13</ele></trkpt>      <trkpt lat="42.37438" lon="-71.23659"><ele>13</ele></trkpt>      <trkpt lat="42.37424" lon="-71.23656"><ele>13</ele></trkpt>      <trkpt lat="42.37412" lon="-71.23654"><ele>13</ele></trkpt>      <trkpt lat="42.37398" lon="-71.23651"><ele>12</ele></trkpt>      <trkpt lat="42.37382" lon="-71.23648"><ele>12</ele></trkpt>      <trkpt lat="42.37370" lon="-71.23648"><ele>12</ele></trkpt>      <trkpt lat="42.37361" lon="-71.23649"><ele>11</ele></trkpt>      <trkpt lat="42.37280" lon="-71.23663"><ele>9</ele></trkpt>      <trkpt lat="42.37225" lon="-71.23672"><ele>10</ele></trkpt>      <trkpt lat="42.37179" lon="-71.23680"><ele>12</ele></trkpt>      <trkpt lat="42.37166" lon="-71.23684"><ele>12</ele></trkpt>      <trkpt lat="42.37148" lon="-71.23686"><ele>12</ele></trkpt>      <trkpt lat="42.37112" lon="-71.23693"><ele>13</ele></trkpt>      <trkpt lat="42.37054" lon="-71.23703"><ele>15</ele></trkpt>      <trkpt lat="42.37009" lon="-71.23710"><ele>16</ele></trkpt>      <trkpt lat="42.36960" lon="-71.23718"><ele>18</ele></trkpt>      <trkpt lat="42.36946" lon="-71.23721"><ele>18</ele></trkpt>      <trkpt lat="42.36913" lon="-71.23727"><ele>19</ele></trkpt>      <trkpt lat="42.36870" lon="-71.23734"><ele>19</ele></trkpt>      <trkpt lat="42.36862" lon="-71.23735"><ele>20</ele></trkpt>      <trkpt lat="42.36789" lon="-71.23748"><ele>21</ele></trkpt>      <trkpt lat="42.36766" lon="-71.23753"><ele>21</ele></trkpt>      <trkpt lat="42.36754" lon="-71.23756"><ele>21</ele></trkpt>      <trkpt lat="42.36729" lon="-71.23764"><ele>22</ele></trkpt>      <trkpt lat="42.36720" lon="-71.23767"><ele>22</ele></trkpt>      <trkpt lat="42.36705" lon="-71.23773"><ele>22</ele></trkpt>      <trkpt lat="42.36673" lon="-71.23783"><ele>22</ele></trkpt>      <trkpt lat="42.36635" lon="-71.23796"><ele>24</ele></trkpt>      <trkpt lat="42.36600" lon="-71.23807"><ele>24</ele></trkpt>      <trkpt lat="42.36585" lon="-71.23812"><ele>24</ele></trkpt>      <trkpt lat="42.36552" lon="-71.23823"><ele>25</ele></trkpt>      <trkpt lat="42.36507" lon="-71.23838"><ele>25</ele></trkpt>      <trkpt lat="42.36431" lon="-71.23863"><ele>25</ele></trkpt>      <trkpt lat="42.36391" lon="-71.23875"><ele>25</ele></trkpt>      <trkpt lat="42.36382" lon="-71.23878"><ele>25</ele></trkpt>      <trkpt lat="42.36372" lon="-71.23880"><ele>26</ele></trkpt>      <trkpt lat="42.36357" lon="-71.23882"><ele>26</ele></trkpt>      <trkpt lat="42.36345" lon="-71.23883"><ele>26</ele></trkpt>      <trkpt lat="42.36322" lon="-71.23886"><ele>26</ele></trkpt>      <trkpt lat="42.36303" lon="-71.23888"><ele>26</ele></trkpt>      <trkpt lat="42.36260" lon="-71.23894"><ele>25</ele></trkpt>      <trkpt lat="42.36225" lon="-71.23899"><ele>25</ele></trkpt>      <trkpt lat="42.36199" lon="-71.23903"><ele>25</ele></trkpt>      <trkpt lat="42.36173" lon="-71.23907"><ele>25</ele></trkpt>      <trkpt lat="42.36160" lon="-71.23909"><ele>25</ele></trkpt>      <trkpt lat="42.36141" lon="-71.23912"><ele>25</ele></trkpt>      <trkpt lat="42.36126" lon="-71.23914"><ele>25</ele></trkpt>      <trkpt lat="42.36107" lon="-71.23917"><ele>25</ele></trkpt>      <trkpt lat="42.36091" lon="-71.23919"><ele>24</ele></trkpt>      <trkpt lat="42.36047" lon="-71.23925"><ele>24</ele></trkpt>      <trkpt lat="42.36024" lon="-71.23929"><ele>24</ele></trkpt>      <trkpt lat="42.36015" lon="-71.23930"><ele>24</ele></trkpt>      <trkpt lat="42.36000" lon="-71.23932"><ele>23</ele></trkpt>      <trkpt lat="42.35952" lon="-71.23938"><ele>23</ele></trkpt>      <trkpt lat="42.35938" lon="-71.23940"><ele>23</ele></trkpt>      <trkpt lat="42.35899" lon="-71.23945"><ele>22</ele></trkpt>      <trkpt lat="42.35890" lon="-71.23946"><ele>21</ele></trkpt>      <trkpt lat="42.35858" lon="-71.23950"><ele>19</ele></trkpt>      <trkpt lat="42.35829" lon="-71.23953"><ele>18</ele></trkpt>      <trkpt lat="42.35808" lon="-71.23956"><ele>17</ele></trkpt>      <trkpt lat="42.35790" lon="-71.23960"><ele>17</ele></trkpt>      <trkpt lat="42.35773" lon="-71.23965"><ele>17</ele></trkpt>      <trkpt lat="42.35766" lon="-71.23968"><ele>17</ele></trkpt>      <trkpt lat="42.35753" lon="-71.23974"><ele>16</ele></trkpt>      <trkpt lat="42.35738" lon="-71.23981"><ele>16</ele></trkpt>      <trkpt lat="42.35731" lon="-71.23984"><ele>16</ele></trkpt>      <trkpt lat="42.35718" lon="-71.23991"><ele>16</ele></trkpt>      <trkpt lat="42.35704" lon="-71.23999"><ele>16</ele></trkpt>      <trkpt lat="42.35692" lon="-71.24007"><ele>16</ele></trkpt>      <trkpt lat="42.35679" lon="-71.24017"><ele>16</ele></trkpt>      <trkpt lat="42.35655" lon="-71.24036"><ele>16</ele></trkpt>      <trkpt lat="42.35639" lon="-71.24050"><ele>16</ele></trkpt>      <trkpt lat="42.35626" lon="-71.24064"><ele>16</ele></trkpt>      <trkpt lat="42.35608" lon="-71.24084"><ele>16</ele></trkpt>      <trkpt lat="42.35595" lon="-71.24104"><ele>16</ele></trkpt>      <trkpt lat="42.35584" lon="-71.24119"><ele>17</ele></trkpt>      <trkpt lat="42.35569" lon="-71.24141"><ele>17</ele></trkpt>      <trkpt lat="42.35557" lon="-71.24162"><ele>17</ele></trkpt>      <trkpt lat="42.35549" lon="-71.24178"><ele>17</ele></trkpt>      <trkpt lat="42.35539" lon="-71.24197"><ele>17</ele></trkpt>      <trkpt lat="42.35503" lon="-71.24273"><ele>17</ele></trkpt>      <trkpt lat="42.35481" lon="-71.24319"><ele>17</ele></trkpt>      <trkpt lat="42.35475" lon="-71.24332"><ele>17</ele></trkpt>      <trkpt lat="42.35467" lon="-71.24348"><ele>16</ele></trkpt>      <trkpt lat="42.35446" lon="-71.24392"><ele>16</ele></trkpt>      <trkpt lat="42.35439" lon="-71.24406"><ele>16</ele></trkpt>      <trkpt lat="42.35430" lon="-71.24422"><ele>16</ele></trkpt>      <trkpt lat="42.35421" lon="-71.24437"><ele>16</ele></trkpt>      <trkpt lat="42.35415" lon="-71.24445"><ele>17</ele></trkpt>      <trkpt lat="42.35407" lon="-71.24454"><ele>17</ele></trkpt>      <trkpt lat="42.35396" lon="-71.24467"><ele>17</ele></trkpt>      <trkpt lat="42.35381" lon="-71.24480"><ele>17</ele></trkpt>      <trkpt lat="42.35372" lon="-71.24488"><ele>17</ele></trkpt>      <trkpt lat="42.35358" lon="-71.24498"><ele>17</ele></trkpt>      <trkpt lat="42.35296" lon="-71.24534"><ele>17</ele></trkpt>      <trkpt lat="42.35266" lon="-71.24552"><ele>17</ele></trkpt>      <trkpt lat="42.35203" lon="-71.24588"><ele>17</ele></trkpt>      <trkpt lat="42.35127" lon="-71.24634"><ele>17</ele></trkpt>      <trkpt lat="42.34986" lon="-71.24716"><ele>17</ele></trkpt>      <trkpt lat="42.34967" lon="-71.24727"><ele>17</ele></trkpt>      <trkpt lat="42.34958" lon="-71.24733"><ele>17</ele></trkpt>      <trkpt lat="42.34945" lon="-71.24736"><ele>17</ele></trkpt>      <trkpt lat="42.34937" lon="-71.24736"><ele>17</ele></trkpt>      <trkpt lat="42.34904" lon="-71.24731"><ele>17</ele></trkpt>      <trkpt lat="42.34882" lon="-71.24728"><ele>17</ele></trkpt>      <trkpt lat="42.34863" lon="-71.24725"><ele>17</ele></trkpt>      <trkpt lat="42.34854" lon="-71.24724"><ele>17</ele></trkpt>      <trkpt lat="42.34845" lon="-71.24723"><ele>17</ele></trkpt>      <trkpt lat="42.34830" lon="-71.24721"><ele>17</ele></trkpt>      <trkpt lat="42.34816" lon="-71.24718"><ele>17</ele></trkpt>      <trkpt lat="42.34801" lon="-71.24716"><ele>17</ele></trkpt>      <trkpt lat="42.34791" lon="-71.24714"><ele>17</ele></trkpt>      <trkpt lat="42.34786" lon="-71.24689"><ele>17</ele></trkpt>      <trkpt lat="42.34794" lon="-71.24684"><ele>17</ele></trkpt>      <trkpt lat="42.34798" lon="-71.24673"><ele>17</ele></trkpt>      <trkpt lat="42.34767" lon="-71.24535"><ele>17</ele></trkpt>      <trkpt lat="42.34764" lon="-71.24524"><ele>17</ele></trkpt>      <trkpt lat="42.34742" lon="-71.24426"><ele>17</ele></trkpt>      <trkpt lat="42.34739" lon="-71.24401"><ele>17</ele></trkpt>      <trkpt lat="42.34739" lon="-71.24384"><ele>17</ele></trkpt>      <trkpt lat="42.34741" lon="-71.24364"><ele>17</ele></trkpt>      <trkpt lat="42.34743" lon="-71.24349"><ele>17</ele></trkpt>      <trkpt lat="42.34743" lon="-71.24325"><ele>17</ele></trkpt>      <trkpt lat="42.34740" lon="-71.24304"><ele>17</ele></trkpt>      <trkpt lat="42.34733" lon="-71.24280"><ele>17</ele></trkpt>      <trkpt lat="42.34726" lon="-71.24263"><ele>17</ele></trkpt>      <trkpt lat="42.34718" lon="-71.24248"><ele>17</ele></trkpt>      <trkpt lat="42.34712" lon="-71.24240"><ele>17</ele></trkpt>      <trkpt lat="42.34705" lon="-71.24231"><ele>17</ele></trkpt>      <trkpt lat="42.34691" lon="-71.24214"><ele>17</ele></trkpt>      <trkpt lat="42.34648" lon="-71.24161"><ele>17</ele></trkpt>      <trkpt lat="42.34629" lon="-71.24139"><ele>17</ele></trkpt>      <trkpt lat="42.34620" lon="-71.24131"><ele>17</ele></trkpt>      <trkpt lat="42.34606" lon="-71.24119"><ele>17</ele></trkpt>      <trkpt lat="42.34584" lon="-71.24101"><ele>18</ele></trkpt>      <trkpt lat="42.34565" lon="-71.24087"><ele>18</ele></trkpt>      <trkpt lat="42.34550" lon="-71.24079"><ele>18</ele></trkpt>      <trkpt lat="42.34540" lon="-71.24075"><ele>18</ele></trkpt>      <trkpt lat="42.34531" lon="-71.24073"><ele>18</ele></trkpt>      <trkpt lat="42.34522" lon="-71.24071"><ele>18</ele></trkpt>      <trkpt lat="42.34513" lon="-71.24071"><ele>18</ele></trkpt>      <trkpt lat="42.34501" lon="-71.24072"><ele>18</ele></trkpt>      <trkpt lat="42.34488" lon="-71.24075"><ele>18</ele></trkpt>      <trkpt lat="42.34475" lon="-71.24080"><ele>18</ele></trkpt>      <trkpt lat="42.34463" lon="-71.24087"><ele>19</ele></trkpt>      <trkpt lat="42.34442" lon="-71.24097"><ele>19</ele></trkpt>      <trkpt lat="42.34422" lon="-71.24106"><ele>19</ele></trkpt>      <trkpt lat="42.34400" lon="-71.24114"><ele>19</ele></trkpt>      <trkpt lat="42.34385" lon="-71.24118"><ele>19</ele></trkpt>      <trkpt lat="42.34370" lon="-71.24119"><ele>19</ele></trkpt>      <trkpt lat="42.34355" lon="-71.24117"><ele>19</ele></trkpt>      <trkpt lat="42.34345" lon="-71.24116"><ele>20</ele></trkpt>      <trkpt lat="42.34328" lon="-71.24109"><ele>20</ele></trkpt>      <trkpt lat="42.34314" lon="-71.24098"><ele>21</ele></trkpt>      <trkpt lat="42.34301" lon="-71.24088"><ele>22</ele></trkpt>      <trkpt lat="42.34290" lon="-71.24076"><ele>23</ele></trkpt>      <trkpt lat="42.34277" lon="-71.24062"><ele>23</ele></trkpt>      <trkpt lat="42.34253" lon="-71.24034"><ele>23</ele></trkpt>      <trkpt lat="42.34235" lon="-71.24008"><ele>24</ele></trkpt>      <trkpt lat="42.34218" lon="-71.23986"><ele>24</ele></trkpt>      <trkpt lat="42.34204" lon="-71.24000"><ele>24</ele></trkpt>      <trkpt lat="42.34149" lon="-71.23926"><ele>24</ele></trkpt>      <trkpt lat="42.34132" lon="-71.23902"><ele>24</ele></trkpt>      <trkpt lat="42.34116" lon="-71.23879"><ele>25</ele></trkpt>      <trkpt lat="42.34105" lon="-71.23863"><ele>25</ele></trkpt>      <trkpt lat="42.34066" lon="-71.23808"><ele>25</ele></trkpt>      <trkpt lat="42.34056" lon="-71.23793"><ele>25</ele></trkpt>      <trkpt lat="42.34016" lon="-71.23738"><ele>26</ele></trkpt>      <trkpt lat="42.34008" lon="-71.23725"><ele>27</ele></trkpt>      <trkpt lat="42.33997" lon="-71.23707"><ele>27</ele></trkpt>      <trkpt lat="42.34016" lon="-71.23693"><ele>28</ele></trkpt>      <trkpt lat="42.34006" lon="-71.23674"><ele>28</ele></trkpt>      <trkpt lat="42.33996" lon="-71.23652"><ele>29</ele></trkpt>      <trkpt lat="42.33986" lon="-71.23626"><ele>30</ele></trkpt>      <trkpt lat="42.33978" lon="-71.23599"><ele>32</ele></trkpt>      <trkpt lat="42.33969" lon="-71.23570"><ele>33</ele></trkpt>      <trkpt lat="42.33964" lon="-71.23545"><ele>34</ele></trkpt>      <trkpt lat="42.33959" lon="-71.23518"><ele>36</ele></trkpt>      <trkpt lat="42.33955" lon="-71.23495"><ele>36</ele></trkpt>      <trkpt lat="42.33952" lon="-71.23468"><ele>38</ele></trkpt>      <trkpt lat="42.33951" lon="-71.23449"><ele>38</ele></trkpt>      <trkpt lat="42.33949" lon="-71.23419"><ele>40</ele></trkpt>      <trkpt lat="42.33948" lon="-71.23356"><ele>42</ele></trkpt>      <trkpt lat="42.33948" lon="-71.23335"><ele>43</ele></trkpt>      <trkpt lat="42.33946" lon="-71.23237"><ele>47</ele></trkpt>      <trkpt lat="42.33945" lon="-71.23120"><ele>47</ele></trkpt>      <trkpt lat="42.33943" lon="-71.23047"><ele>46</ele></trkpt>      <trkpt lat="42.33941" lon="-71.22994"><ele>44</ele></trkpt>      <trkpt lat="42.33938" lon="-71.22954"><ele>44</ele></trkpt>      <trkpt lat="42.33935" lon="-71.22922"><ele>44</ele></trkpt>      <trkpt lat="42.33926" lon="-71.22875"><ele>44</ele></trkpt>      <trkpt lat="42.33912" lon="-71.22816"><ele>44</ele></trkpt>      <trkpt lat="42.33904" lon="-71.22791"><ele>44</ele></trkpt>      <trkpt lat="42.33899" lon="-71.22774"><ele>44</ele></trkpt>      <trkpt lat="42.33889" lon="-71.22745"><ele>45</ele></trkpt>      <trkpt lat="42.33875" lon="-71.22713"><ele>45</ele></trkpt>      <trkpt lat="42.33861" lon="-71.22685"><ele>45</ele></trkpt>      <trkpt lat="42.33848" lon="-71.22659"><ele>45</ele></trkpt>      <trkpt lat="42.33821" lon="-71.22612"><ele>45</ele></trkpt>      <trkpt lat="42.33798" lon="-71.22573"><ele>45</ele></trkpt>      <trkpt lat="42.33790" lon="-71.22563"><ele>45</ele></trkpt>      <trkpt lat="42.33780" lon="-71.22549"><ele>45</ele></trkpt>      <trkpt lat="42.33750" lon="-71.22506"><ele>44</ele></trkpt>      <trkpt lat="42.33735" lon="-71.22483"><ele>44</ele></trkpt>      <trkpt lat="42.33721" lon="-71.22456"><ele>44</ele></trkpt>      <trkpt lat="42.33706" lon="-71.22421"><ele>44</ele></trkpt>      <trkpt lat="42.33699" lon="-71.22397"><ele>44</ele></trkpt>      <trkpt lat="42.33695" lon="-71.22380"><ele>44</ele></trkpt>      <trkpt lat="42.33691" lon="-71.22362"><ele>44</ele></trkpt>      <trkpt lat="42.33688" lon="-71.22345"><ele>43</ele></trkpt>      <trkpt lat="42.33686" lon="-71.22330"><ele>43</ele></trkpt>      <trkpt lat="42.33685" lon="-71.22313"><ele>43</ele></trkpt>      <trkpt lat="42.33684" lon="-71.22298"><ele>43</ele></trkpt>      <trkpt lat="42.33684" lon="-71.22282"><ele>43</ele></trkpt>      <trkpt lat="42.33684" lon="-71.22265"><ele>43</ele></trkpt>      <trkpt lat="42.33686" lon="-71.22219"><ele>43</ele></trkpt>      <trkpt lat="42.33686" lon="-71.22196"><ele>43</ele></trkpt>      <trkpt lat="42.33687" lon="-71.22183"><ele>43</ele></trkpt>      <trkpt lat="42.33688" lon="-71.22169"><ele>43</ele></trkpt>      <trkpt lat="42.33690" lon="-71.22155"><ele>43</ele></trkpt>      <trkpt lat="42.33692" lon="-71.22142"><ele>43</ele></trkpt>      <trkpt lat="42.33695" lon="-71.22129"><ele>43</ele></trkpt>      <trkpt lat="42.33698" lon="-71.22115"><ele>43</ele></trkpt>      <trkpt lat="42.33701" lon="-71.22102"><ele>43</ele></trkpt>      <trkpt lat="42.33705" lon="-71.22088"><ele>43</ele></trkpt>      <trkpt lat="42.33713" lon="-71.22065"><ele>43</ele></trkpt>      <trkpt lat="42.33717" lon="-71.22054"><ele>43</ele></trkpt>      <trkpt lat="42.33722" lon="-71.22042"><ele>43</ele></trkpt>      <trkpt lat="42.33727" lon="-71.22032"><ele>43</ele></trkpt>      <trkpt lat="42.33737" lon="-71.22014"><ele>43</ele></trkpt>      <trkpt lat="42.33744" lon="-71.22002"><ele>42</ele></trkpt>      <trkpt lat="42.33752" lon="-71.21990"><ele>42</ele></trkpt>      <trkpt lat="42.33761" lon="-71.21975"><ele>42</ele></trkpt>      <trkpt lat="42.33767" lon="-71.21966"><ele>42</ele></trkpt>      <trkpt lat="42.33777" lon="-71.21949"><ele>42</ele></trkpt>      <trkpt lat="42.33783" lon="-71.21930"><ele>42</ele></trkpt>      <trkpt lat="42.33787" lon="-71.21899"><ele>42</ele></trkpt>      <trkpt lat="42.33786" lon="-71.21877"><ele>42</ele></trkpt>      <trkpt lat="42.33781" lon="-71.21858"><ele>42</ele></trkpt>      <trkpt lat="42.33775" lon="-71.21841"><ele>41</ele></trkpt>      <trkpt lat="42.33758" lon="-71.21802"><ele>41</ele></trkpt>      <trkpt lat="42.33751" lon="-71.21786"><ele>41</ele></trkpt>      <trkpt lat="42.33746" lon="-71.21773"><ele>41</ele></trkpt>      <trkpt lat="42.33741" lon="-71.21761"><ele>41</ele></trkpt>      <trkpt lat="42.33736" lon="-71.21750"><ele>41</ele></trkpt>      <trkpt lat="42.33733" lon="-71.21740"><ele>40</ele></trkpt>      <trkpt lat="42.33726" lon="-71.21720"><ele>40</ele></trkpt>      <trkpt lat="42.33706" lon="-71.21643"><ele>40</ele></trkpt>      <trkpt lat="42.33702" lon="-71.21621"><ele>40</ele></trkpt>      <trkpt lat="42.33701" lon="-71.21600"><ele>40</ele></trkpt>      <trkpt lat="42.33703" lon="-71.21581"><ele>40</ele></trkpt>      <trkpt lat="42.33709" lon="-71.21560"><ele>40</ele></trkpt>      <trkpt lat="42.33715" lon="-71.21545"><ele>40</ele></trkpt>      <trkpt lat="42.33721" lon="-71.21528"><ele>40</ele></trkpt>      <trkpt lat="42.33729" lon="-71.21508"><ele>39</ele></trkpt>      <trkpt lat="42.33739" lon="-71.21485"><ele>39</ele></trkpt>      <trkpt lat="42.33747" lon="-71.21466"><ele>39</ele></trkpt>      <trkpt lat="42.33755" lon="-71.21449"><ele>39</ele></trkpt>      <trkpt lat="42.33776" lon="-71.21399"><ele>39</ele></trkpt>      <trkpt lat="42.33783" lon="-71.21377"><ele>39</ele></trkpt>      <trkpt lat="42.33789" lon="-71.21357"><ele>38</ele></trkpt>      <trkpt lat="42.33795" lon="-71.21339"><ele>38</ele></trkpt>      <trkpt lat="42.33799" lon="-71.21324"><ele>37</ele></trkpt>      <trkpt lat="42.33804" lon="-71.21309"><ele>37</ele></trkpt>      <trkpt lat="42.33807" lon="-71.21294"><ele>36</ele></trkpt>      <trkpt lat="42.33811" lon="-71.21276"><ele>36</ele></trkpt>      <trkpt lat="42.33814" lon="-71.21256"><ele>35</ele></trkpt>      <trkpt lat="42.33816" lon="-71.21239"><ele>34</ele></trkpt>      <trkpt lat="42.33818" lon="-71.21223"><ele>34</ele></trkpt>      <trkpt lat="42.33819" lon="-71.21209"><ele>33</ele></trkpt>      <trkpt lat="42.33819" lon="-71.21193"><ele>33</ele></trkpt>      <trkpt lat="42.33819" lon="-71.21182"><ele>33</ele></trkpt>      <trkpt lat="42.33819" lon="-71.21162"><ele>32</ele></trkpt>      <trkpt lat="42.33819" lon="-71.21147"><ele>32</ele></trkpt>      <trkpt lat="42.33818" lon="-71.21132"><ele>32</ele></trkpt>      <trkpt lat="42.33817" lon="-71.21116"><ele>32</ele></trkpt>      <trkpt lat="42.33807" lon="-71.21032"><ele>32</ele></trkpt>      <trkpt lat="42.33805" lon="-71.21018"><ele>32</ele></trkpt>      <trkpt lat="42.33805" lon="-71.21001"><ele>32</ele></trkpt>      <trkpt lat="42.33805" lon="-71.20978"><ele>32</ele></trkpt>      <trkpt lat="42.33806" lon="-71.20957"><ele>32</ele></trkpt>      <trkpt lat="42.33808" lon="-71.20936"><ele>32</ele></trkpt>      <trkpt lat="42.33812" lon="-71.20914"><ele>32</ele></trkpt>      <trkpt lat="42.33816" lon="-71.20897"><ele>31</ele></trkpt>      <trkpt lat="42.33821" lon="-71.20880"><ele>30</ele></trkpt>      <trkpt lat="42.33827" lon="-71.20858"><ele>29</ele></trkpt>      <trkpt lat="42.33837" lon="-71.20832"><ele>28</ele></trkpt>      <trkpt lat="42.33846" lon="-71.20808"><ele>28</ele></trkpt>      <trkpt lat="42.33852" lon="-71.20790"><ele>28</ele></trkpt>      <trkpt lat="42.33857" lon="-71.20773"><ele>28</ele></trkpt>      <trkpt lat="42.33862" lon="-71.20755"><ele>28</ele></trkpt>      <trkpt lat="42.33870" lon="-71.20723"><ele>28</ele></trkpt>      <trkpt lat="42.33864" lon="-71.20705"><ele>28</ele></trkpt>      <trkpt lat="42.33864" lon="-71.20691"><ele>28</ele></trkpt>      <trkpt lat="42.33866" lon="-71.20674"><ele>28</ele></trkpt>      <trkpt lat="42.33877" lon="-71.20662"><ele>29</ele></trkpt>      <trkpt lat="42.33877" lon="-71.20646"><ele>30</ele></trkpt>      <trkpt lat="42.33878" lon="-71.20629"><ele>31</ele></trkpt>      <trkpt lat="42.33877" lon="-71.20609"><ele>32</ele></trkpt>      <trkpt lat="42.33877" lon="-71.20586"><ele>34</ele></trkpt>      <trkpt lat="42.33875" lon="-71.20565"><ele>35</ele></trkpt>      <trkpt lat="42.33873" lon="-71.20538"><ele>36</ele></trkpt>      <trkpt lat="42.33869" lon="-71.20507"><ele>37</ele></trkpt>      <trkpt lat="42.33864" lon="-71.20478"><ele>39</ele></trkpt>      <trkpt lat="42.33860" lon="-71.20462"><ele>39</ele></trkpt>      <trkpt lat="42.33856" lon="-71.20442"><ele>39</ele></trkpt>      <trkpt lat="42.33850" lon="-71.20420"><ele>40</ele></trkpt>      <trkpt lat="42.33841" lon="-71.20390"><ele>41</ele></trkpt>      <trkpt lat="42.33827" lon="-71.20349"><ele>42</ele></trkpt>      <trkpt lat="42.33817" lon="-71.20317"><ele>43</ele></trkpt>      <trkpt lat="42.33810" lon="-71.20284"><ele>45</ele></trkpt>      <trkpt lat="42.33805" lon="-71.20255"><ele>45</ele></trkpt>      <trkpt lat="42.33802" lon="-71.20240"><ele>45</ele></trkpt>      <trkpt lat="42.33801" lon="-71.20226"><ele>45</ele></trkpt>      <trkpt lat="42.33799" lon="-71.20204"><ele>45</ele></trkpt>      <trkpt lat="42.33799" lon="-71.20192"><ele>45</ele></trkpt>      <trkpt lat="42.33798" lon="-71.20180"><ele>45</ele></trkpt>      <trkpt lat="42.33798" lon="-71.20141"><ele>45</ele></trkpt>      <trkpt lat="42.33800" lon="-71.20117"><ele>44</ele></trkpt>      <trkpt lat="42.33801" lon="-71.20102"><ele>44</ele></trkpt>      <trkpt lat="42.33803" lon="-71.20084"><ele>44</ele></trkpt>      <trkpt lat="42.33805" lon="-71.20061"><ele>44</ele></trkpt>      <trkpt lat="42.33808" lon="-71.20038"><ele>45</ele></trkpt>      <trkpt lat="42.33811" lon="-71.19997"><ele>46</ele></trkpt>      <trkpt lat="42.33813" lon="-71.19957"><ele>48</ele></trkpt>      <trkpt lat="42.33812" lon="-71.19925"><ele>48</ele></trkpt>      <trkpt lat="42.33809" lon="-71.19878"><ele>48</ele></trkpt>      <trkpt lat="42.33807" lon="-71.19853"><ele>48</ele></trkpt>      <trkpt lat="42.33803" lon="-71.19829"><ele>48</ele></trkpt>      <trkpt lat="42.33795" lon="-71.19796"><ele>48</ele></trkpt>      <trkpt lat="42.33783" lon="-71.19761"><ele>47</ele></trkpt>      <trkpt lat="42.33774" lon="-71.19744"><ele>46</ele></trkpt>      <trkpt lat="42.33764" lon="-71.19726"><ele>46</ele></trkpt>      <trkpt lat="42.33754" lon="-71.19707"><ele>46</ele></trkpt>      <trkpt lat="42.33741" lon="-71.19685"><ele>45</ele></trkpt>      <trkpt lat="42.33733" lon="-71.19674"><ele>45</ele></trkpt>      <trkpt lat="42.33726" lon="-71.19662"><ele>45</ele></trkpt>      <trkpt lat="42.33713" lon="-71.19645"><ele>45</ele></trkpt>      <trkpt lat="42.33700" lon="-71.19630"><ele>44</ele></trkpt>      <trkpt lat="42.33680" lon="-71.19610"><ele>44</ele></trkpt>      <trkpt lat="42.33659" lon="-71.19591"><ele>44</ele></trkpt>      <trkpt lat="42.33632" lon="-71.19570"><ele>44</ele></trkpt>      <trkpt lat="42.33623" lon="-71.19561"><ele>44</ele></trkpt>      <trkpt lat="42.33613" lon="-71.19548"><ele>44</ele></trkpt>      <trkpt lat="42.33606" lon="-71.19534"><ele>44</ele></trkpt>      <trkpt lat="42.33599" lon="-71.19520"><ele>44</ele></trkpt>      <trkpt lat="42.33595" lon="-71.19507"><ele>44</ele></trkpt>      <trkpt lat="42.33592" lon="-71.19493"><ele>44</ele></trkpt>      <trkpt lat="42.33589" lon="-71.19476"><ele>44</ele></trkpt>      <trkpt lat="42.33589" lon="-71.19457"><ele>44</ele></trkpt>      <trkpt lat="42.33592" lon="-71.19438"><ele>44</ele></trkpt>      <trkpt lat="42.33598" lon="-71.19420"><ele>44</ele></trkpt>      <trkpt lat="42.33606" lon="-71.19404"><ele>44</ele></trkpt>      <trkpt lat="42.33630" lon="-71.19370"><ele>44</ele></trkpt>      <trkpt lat="42.33642" lon="-71.19349"><ele>44</ele></trkpt>      <trkpt lat="42.33644" lon="-71.19327"><ele>44</ele></trkpt>      <trkpt lat="42.33638" lon="-71.19328"><ele>44</ele></trkpt>      <trkpt lat="42.33619" lon="-71.19330"><ele>44</ele></trkpt>      <trkpt lat="42.33601" lon="-71.19333"><ele>44</ele></trkpt>      <trkpt lat="42.33588" lon="-71.19333"><ele>44</ele></trkpt>      <trkpt lat="42.33573" lon="-71.19335"><ele>44</ele></trkpt>      <trkpt lat="42.33533" lon="-71.19336"><ele>44</ele></trkpt>      <trkpt lat="42.33471" lon="-71.19339"><ele>44</ele></trkpt>      <trkpt lat="42.33445" lon="-71.19341"><ele>43</ele></trkpt>      <trkpt lat="42.33376" lon="-71.19344"><ele>43</ele></trkpt>      <trkpt lat="42.33363" lon="-71.19344"><ele>43</ele></trkpt>      <trkpt lat="42.33351" lon="-71.19344"><ele>42</ele></trkpt>      <trkpt lat="42.33334" lon="-71.19345"><ele>41</ele></trkpt>      <trkpt lat="42.33315" lon="-71.19354"><ele>41</ele></trkpt>      <trkpt lat="42.33305" lon="-71.19362"><ele>41</ele></trkpt>      <trkpt lat="42.33296" lon="-71.19369"><ele>41</ele></trkpt>      <trkpt lat="42.33288" lon="-71.19375"><ele>42</ele></trkpt>      <trkpt lat="42.33267" lon="-71.19395"><ele>42</ele></trkpt>      <trkpt lat="42.33257" lon="-71.19405"><ele>43</ele></trkpt>      <trkpt lat="42.33247" lon="-71.19415"><ele>43</ele></trkpt>      <trkpt lat="42.33239" lon="-71.19421"><ele>43</ele></trkpt>      <trkpt lat="42.33231" lon="-71.19427"><ele>44</ele></trkpt>      <trkpt lat="42.33223" lon="-71.19432"><ele>44</ele></trkpt>      <trkpt lat="42.33209" lon="-71.19440"><ele>44</ele></trkpt>      <trkpt lat="42.33200" lon="-71.19444"><ele>45</ele></trkpt>      <trkpt lat="42.33190" lon="-71.19447"><ele>45</ele></trkpt>      <trkpt lat="42.33171" lon="-71.19454"><ele>46</ele></trkpt>      <trkpt lat="42.33152" lon="-71.19459"><ele>46</ele></trkpt>      <trkpt lat="42.33128" lon="-71.19465"><ele>46</ele></trkpt>      <trkpt lat="42.33117" lon="-71.19466"><ele>46</ele></trkpt>      <trkpt lat="42.33108" lon="-71.19468"><ele>46</ele></trkpt>      <trkpt lat="42.33050" lon="-71.19477"><ele>46</ele></trkpt>      <trkpt lat="42.33036" lon="-71.19479"><ele>46</ele></trkpt>      <trkpt lat="42.33022" lon="-71.19481"><ele>46</ele></trkpt>      <trkpt lat="42.33007" lon="-71.19484"><ele>46</ele></trkpt>      <trkpt lat="42.32989" lon="-71.19488"><ele>46</ele></trkpt>      <trkpt lat="42.32969" lon="-71.19492"><ele>45</ele></trkpt>      <trkpt lat="42.32951" lon="-71.19497"><ele>45</ele></trkpt>      <trkpt lat="42.32942" lon="-71.19499"><ele>45</ele></trkpt>      <trkpt lat="42.32931" lon="-71.19500"><ele>45</ele></trkpt>      <trkpt lat="42.32916" lon="-71.19497"><ele>45</ele></trkpt>      <trkpt lat="42.32903" lon="-71.19492"><ele>45</ele></trkpt>      <trkpt lat="42.32889" lon="-71.19483"><ele>45</ele></trkpt>      <trkpt lat="42.32875" lon="-71.19476"><ele>46</ele></trkpt>      <trkpt lat="42.32861" lon="-71.19468"><ele>46</ele></trkpt>      <trkpt lat="42.32853" lon="-71.19463"><ele>47</ele></trkpt>      <trkpt lat="42.32831" lon="-71.19450"><ele>48</ele></trkpt>      <trkpt lat="42.32788" lon="-71.19427"><ele>50</ele></trkpt>      <trkpt lat="42.32766" lon="-71.19412"><ele>52</ele></trkpt>      <trkpt lat="42.32745" lon="-71.19401"><ele>53</ele></trkpt>      <trkpt lat="42.32730" lon="-71.19396"><ele>53</ele></trkpt>      <trkpt lat="42.32713" lon="-71.19393"><ele>54</ele></trkpt>      <trkpt lat="42.32688" lon="-71.19391"><ele>56</ele></trkpt>      <trkpt lat="42.32673" lon="-71.19390"><ele>56</ele></trkpt>      <trkpt lat="42.32665" lon="-71.19390"><ele>56</ele></trkpt>      <trkpt lat="42.32638" lon="-71.19389"><ele>56</ele></trkpt>      <trkpt lat="42.32562" lon="-71.19386"><ele>55</ele></trkpt>      <trkpt lat="42.32540" lon="-71.19386"><ele>55</ele></trkpt>      <trkpt lat="42.32487" lon="-71.19390"><ele>52</ele></trkpt>      <trkpt lat="42.32465" lon="-71.19392"><ele>52</ele></trkpt>      <trkpt lat="42.32456" lon="-71.19393"><ele>51</ele></trkpt>      <trkpt lat="42.32283" lon="-71.19405"><ele>45</ele></trkpt>      <trkpt lat="42.32266" lon="-71.19407"><ele>45</ele></trkpt>      <trkpt lat="42.32243" lon="-71.19408"><ele>43</ele></trkpt>      <trkpt lat="42.32219" lon="-71.19410"><ele>42</ele></trkpt>      <trkpt lat="42.32178" lon="-71.19413"><ele>40</ele></trkpt>      <trkpt lat="42.32159" lon="-71.19415"><ele>40</ele></trkpt>      <trkpt lat="42.32106" lon="-71.19418"><ele>40</ele></trkpt>      <trkpt lat="42.32090" lon="-71.19419"><ele>40</ele></trkpt>      <trkpt lat="42.31983" lon="-71.19426"><ele>39</ele></trkpt>      <trkpt lat="42.31974" lon="-71.19427"><ele>39</ele></trkpt>      <trkpt lat="42.31952" lon="-71.19429"><ele>39</ele></trkpt>      <trkpt lat="42.31932" lon="-71.19431"><ele>39</ele></trkpt>      <trkpt lat="42.31917" lon="-71.19433"><ele>39</ele></trkpt>      <trkpt lat="42.31903" lon="-71.19435"><ele>39</ele></trkpt>      <trkpt lat="42.31887" lon="-71.19439"><ele>39</ele></trkpt>      <trkpt lat="42.31878" lon="-71.19440"><ele>39</ele></trkpt>      <trkpt lat="42.31878" lon="-71.19423"><ele>39</ele></trkpt>      <trkpt lat="42.31879" lon="-71.19380"><ele>38</ele></trkpt>      <trkpt lat="42.31881" lon="-71.19289"><ele>38</ele></trkpt>      <trkpt lat="42.31882" lon="-71.19274"><ele>38</ele></trkpt>      <trkpt lat="42.31885" lon="-71.19208"><ele>37</ele></trkpt>      <trkpt lat="42.31882" lon="-71.19138"><ele>35</ele></trkpt>      <trkpt lat="42.31880" lon="-71.19108"><ele>35</ele></trkpt>      <trkpt lat="42.31878" lon="-71.19079"><ele>36</ele></trkpt>      <trkpt lat="42.31870" lon="-71.18966"><ele>46</ele></trkpt>      <trkpt lat="42.31861" lon="-71.18846"><ele>56</ele></trkpt>      <trkpt lat="42.31859" lon="-71.18818"><ele>57</ele></trkpt>      <trkpt lat="42.31858" lon="-71.18802"><ele>57</ele></trkpt>      <trkpt lat="42.31858" lon="-71.18789"><ele>57</ele></trkpt>      <trkpt lat="42.31858" lon="-71.18771"><ele>58</ele></trkpt>      <trkpt lat="42.31857" lon="-71.18759"><ele>58</ele></trkpt>      <trkpt lat="42.31858" lon="-71.18745"><ele>58</ele></trkpt>      <trkpt lat="42.31858" lon="-71.18730"><ele>58</ele></trkpt>      <trkpt lat="42.31860" lon="-71.18716"><ele>59</ele></trkpt>      <trkpt lat="42.31862" lon="-71.18694"><ele>60</ele></trkpt>      <trkpt lat="42.31864" lon="-71.18674"><ele>60</ele></trkpt>      <trkpt lat="42.31866" lon="-71.18659"><ele>60</ele></trkpt>      <trkpt lat="42.31873" lon="-71.18617"><ele>60</ele></trkpt>      <trkpt lat="42.31875" lon="-71.18599"><ele>60</ele></trkpt>      <trkpt lat="42.31878" lon="-71.18580"><ele>60</ele></trkpt>      <trkpt lat="42.31881" lon="-71.18559"><ele>60</ele></trkpt>      <trkpt lat="42.31894" lon="-71.18457"><ele>60</ele></trkpt>      <trkpt lat="42.31904" lon="-71.18375"><ele>60</ele></trkpt>      <trkpt lat="42.31907" lon="-71.18350"><ele>60</ele></trkpt>      <trkpt lat="42.31909" lon="-71.18328"><ele>60</ele></trkpt>      <trkpt lat="42.31910" lon="-71.18307"><ele>60</ele></trkpt>      <trkpt lat="42.31917" lon="-71.18219"><ele>59</ele></trkpt>      <trkpt lat="42.31919" lon="-71.18193"><ele>59</ele></trkpt>      <trkpt lat="42.31923" lon="-71.18137"><ele>59</ele></trkpt>      <trkpt lat="42.31925" lon="-71.18113"><ele>58</ele></trkpt>      <trkpt lat="42.31933" lon="-71.18008"><ele>57</ele></trkpt>      <trkpt lat="42.31936" lon="-71.17968"><ele>57</ele></trkpt>      <trkpt lat="42.31937" lon="-71.17955"><ele>57</ele></trkpt>      <trkpt lat="42.31944" lon="-71.17861"><ele>58</ele></trkpt>      <trkpt lat="42.31947" lon="-71.17830"><ele>58</ele></trkpt>      <trkpt lat="42.31948" lon="-71.17817"><ele>58</ele></trkpt>      <trkpt lat="42.31951" lon="-71.17801"><ele>58</ele></trkpt>      <trkpt lat="42.31953" lon="-71.17789"><ele>58</ele></trkpt>      <trkpt lat="42.31955" lon="-71.17777"><ele>58</ele></trkpt>      <trkpt lat="42.31958" lon="-71.17763"><ele>58</ele></trkpt>      <trkpt lat="42.31962" lon="-71.17747"><ele>57</ele></trkpt>      <trkpt lat="42.31966" lon="-71.17729"><ele>57</ele></trkpt>      <trkpt lat="42.31970" lon="-71.17715"><ele>57</ele></trkpt>      <trkpt lat="42.31976" lon="-71.17696"><ele>57</ele></trkpt>      <trkpt lat="42.32008" lon="-71.17593"><ele>57</ele></trkpt>      <trkpt lat="42.32016" lon="-71.17572"><ele>57</ele></trkpt>      <trkpt lat="42.32021" lon="-71.17559"><ele>57</ele></trkpt>      <trkpt lat="42.32026" lon="-71.17546"><ele>57</ele></trkpt>      <trkpt lat="42.32031" lon="-71.17532"><ele>57</ele></trkpt>      <trkpt lat="42.32036" lon="-71.17519"><ele>56</ele></trkpt>      <trkpt lat="42.32040" lon="-71.17505"><ele>56</ele></trkpt>      <trkpt lat="42.32044" lon="-71.17490"><ele>56</ele></trkpt>      <trkpt lat="42.32060" lon="-71.17435"><ele>56</ele></trkpt>      <trkpt lat="42.32108" lon="-71.17266"><ele>53</ele></trkpt>      <trkpt lat="42.32123" lon="-71.17212"><ele>53</ele></trkpt>      <trkpt lat="42.32135" lon="-71.17168"><ele>52</ele></trkpt>      <trkpt lat="42.32139" lon="-71.17153"><ele>52</ele></trkpt>      <trkpt lat="42.32144" lon="-71.17135"><ele>52</ele></trkpt>      <trkpt lat="42.32149" lon="-71.17115"><ele>52</ele></trkpt>      <trkpt lat="42.32172" lon="-71.17021"><ele>52</ele></trkpt>      <trkpt lat="42.32179" lon="-71.16997"><ele>52</ele></trkpt>      <trkpt lat="42.32188" lon="-71.16964"><ele>52</ele></trkpt>      <trkpt lat="42.32198" lon="-71.16928"><ele>52</ele></trkpt>      <trkpt lat="42.32209" lon="-71.16888"><ele>52</ele></trkpt>      <trkpt lat="42.32215" lon="-71.16866"><ele>53</ele></trkpt>      <trkpt lat="42.32219" lon="-71.16853"><ele>53</ele></trkpt>      <trkpt lat="42.32222" lon="-71.16841"><ele>53</ele></trkpt>      <trkpt lat="42.32226" lon="-71.16826"><ele>53</ele></trkpt>      <trkpt lat="42.32237" lon="-71.16781"><ele>53</ele></trkpt>      <trkpt lat="42.32241" lon="-71.16768"><ele>53</ele></trkpt>      <trkpt lat="42.32245" lon="-71.16754"><ele>53</ele></trkpt>      <trkpt lat="42.32257" lon="-71.16709"><ele>53</ele></trkpt>      <trkpt lat="42.32272" lon="-71.16651"><ele>53</ele></trkpt>      <trkpt lat="42.32278" lon="-71.16627"><ele>53</ele></trkpt>      <trkpt lat="42.32294" lon="-71.16565"><ele>53</ele></trkpt>      <trkpt lat="42.32307" lon="-71.16516"><ele>53</ele></trkpt>      <trkpt lat="42.32313" lon="-71.16495"><ele>53</ele></trkpt>      <trkpt lat="42.32321" lon="-71.16463"><ele>54</ele></trkpt>      <trkpt lat="42.32330" lon="-71.16429"><ele>54</ele></trkpt>      <trkpt lat="42.32334" lon="-71.16414"><ele>54</ele></trkpt>      <trkpt lat="42.32339" lon="-71.16396"><ele>54</ele></trkpt>      <trkpt lat="42.32345" lon="-71.16373"><ele>55</ele></trkpt>      <trkpt lat="42.32356" lon="-71.16331"><ele>56</ele></trkpt>      <trkpt lat="42.32374" lon="-71.16261"><ele>58</ele></trkpt>      <trkpt lat="42.32385" lon="-71.16218"><ele>58</ele></trkpt>      <trkpt lat="42.32406" lon="-71.16139"><ele>59</ele></trkpt>      <trkpt lat="42.32410" lon="-71.16122"><ele>59</ele></trkpt>      <trkpt lat="42.32421" lon="-71.16082"><ele>59</ele></trkpt>      <trkpt lat="42.32424" lon="-71.16069"><ele>60</ele></trkpt>      <trkpt lat="42.32427" lon="-71.16056"><ele>60</ele></trkpt>      <trkpt lat="42.32430" lon="-71.16042"><ele>61</ele></trkpt>      <trkpt lat="42.32451" lon="-71.15942"><ele>65</ele></trkpt>      <trkpt lat="42.32454" lon="-71.15926"><ele>65</ele></trkpt>      <trkpt lat="42.32459" lon="-71.15903"><ele>66</ele></trkpt>      <trkpt lat="42.32467" lon="-71.15870"><ele>68</ele></trkpt>      <trkpt lat="42.32470" lon="-71.15856"><ele>69</ele></trkpt>      <trkpt lat="42.32474" lon="-71.15841"><ele>69</ele></trkpt>      <trkpt lat="42.32484" lon="-71.15800"><ele>71</ele></trkpt>      <trkpt lat="42.32514" lon="-71.15683"><ele>72</ele></trkpt>      <trkpt lat="42.32537" lon="-71.15595"><ele>69</ele></trkpt>      <trkpt lat="42.32543" lon="-71.15575"><ele>69</ele></trkpt>      <trkpt lat="42.32550" lon="-71.15555"><ele>69</ele></trkpt>      <trkpt lat="42.32555" lon="-71.15544"><ele>69</ele></trkpt>      <trkpt lat="42.32559" lon="-71.15533"><ele>69</ele></trkpt>      <trkpt lat="42.32566" lon="-71.15520"><ele>69</ele></trkpt>      <trkpt lat="42.32571" lon="-71.15508"><ele>68</ele></trkpt>      <trkpt lat="42.32576" lon="-71.15499"><ele>68</ele></trkpt>      <trkpt lat="42.32581" lon="-71.15489"><ele>68</ele></trkpt>      <trkpt lat="42.32587" lon="-71.15475"><ele>68</ele></trkpt>      <trkpt lat="42.32592" lon="-71.15464"><ele>68</ele></trkpt>      <trkpt lat="42.32597" lon="-71.15452"><ele>68</ele></trkpt>      <trkpt lat="42.32608" lon="-71.15424"><ele>68</ele></trkpt>      <trkpt lat="42.32617" lon="-71.15400"><ele>69</ele></trkpt>      <trkpt lat="42.32626" lon="-71.15373"><ele>70</ele></trkpt>      <trkpt lat="42.32637" lon="-71.15340"><ele>72</ele></trkpt>      <trkpt lat="42.32644" lon="-71.15315"><ele>72</ele></trkpt>      <trkpt lat="42.32658" lon="-71.15264"><ele>70</ele></trkpt>      <trkpt lat="42.32663" lon="-71.15244"><ele>70</ele></trkpt>      <trkpt lat="42.32665" lon="-71.15233"><ele>69</ele></trkpt>      <trkpt lat="42.32667" lon="-71.15222"><ele>69</ele></trkpt>      <trkpt lat="42.32669" lon="-71.15210"><ele>68</ele></trkpt>      <trkpt lat="42.32670" lon="-71.15198"><ele>68</ele></trkpt>      <trkpt lat="42.32671" lon="-71.15184"><ele>68</ele></trkpt>      <trkpt lat="42.32672" lon="-71.15171"><ele>67</ele></trkpt>      <trkpt lat="42.32672" lon="-71.15148"><ele>67</ele></trkpt>      <trkpt lat="42.32672" lon="-71.15119"><ele>66</ele></trkpt>      <trkpt lat="42.32670" lon="-71.15074"><ele>65</ele></trkpt>      <trkpt lat="42.32668" lon="-71.15046"><ele>65</ele></trkpt>      <trkpt lat="42.32667" lon="-71.15031"><ele>64</ele></trkpt>      <trkpt lat="42.32666" lon="-71.15015"><ele>64</ele></trkpt>      <trkpt lat="42.32662" lon="-71.14977"><ele>63</ele></trkpt>      <trkpt lat="42.32659" lon="-71.14951"><ele>62</ele></trkpt>      <trkpt lat="42.32656" lon="-71.14925"><ele>61</ele></trkpt>      <trkpt lat="42.32655" lon="-71.14905"><ele>61</ele></trkpt>      <trkpt lat="42.32654" lon="-71.14893"><ele>61</ele></trkpt>      <trkpt lat="42.32652" lon="-71.14866"><ele>60</ele></trkpt>      <trkpt lat="42.32650" lon="-71.14841"><ele>60</ele></trkpt>      <trkpt lat="42.32650" lon="-71.14828"><ele>60</ele></trkpt>      <trkpt lat="42.32649" lon="-71.14815"><ele>60</ele></trkpt>      <trkpt lat="42.32648" lon="-71.14786"><ele>60</ele></trkpt>      <trkpt lat="42.32647" lon="-71.14764"><ele>60</ele></trkpt>      <trkpt lat="42.32645" lon="-71.14735"><ele>60</ele></trkpt>      <trkpt lat="42.32644" lon="-71.14715"><ele>59</ele></trkpt>      <trkpt lat="42.32643" lon="-71.14700"><ele>59</ele></trkpt>      <trkpt lat="42.32641" lon="-71.14665"><ele>58</ele></trkpt>      <trkpt lat="42.32640" lon="-71.14631"><ele>58</ele></trkpt>      <trkpt lat="42.32639" lon="-71.14610"><ele>58</ele></trkpt>      <trkpt lat="42.32638" lon="-71.14576"><ele>57</ele></trkpt>      <trkpt lat="42.32637" lon="-71.14533"><ele>57</ele></trkpt>      <trkpt lat="42.32636" lon="-71.14496"><ele>57</ele></trkpt>      <trkpt lat="42.32635" lon="-71.14419"><ele>56</ele></trkpt>      <trkpt lat="42.32634" lon="-71.14388"><ele>56</ele></trkpt>      <trkpt lat="42.32634" lon="-71.14363"><ele>57</ele></trkpt>      <trkpt lat="42.32633" lon="-71.14350"><ele>57</ele></trkpt>      <trkpt lat="42.32633" lon="-71.14333"><ele>57</ele></trkpt>      <trkpt lat="42.32633" lon="-71.14288"><ele>56</ele></trkpt>      <trkpt lat="42.32634" lon="-71.14275"><ele>55</ele></trkpt>      <trkpt lat="42.32634" lon="-71.14256"><ele>55</ele></trkpt>      <trkpt lat="42.32636" lon="-71.14226"><ele>54</ele></trkpt>      <trkpt lat="42.32638" lon="-71.14206"><ele>53</ele></trkpt>      <trkpt lat="42.32642" lon="-71.14168"><ele>51</ele></trkpt>      <trkpt lat="42.32646" lon="-71.14146"><ele>49</ele></trkpt>      <trkpt lat="42.32648" lon="-71.14134"><ele>49</ele></trkpt>      <trkpt lat="42.32651" lon="-71.14120"><ele>48</ele></trkpt>      <trkpt lat="42.32656" lon="-71.14097"><ele>46</ele></trkpt>      <trkpt lat="42.32660" lon="-71.14082"><ele>46</ele></trkpt>      <trkpt lat="42.32674" lon="-71.14023"><ele>43</ele></trkpt>      <trkpt lat="42.32679" lon="-71.13999"><ele>42</ele></trkpt>      <trkpt lat="42.32691" lon="-71.13955"><ele>41</ele></trkpt>      <trkpt lat="42.32708" lon="-71.13882"><ele>41</ele></trkpt>      <trkpt lat="42.32725" lon="-71.13824"><ele>40</ele></trkpt>      <trkpt lat="42.32730" lon="-71.13807"><ele>40</ele></trkpt>      <trkpt lat="42.32746" lon="-71.13760"><ele>40</ele></trkpt>      <trkpt lat="42.32760" lon="-71.13723"><ele>40</ele></trkpt>      <trkpt lat="42.32782" lon="-71.13670"><ele>39</ele></trkpt>      <trkpt lat="42.32809" lon="-71.13603"><ele>38</ele></trkpt>      <trkpt lat="42.32827" lon="-71.13557"><ele>37</ele></trkpt>      <trkpt lat="42.32835" lon="-71.13531"><ele>37</ele></trkpt>      <trkpt lat="42.32840" lon="-71.13513"><ele>37</ele></trkpt>      <trkpt lat="42.32842" lon="-71.13501"><ele>36</ele></trkpt>      <trkpt lat="42.32845" lon="-71.13490"><ele>36</ele></trkpt>      <trkpt lat="42.32848" lon="-71.13469"><ele>36</ele></trkpt>      <trkpt lat="42.32851" lon="-71.13449"><ele>35</ele></trkpt>      <trkpt lat="42.32856" lon="-71.13413"><ele>34</ele></trkpt>      <trkpt lat="42.32868" lon="-71.13335"><ele>32</ele></trkpt>      <trkpt lat="42.32872" lon="-71.13313"><ele>32</ele></trkpt>      <trkpt lat="42.32877" lon="-71.13286"><ele>31</ele></trkpt>      <trkpt lat="42.32879" lon="-71.13274"><ele>31</ele></trkpt>      <trkpt lat="42.32887" lon="-71.13237"><ele>31</ele></trkpt>      <trkpt lat="42.32896" lon="-71.13196"><ele>30</ele></trkpt>      <trkpt lat="42.32899" lon="-71.13180"><ele>30</ele></trkpt>      <trkpt lat="42.32905" lon="-71.13158"><ele>30</ele></trkpt>      <trkpt lat="42.32908" lon="-71.13144"><ele>30</ele></trkpt>      <trkpt lat="42.32914" lon="-71.13116"><ele>30</ele></trkpt>      <trkpt lat="42.32922" lon="-71.13068"><ele>30</ele></trkpt>      <trkpt lat="42.32935" lon="-71.12994"><ele>31</ele></trkpt>      <trkpt lat="42.32944" lon="-71.12938"><ele>28</ele></trkpt>      <trkpt lat="42.32946" lon="-71.12923"><ele>27</ele></trkpt>      <trkpt lat="42.32950" lon="-71.12901"><ele>26</ele></trkpt>      <trkpt lat="42.32961" lon="-71.12833"><ele>21</ele></trkpt>      <trkpt lat="42.32971" lon="-71.12773"><ele>19</ele></trkpt>      <trkpt lat="42.32980" lon="-71.12723"><ele>18</ele></trkpt>      <trkpt lat="42.32987" lon="-71.12685"><ele>16</ele></trkpt>      <trkpt lat="42.32995" lon="-71.12631"><ele>15</ele></trkpt>      <trkpt lat="42.32999" lon="-71.12607"><ele>14</ele></trkpt>      <trkpt lat="42.33003" lon="-71.12588"><ele>14</ele></trkpt>      <trkpt lat="42.33014" lon="-71.12525"><ele>14</ele></trkpt>      <trkpt lat="42.33023" lon="-71.12480"><ele>14</ele></trkpt>      <trkpt lat="42.33028" lon="-71.12452"><ele>14</ele></trkpt>      <trkpt lat="42.33033" lon="-71.12429"><ele>14</ele></trkpt>      <trkpt lat="42.33045" lon="-71.12363"><ele>14</ele></trkpt>      <trkpt lat="42.33053" lon="-71.12318"><ele>13</ele></trkpt>      <trkpt lat="42.33061" lon="-71.12276"><ele>13</ele></trkpt>      <trkpt lat="42.33070" lon="-71.12229"><ele>12</ele></trkpt>      <trkpt lat="42.33078" lon="-71.12189"><ele>11</ele></trkpt>      <trkpt lat="42.33084" lon="-71.12160"><ele>11</ele></trkpt>      <trkpt lat="42.33090" lon="-71.12130"><ele>11</ele></trkpt>      <trkpt lat="42.33112" lon="-71.12009"><ele>10</ele></trkpt>      <trkpt lat="42.33135" lon="-71.11884"><ele>8</ele></trkpt>      <trkpt lat="42.33149" lon="-71.11808"><ele>7</ele></trkpt>      <trkpt lat="42.33152" lon="-71.11789"><ele>7</ele></trkpt>      <trkpt lat="42.33154" lon="-71.11772"><ele>6</ele></trkpt>      <trkpt lat="42.33151" lon="-71.11763"><ele>6</ele></trkpt>      <trkpt lat="42.33156" lon="-71.11761"><ele>6</ele></trkpt>      <trkpt lat="42.33165" lon="-71.11760"><ele>6</ele></trkpt>      <trkpt lat="42.33174" lon="-71.11761"><ele>6</ele></trkpt>      <trkpt lat="42.33182" lon="-71.11764"><ele>6</ele></trkpt>      <trkpt lat="42.33185" lon="-71.11781"><ele>6</ele></trkpt>      <trkpt lat="42.33191" lon="-71.11793"><ele>6</ele></trkpt>      <trkpt lat="42.33197" lon="-71.11804"><ele>6</ele></trkpt>      <trkpt lat="42.33209" lon="-71.11819"><ele>6</ele></trkpt>      <trkpt lat="42.33224" lon="-71.11829"><ele>6</ele></trkpt>      <trkpt lat="42.33235" lon="-71.11836"><ele>6</ele></trkpt>      <trkpt lat="42.33247" lon="-71.11844"><ele>6</ele></trkpt>      <trkpt lat="42.33260" lon="-71.11853"><ele>7</ele></trkpt>      <trkpt lat="42.33273" lon="-71.11862"><ele>7</ele></trkpt>      <trkpt lat="42.33288" lon="-71.11868"><ele>8</ele></trkpt>      <trkpt lat="42.33301" lon="-71.11888"><ele>9</ele></trkpt>      <trkpt lat="42.33308" lon="-71.11897"><ele>10</ele></trkpt>      <trkpt lat="42.33316" lon="-71.11909"><ele>10</ele></trkpt>      <trkpt lat="42.33321" lon="-71.11918"><ele>10</ele></trkpt>      <trkpt lat="42.33325" lon="-71.11931"><ele>11</ele></trkpt>      <trkpt lat="42.33331" lon="-71.11961"><ele>11</ele></trkpt>      <trkpt lat="42.33338" lon="-71.12003"><ele>11</ele></trkpt>      <trkpt lat="42.33341" lon="-71.12018"><ele>11</ele></trkpt>      <trkpt lat="42.33344" lon="-71.12030"><ele>12</ele></trkpt>      <trkpt lat="42.33349" lon="-71.12048"><ele>12</ele></trkpt>      <trkpt lat="42.33360" lon="-71.12073"><ele>12</ele></trkpt>      <trkpt lat="42.33369" lon="-71.12091"><ele>12</ele></trkpt>      <trkpt lat="42.33391" lon="-71.12124"><ele>12</ele></trkpt>      <trkpt lat="42.33398" lon="-71.12134"><ele>12</ele></trkpt>      <trkpt lat="42.33405" lon="-71.12146"><ele>12</ele></trkpt>      <trkpt lat="42.33416" lon="-71.12166"><ele>12</ele></trkpt>      <trkpt lat="42.33433" lon="-71.12207"><ele>12</ele></trkpt>      <trkpt lat="42.33437" lon="-71.12219"><ele>12</ele></trkpt>      <trkpt lat="42.33451" lon="-71.12257"><ele>12</ele></trkpt>      <trkpt lat="42.33457" lon="-71.12276"><ele>12</ele></trkpt>      <trkpt lat="42.33463" lon="-71.12298"><ele>12</ele></trkpt>      <trkpt lat="42.33469" lon="-71.12320"><ele>12</ele></trkpt>      <trkpt lat="42.33476" lon="-71.12341"><ele>12</ele></trkpt>      <trkpt lat="42.33482" lon="-71.12361"><ele>12</ele></trkpt>      <trkpt lat="42.33491" lon="-71.12391"><ele>12</ele></trkpt>      <trkpt lat="42.33496" lon="-71.12409"><ele>12</ele></trkpt>      <trkpt lat="42.33502" lon="-71.12429"><ele>12</ele></trkpt>      <trkpt lat="42.33509" lon="-71.12445"><ele>12</ele></trkpt>      <trkpt lat="42.33520" lon="-71.12467"><ele>12</ele></trkpt>      <trkpt lat="42.33532" lon="-71.12482"><ele>12</ele></trkpt>      <trkpt lat="42.33544" lon="-71.12495"><ele>13</ele></trkpt>      <trkpt lat="42.33566" lon="-71.12512"><ele>13</ele></trkpt>      <trkpt lat="42.33603" lon="-71.12544"><ele>13</ele></trkpt>      <trkpt lat="42.33626" lon="-71.12566"><ele>14</ele></trkpt>      <trkpt lat="42.33649" lon="-71.12590"><ele>14</ele></trkpt>      <trkpt lat="42.33667" lon="-71.12607"><ele>15</ele></trkpt>      <trkpt lat="42.33687" lon="-71.12628"><ele>16</ele></trkpt>      <trkpt lat="42.33695" lon="-71.12635"><ele>16</ele></trkpt>      <trkpt lat="42.33705" lon="-71.12645"><ele>16</ele></trkpt>      <trkpt lat="42.33745" lon="-71.12685"><ele>16</ele></trkpt>      <trkpt lat="42.33757" lon="-71.12700"><ele>16</ele></trkpt>      <trkpt lat="42.33780" lon="-71.12730"><ele>16</ele></trkpt>      <trkpt lat="42.33791" lon="-71.12745"><ele>16</ele></trkpt>      <trkpt lat="42.33798" lon="-71.12756"><ele>16</ele></trkpt>      <trkpt lat="42.33816" lon="-71.12788"><ele>16</ele></trkpt>      <trkpt lat="42.33827" lon="-71.12809"><ele>17</ele></trkpt>      <trkpt lat="42.33840" lon="-71.12840"><ele>17</ele></trkpt>      <trkpt lat="42.33845" lon="-71.12862"><ele>17</ele></trkpt>      <trkpt lat="42.33848" lon="-71.12879"><ele>17</ele></trkpt>      <trkpt lat="42.33849" lon="-71.12895"><ele>17</ele></trkpt>      <trkpt lat="42.33849" lon="-71.12906"><ele>17</ele></trkpt>      <trkpt lat="42.33848" lon="-71.12919"><ele>18</ele></trkpt>      <trkpt lat="42.33844" lon="-71.12940"><ele>18</ele></trkpt>      <trkpt lat="42.33841" lon="-71.12952"><ele>18</ele></trkpt>      <trkpt lat="42.33837" lon="-71.12971"><ele>18</ele></trkpt>      <trkpt lat="42.33832" lon="-71.12996"><ele>18</ele></trkpt>      <trkpt lat="42.33830" lon="-71.13017"><ele>19</ele></trkpt>      <trkpt lat="42.33829" lon="-71.13030"><ele>19</ele></trkpt>      <trkpt lat="42.33828" lon="-71.13043"><ele>20</ele></trkpt>      <trkpt lat="42.33828" lon="-71.13065"><ele>20</ele></trkpt>      <trkpt lat="42.33830" lon="-71.13087"><ele>21</ele></trkpt>      <trkpt lat="42.33832" lon="-71.13109"><ele>22</ele></trkpt>      <trkpt lat="42.33835" lon="-71.13139"><ele>23</ele></trkpt>      <trkpt lat="42.33851" lon="-71.13252"><ele>26</ele></trkpt>      <trkpt lat="42.33855" lon="-71.13278"><ele>27</ele></trkpt>      <trkpt lat="42.33858" lon="-71.13307"><ele>27</ele></trkpt>      <trkpt lat="42.33863" lon="-71.13340"><ele>28</ele></trkpt>      <trkpt lat="42.33868" lon="-71.13373"><ele>28</ele></trkpt>      <trkpt lat="42.33870" lon="-71.13388"><ele>28</ele></trkpt>      <trkpt lat="42.33873" lon="-71.13398"><ele>28</ele></trkpt>      <trkpt lat="42.33876" lon="-71.13410"><ele>28</ele></trkpt>      <trkpt lat="42.33879" lon="-71.13423"><ele>28</ele></trkpt>      <trkpt lat="42.33883" lon="-71.13433"><ele>28</ele></trkpt>      <trkpt lat="42.33887" lon="-71.13445"><ele>28</ele></trkpt>      <trkpt lat="42.33891" lon="-71.13456"><ele>28</ele></trkpt>      <trkpt lat="42.33897" lon="-71.13467"><ele>28</ele></trkpt>      <trkpt lat="42.33903" lon="-71.13480"><ele>28</ele></trkpt>      <trkpt lat="42.33913" lon="-71.13496"><ele>28</ele></trkpt>      <trkpt lat="42.33924" lon="-71.13516"><ele>28</ele></trkpt>      <trkpt lat="42.33934" lon="-71.13533"><ele>28</ele></trkpt>      <trkpt lat="42.33940" lon="-71.13543"><ele>28</ele></trkpt>      <trkpt lat="42.33947" lon="-71.13554"><ele>28</ele></trkpt>      <trkpt lat="42.33956" lon="-71.13567"><ele>28</ele></trkpt>      <trkpt lat="42.33971" lon="-71.13590"><ele>28</ele></trkpt>      <trkpt lat="42.33980" lon="-71.13604"><ele>28</ele></trkpt>      <trkpt lat="42.33986" lon="-71.13614"><ele>28</ele></trkpt>      <trkpt lat="42.34037" lon="-71.13680"><ele>31</ele></trkpt>      <trkpt lat="42.34073" lon="-71.13728"><ele>30</ele></trkpt>      <trkpt lat="42.34081" lon="-71.13739"><ele>30</ele></trkpt>      <trkpt lat="42.34089" lon="-71.13750"><ele>30</ele></trkpt>      <trkpt lat="42.34096" lon="-71.13763"><ele>31</ele></trkpt>      <trkpt lat="42.34103" lon="-71.13778"><ele>32</ele></trkpt>      <trkpt lat="42.34108" lon="-71.13789"><ele>32</ele></trkpt>      <trkpt lat="42.34114" lon="-71.13802"><ele>33</ele></trkpt>      <trkpt lat="42.34134" lon="-71.13849"><ele>35</ele></trkpt>      <trkpt lat="42.34146" lon="-71.13877"><ele>35</ele></trkpt>      <trkpt lat="42.34152" lon="-71.13891"><ele>35</ele></trkpt>      <trkpt lat="42.34161" lon="-71.13909"><ele>36</ele></trkpt>      <trkpt lat="42.34171" lon="-71.13927"><ele>37</ele></trkpt>      <trkpt lat="42.34190" lon="-71.13959"><ele>38</ele></trkpt>      <trkpt lat="42.34205" lon="-71.13984"><ele>39</ele></trkpt>      <trkpt lat="42.34215" lon="-71.13998"><ele>39</ele></trkpt>      <trkpt lat="42.34231" lon="-71.14025"><ele>39</ele></trkpt>      <trkpt lat="42.34236" lon="-71.14034"><ele>39</ele></trkpt>      <trkpt lat="42.34241" lon="-71.14044"><ele>39</ele></trkpt>      <trkpt lat="42.34246" lon="-71.14054"><ele>39</ele></trkpt>      <trkpt lat="42.34262" lon="-71.14089"><ele>39</ele></trkpt>      <trkpt lat="42.34270" lon="-71.14103"><ele>39</ele></trkpt>      <trkpt lat="42.34276" lon="-71.14114"><ele>40</ele></trkpt>      <trkpt lat="42.34280" lon="-71.14123"><ele>40</ele></trkpt>      <trkpt lat="42.34298" lon="-71.14153"><ele>41</ele></trkpt>      <trkpt lat="42.34307" lon="-71.14170"><ele>42</ele></trkpt>      <trkpt lat="42.34318" lon="-71.14188"><ele>43</ele></trkpt>      <trkpt lat="42.34327" lon="-71.14205"><ele>44</ele></trkpt>      <trkpt lat="42.34342" lon="-71.14230"><ele>45</ele></trkpt>      <trkpt lat="42.34355" lon="-71.14254"><ele>46</ele></trkpt>      <trkpt lat="42.34363" lon="-71.14267"><ele>47</ele></trkpt>      <trkpt lat="42.34368" lon="-71.14276"><ele>47</ele></trkpt>      <trkpt lat="42.34374" lon="-71.14287"><ele>47</ele></trkpt>      <trkpt lat="42.34380" lon="-71.14297"><ele>47</ele></trkpt>      <trkpt lat="42.34389" lon="-71.14313"><ele>48</ele></trkpt>      <trkpt lat="42.34394" lon="-71.14323"><ele>48</ele></trkpt>      <trkpt lat="42.34406" lon="-71.14348"><ele>48</ele></trkpt>      <trkpt lat="42.34419" lon="-71.14373"><ele>48</ele></trkpt>      <trkpt lat="42.34446" lon="-71.14423"><ele>48</ele></trkpt>      <trkpt lat="42.34462" lon="-71.14454"><ele>48</ele></trkpt>      <trkpt lat="42.34482" lon="-71.14484"><ele>48</ele></trkpt>      <trkpt lat="42.34496" lon="-71.14505"><ele>48</ele></trkpt>      <trkpt lat="42.34520" lon="-71.14533"><ele>48</ele></trkpt>      <trkpt lat="42.34541" lon="-71.14556"><ele>48</ele></trkpt>      <trkpt lat="42.34552" lon="-71.14566"><ele>48</ele></trkpt>      <trkpt lat="42.34576" lon="-71.14586"><ele>48</ele></trkpt>      <trkpt lat="42.34599" lon="-71.14610"><ele>48</ele></trkpt>      <trkpt lat="42.34606" lon="-71.14619"><ele>48</ele></trkpt>      <trkpt lat="42.34618" lon="-71.14637"><ele>47</ele></trkpt>      <trkpt lat="42.34627" lon="-71.14658"><ele>47</ele></trkpt>      <trkpt lat="42.34637" lon="-71.14679"><ele>47</ele></trkpt>      <trkpt lat="42.34642" lon="-71.14689"><ele>47</ele></trkpt>      <trkpt lat="42.34646" lon="-71.14701"><ele>47</ele></trkpt>      <trkpt lat="42.34658" lon="-71.14732"><ele>46</ele></trkpt>      <trkpt lat="42.34662" lon="-71.14740"><ele>46</ele></trkpt>      <trkpt lat="42.34667" lon="-71.14754"><ele>46</ele></trkpt>      <trkpt lat="42.34675" lon="-71.14773"><ele>46</ele></trkpt>      <trkpt lat="42.34681" lon="-71.14788"><ele>46</ele></trkpt>      <trkpt lat="42.34691" lon="-71.14810"><ele>45</ele></trkpt>      <trkpt lat="42.34699" lon="-71.14825"><ele>45</ele></trkpt>      <trkpt lat="42.34704" lon="-71.14835"><ele>45</ele></trkpt>      <trkpt lat="42.34710" lon="-71.14845"><ele>45</ele></trkpt>      <trkpt lat="42.34720" lon="-71.14864"><ele>44</ele></trkpt>      <trkpt lat="42.34733" lon="-71.14884"><ele>43</ele></trkpt>      <trkpt lat="42.34743" lon="-71.14896"><ele>43</ele></trkpt>      <trkpt lat="42.34750" lon="-71.14905"><ele>42</ele></trkpt>      <trkpt lat="42.34764" lon="-71.14922"><ele>41</ele></trkpt>      <trkpt lat="42.34779" lon="-71.14937"><ele>40</ele></trkpt>      <trkpt lat="42.34796" lon="-71.14954"><ele>38</ele></trkpt>      <trkpt lat="42.34806" lon="-71.14963"><ele>37</ele></trkpt>      <trkpt lat="42.34819" lon="-71.14975"><ele>35</ele></trkpt>      <trkpt lat="42.34829" lon="-71.14983"><ele>34</ele></trkpt>      <trkpt lat="42.34842" lon="-71.14996"><ele>33</ele></trkpt>      <trkpt lat="42.34852" lon="-71.15005"><ele>32</ele></trkpt>      <trkpt lat="42.34866" lon="-71.15017"><ele>32</ele></trkpt>      <trkpt lat="42.34875" lon="-71.15021"><ele>32</ele></trkpt>      <trkpt lat="42.34885" lon="-71.15027"><ele>32</ele></trkpt>      <trkpt lat="42.34898" lon="-71.15030"><ele>31</ele></trkpt>      <trkpt lat="42.34907" lon="-71.15032"><ele>31</ele></trkpt>      <trkpt lat="42.34906" lon="-71.15044"><ele>31</ele></trkpt>      <trkpt lat="42.34906" lon="-71.15064"><ele>30</ele></trkpt>      <trkpt lat="42.34906" lon="-71.15087"><ele>30</ele></trkpt>      <trkpt lat="42.34904" lon="-71.15100"><ele>30</ele></trkpt>      <trkpt lat="42.34901" lon="-71.15120"><ele>30</ele></trkpt>      <trkpt lat="42.34903" lon="-71.15162"><ele>29</ele></trkpt>      <trkpt lat="42.34905" lon="-71.15209"><ele>29</ele></trkpt>      <trkpt lat="42.34907" lon="-71.15250"><ele>29</ele></trkpt>      <trkpt lat="42.34908" lon="-71.15263"><ele>29</ele></trkpt>      <trkpt lat="42.34908" lon="-71.15277"><ele>29</ele></trkpt>      <trkpt lat="42.34909" lon="-71.15295"><ele>29</ele></trkpt>      <trkpt lat="42.34910" lon="-71.15324"><ele>29</ele></trkpt>      <trkpt lat="42.34911" lon="-71.15343"><ele>29</ele></trkpt>      <trkpt lat="42.34911" lon="-71.15357"><ele>29</ele></trkpt>      <trkpt lat="42.34913" lon="-71.15387"><ele>28</ele></trkpt>      <trkpt lat="42.34913" lon="-71.15402"><ele>28</ele></trkpt>      <trkpt lat="42.34914" lon="-71.15418"><ele>28</ele></trkpt>      <trkpt lat="42.34914" lon="-71.15442"><ele>28</ele></trkpt>      <trkpt lat="42.34913" lon="-71.15463"><ele>28</ele></trkpt>      <trkpt lat="42.34913" lon="-71.15477"><ele>28</ele></trkpt>      <trkpt lat="42.34913" lon="-71.15522"><ele>28</ele></trkpt>      <trkpt lat="42.34912" lon="-71.15553"><ele>28</ele></trkpt>      <trkpt lat="42.34911" lon="-71.15575"><ele>27</ele></trkpt>      <trkpt lat="42.34911" lon="-71.15589"><ele>27</ele></trkpt>      <trkpt lat="42.34911" lon="-71.15647"><ele>25</ele></trkpt>      <trkpt lat="42.34910" lon="-71.15668"><ele>24</ele></trkpt>      <trkpt lat="42.34909" lon="-71.15695"><ele>24</ele></trkpt>      <trkpt lat="42.34909" lon="-71.15708"><ele>24</ele></trkpt>      <trkpt lat="42.34909" lon="-71.15727"><ele>25</ele></trkpt>      <trkpt lat="42.34909" lon="-71.15739"><ele>25</ele></trkpt>      <trkpt lat="42.34908" lon="-71.15755"><ele>25</ele></trkpt>      <trkpt lat="42.34906" lon="-71.15785"><ele>25</ele></trkpt>      <trkpt lat="42.34904" lon="-71.15812"><ele>25</ele></trkpt>      <trkpt lat="42.34903" lon="-71.15824"><ele>25</ele></trkpt>      <trkpt lat="42.34900" lon="-71.15850"><ele>25</ele></trkpt>      <trkpt lat="42.34898" lon="-71.15865"><ele>25</ele></trkpt>      <trkpt lat="42.34895" lon="-71.15883"><ele>25</ele></trkpt>      <trkpt lat="42.34893" lon="-71.15900"><ele>24</ele></trkpt>      <trkpt lat="42.34892" lon="-71.15916"><ele>23</ele></trkpt>      <trkpt lat="42.34890" lon="-71.15933"><ele>23</ele></trkpt>      <trkpt lat="42.34889" lon="-71.15961"><ele>21</ele></trkpt>      <trkpt lat="42.34889" lon="-71.15990"><ele>20</ele></trkpt>      <trkpt lat="42.34890" lon="-71.16018"><ele>18</ele></trkpt>      <trkpt lat="42.34892" lon="-71.16046"><ele>17</ele></trkpt>      <trkpt lat="42.34892" lon="-71.16061"><ele>16</ele></trkpt>      <trkpt lat="42.34895" lon="-71.16126"><ele>14</ele></trkpt>      <trkpt lat="42.34896" lon="-71.16138"><ele>14</ele></trkpt>      <trkpt lat="42.34896" lon="-71.16162"><ele>14</ele></trkpt>      <trkpt lat="42.34899" lon="-71.16214"><ele>13</ele></trkpt>      <trkpt lat="42.34900" lon="-71.16242"><ele>13</ele></trkpt>      <trkpt lat="42.34902" lon="-71.16283"><ele>12</ele></trkpt>      <trkpt lat="42.34906" lon="-71.16310"><ele>12</ele></trkpt>      <trkpt lat="42.34912" lon="-71.16333"><ele>12</ele></trkpt>      <trkpt lat="42.34922" lon="-71.16354"><ele>13</ele></trkpt>      <trkpt lat="42.34933" lon="-71.16374"><ele>13</ele></trkpt>      <trkpt lat="42.34967" lon="-71.16426"><ele>13</ele></trkpt>      <trkpt lat="42.34988" lon="-71.16458"><ele>14</ele></trkpt>      <trkpt lat="42.34997" lon="-71.16471"><ele>14</ele></trkpt>      <trkpt lat="42.35005" lon="-71.16485"><ele>14</ele></trkpt>      <trkpt lat="42.35012" lon="-71.16499"><ele>14</ele></trkpt>      <trkpt lat="42.35020" lon="-71.16520"><ele>15</ele></trkpt>      <trkpt lat="42.35029" lon="-71.16552"><ele>15</ele></trkpt>      <trkpt lat="42.35033" lon="-71.16566"><ele>16</ele></trkpt>      <trkpt lat="42.35036" lon="-71.16580"><ele>16</ele></trkpt>      <trkpt lat="42.35042" lon="-71.16608"><ele>16</ele></trkpt>      <trkpt lat="42.35044" lon="-71.16623"><ele>16</ele></trkpt>      <trkpt lat="42.35046" lon="-71.16641"><ele>16</ele></trkpt>      <trkpt lat="42.35048" lon="-71.16657"><ele>17</ele></trkpt>      <trkpt lat="42.35050" lon="-71.16685"><ele>17</ele></trkpt>      <trkpt lat="42.35054" lon="-71.16722"><ele>17</ele></trkpt>      <trkpt lat="42.35055" lon="-71.16737"><ele>17</ele></trkpt>      <trkpt lat="42.35061" lon="-71.16758"><ele>17</ele></trkpt>      <trkpt lat="42.35068" lon="-71.16781"><ele>17</ele></trkpt>      <trkpt lat="42.35073" lon="-71.16827"><ele>17</ele></trkpt>      <trkpt lat="42.35068" lon="-71.16846"><ele>17</ele></trkpt>      <trkpt lat="42.35063" lon="-71.16856"><ele>17</ele></trkpt>      <trkpt lat="42.35044" lon="-71.16890"><ele>19</ele></trkpt>      <trkpt lat="42.35039" lon="-71.16901"><ele>20</ele></trkpt>      <trkpt lat="42.35031" lon="-71.16918"><ele>20</ele></trkpt>      <trkpt lat="42.35020" lon="-71.16946"><ele>20</ele></trkpt>      <trkpt lat="42.35016" lon="-71.16963"><ele>20</ele></trkpt>      <trkpt lat="42.35013" lon="-71.16979"><ele>20</ele></trkpt>      <trkpt lat="42.35011" lon="-71.17006"><ele>20</ele></trkpt>      <trkpt lat="42.35013" lon="-71.17034"><ele>20</ele></trkpt>      <trkpt lat="42.35019" lon="-71.17060"><ele>20</ele></trkpt>      <trkpt lat="42.35051" lon="-71.17162"><ele>22</ele></trkpt>      <trkpt lat="42.35058" lon="-71.17182"><ele>22</ele></trkpt>      <trkpt lat="42.35066" lon="-71.17198"><ele>23</ele></trkpt>      <trkpt lat="42.35072" lon="-71.17210"><ele>23</ele></trkpt>      <trkpt lat="42.35110" lon="-71.17288"><ele>22</ele></trkpt>      <trkpt lat="42.35114" lon="-71.17297"><ele>22</ele></trkpt>      <trkpt lat="42.35122" lon="-71.17314"><ele>22</ele></trkpt>      <trkpt lat="42.35131" lon="-71.17332"><ele>22</ele></trkpt>      <trkpt lat="42.35137" lon="-71.17345"><ele>22</ele></trkpt>      <trkpt lat="42.35149" lon="-71.17369"><ele>22</ele></trkpt>      <trkpt lat="42.35155" lon="-71.17381"><ele>22</ele></trkpt>      <trkpt lat="42.35160" lon="-71.17392"><ele>22</ele></trkpt>      <trkpt lat="42.35183" lon="-71.17440"><ele>22</ele></trkpt>      <trkpt lat="42.35201" lon="-71.17479"><ele>22</ele></trkpt>      <trkpt lat="42.35207" lon="-71.17490"><ele>22</ele></trkpt>      <trkpt lat="42.35243" lon="-71.17565"><ele>21</ele></trkpt>      <trkpt lat="42.35262" lon="-71.17604"><ele>21</ele></trkpt>      <trkpt lat="42.35297" lon="-71.17675"><ele>21</ele></trkpt>      <trkpt lat="42.35343" lon="-71.17768"><ele>21</ele></trkpt>      <trkpt lat="42.35352" lon="-71.17788"><ele>21</ele></trkpt>      <trkpt lat="42.35362" lon="-71.17810"><ele>21</ele></trkpt>      <trkpt lat="42.35397" lon="-71.17891"><ele>19</ele></trkpt>      <trkpt lat="42.35408" lon="-71.17911"><ele>19</ele></trkpt>      <trkpt lat="42.35448" lon="-71.17974"><ele>18</ele></trkpt>      <trkpt lat="42.35453" lon="-71.17984"><ele>17</ele></trkpt>      <trkpt lat="42.35456" lon="-71.17996"><ele>17</ele></trkpt>      <trkpt lat="42.35477" lon="-71.18109"><ele>15</ele></trkpt>      <trkpt lat="42.35494" lon="-71.18206"><ele>14</ele></trkpt>      <trkpt lat="42.35506" lon="-71.18222"><ele>14</ele></trkpt>      <trkpt lat="42.35516" lon="-71.18226"><ele>14</ele></trkpt>      <trkpt lat="42.35525" lon="-71.18227"><ele>14</ele></trkpt>      <trkpt lat="42.35558" lon="-71.18230"><ele>14</ele></trkpt>      <trkpt lat="42.35568" lon="-71.18231"><ele>14</ele></trkpt>      <trkpt lat="42.35590" lon="-71.18233"><ele>14</ele></trkpt>      <trkpt lat="42.35599" lon="-71.18234"><ele>14</ele></trkpt>      <trkpt lat="42.35609" lon="-71.18237"><ele>14</ele></trkpt>      <trkpt lat="42.35619" lon="-71.18243"><ele>14</ele></trkpt>      <trkpt lat="42.35629" lon="-71.18252"><ele>14</ele></trkpt>      <trkpt lat="42.35637" lon="-71.18266"><ele>13</ele></trkpt>      <trkpt lat="42.35642" lon="-71.18279"><ele>13</ele></trkpt>      <trkpt lat="42.35647" lon="-71.18294"><ele>12</ele></trkpt>      <trkpt lat="42.35650" lon="-71.18311"><ele>12</ele></trkpt>      <trkpt lat="42.35655" lon="-71.18328"><ele>11</ele></trkpt>      <trkpt lat="42.35664" lon="-71.18345"><ele>11</ele></trkpt>      <trkpt lat="42.35675" lon="-71.18359"><ele>11</ele></trkpt>      <trkpt lat="42.35683" lon="-71.18368"><ele>11</ele></trkpt>      <trkpt lat="42.35713" lon="-71.18392"><ele>12</ele></trkpt>      <trkpt lat="42.35726" lon="-71.18404"><ele>13</ele></trkpt>      <trkpt lat="42.35740" lon="-71.18416"><ele>13</ele></trkpt>      <trkpt lat="42.35747" lon="-71.18422"><ele>14</ele></trkpt>      <trkpt lat="42.35755" lon="-71.18429"><ele>14</ele></trkpt>      <trkpt lat="42.35763" lon="-71.18437"><ele>14</ele></trkpt>      <trkpt lat="42.35770" lon="-71.18444"><ele>14</ele></trkpt>      <trkpt lat="42.35782" lon="-71.18455"><ele>14</ele></trkpt>      <trkpt lat="42.35795" lon="-71.18465"><ele>14</ele></trkpt>      <trkpt lat="42.35808" lon="-71.18475"><ele>14</ele></trkpt>      <trkpt lat="42.35817" lon="-71.18479"><ele>14</ele></trkpt>      <trkpt lat="42.35834" lon="-71.18487"><ele>14</ele></trkpt>      <trkpt lat="42.35850" lon="-71.18493"><ele>14</ele></trkpt>      <trkpt lat="42.35884" lon="-71.18506"><ele>14</ele></trkpt>      <trkpt lat="42.35898" lon="-71.18512"><ele>14</ele></trkpt>      <trkpt lat="42.35918" lon="-71.18520"><ele>14</ele></trkpt>      <trkpt lat="42.35923" lon="-71.18521"><ele>14</ele></trkpt>      <trkpt lat="42.35935" lon="-71.18525"><ele>14</ele></trkpt>      <trkpt lat="42.35947" lon="-71.18528"><ele>13</ele></trkpt>      <trkpt lat="42.35994" lon="-71.18536"><ele>13</ele></trkpt>      <trkpt lat="42.36020" lon="-71.18541"><ele>13</ele></trkpt>      <trkpt lat="42.36050" lon="-71.18547"><ele>12</ele></trkpt>      <trkpt lat="42.36076" lon="-71.18551"><ele>12</ele></trkpt>      <trkpt lat="42.36095" lon="-71.18555"><ele>12</ele></trkpt>      <trkpt lat="42.36126" lon="-71.18562"><ele>12</ele></trkpt>      <trkpt lat="42.36152" lon="-71.18568"><ele>11</ele></trkpt>      <trkpt lat="42.36189" lon="-71.18578"><ele>10</ele></trkpt>      <trkpt lat="42.36215" lon="-71.18584"><ele>10</ele></trkpt>      <trkpt lat="42.36245" lon="-71.18590"><ele>8</ele></trkpt>      <trkpt lat="42.36273" lon="-71.18597"><ele>7</ele></trkpt>      <trkpt lat="42.36297" lon="-71.18603"><ele>6</ele></trkpt>      <trkpt lat="42.36310" lon="-71.18606"><ele>6</ele></trkpt>      <trkpt lat="42.36319" lon="-71.18607"><ele>5</ele></trkpt>      <trkpt lat="42.36320" lon="-71.18594"><ele>5</ele></trkpt>      <trkpt lat="42.36320" lon="-71.18601"><ele>5</ele></trkpt>      <trkpt lat="42.36319" lon="-71.18607"><ele>5</ele></trkpt>      <trkpt lat="42.36334" lon="-71.18608"><ele>4</ele></trkpt>      <trkpt lat="42.36351" lon="-71.18607"><ele>4</ele></trkpt>      <trkpt lat="42.36373" lon="-71.18603"><ele>2</ele></trkpt>      <trkpt lat="42.36386" lon="-71.18601"><ele>2</ele></trkpt>      <trkpt lat="42.36403" lon="-71.18598"><ele>1</ele></trkpt>      <trkpt lat="42.36417" lon="-71.18595"><ele>1</ele></trkpt>      <trkpt lat="42.36432" lon="-71.18591"><ele>1</ele></trkpt>      <trkpt lat="42.36444" lon="-71.18587"><ele>1</ele></trkpt>      <trkpt lat="42.36454" lon="-71.18583"><ele>1</ele></trkpt>      <trkpt lat="42.36462" lon="-71.18578"><ele>1</ele></trkpt>      <trkpt lat="42.36488" lon="-71.18553"><ele>1</ele></trkpt>      <trkpt lat="42.36497" lon="-71.18541"><ele>1</ele></trkpt>      <trkpt lat="42.36502" lon="-71.18526"><ele>1</ele></trkpt>      <trkpt lat="42.36506" lon="-71.18508"><ele>1</ele></trkpt>      <trkpt lat="42.36517" lon="-71.18462"><ele>2</ele></trkpt>      <trkpt lat="42.36520" lon="-71.18449"><ele>2</ele></trkpt>      <trkpt lat="42.36525" lon="-71.18432"><ele>3</ele></trkpt>      <trkpt lat="42.36513" lon="-71.18408"><ele>3</ele></trkpt>      <trkpt lat="42.36511" lon="-71.18396"><ele>3</ele></trkpt>      <trkpt lat="42.36509" lon="-71.18381"><ele>3</ele></trkpt>      <trkpt lat="42.36503" lon="-71.18329"><ele>4</ele></trkpt>      <trkpt lat="42.36500" lon="-71.18304"><ele>4</ele></trkpt>      <trkpt lat="42.36497" lon="-71.18282"><ele>5</ele></trkpt>      <trkpt lat="42.36496" lon="-71.18268"><ele>5</ele></trkpt>      <trkpt lat="42.36498" lon="-71.18251"><ele>5</ele></trkpt>      <trkpt lat="42.36504" lon="-71.18235"><ele>5</ele></trkpt>      <trkpt lat="42.36504" lon="-71.18221"><ele>6</ele></trkpt>      <trkpt lat="42.36504" lon="-71.18207"><ele>6</ele></trkpt>      <trkpt lat="42.36501" lon="-71.18158"><ele>6</ele></trkpt>      <trkpt lat="42.36499" lon="-71.18124"><ele>6</ele></trkpt>      <trkpt lat="42.36493" lon="-71.18026"><ele>6</ele></trkpt>      <trkpt lat="42.36490" lon="-71.17997"><ele>6</ele></trkpt>      <trkpt lat="42.36489" lon="-71.17973"><ele>6</ele></trkpt>      <trkpt lat="42.36485" lon="-71.17918"><ele>6</ele></trkpt>      <trkpt lat="42.36484" lon="-71.17890"><ele>6</ele></trkpt>      <trkpt lat="42.36483" lon="-71.17876"><ele>6</ele></trkpt>      <trkpt lat="42.36495" lon="-71.17875"><ele>6</ele></trkpt>      <trkpt lat="42.36494" lon="-71.17868"><ele>6</ele></trkpt>      <trkpt lat="42.36489" lon="-71.17856"><ele>7</ele></trkpt>      <trkpt lat="42.36483" lon="-71.17772"><ele>7</ele></trkpt>      <trkpt lat="42.36482" lon="-71.17755"><ele>7</ele></trkpt>      <trkpt lat="42.36481" lon="-71.17732"><ele>7</ele></trkpt>      <trkpt lat="42.36475" lon="-71.17656"><ele>7</ele></trkpt>      <trkpt lat="42.36471" lon="-71.17597"><ele>7</ele></trkpt>      <trkpt lat="42.36474" lon="-71.17581"><ele>7</ele></trkpt>      <trkpt lat="42.36469" lon="-71.17566"><ele>7</ele></trkpt>      <trkpt lat="42.36463" lon="-71.17491"><ele>7</ele></trkpt>      <trkpt lat="42.36462" lon="-71.17473"><ele>7</ele></trkpt>      <trkpt lat="42.36456" lon="-71.17407"><ele>7</ele></trkpt>      <trkpt lat="42.36455" lon="-71.17391"><ele>7</ele></trkpt>      <trkpt lat="42.36452" lon="-71.17370"><ele>7</ele></trkpt>      <trkpt lat="42.36450" lon="-71.17360"><ele>7</ele></trkpt>      <trkpt lat="42.36448" lon="-71.17338"><ele>7</ele></trkpt>      <trkpt lat="42.36435" lon="-71.17197"><ele>7</ele></trkpt>      <trkpt lat="42.36434" lon="-71.17173"><ele>7</ele></trkpt>      <trkpt lat="42.36432" lon="-71.17147"><ele>7</ele></trkpt>      <trkpt lat="42.36431" lon="-71.17136"><ele>7</ele></trkpt>      <trkpt lat="42.36429" lon="-71.17114"><ele>7</ele></trkpt>      <trkpt lat="42.36431" lon="-71.17095"><ele>7</ele></trkpt>      <trkpt lat="42.36427" lon="-71.17047"><ele>7</ele></trkpt>      <trkpt lat="42.36422" lon="-71.16993"><ele>7</ele></trkpt>      <trkpt lat="42.36420" lon="-71.16977"><ele>7</ele></trkpt>      <trkpt lat="42.36418" lon="-71.16951"><ele>7</ele></trkpt>      <trkpt lat="42.36411" lon="-71.16872"><ele>7</ele></trkpt>      <trkpt lat="42.36403" lon="-71.16785"><ele>7</ele></trkpt>      <trkpt lat="42.36397" lon="-71.16713"><ele>7</ele></trkpt>      <trkpt lat="42.36394" lon="-71.16694"><ele>7</ele></trkpt>      <trkpt lat="42.36393" lon="-71.16677"><ele>7</ele></trkpt>      <trkpt lat="42.36411" lon="-71.16675"><ele>7</ele></trkpt>      <trkpt lat="42.36417" lon="-71.16283"><ele>7</ele></trkpt>      <trkpt lat="42.36421" lon="-71.16221"><ele>7</ele></trkpt>      <trkpt lat="42.36427" lon="-71.16174"><ele>7</ele></trkpt>      <trkpt lat="42.36430" lon="-71.16157"><ele>7</ele></trkpt>      <trkpt lat="42.36432" lon="-71.16141"><ele>7</ele></trkpt>      <trkpt lat="42.36438" lon="-71.16108"><ele>7</ele></trkpt>      <trkpt lat="42.36446" lon="-71.16071"><ele>7</ele></trkpt>      <trkpt lat="42.36456" lon="-71.16033"><ele>7</ele></trkpt>      <trkpt lat="42.36472" lon="-71.15982"><ele>7</ele></trkpt>      <trkpt lat="42.36490" lon="-71.15930"><ele>7</ele></trkpt>      <trkpt lat="42.36511" lon="-71.15884"><ele>7</ele></trkpt>      <trkpt lat="42.36520" lon="-71.15863"><ele>7</ele></trkpt>      <trkpt lat="42.36533" lon="-71.15838"><ele>7</ele></trkpt>      <trkpt lat="42.36575" lon="-71.15770"><ele>7</ele></trkpt>      <trkpt lat="42.36591" lon="-71.15751"><ele>7</ele></trkpt>      <trkpt lat="42.36611" lon="-71.15724"><ele>7</ele></trkpt>      <trkpt lat="42.36634" lon="-71.15699"><ele>7</ele></trkpt>      <trkpt lat="42.36659" lon="-71.15673"><ele>7</ele></trkpt>      <trkpt lat="42.36671" lon="-71.15663"><ele>7</ele></trkpt>      <trkpt lat="42.36685" lon="-71.15650"><ele>7</ele></trkpt>      <trkpt lat="42.36696" lon="-71.15642"><ele>7</ele></trkpt>      <trkpt lat="42.36708" lon="-71.15633"><ele>7</ele></trkpt>      <trkpt lat="42.36763" lon="-71.15594"><ele>7</ele></trkpt>      <trkpt lat="42.36773" lon="-71.15587"><ele>7</ele></trkpt>      <trkpt lat="42.36786" lon="-71.15587"><ele>7</ele></trkpt>      <trkpt lat="42.36796" lon="-71.15589"><ele>7</ele></trkpt>      <trkpt lat="42.36799" lon="-71.15571"><ele>7</ele></trkpt>      <trkpt lat="42.36807" lon="-71.15564"><ele>7</ele></trkpt>      <trkpt lat="42.36816" lon="-71.15557"><ele>7</ele></trkpt>      <trkpt lat="42.36825" lon="-71.15552"><ele>7</ele></trkpt>      <trkpt lat="42.36833" lon="-71.15547"><ele>7</ele></trkpt>      <trkpt lat="42.36847" lon="-71.15540"><ele>7</ele></trkpt>      <trkpt lat="42.36858" lon="-71.15534"><ele>7</ele></trkpt>      <trkpt lat="42.36868" lon="-71.15528"><ele>7</ele></trkpt>      <trkpt lat="42.36877" lon="-71.15522"><ele>7</ele></trkpt>      <trkpt lat="42.36887" lon="-71.15516"><ele>7</ele></trkpt>      <trkpt lat="42.36897" lon="-71.15509"><ele>7</ele></trkpt>      <trkpt lat="42.36939" lon="-71.15480"><ele>7</ele></trkpt>      <trkpt lat="42.36974" lon="-71.15456"><ele>7</ele></trkpt>      <trkpt lat="42.37059" lon="-71.15402"><ele>7</ele></trkpt>      <trkpt lat="42.37066" lon="-71.15397"><ele>7</ele></trkpt>      <trkpt lat="42.37075" lon="-71.15390"><ele>7</ele></trkpt>      <trkpt lat="42.37084" lon="-71.15382"><ele>7</ele></trkpt>      <trkpt lat="42.37094" lon="-71.15373"><ele>7</ele></trkpt>      <trkpt lat="42.37102" lon="-71.15366"><ele>7</ele></trkpt>      <trkpt lat="42.37110" lon="-71.15358"><ele>8</ele></trkpt>      <trkpt lat="42.37119" lon="-71.15349"><ele>8</ele></trkpt>      <trkpt lat="42.37128" lon="-71.15340"><ele>8</ele></trkpt>      <trkpt lat="42.37137" lon="-71.15330"><ele>8</ele></trkpt>      <trkpt lat="42.37146" lon="-71.15321"><ele>8</ele></trkpt>      <trkpt lat="42.37154" lon="-71.15312"><ele>8</ele></trkpt>      <trkpt lat="42.37163" lon="-71.15301"><ele>8</ele></trkpt>      <trkpt lat="42.37172" lon="-71.15288"><ele>8</ele></trkpt>      <trkpt lat="42.37222" lon="-71.15215"><ele>8</ele></trkpt>      <trkpt lat="42.37230" lon="-71.15204"><ele>8</ele></trkpt>      <trkpt lat="42.37237" lon="-71.15195"><ele>8</ele></trkpt>      <trkpt lat="42.37245" lon="-71.15185"><ele>8</ele></trkpt>      <trkpt lat="42.37257" lon="-71.15170"><ele>8</ele></trkpt>      <trkpt lat="42.37265" lon="-71.15161"><ele>8</ele></trkpt>      <trkpt lat="42.37272" lon="-71.15152"><ele>8</ele></trkpt>      <trkpt lat="42.37279" lon="-71.15143"><ele>8</ele></trkpt>      <trkpt lat="42.37286" lon="-71.15134"><ele>8</ele></trkpt>      <trkpt lat="42.37293" lon="-71.15126"><ele>8</ele></trkpt>      <trkpt lat="42.37300" lon="-71.15118"><ele>8</ele></trkpt>      <trkpt lat="42.37309" lon="-71.15108"><ele>8</ele></trkpt>      <trkpt lat="42.37316" lon="-71.15101"><ele>8</ele></trkpt>      <trkpt lat="42.37327" lon="-71.15090"><ele>8</ele></trkpt>      <trkpt lat="42.37340" lon="-71.15079"><ele>8</ele></trkpt>      <trkpt lat="42.37347" lon="-71.15073"><ele>8</ele></trkpt>      <trkpt lat="42.37355" lon="-71.15068"><ele>8</ele></trkpt>      <trkpt lat="42.37362" lon="-71.15063"><ele>8</ele></trkpt>      <trkpt lat="42.37370" lon="-71.15058"><ele>8</ele></trkpt>      <trkpt lat="42.37380" lon="-71.15051"><ele>8</ele></trkpt>      <trkpt lat="42.37427" lon="-71.15024"><ele>8</ele></trkpt>      <trkpt lat="42.37441" lon="-71.15016"><ele>8</ele></trkpt>      <trkpt lat="42.37482" lon="-71.14993"><ele>8</ele></trkpt>      <trkpt lat="42.37520" lon="-71.14973"><ele>8</ele></trkpt>      <trkpt lat="42.37543" lon="-71.14960"><ele>8</ele></trkpt>      <trkpt lat="42.37573" lon="-71.14945"><ele>8</ele></trkpt>      <trkpt lat="42.37635" lon="-71.14913"><ele>8</ele></trkpt>      <trkpt lat="42.37700" lon="-71.14877"><ele>8</ele></trkpt>      <trkpt lat="42.37845" lon="-71.14797"><ele>8</ele></trkpt>      <trkpt lat="42.37865" lon="-71.14786"><ele>8</ele></trkpt>      <trkpt lat="42.37893" lon="-71.14765"><ele>8</ele></trkpt>      <trkpt lat="42.37916" lon="-71.14746"><ele>8</ele></trkpt>      <trkpt lat="42.37943" lon="-71.14722"><ele>8</ele></trkpt>      <trkpt lat="42.37966" lon="-71.14698"><ele>8</ele></trkpt>      <trkpt lat="42.37989" lon="-71.14671"><ele>8</ele></trkpt>      <trkpt lat="42.38080" lon="-71.14547"><ele>8</ele></trkpt>      <trkpt lat="42.38094" lon="-71.14529"><ele>8</ele></trkpt>      <trkpt lat="42.38145" lon="-71.14462"><ele>8</ele></trkpt>      <trkpt lat="42.38214" lon="-71.14381"><ele>8</ele></trkpt>      <trkpt lat="42.38224" lon="-71.14369"><ele>8</ele></trkpt>      <trkpt lat="42.38253" lon="-71.14341"><ele>8</ele></trkpt>      <trkpt lat="42.38280" lon="-71.14315"><ele>8</ele></trkpt>      <trkpt lat="42.38292" lon="-71.14315"><ele>8</ele></trkpt>      <trkpt lat="42.38302" lon="-71.14310"><ele>8</ele></trkpt>      <trkpt lat="42.38310" lon="-71.14307"><ele>8</ele></trkpt>      <trkpt lat="42.38317" lon="-71.14303"><ele>8</ele></trkpt>      <trkpt lat="42.38317" lon="-71.14282"><ele>8</ele></trkpt>      <trkpt lat="42.38325" lon="-71.14272"><ele>8</ele></trkpt>      <trkpt lat="42.38339" lon="-71.14261"><ele>8</ele></trkpt>      <trkpt lat="42.38352" lon="-71.14251"><ele>8</ele></trkpt>      <trkpt lat="42.38391" lon="-71.14224"><ele>8</ele></trkpt>      <trkpt lat="42.38410" lon="-71.14212"><ele>8</ele></trkpt>      <trkpt lat="42.38465" lon="-71.14182"><ele>8</ele></trkpt>      <trkpt lat="42.38484" lon="-71.14172"><ele>8</ele></trkpt>      <trkpt lat="42.38503" lon="-71.14165"><ele>8</ele></trkpt>      <trkpt lat="42.38516" lon="-71.14160"><ele>8</ele></trkpt>      <trkpt lat="42.38576" lon="-71.14141"><ele>8</ele></trkpt>      <trkpt lat="42.38604" lon="-71.14137"><ele>8</ele></trkpt>      <trkpt lat="42.38629" lon="-71.14138"><ele>8</ele></trkpt>      <trkpt lat="42.38654" lon="-71.14140"><ele>8</ele></trkpt>      <trkpt lat="42.38671" lon="-71.14146"><ele>8</ele></trkpt>      <trkpt lat="42.38689" lon="-71.14154"><ele>8</ele></trkpt>      <trkpt lat="42.38701" lon="-71.14168"><ele>8</ele></trkpt>      <trkpt lat="42.38706" lon="-71.14187"><ele>8</ele></trkpt>      <trkpt lat="42.38709" lon="-71.14204"><ele>8</ele></trkpt>      <trkpt lat="42.38715" lon="-71.14215"><ele>8</ele></trkpt>      <trkpt lat="42.38722" lon="-71.14226"><ele>8</ele></trkpt>      <trkpt lat="42.38745" lon="-71.14261"><ele>9</ele></trkpt>      <trkpt lat="42.38760" lon="-71.14286"><ele>9</ele></trkpt>      <trkpt lat="42.38766" lon="-71.14293"><ele>9</ele></trkpt>      <trkpt lat="42.38775" lon="-71.14302"><ele>9</ele></trkpt>      <trkpt lat="42.38780" lon="-71.14312"><ele>9</ele></trkpt>      <trkpt lat="42.38791" lon="-71.14336"><ele>9</ele></trkpt>      <trkpt lat="42.38808" lon="-71.14355"><ele>9</ele></trkpt>      <trkpt lat="42.38821" lon="-71.14373"><ele>9</ele></trkpt>      <trkpt lat="42.38834" lon="-71.14386"><ele>9</ele></trkpt>      <trkpt lat="42.38847" lon="-71.14400"><ele>9</ele></trkpt>      <trkpt lat="42.38855" lon="-71.14413"><ele>9</ele></trkpt>      <trkpt lat="42.38862" lon="-71.14427"><ele>9</ele></trkpt>      <trkpt lat="42.38869" lon="-71.14452"><ele>9</ele></trkpt>      <trkpt lat="42.38876" lon="-71.14449"><ele>9</ele></trkpt>      <trkpt lat="42.38881" lon="-71.14436"><ele>9</ele></trkpt>      <trkpt lat="42.38876" lon="-71.14414"><ele>9</ele></trkpt>      <trkpt lat="42.38872" lon="-71.14399"><ele>9</ele></trkpt>      <trkpt lat="42.38873" lon="-71.14377"><ele>9</ele></trkpt>      <trkpt lat="42.38879" lon="-71.14367"><ele>9</ele></trkpt>      <trkpt lat="42.38885" lon="-71.14354"><ele>9</ele></trkpt>      <trkpt lat="42.38892" lon="-71.14340"><ele>9</ele></trkpt>      <trkpt lat="42.38906" lon="-71.14319"><ele>9</ele></trkpt>      <trkpt lat="42.38932" lon="-71.14299"><ele>9</ele></trkpt>      <trkpt lat="42.38977" lon="-71.14260"><ele>9</ele></trkpt>      <trkpt lat="42.39000" lon="-71.14240"><ele>9</ele></trkpt>      <trkpt lat="42.39017" lon="-71.14231"><ele>9</ele></trkpt>      <trkpt lat="42.39027" lon="-71.14223"><ele>9</ele></trkpt>      <trkpt lat="42.39041" lon="-71.14211"><ele>9</ele></trkpt>      <trkpt lat="42.39052" lon="-71.14200"><ele>9</ele></trkpt>      <trkpt lat="42.39063" lon="-71.14188"><ele>9</ele></trkpt>      <trkpt lat="42.39069" lon="-71.14179"><ele>9</ele></trkpt>      <trkpt lat="42.39083" lon="-71.14168"><ele>9</ele></trkpt>      <trkpt lat="42.39099" lon="-71.14159"><ele>9</ele></trkpt>      <trkpt lat="42.39120" lon="-71.14150"><ele>9</ele></trkpt>      <trkpt lat="42.39186" lon="-71.14129"><ele>9</ele></trkpt>      <trkpt lat="42.39277" lon="-71.14101"><ele>9</ele></trkpt>      <trkpt lat="42.39340" lon="-71.14080"><ele>9</ele></trkpt>      <trkpt lat="42.39368" lon="-71.14072"><ele>9</ele></trkpt>      <trkpt lat="42.39376" lon="-71.14070"><ele>9</ele></trkpt>      <trkpt lat="42.39387" lon="-71.14070"><ele>9</ele></trkpt>      <trkpt lat="42.39401" lon="-71.14073"><ele>9</ele></trkpt>      <trkpt lat="42.39414" lon="-71.14073"><ele>9</ele></trkpt>      <trkpt lat="42.39422" lon="-71.14076"><ele>9</ele></trkpt>      <trkpt lat="42.39428" lon="-71.14082"><ele>9</ele></trkpt>      <trkpt lat="42.39457" lon="-71.14137"><ele>9</ele></trkpt>      <trkpt lat="42.39452" lon="-71.14205"><ele>9</ele></trkpt>      <trkpt lat="42.39473" lon="-71.14214"><ele>9</ele></trkpt>      <trkpt lat="42.39473" lon="-71.14227"><ele>9</ele></trkpt>      <trkpt lat="42.39518" lon="-71.14250"><ele>9</ele></trkpt>      <trkpt lat="42.39545" lon="-71.14264"><ele>9</ele></trkpt>      <trkpt lat="42.39556" lon="-71.14269"><ele>9</ele></trkpt>      <trkpt lat="42.39620" lon="-71.14301"><ele>9</ele></trkpt>      <trkpt lat="42.39637" lon="-71.14307"><ele>9</ele></trkpt>      <trkpt lat="42.39646" lon="-71.14302"><ele>9</ele></trkpt>      <trkpt lat="42.39655" lon="-71.14308"><ele>9</ele></trkpt>      <trkpt lat="42.39669" lon="-71.14306"><ele>9</ele></trkpt>      <trkpt lat="42.39679" lon="-71.14305"><ele>9</ele></trkpt>      <trkpt lat="42.39693" lon="-71.14306"><ele>9</ele></trkpt>      <trkpt lat="42.39703" lon="-71.14310"><ele>9</ele></trkpt>      <trkpt lat="42.39716" lon="-71.14318"><ele>9</ele></trkpt>      <trkpt lat="42.39731" lon="-71.14332"><ele>9</ele></trkpt>      <trkpt lat="42.39756" lon="-71.14346"><ele>9</ele></trkpt>      <trkpt lat="42.39771" lon="-71.14348"><ele>9</ele></trkpt>      <trkpt lat="42.39786" lon="-71.14358"><ele>9</ele></trkpt>      <trkpt lat="42.39795" lon="-71.14369"><ele>9</ele></trkpt>      <trkpt lat="42.39804" lon="-71.14379"><ele>9</ele></trkpt>      <trkpt lat="42.39859" lon="-71.14404"><ele>9</ele></trkpt>      <trkpt lat="42.39901" lon="-71.14426"><ele>9</ele></trkpt>      <trkpt lat="42.39915" lon="-71.14441"><ele>9</ele></trkpt>      <trkpt lat="42.39929" lon="-71.14457"><ele>9</ele></trkpt>      <trkpt lat="42.39936" lon="-71.14466"><ele>9</ele></trkpt>      <trkpt lat="42.39955" lon="-71.14474"><ele>9</ele></trkpt>      <trkpt lat="42.39969" lon="-71.14482"><ele>9</ele></trkpt>      <trkpt lat="42.39979" lon="-71.14484"><ele>9</ele></trkpt>      <trkpt lat="42.39995" lon="-71.14476"><ele>9</ele></trkpt>      <trkpt lat="42.40011" lon="-71.14462"><ele>9</ele></trkpt>      <trkpt lat="42.40023" lon="-71.14461"><ele>10</ele></trkpt>      <trkpt lat="42.40041" lon="-71.14471"><ele>10</ele></trkpt>      <trkpt lat="42.40058" lon="-71.14480"><ele>10</ele></trkpt>      <trkpt lat="42.40068" lon="-71.14484"><ele>10</ele></trkpt>      <trkpt lat="42.40080" lon="-71.14503"><ele>10</ele></trkpt>      <trkpt lat="42.40088" lon="-71.14510"><ele>10</ele></trkpt>      <trkpt lat="42.40108" lon="-71.14522"><ele>10</ele></trkpt>      <trkpt lat="42.40132" lon="-71.14535"><ele>10</ele></trkpt>      <trkpt lat="42.40175" lon="-71.14558"><ele>10</ele></trkpt>      <trkpt lat="42.40207" lon="-71.14574"><ele>10</ele></trkpt>      <trkpt lat="42.40409" lon="-71.14675"><ele>10</ele></trkpt>      <trkpt lat="42.40433" lon="-71.14685"><ele>10</ele></trkpt>      <trkpt lat="42.40458" lon="-71.14697"><ele>10</ele></trkpt>      <trkpt lat="42.40472" lon="-71.14707"><ele>10</ele></trkpt>      <trkpt lat="42.40490" lon="-71.14718"><ele>10</ele></trkpt>      <trkpt lat="42.40511" lon="-71.14728"><ele>10</ele></trkpt>      <trkpt lat="42.40628" lon="-71.14783"><ele>10</ele></trkpt>      <trkpt lat="42.40637" lon="-71.14788"><ele>10</ele></trkpt>      <trkpt lat="42.40671" lon="-71.14805"><ele>10</ele></trkpt>      <trkpt lat="42.40724" lon="-71.14826"><ele>10</ele></trkpt>      <trkpt lat="42.40754" lon="-71.14835"><ele>10</ele></trkpt>      <trkpt lat="42.40783" lon="-71.14841"><ele>10</ele></trkpt>      <trkpt lat="42.40814" lon="-71.14848"><ele>10</ele></trkpt>      <trkpt lat="42.40843" lon="-71.14854"><ele>10</ele></trkpt>      <trkpt lat="42.40873" lon="-71.14861"><ele>10</ele></trkpt>      <trkpt lat="42.40888" lon="-71.14865"><ele>10</ele></trkpt>      <trkpt lat="42.40903" lon="-71.14870"><ele>10</ele></trkpt>      <trkpt lat="42.40913" lon="-71.14874"><ele>10</ele></trkpt>      <trkpt lat="42.40923" lon="-71.14878"><ele>10</ele></trkpt>      <trkpt lat="42.40932" lon="-71.14882"><ele>10</ele></trkpt>      <trkpt lat="42.40943" lon="-71.14888"><ele>10</ele></trkpt>      <trkpt lat="42.40954" lon="-71.14893"><ele>10</ele></trkpt>      <trkpt lat="42.40991" lon="-71.14912"><ele>10</ele></trkpt>      <trkpt lat="42.41032" lon="-71.14940"><ele>10</ele></trkpt>      <trkpt lat="42.41048" lon="-71.14952"><ele>10</ele></trkpt>      <trkpt lat="42.41062" lon="-71.14965"><ele>10</ele></trkpt>      <trkpt lat="42.41077" lon="-71.14977"><ele>10</ele></trkpt>      <trkpt lat="42.41091" lon="-71.14991"><ele>10</ele></trkpt>      <trkpt lat="42.41100" lon="-71.15001"><ele>10</ele></trkpt>      <trkpt lat="42.41112" lon="-71.15014"><ele>10</ele></trkpt>      <trkpt lat="42.41123" lon="-71.15027"><ele>10</ele></trkpt>      <trkpt lat="42.41144" lon="-71.15053"><ele>10</ele></trkpt>      <trkpt lat="42.41168" lon="-71.15082"><ele>10</ele></trkpt>      <trkpt lat="42.41185" lon="-71.15100"><ele>10</ele></trkpt>      <trkpt lat="42.41195" lon="-71.15110"><ele>10</ele></trkpt>      <trkpt lat="42.41206" lon="-71.15120"><ele>10</ele></trkpt>      <trkpt lat="42.41216" lon="-71.15129"><ele>10</ele></trkpt>      <trkpt lat="42.41227" lon="-71.15137"><ele>10</ele></trkpt>      <trkpt lat="42.41249" lon="-71.15153"><ele>10</ele></trkpt>      <trkpt lat="42.41271" lon="-71.15167"><ele>10</ele></trkpt>      <trkpt lat="42.41288" lon="-71.15178"><ele>10</ele></trkpt>      <trkpt lat="42.41298" lon="-71.15183"><ele>10</ele></trkpt>      <trkpt lat="42.41307" lon="-71.15188"><ele>10</ele></trkpt>      <trkpt lat="42.41325" lon="-71.15194"><ele>10</ele></trkpt>      <trkpt lat="42.41342" lon="-71.15201"><ele>10</ele></trkpt>      <trkpt lat="42.41358" lon="-71.15206"><ele>10</ele></trkpt>      <trkpt lat="42.41395" lon="-71.15216"><ele>10</ele></trkpt>      <trkpt lat="42.41416" lon="-71.15222"><ele>10</ele></trkpt>      <trkpt lat="42.41428" lon="-71.15226"><ele>10</ele></trkpt>      <trkpt lat="42.41461" lon="-71.15236"><ele>10</ele></trkpt>      <trkpt lat="42.41480" lon="-71.15241"><ele>10</ele></trkpt>      <trkpt lat="42.41495" lon="-71.15224"><ele>10</ele></trkpt>      <trkpt lat="42.41503" lon="-71.15216"><ele>10</ele></trkpt>      <trkpt lat="42.41512" lon="-71.15210"><ele>10</ele></trkpt>      <trkpt lat="42.41517" lon="-71.15221"><ele>10</ele></trkpt>      <trkpt lat="42.41527" lon="-71.15246"><ele>10</ele></trkpt>      <trkpt lat="42.41535" lon="-71.15267"><ele>10</ele></trkpt>      <trkpt lat="42.41544" lon="-71.15289"><ele>10</ele></trkpt>      <trkpt lat="42.41550" lon="-71.15306"><ele>10</ele></trkpt>      <trkpt lat="42.41555" lon="-71.15318"><ele>10</ele></trkpt>      <trkpt lat="42.41561" lon="-71.15332"><ele>10</ele></trkpt>      <trkpt lat="42.41551" lon="-71.15341"><ele>10</ele></trkpt>      <trkpt lat="42.41547" lon="-71.15327"><ele>10</ele></trkpt>      <trkpt lat="42.41535" lon="-71.15340"><ele>10</ele></trkpt>      <trkpt lat="42.41515" lon="-71.15362"><ele>12</ele></trkpt>      <trkpt lat="42.41500" lon="-71.15380"><ele>13</ele></trkpt>      <trkpt lat="42.41491" lon="-71.15391"><ele>13</ele></trkpt>      <trkpt lat="42.41483" lon="-71.15400"><ele>14</ele></trkpt>      <trkpt lat="42.41473" lon="-71.15413"><ele>14</ele></trkpt>      <trkpt lat="42.41427" lon="-71.15471"><ele>15</ele></trkpt>      <trkpt lat="42.41410" lon="-71.15493"><ele>15</ele></trkpt>      <trkpt lat="42.41397" lon="-71.15510"><ele>15</ele></trkpt>      <trkpt lat="42.41376" lon="-71.15538"><ele>16</ele></trkpt>      <trkpt lat="42.41362" lon="-71.15554"><ele>16</ele></trkpt>      <trkpt lat="42.41349" lon="-71.15571"><ele>16</ele></trkpt>      <trkpt lat="42.41317" lon="-71.15613"><ele>15</ele></trkpt>      <trkpt lat="42.41304" lon="-71.15629"><ele>15</ele></trkpt>      <trkpt lat="42.41293" lon="-71.15644"><ele>15</ele></trkpt>      <trkpt lat="42.41283" lon="-71.15659"><ele>15</ele></trkpt>      <trkpt lat="42.41267" lon="-71.15686"><ele>15</ele></trkpt>      <trkpt lat="42.41259" lon="-71.15699"><ele>15</ele></trkpt>      <trkpt lat="42.41251" lon="-71.15712"><ele>15</ele></trkpt>      <trkpt lat="42.41245" lon="-71.15724"><ele>15</ele></trkpt>      <trkpt lat="42.41231" lon="-71.15747"><ele>15</ele></trkpt>      <trkpt lat="42.41221" lon="-71.15764"><ele>15</ele></trkpt>      <trkpt lat="42.41215" lon="-71.15773"><ele>15</ele></trkpt>      <trkpt lat="42.41208" lon="-71.15782"><ele>15</ele></trkpt>      <trkpt lat="42.41200" lon="-71.15790"><ele>15</ele></trkpt>      <trkpt lat="42.41191" lon="-71.15797"><ele>14</ele></trkpt>      <trkpt lat="42.41183" lon="-71.15803"><ele>14</ele></trkpt>      <trkpt lat="42.41173" lon="-71.15809"><ele>14</ele></trkpt>      <trkpt lat="42.41156" lon="-71.15817"><ele>14</ele></trkpt>      <trkpt lat="42.41139" lon="-71.15820"><ele>14</ele></trkpt>      <trkpt lat="42.41127" lon="-71.15820"><ele>14</ele></trkpt>      <trkpt lat="42.41115" lon="-71.15820"><ele>14</ele></trkpt>      <trkpt lat="42.41093" lon="-71.15819"><ele>13</ele></trkpt>      <trkpt lat="42.41079" lon="-71.15819"><ele>13</ele></trkpt>      <trkpt lat="42.41065" lon="-71.15819"><ele>13</ele></trkpt>      <trkpt lat="42.41051" lon="-71.15819"><ele>13</ele></trkpt>      <trkpt lat="42.41039" lon="-71.15821"><ele>13</ele></trkpt>      <trkpt lat="42.41026" lon="-71.15823"><ele>13</ele></trkpt>      <trkpt lat="42.41012" lon="-71.15825"><ele>13</ele></trkpt>      <trkpt lat="42.41000" lon="-71.15829"><ele>13</ele></trkpt>      <trkpt lat="42.40989" lon="-71.15836"><ele>13</ele></trkpt>      <trkpt lat="42.40974" lon="-71.15848"><ele>12</ele></trkpt>      <trkpt lat="42.40962" lon="-71.15859"><ele>12</ele></trkpt>      <trkpt lat="42.40946" lon="-71.15876"><ele>12</ele></trkpt>      <trkpt lat="42.40904" lon="-71.15921"><ele>12</ele></trkpt>      <trkpt lat="42.40849" lon="-71.15982"><ele>12</ele></trkpt>      <trkpt lat="42.40815" lon="-71.16019"><ele>12</ele></trkpt>      <trkpt lat="42.40805" lon="-71.16030"><ele>12</ele></trkpt>      <trkpt lat="42.40793" lon="-71.16044"><ele>12</ele></trkpt>      <trkpt lat="42.40776" lon="-71.16065"><ele>12</ele></trkpt>      <trkpt lat="42.40767" lon="-71.16081"><ele>12</ele></trkpt>      <trkpt lat="42.40759" lon="-71.16096"><ele>12</ele></trkpt>      <trkpt lat="42.40704" lon="-71.16208"><ele>11</ele></trkpt>      <trkpt lat="42.40695" lon="-71.16224"><ele>11</ele></trkpt>      <trkpt lat="42.40686" lon="-71.16239"><ele>11</ele></trkpt>      <trkpt lat="42.40680" lon="-71.16246"><ele>11</ele></trkpt>      <trkpt lat="42.40660" lon="-71.16272"><ele>11</ele></trkpt>      <trkpt lat="42.40640" lon="-71.16304"><ele>10</ele></trkpt>      <trkpt lat="42.40634" lon="-71.16313"><ele>10</ele></trkpt>      <trkpt lat="42.40615" lon="-71.16338"><ele>10</ele></trkpt>      <trkpt lat="42.40606" lon="-71.16350"><ele>10</ele></trkpt>      <trkpt lat="42.40597" lon="-71.16361"><ele>10</ele></trkpt>      <trkpt lat="42.40575" lon="-71.16392"><ele>8</ele></trkpt>      <trkpt lat="42.40561" lon="-71.16412"><ele>8</ele></trkpt>      <trkpt lat="42.40548" lon="-71.16432"><ele>9</ele></trkpt>      <trkpt lat="42.40538" lon="-71.16447"><ele>9</ele></trkpt>      <trkpt lat="42.40527" lon="-71.16462"><ele>10</ele></trkpt>      <trkpt lat="42.40512" lon="-71.16485"><ele>10</ele></trkpt>      <trkpt lat="42.40495" lon="-71.16506"><ele>10</ele></trkpt>      <trkpt lat="42.40482" lon="-71.16521"><ele>10</ele></trkpt>      <trkpt lat="42.40463" lon="-71.16550"><ele>10</ele></trkpt>      <trkpt lat="42.40432" lon="-71.16597"><ele>10</ele></trkpt>      <trkpt lat="42.40415" lon="-71.16623"><ele>10</ele></trkpt>      <trkpt lat="42.40407" lon="-71.16635"><ele>10</ele></trkpt>      <trkpt lat="42.40397" lon="-71.16647"><ele>10</ele></trkpt>      <trkpt lat="42.40385" lon="-71.16664"><ele>10</ele></trkpt>      <trkpt lat="42.40376" lon="-71.16679"><ele>10</ele></trkpt>      <trkpt lat="42.40370" lon="-71.16689"><ele>10</ele></trkpt>      <trkpt lat="42.40359" lon="-71.16711"><ele>10</ele></trkpt>      <trkpt lat="42.40350" lon="-71.16732"><ele>10</ele></trkpt>      <trkpt lat="42.40343" lon="-71.16749"><ele>10</ele></trkpt>      <trkpt lat="42.40334" lon="-71.16774"><ele>11</ele></trkpt>      <trkpt lat="42.40329" lon="-71.16790"><ele>11</ele></trkpt>      <trkpt lat="42.40319" lon="-71.16819"><ele>11</ele></trkpt>      <trkpt lat="42.40315" lon="-71.16829"><ele>11</ele></trkpt>      <trkpt lat="42.40310" lon="-71.16841"><ele>11</ele></trkpt>      <trkpt lat="42.40304" lon="-71.16853"><ele>11</ele></trkpt>      <trkpt lat="42.40298" lon="-71.16864"><ele>11</ele></trkpt>      <trkpt lat="42.40292" lon="-71.16873"><ele>11</ele></trkpt>      <trkpt lat="42.40264" lon="-71.16919"><ele>11</ele></trkpt>      <trkpt lat="42.40235" lon="-71.16967"><ele>11</ele></trkpt>      <trkpt lat="42.40228" lon="-71.16979"><ele>11</ele></trkpt>      <trkpt lat="42.40181" lon="-71.17061"><ele>12</ele></trkpt>      <trkpt lat="42.40152" lon="-71.17111"><ele>12</ele></trkpt>      <trkpt lat="42.40143" lon="-71.17126"><ele>12</ele></trkpt>      <trkpt lat="42.40133" lon="-71.17142"><ele>12</ele></trkpt>      <trkpt lat="42.40101" lon="-71.17191"><ele>13</ele></trkpt>      <trkpt lat="42.40091" lon="-71.17207"><ele>13</ele></trkpt>      <trkpt lat="42.40082" lon="-71.17222"><ele>13</ele></trkpt>      <trkpt lat="42.40074" lon="-71.17237"><ele>13</ele></trkpt>      <trkpt lat="42.40065" lon="-71.17253"><ele>13</ele></trkpt>      <trkpt lat="42.40057" lon="-71.17269"><ele>13</ele></trkpt>      <trkpt lat="42.40050" lon="-71.17284"><ele>13</ele></trkpt>      <trkpt lat="42.40043" lon="-71.17299"><ele>13</ele></trkpt>      <trkpt lat="42.40036" lon="-71.17315"><ele>13</ele></trkpt>      <trkpt lat="42.40025" lon="-71.17340"><ele>13</ele></trkpt>      <trkpt lat="42.40012" lon="-71.17376"><ele>14</ele></trkpt>      <trkpt lat="42.39991" lon="-71.17428"><ele>14</ele></trkpt>      <trkpt lat="42.39984" lon="-71.17447"><ele>14</ele></trkpt>      <trkpt lat="42.39976" lon="-71.17464"><ele>14</ele></trkpt>      <trkpt lat="42.39967" lon="-71.17481"><ele>15</ele></trkpt>      <trkpt lat="42.39957" lon="-71.17495"><ele>15</ele></trkpt>      <trkpt lat="42.39950" lon="-71.17504"><ele>16</ele></trkpt>      <trkpt lat="42.39943" lon="-71.17512"><ele>16</ele></trkpt>      <trkpt lat="42.39936" lon="-71.17519"><ele>16</ele></trkpt>      <trkpt lat="42.39922" lon="-71.17534"><ele>17</ele></trkpt>      <trkpt lat="42.39911" lon="-71.17546"><ele>17</ele></trkpt>      <trkpt lat="42.39900" lon="-71.17557"><ele>17</ele></trkpt>      <trkpt lat="42.39876" lon="-71.17578"><ele>18</ele></trkpt>      <trkpt lat="42.39863" lon="-71.17589"><ele>18</ele></trkpt>      <trkpt lat="42.39793" lon="-71.17647"><ele>18</ele></trkpt>      <trkpt lat="42.39775" lon="-71.17662"><ele>18</ele></trkpt>      <trkpt lat="42.39765" lon="-71.17670"><ele>18</ele></trkpt>      <trkpt lat="42.39727" lon="-71.17708"><ele>18</ele></trkpt>      <trkpt lat="42.39689" lon="-71.17747"><ele>18</ele></trkpt>      <trkpt lat="42.39662" lon="-71.17775"><ele>18</ele></trkpt>      <trkpt lat="42.39654" lon="-71.17785"><ele>18</ele></trkpt>      <trkpt lat="42.39645" lon="-71.17794"><ele>18</ele></trkpt>      <trkpt lat="42.39634" lon="-71.17812"><ele>18</ele></trkpt>      <trkpt lat="42.39621" lon="-71.17838"><ele>18</ele></trkpt>      <trkpt lat="42.39614" lon="-71.17854"><ele>19</ele></trkpt>      <trkpt lat="42.39607" lon="-71.17869"><ele>19</ele></trkpt>      <trkpt lat="42.39600" lon="-71.17881"><ele>19</ele></trkpt>      <trkpt lat="42.39589" lon="-71.17895"><ele>19</ele></trkpt>      <trkpt lat="42.39582" lon="-71.17904"><ele>19</ele></trkpt>      <trkpt lat="42.39574" lon="-71.17911"><ele>19</ele></trkpt>      <trkpt lat="42.39562" lon="-71.17921"><ele>19</ele></trkpt>      <trkpt lat="42.39537" lon="-71.17943"><ele>19</ele></trkpt>      <trkpt lat="42.39511" lon="-71.17965"><ele>19</ele></trkpt>      <trkpt lat="42.39477" lon="-71.17996"><ele>20</ele></trkpt>      <trkpt lat="42.39450" lon="-71.18021"><ele>20</ele></trkpt>      <trkpt lat="42.39435" lon="-71.18033"><ele>20</ele></trkpt>      <trkpt lat="42.39363" lon="-71.18096"><ele>20</ele></trkpt>      <trkpt lat="42.39355" lon="-71.18104"><ele>21</ele></trkpt>      <trkpt lat="42.39347" lon="-71.18112"><ele>21</ele></trkpt>      <trkpt lat="42.39337" lon="-71.18122"><ele>21</ele></trkpt>      <trkpt lat="42.39327" lon="-71.18135"><ele>21</ele></trkpt>      <trkpt lat="42.39319" lon="-71.18148"><ele>21</ele></trkpt>      <trkpt lat="42.39311" lon="-71.18162"><ele>21</ele></trkpt>      <trkpt lat="42.39305" lon="-71.18178"><ele>21</ele></trkpt>      <trkpt lat="42.39289" lon="-71.18221"><ele>22</ele></trkpt>      <trkpt lat="42.39280" lon="-71.18245"><ele>22</ele></trkpt>      <trkpt lat="42.39273" lon="-71.18259"><ele>22</ele></trkpt>      <trkpt lat="42.39265" lon="-71.18273"><ele>22</ele></trkpt>      <trkpt lat="42.39234" lon="-71.18322"><ele>22</ele></trkpt>      <trkpt lat="42.39221" lon="-71.18344"><ele>23</ele></trkpt>      <trkpt lat="42.39207" lon="-71.18365"><ele>23</ele></trkpt>      <trkpt lat="42.39199" lon="-71.18379"><ele>23</ele></trkpt>      <trkpt lat="42.39188" lon="-71.18401"><ele>23</ele></trkpt>      <trkpt lat="42.39182" lon="-71.18417"><ele>23</ele></trkpt>      <trkpt lat="42.39175" lon="-71.18437"><ele>23</ele></trkpt>      <trkpt lat="42.39166" lon="-71.18465"><ele>24</ele></trkpt>      <trkpt lat="42.39159" lon="-71.18482"><ele>24</ele></trkpt>      <trkpt lat="42.39151" lon="-71.18500"><ele>24</ele></trkpt>      <trkpt lat="42.39140" lon="-71.18522"><ele>24</ele></trkpt>      <trkpt lat="42.39127" lon="-71.18543"><ele>24</ele></trkpt>      <trkpt lat="42.39117" lon="-71.18558"><ele>24</ele></trkpt>      <trkpt lat="42.39096" lon="-71.18586"><ele>24</ele></trkpt>      <trkpt lat="42.39045" lon="-71.18652"><ele>24</ele></trkpt>      <trkpt lat="42.39038" lon="-71.18662"><ele>24</ele></trkpt>      <trkpt lat="42.39028" lon="-71.18676"><ele>24</ele></trkpt>      <trkpt lat="42.39016" lon="-71.18698"><ele>24</ele></trkpt>      <trkpt lat="42.39006" lon="-71.18724"><ele>24</ele></trkpt>      <trkpt lat="42.38998" lon="-71.18748"><ele>24</ele></trkpt>      <trkpt lat="42.38988" lon="-71.18774"><ele>24</ele></trkpt>      <trkpt lat="42.38977" lon="-71.18797"><ele>24</ele></trkpt>      <trkpt lat="42.38968" lon="-71.18813"><ele>24</ele></trkpt>      <trkpt lat="42.38952" lon="-71.18836"><ele>24</ele></trkpt>      <trkpt lat="42.38941" lon="-71.18853"><ele>25</ele></trkpt>      <trkpt lat="42.38927" lon="-71.18878"><ele>25</ele></trkpt>      <trkpt lat="42.38923" lon="-71.18888"><ele>25</ele></trkpt>      <trkpt lat="42.38918" lon="-71.18900"><ele>25</ele></trkpt>      <trkpt lat="42.38915" lon="-71.18915"><ele>25</ele></trkpt>      <trkpt lat="42.38912" lon="-71.18928"><ele>25</ele></trkpt>      <trkpt lat="42.38910" lon="-71.18950"><ele>25</ele></trkpt>      <trkpt lat="42.38907" lon="-71.19041"><ele>29</ele></trkpt>      <trkpt lat="42.38905" lon="-71.19062"><ele>30</ele></trkpt>      <trkpt lat="42.38904" lon="-71.19076"><ele>30</ele></trkpt>      <trkpt lat="42.38903" lon="-71.19088"><ele>31</ele></trkpt>      <trkpt lat="42.38902" lon="-71.19101"><ele>31</ele></trkpt>      <trkpt lat="42.38900" lon="-71.19114"><ele>31</ele></trkpt>      <trkpt lat="42.38898" lon="-71.19130"><ele>32</ele></trkpt>      <trkpt lat="42.38897" lon="-71.19143"><ele>32</ele></trkpt>      <trkpt lat="42.38895" lon="-71.19157"><ele>32</ele></trkpt>      <trkpt lat="42.38895" lon="-71.19170"><ele>32</ele></trkpt>      <trkpt lat="42.38891" lon="-71.19239"><ele>30</ele></trkpt>      <trkpt lat="42.38892" lon="-71.19258"><ele>29</ele></trkpt>      <trkpt lat="42.38894" lon="-71.19280"><ele>28</ele></trkpt>      <trkpt lat="42.38897" lon="-71.19298"><ele>27</ele></trkpt>      <trkpt lat="42.38902" lon="-71.19322"><ele>26</ele></trkpt>      <trkpt lat="42.38911" lon="-71.19340"><ele>26</ele></trkpt>      <trkpt lat="42.38918" lon="-71.19358"><ele>26</ele></trkpt>      <trkpt lat="42.38935" lon="-71.19400"><ele>26</ele></trkpt>      <trkpt lat="42.38953" lon="-71.19449"><ele>27</ele></trkpt>      <trkpt lat="42.38963" lon="-71.19477"><ele>27</ele></trkpt>      <trkpt lat="42.38970" lon="-71.19494"><ele>27</ele></trkpt>      <trkpt lat="42.38977" lon="-71.19509"><ele>27</ele></trkpt>      <trkpt lat="42.38988" lon="-71.19531"><ele>27</ele></trkpt>      <trkpt lat="42.39018" lon="-71.19593"><ele>26</ele></trkpt>      <trkpt lat="42.39027" lon="-71.19611"><ele>26</ele></trkpt>      <trkpt lat="42.39032" lon="-71.19623"><ele>25</ele></trkpt>      <trkpt lat="42.39042" lon="-71.19647"><ele>24</ele></trkpt>      <trkpt lat="42.39050" lon="-71.19663"><ele>23</ele></trkpt>      <trkpt lat="42.39056" lon="-71.19675"><ele>23</ele></trkpt>      <trkpt lat="42.39071" lon="-71.19707"><ele>22</ele></trkpt>      <trkpt lat="42.39076" lon="-71.19721"><ele>22</ele></trkpt>      <trkpt lat="42.39078" lon="-71.19734"><ele>22</ele></trkpt>      <trkpt lat="42.39079" lon="-71.19748"><ele>22</ele></trkpt>      <trkpt lat="42.39077" lon="-71.19764"><ele>23</ele></trkpt>      <trkpt lat="42.39070" lon="-71.19783"><ele>24</ele></trkpt>      <trkpt lat="42.39063" lon="-71.19793"><ele>25</ele></trkpt>      <trkpt lat="42.39055" lon="-71.19801"><ele>25</ele></trkpt>      <trkpt lat="42.39028" lon="-71.19817"><ele>27</ele></trkpt>      <trkpt lat="42.38993" lon="-71.19840"><ele>27</ele></trkpt>      <trkpt lat="42.38985" lon="-71.19845"><ele>27</ele></trkpt>      <trkpt lat="42.38975" lon="-71.19853"><ele>27</ele></trkpt>      <trkpt lat="42.38964" lon="-71.19865"><ele>27</ele></trkpt>      <trkpt lat="42.38958" lon="-71.19872"><ele>27</ele></trkpt>      <trkpt lat="42.38907" lon="-71.19929"><ele>28</ele></trkpt>      <trkpt lat="42.38876" lon="-71.19967"><ele>28</ele></trkpt>      <trkpt lat="42.38860" lon="-71.19988"><ele>28</ele></trkpt>      <trkpt lat="42.38849" lon="-71.20006"><ele>28</ele></trkpt>      <trkpt lat="42.38836" lon="-71.20034"><ele>28</ele></trkpt>      <trkpt lat="42.38828" lon="-71.20053"><ele>28</ele></trkpt>      <trkpt lat="42.38814" lon="-71.20088"><ele>28</ele></trkpt>      <trkpt lat="42.38807" lon="-71.20105"><ele>28</ele></trkpt>      <trkpt lat="42.38775" lon="-71.20185"><ele>28</ele></trkpt>      <trkpt lat="42.38761" lon="-71.20220"><ele>28</ele></trkpt>      <trkpt lat="42.38722" lon="-71.20316"><ele>27</ele></trkpt>      <trkpt lat="42.38702" lon="-71.20376"><ele>26</ele></trkpt>      <trkpt lat="42.38680" lon="-71.20437"><ele>24</ele></trkpt>      <trkpt lat="42.38656" lon="-71.20502"><ele>23</ele></trkpt>      <trkpt lat="42.38651" lon="-71.20516"><ele>22</ele></trkpt>      <trkpt lat="42.38642" lon="-71.20532"><ele>22</ele></trkpt>      <trkpt lat="42.38632" lon="-71.20548"><ele>21</ele></trkpt>      <trkpt lat="42.38625" lon="-71.20557"><ele>20</ele></trkpt>      <trkpt lat="42.38615" lon="-71.20571"><ele>20</ele></trkpt>      <trkpt lat="42.38603" lon="-71.20588"><ele>19</ele></trkpt>      <trkpt lat="42.38593" lon="-71.20603"><ele>19</ele></trkpt>      <trkpt lat="42.38585" lon="-71.20615"><ele>19</ele></trkpt>      <trkpt lat="42.38575" lon="-71.20631"><ele>18</ele></trkpt>      <trkpt lat="42.38567" lon="-71.20647"><ele>18</ele></trkpt>      <trkpt lat="42.38512" lon="-71.20741"><ele>16</ele></trkpt>      <trkpt lat="42.38496" lon="-71.20768"><ele>16</ele></trkpt>      <trkpt lat="42.38466" lon="-71.20818"><ele>15</ele></trkpt>      <trkpt lat="42.38451" lon="-71.20844"><ele>15</ele></trkpt>      <trkpt lat="42.38444" lon="-71.20859"><ele>15</ele></trkpt>      <trkpt lat="42.38436" lon="-71.20874"><ele>15</ele></trkpt>      <trkpt lat="42.38416" lon="-71.20909"><ele>15</ele></trkpt>      <trkpt lat="42.38403" lon="-71.20932"><ele>15</ele></trkpt>      <trkpt lat="42.38396" lon="-71.20943"><ele>15</ele></trkpt>      <trkpt lat="42.38387" lon="-71.20960"><ele>15</ele></trkpt>      <trkpt lat="42.38377" lon="-71.20978"><ele>15</ele></trkpt>      <trkpt lat="42.38370" lon="-71.20990"><ele>15</ele></trkpt>      <trkpt lat="42.38358" lon="-71.21011"><ele>15</ele></trkpt>      <trkpt lat="42.38353" lon="-71.21020"><ele>15</ele></trkpt>      <trkpt lat="42.38333" lon="-71.21056"><ele>15</ele></trkpt>      <trkpt lat="42.38253" lon="-71.21197"><ele>14</ele></trkpt>      <trkpt lat="42.38242" lon="-71.21218"><ele>14</ele></trkpt>      <trkpt lat="42.38233" lon="-71.21239"><ele>14</ele></trkpt>      <trkpt lat="42.38228" lon="-71.21254"><ele>14</ele></trkpt>      <trkpt lat="42.38223" lon="-71.21270"><ele>14</ele></trkpt>      <trkpt lat="42.38218" lon="-71.21287"><ele>14</ele></trkpt>      <trkpt lat="42.38215" lon="-71.21299"><ele>14</ele></trkpt>      <trkpt lat="42.38161" lon="-71.21527"><ele>12</ele></trkpt>      <trkpt lat="42.38123" lon="-71.21687"><ele>11</ele></trkpt>      <trkpt lat="42.38119" lon="-71.21704"><ele>11</ele></trkpt>      <trkpt lat="42.38116" lon="-71.21719"><ele>11</ele></trkpt>      <trkpt lat="42.38115" lon="-71.21735"><ele>11</ele></trkpt>      <trkpt lat="42.38116" lon="-71.21757"><ele>11</ele></trkpt>      <trkpt lat="42.38116" lon="-71.21769"><ele>11</ele></trkpt>      <trkpt lat="42.38118" lon="-71.21784"><ele>11</ele></trkpt>      <trkpt lat="42.38121" lon="-71.21811"><ele>11</ele></trkpt>      <trkpt lat="42.38123" lon="-71.21825"><ele>11</ele></trkpt>      <trkpt lat="42.38125" lon="-71.21839"><ele>11</ele></trkpt>      <trkpt lat="42.38125" lon="-71.21851"><ele>11</ele></trkpt>      <trkpt lat="42.38121" lon="-71.21876"><ele>11</ele></trkpt>      <trkpt lat="42.38114" lon="-71.21885"><ele>11</ele></trkpt>      <trkpt lat="42.38106" lon="-71.21897"><ele>11</ele></trkpt>      <trkpt lat="42.38090" lon="-71.21924"><ele>11</ele></trkpt>      <trkpt lat="42.38082" lon="-71.21937"><ele>11</ele></trkpt>      <trkpt lat="42.38075" lon="-71.21949"><ele>11</ele></trkpt>      <trkpt lat="42.38069" lon="-71.21959"><ele>11</ele></trkpt>      <trkpt lat="42.38060" lon="-71.21977"><ele>11</ele></trkpt>      <trkpt lat="42.38054" lon="-71.21987"><ele>11</ele></trkpt>      <trkpt lat="42.38049" lon="-71.21997"><ele>11</ele></trkpt>      <trkpt lat="42.38024" lon="-71.22050"><ele>11</ele></trkpt>      <trkpt lat="42.38004" lon="-71.22093"><ele>11</ele></trkpt>      <trkpt lat="42.37992" lon="-71.22117"><ele>11</ele></trkpt>      <trkpt lat="42.37980" lon="-71.22143"><ele>11</ele></trkpt>      <trkpt lat="42.37958" lon="-71.22189"><ele>11</ele></trkpt>      <trkpt lat="42.37940" lon="-71.22227"><ele>11</ele></trkpt>      <trkpt lat="42.37910" lon="-71.22292"><ele>12</ele></trkpt>      <trkpt lat="42.37901" lon="-71.22309"><ele>12</ele></trkpt>      <trkpt lat="42.37887" lon="-71.22338"><ele>12</ele></trkpt>      <trkpt lat="42.37880" lon="-71.22354"><ele>12</ele></trkpt>      <trkpt lat="42.37872" lon="-71.22371"><ele>12</ele></trkpt>      <trkpt lat="42.37861" lon="-71.22395"><ele>12</ele></trkpt>      <trkpt lat="42.37845" lon="-71.22428"><ele>13</ele></trkpt>      <trkpt lat="42.37827" lon="-71.22466"><ele>13</ele></trkpt>      <trkpt lat="42.37817" lon="-71.22487"><ele>13</ele></trkpt>      <trkpt lat="42.37808" lon="-71.22503"><ele>13</ele></trkpt>      <trkpt lat="42.37796" lon="-71.22521"><ele>14</ele></trkpt>      <trkpt lat="42.37789" lon="-71.22526"><ele>14</ele></trkpt>      <trkpt lat="42.37780" lon="-71.22528"><ele>14</ele></trkpt>      <trkpt lat="42.37779" lon="-71.22547"><ele>14</ele></trkpt>      <trkpt lat="42.37776" lon="-71.22571"><ele>15</ele></trkpt>      <trkpt lat="42.37774" lon="-71.22591"><ele>16</ele></trkpt>      <trkpt lat="42.37772" lon="-71.22605"><ele>16</ele></trkpt>      <trkpt lat="42.37769" lon="-71.22618"><ele>16</ele></trkpt>      <trkpt lat="42.37764" lon="-71.22632"><ele>17</ele></trkpt>      <trkpt lat="42.37757" lon="-71.22704"><ele>18</ele></trkpt>      <trkpt lat="42.37748" lon="-71.22778"><ele>19</ele></trkpt>      <trkpt lat="42.37745" lon="-71.22805"><ele>18</ele></trkpt>      <trkpt lat="42.37738" lon="-71.22854"><ele>18</ele></trkpt>      <trkpt lat="42.37736" lon="-71.22869"><ele>18</ele></trkpt>      <trkpt lat="42.37734" lon="-71.22886"><ele>18</ele></trkpt>      <trkpt lat="42.37730" lon="-71.22914"><ele>18</ele></trkpt>      <trkpt lat="42.37729" lon="-71.22927"><ele>18</ele></trkpt>      <trkpt lat="42.37722" lon="-71.22976"><ele>18</ele></trkpt>      <trkpt lat="42.37720" lon="-71.22991"><ele>18</ele></trkpt>      <trkpt lat="42.37715" lon="-71.23024"><ele>18</ele></trkpt>      <trkpt lat="42.37713" lon="-71.23043"><ele>18</ele></trkpt>      <trkpt lat="42.37711" lon="-71.23054"><ele>18</ele></trkpt>      <trkpt lat="42.37710" lon="-71.23067"><ele>18</ele></trkpt>      <trkpt lat="42.37706" lon="-71.23100"><ele>18</ele></trkpt>      <trkpt lat="42.37698" lon="-71.23180"><ele>18</ele></trkpt>      <trkpt lat="42.37696" lon="-71.23197"><ele>18</ele></trkpt>      <trkpt lat="42.37690" lon="-71.23238"><ele>18</ele></trkpt>      <trkpt lat="42.37685" lon="-71.23283"><ele>18</ele></trkpt>      <trkpt lat="42.37683" lon="-71.23303"><ele>18</ele></trkpt>      <trkpt lat="42.37679" lon="-71.23323"><ele>18</ele></trkpt>      <trkpt lat="42.37675" lon="-71.23350"><ele>18</ele></trkpt>      <trkpt lat="42.37670" lon="-71.23379"><ele>18</ele></trkpt>      <trkpt lat="42.37664" lon="-71.23421"><ele>18</ele></trkpt>      <trkpt lat="42.37658" lon="-71.23453"><ele>18</ele></trkpt>      <trkpt lat="42.37654" lon="-71.23480"><ele>18</ele></trkpt>      <trkpt lat="42.37650" lon="-71.23503"><ele>18</ele></trkpt>      <trkpt lat="42.37648" lon="-71.23517"><ele>18</ele></trkpt>      <trkpt lat="42.37643" lon="-71.23548"><ele>18</ele></trkpt>      <trkpt lat="42.37640" lon="-71.23564"><ele>18</ele></trkpt>      <trkpt lat="42.37633" lon="-71.23612"><ele>18</ele></trkpt>      <trkpt lat="42.37623" lon="-71.23672"><ele>18</ele></trkpt>      <trkpt lat="42.37625" lon="-71.23695"><ele>18</ele></trkpt>      <trkpt lat="42.37624" lon="-71.23722"><ele>18</ele></trkpt>      <trkpt lat="42.37621" lon="-71.23797"><ele>18</ele></trkpt>      <trkpt lat="42.37620" lon="-71.23809"><ele>18</ele></trkpt>      <trkpt lat="42.37619" lon="-71.23820"><ele>18</ele></trkpt>      <trkpt lat="42.37617" lon="-71.23851"><ele>18</ele></trkpt>      <trkpt lat="42.37618" lon="-71.23894"><ele>18</ele></trkpt>      <trkpt lat="42.37618" lon="-71.23917"><ele>18</ele></trkpt>      <trkpt lat="42.37618" lon="-71.23929"><ele>18</ele></trkpt>      <trkpt lat="42.37618" lon="-71.23960"><ele>19</ele></trkpt>      <trkpt lat="42.37619" lon="-71.23986"><ele>19</ele></trkpt>      <trkpt lat="42.37619" lon="-71.24008"><ele>19</ele></trkpt>      <trkpt lat="42.37621" lon="-71.24055"><ele>19</ele></trkpt>      <trkpt lat="42.37622" lon="-71.24071"><ele>19</ele></trkpt>      <trkpt lat="42.37623" lon="-71.24086"><ele>19</ele></trkpt>      <trkpt lat="42.37623" lon="-71.24103"><ele>19</ele></trkpt>      <trkpt lat="42.37625" lon="-71.24135"><ele>19</ele></trkpt>      <trkpt lat="42.37626" lon="-71.24163"><ele>19</ele></trkpt>      <trkpt lat="42.37626" lon="-71.24177"><ele>19</ele></trkpt>      <trkpt lat="42.37627" lon="-71.24223"><ele>19</ele></trkpt>    </trkseg>  </trk></gpx>