<?xml version='1.0' encoding='UTF-8'?>
<gpx version="1.1" creator="https://www.komoot.de" xmlns="http://www.topografix.com/GPX/1/1" xmlns:xsi="http://www.w3.org/2001/XMLSchema-instance" xsi:schemaLocation="http://www.topografix.com/GPX/1/1 http://www.topografix.com/GPX/1/1/gpx.xsd">
  <metadata>
    <name>Wellesley + Natick + Dover + Needham mains</name>
    <author>
      <link href="https://www.komoot.de">
        <text>komoot</text>
        <type>text/html</type>
      </link>
    </author>
  </metadata>
  <trk>
    <name>Wellesley + Natick + Dover + Needham mains</name>
    <type>touring_bicycle</type>
    <trkseg>
      <trkpt lat="42.300524" lon="-71.292284">
        <ele>41.314060</ele>
        <time>2026-06-06T13:58:23.000Z</time>
      </trkpt>
      <trkpt lat="42.300450" lon="-71.292394">
        <ele>41.314060</ele>
        <time>2026-06-06T13:58:26.999Z</time>
      </trkpt>
      <trkpt lat="42.300391" lon="-71.292531">
        <ele>41.314060</ele>
        <time>2026-06-06T13:58:29.999Z</time>
      </trkpt>
      <trkpt lat="42.300329" lon="-71.292662">
        <ele>41.314060</ele>
        <time>2026-06-06T13:58:32.999Z</time>
      </trkpt>
      <trkpt lat="42.300270" lon="-71.292765">
        <ele>41.314060</ele>
        <time>2026-06-06T13:58:35.999Z</time>
      </trkpt>
      <trkpt lat="42.300223" lon="-71.292877">
        <ele>41.314060</ele>
        <time>2026-06-06T13:58:39.999Z</time>
      </trkpt>
      <trkpt lat="42.300146" lon="-71.292978">
        <ele>41.314060</ele>
        <time>2026-06-06T13:58:43.999Z</time>
      </trkpt>
      <trkpt lat="42.300023" lon="-71.292986">
        <ele>41.314060</ele>
        <time>2026-06-06T13:58:46.999Z</time>
      </trkpt>
      <trkpt lat="42.299925" lon="-71.292954">
        <ele>41.314060</ele>
        <time>2026-06-06T13:58:49.999Z</time>
      </trkpt>
      <trkpt lat="42.299807" lon="-71.292908">
        <ele>41.696152</ele>
        <time>2026-06-06T13:58:53.999Z</time>
      </trkpt>
      <trkpt lat="42.299709" lon="-71.292951">
        <ele>42.140533</ele>
        <time>2026-06-06T13:58:58.999Z</time>
      </trkpt>
      <trkpt lat="42.299673" lon="-71.293063">
        <ele>42.530102</ele>
        <time>2026-06-06T13:59:00.999Z</time>
      </trkpt>
      <trkpt lat="42.299612" lon="-71.293214">
        <ele>43.078972</ele>
        <time>2026-06-06T13:59:03.999Z</time>
      </trkpt>
      <trkpt lat="42.299539" lon="-71.293299">
        <ele>43.494494</ele>
        <time>2026-06-06T13:59:05.999Z</time>
      </trkpt>
      <trkpt lat="42.299466" lon="-71.293391">
        <ele>43.924922</ele>
        <time>2026-06-06T13:59:07.999Z</time>
      </trkpt>
      <trkpt lat="42.299411" lon="-71.293504">
        <ele>44.356452</ele>
        <time>2026-06-06T13:59:22.999Z</time>
      </trkpt>
      <trkpt lat="42.299347" lon="-71.293627">
        <ele>44.836202</ele>
        <time>2026-06-06T13:59:25.999Z</time>
      </trkpt>
      <trkpt lat="42.299290" lon="-71.293729">
        <ele>45.244023</ele>
        <time>2026-06-06T13:59:27.998Z</time>
      </trkpt>
      <trkpt lat="42.299218" lon="-71.293855">
        <ele>45.751962</ele>
        <time>2026-06-06T13:59:30.999Z</time>
      </trkpt>
      <trkpt lat="42.299160" lon="-71.293977">
        <ele>46.214617</ele>
        <time>2026-06-06T13:59:33.999Z</time>
      </trkpt>
      <trkpt lat="42.299114" lon="-71.294092">
        <ele>46.631692</ele>
        <time>2026-06-06T13:59:36.999Z</time>
      </trkpt>
      <trkpt lat="42.299001" lon="-71.294239">
        <ele>47.308039</ele>
        <time>2026-06-06T13:59:39.999Z</time>
      </trkpt>
      <trkpt lat="42.298932" lon="-71.294365">
        <ele>47.808173</ele>
        <time>2026-06-06T13:59:42.999Z</time>
      </trkpt>
      <trkpt lat="42.298866" lon="-71.294475">
        <ele>48.260028</ele>
        <time>2026-06-06T13:59:46.000Z</time>
      </trkpt>
      <trkpt lat="42.298801" lon="-71.294594">
        <ele>48.731950</ele>
        <time>2026-06-06T13:59:49.000Z</time>
      </trkpt>
      <trkpt lat="42.298729" lon="-71.294722">
        <ele>49.162517</ele>
        <time>2026-06-06T13:59:52.000Z</time>
      </trkpt>
      <trkpt lat="42.298653" lon="-71.294840">
        <ele>49.424157</ele>
        <time>2026-06-06T13:59:55.000Z</time>
      </trkpt>
      <trkpt lat="42.298556" lon="-71.294964">
        <ele>49.725959</ele>
        <time>2026-06-06T13:59:58.000Z</time>
      </trkpt>
      <trkpt lat="42.298483" lon="-71.295071">
        <ele>49.969374</ele>
        <time>2026-06-06T14:00:01.000Z</time>
      </trkpt>
      <trkpt lat="42.298399" lon="-71.295153">
        <ele>50.203608</ele>
        <time>2026-06-06T14:00:03.000Z</time>
      </trkpt>
      <trkpt lat="42.298318" lon="-71.295253">
        <ele>50.451591</ele>
        <time>2026-06-06T14:00:06.000Z</time>
      </trkpt>
      <trkpt lat="42.298236" lon="-71.295357">
        <ele>50.705778</ele>
        <time>2026-06-06T14:00:09.000Z</time>
      </trkpt>
      <trkpt lat="42.298168" lon="-71.295443">
        <ele>50.916288</ele>
        <time>2026-06-06T14:00:12.000Z</time>
      </trkpt>
      <trkpt lat="42.298081" lon="-71.295506">
        <ele>51.139412</ele>
        <time>2026-06-06T14:00:17.000Z</time>
      </trkpt>
      <trkpt lat="42.297990" lon="-71.295531">
        <ele>51.349347</ele>
        <time>2026-06-06T14:00:20.000Z</time>
      </trkpt>
      <trkpt lat="42.297876" lon="-71.295557">
        <ele>51.610716</ele>
        <time>2026-06-06T14:00:23.000Z</time>
      </trkpt>
      <trkpt lat="42.297765" lon="-71.295573">
        <ele>51.863085</ele>
        <time>2026-06-06T14:00:27.999Z</time>
      </trkpt>
      <trkpt lat="42.297648" lon="-71.295554">
        <ele>52.129497</ele>
        <time>2026-06-06T14:00:29.999Z</time>
      </trkpt>
      <trkpt lat="42.297512" lon="-71.295518">
        <ele>52.442800</ele>
        <time>2026-06-06T14:00:31.999Z</time>
      </trkpt>
      <trkpt lat="42.297407" lon="-71.295477">
        <ele>52.689884</ele>
        <time>2026-06-06T14:00:33.999Z</time>
      </trkpt>
      <trkpt lat="42.297324" lon="-71.295351">
        <ele>52.972026</ele>
        <time>2026-06-06T14:00:35.999Z</time>
      </trkpt>
      <trkpt lat="42.297240" lon="-71.295262">
        <ele>53.005292</ele>
        <time>2026-06-06T14:00:37.999Z</time>
      </trkpt>
      <trkpt lat="42.297156" lon="-71.295166">
        <ele>52.566749</ele>
        <time>2026-06-06T14:00:39.999Z</time>
      </trkpt>
      <trkpt lat="42.297085" lon="-71.295086">
        <ele>52.198243</ele>
        <time>2026-06-06T14:00:41.999Z</time>
      </trkpt>
      <trkpt lat="42.297014" lon="-71.295005">
        <ele>51.827841</ele>
        <time>2026-06-06T14:00:43.999Z</time>
      </trkpt>
      <trkpt lat="42.296944" lon="-71.294922">
        <ele>51.456615</ele>
        <time>2026-06-06T14:00:45.999Z</time>
      </trkpt>
      <trkpt lat="42.296828" lon="-71.294812">
        <ele>50.891689</ele>
        <time>2026-06-06T14:00:47.999Z</time>
      </trkpt>
      <trkpt lat="42.296744" lon="-71.294725">
        <ele>50.469792</ele>
        <time>2026-06-06T14:00:48.999Z</time>
      </trkpt>
      <trkpt lat="42.296658" lon="-71.294648">
        <ele>50.058529</ele>
        <time>2026-06-06T14:00:50.999Z</time>
      </trkpt>
      <trkpt lat="42.296567" lon="-71.294553">
        <ele>49.600125</ele>
        <time>2026-06-06T14:00:53.999Z</time>
      </trkpt>
      <trkpt lat="42.296488" lon="-71.294483">
        <ele>49.223525</ele>
        <time>2026-06-06T14:00:58.999Z</time>
      </trkpt>
      <trkpt lat="42.296397" lon="-71.294603">
        <ele>48.716689</ele>
        <time>2026-06-06T14:01:06.999Z</time>
      </trkpt>
      <trkpt lat="42.296368" lon="-71.294765">
        <ele>48.225139</ele>
        <time>2026-06-06T14:01:08.999Z</time>
      </trkpt>
      <trkpt lat="42.296356" lon="-71.294891">
        <ele>47.850481</ele>
        <time>2026-06-06T14:01:10.999Z</time>
      </trkpt>
      <trkpt lat="42.296330" lon="-71.295063">
        <ele>47.332747</ele>
        <time>2026-06-06T14:01:13.999Z</time>
      </trkpt>
      <trkpt lat="42.296305" lon="-71.295243">
        <ele>46.792626</ele>
        <time>2026-06-06T14:01:16.999Z</time>
      </trkpt>
      <trkpt lat="42.296296" lon="-71.295402">
        <ele>46.322343</ele>
        <time>2026-06-06T14:01:19.999Z</time>
      </trkpt>
      <trkpt lat="42.296266" lon="-71.295555">
        <ele>46.003792</ele>
        <time>2026-06-06T14:01:21.999Z</time>
      </trkpt>
      <trkpt lat="42.296253" lon="-71.295677">
        <ele>46.124980</ele>
        <time>2026-06-06T14:01:23.999Z</time>
      </trkpt>
      <trkpt lat="42.296236" lon="-71.295801">
        <ele>46.248972</ele>
        <time>2026-06-06T14:01:25.999Z</time>
      </trkpt>
      <trkpt lat="42.296221" lon="-71.295923">
        <ele>46.370567</ele>
        <time>2026-06-06T14:01:27.999Z</time>
      </trkpt>
      <trkpt lat="42.296201" lon="-71.296049">
        <ele>46.497270</ele>
        <time>2026-06-06T14:01:29.999Z</time>
      </trkpt>
      <trkpt lat="42.296182" lon="-71.296178">
        <ele>46.626592</ele>
        <time>2026-06-06T14:01:31.999Z</time>
      </trkpt>
      <trkpt lat="42.296163" lon="-71.296306">
        <ele>46.754949</ele>
        <time>2026-06-06T14:01:33.999Z</time>
      </trkpt>
      <trkpt lat="42.296147" lon="-71.296442">
        <ele>46.890344</ele>
        <time>2026-06-06T14:01:35.999Z</time>
      </trkpt>
      <trkpt lat="42.296135" lon="-71.296624">
        <ele>47.069995</ele>
        <time>2026-06-06T14:01:38.999Z</time>
      </trkpt>
      <trkpt lat="42.296133" lon="-71.296748">
        <ele>47.191940</ele>
        <time>2026-06-06T14:01:40.999Z</time>
      </trkpt>
      <trkpt lat="42.296143" lon="-71.296896">
        <ele>47.338058</ele>
        <time>2026-06-06T14:01:42.999Z</time>
      </trkpt>
      <trkpt lat="42.296113" lon="-71.297051">
        <ele>47.495584</ele>
        <time>2026-06-06T14:01:46.999Z</time>
      </trkpt>
      <trkpt lat="42.296085" lon="-71.297197">
        <ele>47.643877</ele>
        <time>2026-06-06T14:01:47.999Z</time>
      </trkpt>
      <trkpt lat="42.296070" lon="-71.297325">
        <ele>47.771295</ele>
        <time>2026-06-06T14:01:50.000Z</time>
      </trkpt>
      <trkpt lat="42.296059" lon="-71.297464">
        <ele>47.908739</ele>
        <time>2026-06-06T14:01:52.000Z</time>
      </trkpt>
      <trkpt lat="42.296047" lon="-71.297593">
        <ele>48.036570</ele>
        <time>2026-06-06T14:01:54.000Z</time>
      </trkpt>
      <trkpt lat="42.296027" lon="-71.297772">
        <ele>48.214558</ele>
        <time>2026-06-06T14:01:57.000Z</time>
      </trkpt>
      <trkpt lat="42.296009" lon="-71.297894">
        <ele>48.336871</ele>
        <time>2026-06-06T14:01:59.000Z</time>
      </trkpt>
      <trkpt lat="42.295938" lon="-71.298038">
        <ele>48.500013</ele>
        <time>2026-06-06T14:02:02.000Z</time>
      </trkpt>
      <trkpt lat="42.295915" lon="-71.298167">
        <ele>48.624362</ele>
        <time>2026-06-06T14:02:05.000Z</time>
      </trkpt>
      <trkpt lat="42.295917" lon="-71.298308">
        <ele>48.756517</ele>
        <time>2026-06-06T14:02:08.000Z</time>
      </trkpt>
      <trkpt lat="42.295897" lon="-71.298453">
        <ele>48.894739</ele>
        <time>2026-06-06T14:02:11.000Z</time>
      </trkpt>
      <trkpt lat="42.295873" lon="-71.298584">
        <ele>49.021209</ele>
        <time>2026-06-06T14:02:14.000Z</time>
      </trkpt>
      <trkpt lat="42.295867" lon="-71.298721">
        <ele>49.149817</ele>
        <time>2026-06-06T14:02:28.000Z</time>
      </trkpt>
      <trkpt lat="42.295814" lon="-71.298823">
        <ele>49.266629</ele>
        <time>2026-06-06T14:02:33.000Z</time>
      </trkpt>
      <trkpt lat="42.295865" lon="-71.298963">
        <ele>49.412870</ele>
        <time>2026-06-06T14:02:38.000Z</time>
      </trkpt>
      <trkpt lat="42.295793" lon="-71.299057">
        <ele>49.539677</ele>
        <time>2026-06-06T14:02:41.000Z</time>
      </trkpt>
      <trkpt lat="42.295682" lon="-71.299104">
        <ele>49.687039</ele>
        <time>2026-06-06T14:02:45.000Z</time>
      </trkpt>
      <trkpt lat="42.295588" lon="-71.299142">
        <ele>49.811338</ele>
        <time>2026-06-06T14:02:48.000Z</time>
      </trkpt>
      <trkpt lat="42.295479" lon="-71.299196">
        <ele>49.958411</ele>
        <time>2026-06-06T14:02:51.000Z</time>
      </trkpt>
      <trkpt lat="42.295384" lon="-71.299247">
        <ele>50.087908</ele>
        <time>2026-06-06T14:02:54.000Z</time>
      </trkpt>
      <trkpt lat="42.295376" lon="-71.299370">
        <ele>50.203617</ele>
        <time>2026-06-06T14:02:57.000Z</time>
      </trkpt>
      <trkpt lat="42.295395" lon="-71.299503">
        <ele>50.330556</ele>
        <time>2026-06-06T14:02:59.000Z</time>
      </trkpt>
      <trkpt lat="42.295386" lon="-71.299663">
        <ele>50.480927</ele>
        <time>2026-06-06T14:03:02.000Z</time>
      </trkpt>
      <trkpt lat="42.295341" lon="-71.299892">
        <ele>50.512968</ele>
        <time>2026-06-06T14:03:06.000Z</time>
      </trkpt>
      <trkpt lat="42.295346" lon="-71.300057">
        <ele>50.227185</ele>
        <time>2026-06-06T14:03:09.000Z</time>
      </trkpt>
      <trkpt lat="42.295373" lon="-71.300223">
        <ele>49.933047</ele>
        <time>2026-06-06T14:03:12.000Z</time>
      </trkpt>
      <trkpt lat="42.295401" lon="-71.300362">
        <ele>49.683738</ele>
        <time>2026-06-06T14:03:14.000Z</time>
      </trkpt>
      <trkpt lat="42.295432" lon="-71.300489">
        <ele>49.452298</ele>
        <time>2026-06-06T14:03:16.000Z</time>
      </trkpt>
      <trkpt lat="42.295468" lon="-71.300612">
        <ele>49.223380</ele>
        <time>2026-06-06T14:03:18.000Z</time>
      </trkpt>
      <trkpt lat="42.295499" lon="-71.300748">
        <ele>48.977102</ele>
        <time>2026-06-06T14:03:20.000Z</time>
      </trkpt>
      <trkpt lat="42.295542" lon="-71.300876">
        <ele>48.733814</ele>
        <time>2026-06-06T14:03:22.000Z</time>
      </trkpt>
      <trkpt lat="42.295588" lon="-71.300999">
        <ele>48.495295</ele>
        <time>2026-06-06T14:03:24.000Z</time>
      </trkpt>
      <trkpt lat="42.295621" lon="-71.301196">
        <ele>48.145741</ele>
        <time>2026-06-06T14:03:26.000Z</time>
      </trkpt>
      <trkpt lat="42.295655" lon="-71.301319">
        <ele>47.918504</ele>
        <time>2026-06-06T14:03:28.000Z</time>
      </trkpt>
      <trkpt lat="42.295677" lon="-71.301487">
        <ele>47.623249</ele>
        <time>2026-06-06T14:03:31.000Z</time>
      </trkpt>
      <trkpt lat="42.295660" lon="-71.301618">
        <ele>47.393083</ele>
        <time>2026-06-06T14:03:33.000Z</time>
      </trkpt>
      <trkpt lat="42.295641" lon="-71.301765">
        <ele>47.134836</ele>
        <time>2026-06-06T14:03:35.000Z</time>
      </trkpt>
      <trkpt lat="42.295603" lon="-71.301943">
        <ele>46.814223</ele>
        <time>2026-06-06T14:03:37.000Z</time>
      </trkpt>
      <trkpt lat="42.295576" lon="-71.302110">
        <ele>46.518395</ele>
        <time>2026-06-06T14:03:39.000Z</time>
      </trkpt>
      <trkpt lat="42.295540" lon="-71.302264">
        <ele>46.253096</ele>
        <time>2026-06-06T14:03:41.000Z</time>
      </trkpt>
      <trkpt lat="42.295503" lon="-71.302407">
        <ele>46.010597</ele>
        <time>2026-06-06T14:03:43.000Z</time>
      </trkpt>
      <trkpt lat="42.295472" lon="-71.302540">
        <ele>45.787385</ele>
        <time>2026-06-06T14:03:45.000Z</time>
      </trkpt>
      <trkpt lat="42.295474" lon="-71.302390">
        <ele>45.547242</ele>
        <time>2026-06-06T14:03:57.000Z</time>
      </trkpt>
      <trkpt lat="42.295505" lon="-71.302229">
        <ele>45.280942</ele>
        <time>2026-06-06T14:04:00.000Z</time>
      </trkpt>
      <trkpt lat="42.295529" lon="-71.302088">
        <ele>45.049346</ele>
        <time>2026-06-06T14:04:03.000Z</time>
      </trkpt>
      <trkpt lat="42.295575" lon="-71.301964">
        <ele>44.827297</ele>
        <time>2026-06-06T14:04:17.000Z</time>
      </trkpt>
      <trkpt lat="42.295589" lon="-71.301840">
        <ele>44.626512</ele>
        <time>2026-06-06T14:04:26.000Z</time>
      </trkpt>
      <trkpt lat="42.295595" lon="-71.301971">
        <ele>44.416420</ele>
        <time>2026-06-06T14:05:04.000Z</time>
      </trkpt>
      <trkpt lat="42.295574" lon="-71.302103">
        <ele>44.200297</ele>
        <time>2026-06-06T14:05:24.000Z</time>
      </trkpt>
      <trkpt lat="42.295553" lon="-71.302234">
        <ele>43.985738</ele>
        <time>2026-06-06T14:05:28.000Z</time>
      </trkpt>
      <trkpt lat="42.295524" lon="-71.302380">
        <ele>43.743757</ele>
        <time>2026-06-06T14:05:32.000Z</time>
      </trkpt>
      <trkpt lat="42.295494" lon="-71.302533">
        <ele>43.490393</ele>
        <time>2026-06-06T14:05:34.000Z</time>
      </trkpt>
      <trkpt lat="42.295464" lon="-71.302690">
        <ele>43.230834</ele>
        <time>2026-06-06T14:05:38.000Z</time>
      </trkpt>
      <trkpt lat="42.295424" lon="-71.302824">
        <ele>42.999533</ele>
        <time>2026-06-06T14:05:41.000Z</time>
      </trkpt>
      <trkpt lat="42.295362" lon="-71.303015">
        <ele>42.665655</ele>
        <time>2026-06-06T14:05:44.000Z</time>
      </trkpt>
      <trkpt lat="42.295309" lon="-71.303147">
        <ele>42.388361</ele>
        <time>2026-06-06T14:05:47.000Z</time>
      </trkpt>
      <trkpt lat="42.295211" lon="-71.303376">
        <ele>41.823618</ele>
        <time>2026-06-06T14:05:50.000Z</time>
      </trkpt>
      <trkpt lat="42.295162" lon="-71.303530">
        <ele>41.465764</ele>
        <time>2026-06-06T14:05:52.000Z</time>
      </trkpt>
      <trkpt lat="42.295104" lon="-71.303689">
        <ele>41.087332</ele>
        <time>2026-06-06T14:05:54.000Z</time>
      </trkpt>
      <trkpt lat="42.295051" lon="-71.303854">
        <ele>40.703344</ele>
        <time>2026-06-06T14:05:56.000Z</time>
      </trkpt>
      <trkpt lat="42.294997" lon="-71.304012">
        <ele>40.331812</ele>
        <time>2026-06-06T14:05:58.000Z</time>
      </trkpt>
      <trkpt lat="42.294922" lon="-71.304164">
        <ele>39.941784</ele>
        <time>2026-06-06T14:06:00.000Z</time>
      </trkpt>
      <trkpt lat="42.294862" lon="-71.304313">
        <ele>39.579648</ele>
        <time>2026-06-06T14:06:02.000Z</time>
      </trkpt>
      <trkpt lat="42.294822" lon="-71.304454">
        <ele>39.257289</ele>
        <time>2026-06-06T14:06:04.000Z</time>
      </trkpt>
      <trkpt lat="42.294772" lon="-71.304590">
        <ele>38.933098</ele>
        <time>2026-06-06T14:06:06.000Z</time>
      </trkpt>
      <trkpt lat="42.294737" lon="-71.304716">
        <ele>38.645794</ele>
        <time>2026-06-06T14:06:08.000Z</time>
      </trkpt>
      <trkpt lat="42.294695" lon="-71.304825">
        <ele>38.383443</ele>
        <time>2026-06-06T14:06:10.000Z</time>
      </trkpt>
      <trkpt lat="42.294665" lon="-71.304995">
        <ele>38.010371</ele>
        <time>2026-06-06T14:06:13.000Z</time>
      </trkpt>
      <trkpt lat="42.294611" lon="-71.305163">
        <ele>37.619357</ele>
        <time>2026-06-06T14:06:16.000Z</time>
      </trkpt>
      <trkpt lat="42.294571" lon="-71.305326">
        <ele>37.410752</ele>
        <time>2026-06-06T14:06:19.000Z</time>
      </trkpt>
      <trkpt lat="42.294587" lon="-71.305494">
        <ele>37.667029</ele>
        <time>2026-06-06T14:06:22.000Z</time>
      </trkpt>
      <trkpt lat="42.294596" lon="-71.305651">
        <ele>37.905278</ele>
        <time>2026-06-06T14:06:25.000Z</time>
      </trkpt>
      <trkpt lat="42.294565" lon="-71.305778">
        <ele>38.107617</ele>
        <time>2026-06-06T14:06:28.000Z</time>
      </trkpt>
      <trkpt lat="42.294562" lon="-71.305941">
        <ele>38.354307</ele>
        <time>2026-06-06T14:06:31.000Z</time>
      </trkpt>
      <trkpt lat="42.294550" lon="-71.306063">
        <ele>38.540514</ele>
        <time>2026-06-06T14:06:40.000Z</time>
      </trkpt>
      <trkpt lat="42.294464" lon="-71.306349">
        <ele>39.007611</ele>
        <time>2026-06-06T14:07:34.000Z</time>
      </trkpt>
      <trkpt lat="42.294412" lon="-71.306496">
        <ele>39.254142</ele>
        <time>2026-06-06T14:07:37.000Z</time>
      </trkpt>
      <trkpt lat="42.294365" lon="-71.306655">
        <ele>39.513202</ele>
        <time>2026-06-06T14:07:41.000Z</time>
      </trkpt>
      <trkpt lat="42.294318" lon="-71.306795">
        <ele>39.745814</ele>
        <time>2026-06-06T14:07:44.000Z</time>
      </trkpt>
      <trkpt lat="42.294286" lon="-71.306951">
        <ele>39.990745</ele>
        <time>2026-06-06T14:07:47.000Z</time>
      </trkpt>
      <trkpt lat="42.294252" lon="-71.307116">
        <ele>40.249892</ele>
        <time>2026-06-06T14:07:50.000Z</time>
      </trkpt>
      <trkpt lat="42.294222" lon="-71.307239">
        <ele>40.445844</ele>
        <time>2026-06-06T14:07:52.000Z</time>
      </trkpt>
      <trkpt lat="42.294207" lon="-71.307365">
        <ele>40.638932</ele>
        <time>2026-06-06T14:07:54.000Z</time>
      </trkpt>
      <trkpt lat="42.294220" lon="-71.307488">
        <ele>40.826918</ele>
        <time>2026-06-06T14:07:56.000Z</time>
      </trkpt>
      <trkpt lat="42.294252" lon="-71.307662">
        <ele>41.271516</ele>
        <time>2026-06-06T14:07:59.000Z</time>
      </trkpt>
      <trkpt lat="42.294294" lon="-71.307770">
        <ele>41.888334</ele>
        <time>2026-06-06T14:08:01.000Z</time>
      </trkpt>
      <trkpt lat="42.294365" lon="-71.307912">
        <ele>42.754784</ele>
        <time>2026-06-06T14:08:04.000Z</time>
      </trkpt>
      <trkpt lat="42.294435" lon="-71.308009">
        <ele>43.439843</ele>
        <time>2026-06-06T14:08:07.000Z</time>
      </trkpt>
      <trkpt lat="42.294523" lon="-71.308103">
        <ele>44.206324</ele>
        <time>2026-06-06T14:08:10.000Z</time>
      </trkpt>
      <trkpt lat="42.294611" lon="-71.308181">
        <ele>44.925465</ele>
        <time>2026-06-06T14:08:13.000Z</time>
      </trkpt>
      <trkpt lat="42.294707" lon="-71.308259">
        <ele>45.690916</ele>
        <time>2026-06-06T14:08:16.000Z</time>
      </trkpt>
      <trkpt lat="42.294804" lon="-71.308352">
        <ele>46.503613</ele>
        <time>2026-06-06T14:08:19.000Z</time>
      </trkpt>
      <trkpt lat="42.294913" lon="-71.308524">
        <ele>47.648568</ele>
        <time>2026-06-06T14:08:23.000Z</time>
      </trkpt>
      <trkpt lat="42.294989" lon="-71.308638">
        <ele>48.424377</ele>
        <time>2026-06-06T14:08:26.000Z</time>
      </trkpt>
      <trkpt lat="42.295060" lon="-71.308772">
        <ele>49.257624</ele>
        <time>2026-06-06T14:08:29.000Z</time>
      </trkpt>
      <trkpt lat="42.295142" lon="-71.308909">
        <ele>50.148512</ele>
        <time>2026-06-06T14:08:32.000Z</time>
      </trkpt>
      <trkpt lat="42.295217" lon="-71.308979">
        <ele>50.771357</ele>
        <time>2026-06-06T14:08:34.000Z</time>
      </trkpt>
      <trkpt lat="42.295327" lon="-71.309011">
        <ele>51.540321</ele>
        <time>2026-06-06T14:08:37.000Z</time>
      </trkpt>
      <trkpt lat="42.295427" lon="-71.309000">
        <ele>52.225995</ele>
        <time>2026-06-06T14:08:40.000Z</time>
      </trkpt>
      <trkpt lat="42.295529" lon="-71.308929">
        <ele>53.010051</ele>
        <time>2026-06-06T14:08:43.000Z</time>
      </trkpt>
      <trkpt lat="42.295629" lon="-71.308888">
        <ele>53.348613</ele>
        <time>2026-06-06T14:08:47.000Z</time>
      </trkpt>
      <trkpt lat="42.295730" lon="-71.308879">
        <ele>53.403310</ele>
        <time>2026-06-06T14:08:51.000Z</time>
      </trkpt>
      <trkpt lat="42.295841" lon="-71.308886">
        <ele>53.463358</ele>
        <time>2026-06-06T14:08:55.000Z</time>
      </trkpt>
      <trkpt lat="42.295952" lon="-71.308908">
        <ele>53.523982</ele>
        <time>2026-06-06T14:08:59.000Z</time>
      </trkpt>
      <trkpt lat="42.296192" lon="-71.309080">
        <ele>53.670770</ele>
        <time>2026-06-06T14:09:35.000Z</time>
      </trkpt>
      <trkpt lat="42.296194" lon="-71.309268">
        <ele>53.745924</ele>
        <time>2026-06-06T14:09:38.000Z</time>
      </trkpt>
      <trkpt lat="42.296190" lon="-71.309399">
        <ele>53.798330</ele>
        <time>2026-06-06T14:09:40.000Z</time>
      </trkpt>
      <trkpt lat="42.296183" lon="-71.309541">
        <ele>53.855215</ele>
        <time>2026-06-06T14:09:42.000Z</time>
      </trkpt>
      <trkpt lat="42.296177" lon="-71.309682">
        <ele>53.911667</ele>
        <time>2026-06-06T14:09:44.000Z</time>
      </trkpt>
      <trkpt lat="42.296170" lon="-71.309817">
        <ele>53.965761</ele>
        <time>2026-06-06T14:09:46.000Z</time>
      </trkpt>
      <trkpt lat="42.296173" lon="-71.309944">
        <ele>54.016550</ele>
        <time>2026-06-06T14:09:48.000Z</time>
      </trkpt>
      <trkpt lat="42.296160" lon="-71.310082">
        <ele>54.072155</ele>
        <time>2026-06-06T14:09:50.000Z</time>
      </trkpt>
      <trkpt lat="42.296158" lon="-71.310253">
        <ele>54.140515</ele>
        <time>2026-06-06T14:09:52.000Z</time>
      </trkpt>
      <trkpt lat="42.296156" lon="-71.310439">
        <ele>54.214869</ele>
        <time>2026-06-06T14:09:54.000Z</time>
      </trkpt>
      <trkpt lat="42.296148" lon="-71.310614">
        <ele>54.284951</ele>
        <time>2026-06-06T14:09:56.000Z</time>
      </trkpt>
      <trkpt lat="42.296130" lon="-71.310787">
        <ele>54.136384</ele>
        <time>2026-06-06T14:09:58.000Z</time>
      </trkpt>
      <trkpt lat="42.296124" lon="-71.310960">
        <ele>53.978111</ele>
        <time>2026-06-06T14:10:00.000Z</time>
      </trkpt>
      <trkpt lat="42.296116" lon="-71.311141">
        <ele>53.812406</ele>
        <time>2026-06-06T14:10:02.000Z</time>
      </trkpt>
      <trkpt lat="42.296108" lon="-71.311309">
        <ele>53.658558</ele>
        <time>2026-06-06T14:10:04.000Z</time>
      </trkpt>
      <trkpt lat="42.296094" lon="-71.311479">
        <ele>53.502240</ele>
        <time>2026-06-06T14:10:06.000Z</time>
      </trkpt>
      <trkpt lat="42.296083" lon="-71.311651">
        <ele>53.344468</ele>
        <time>2026-06-06T14:10:08.000Z</time>
      </trkpt>
      <trkpt lat="42.296067" lon="-71.311827">
        <ele>53.182416</ele>
        <time>2026-06-06T14:10:10.000Z</time>
      </trkpt>
      <trkpt lat="42.296058" lon="-71.312000">
        <ele>53.023926</ele>
        <time>2026-06-06T14:10:12.000Z</time>
      </trkpt>
      <trkpt lat="42.296037" lon="-71.312176">
        <ele>52.861006</ele>
        <time>2026-06-06T14:10:14.000Z</time>
      </trkpt>
      <trkpt lat="42.296022" lon="-71.312345">
        <ele>52.705453</ele>
        <time>2026-06-06T14:10:16.000Z</time>
      </trkpt>
      <trkpt lat="42.296000" lon="-71.312507">
        <ele>52.554932</ele>
        <time>2026-06-06T14:10:18.000Z</time>
      </trkpt>
      <trkpt lat="42.295974" lon="-71.312677">
        <ele>52.396287</ele>
        <time>2026-06-06T14:10:20.000Z</time>
      </trkpt>
      <trkpt lat="42.295955" lon="-71.312842">
        <ele>52.243682</ele>
        <time>2026-06-06T14:10:22.000Z</time>
      </trkpt>
      <trkpt lat="42.295936" lon="-71.313005">
        <ele>52.092883</ele>
        <time>2026-06-06T14:10:24.000Z</time>
      </trkpt>
      <trkpt lat="42.295918" lon="-71.313163">
        <ele>51.921855</ele>
        <time>2026-06-06T14:10:26.000Z</time>
      </trkpt>
      <trkpt lat="42.295892" lon="-71.313327">
        <ele>51.736545</ele>
        <time>2026-06-06T14:10:28.000Z</time>
      </trkpt>
      <trkpt lat="42.295870" lon="-71.313497">
        <ele>51.545868</ele>
        <time>2026-06-06T14:10:30.000Z</time>
      </trkpt>
      <trkpt lat="42.295840" lon="-71.313657">
        <ele>51.363501</ele>
        <time>2026-06-06T14:10:32.000Z</time>
      </trkpt>
      <trkpt lat="42.295818" lon="-71.313830">
        <ele>51.169558</ele>
        <time>2026-06-06T14:10:34.000Z</time>
      </trkpt>
      <trkpt lat="42.295788" lon="-71.313987">
        <ele>50.990403</ele>
        <time>2026-06-06T14:10:36.000Z</time>
      </trkpt>
      <trkpt lat="42.295777" lon="-71.314137">
        <ele>50.823863</ele>
        <time>2026-06-06T14:10:38.000Z</time>
      </trkpt>
      <trkpt lat="42.295758" lon="-71.314288">
        <ele>50.654634</ele>
        <time>2026-06-06T14:10:40.000Z</time>
      </trkpt>
      <trkpt lat="42.295731" lon="-71.314453">
        <ele>50.467926</ele>
        <time>2026-06-06T14:10:42.000Z</time>
      </trkpt>
      <trkpt lat="42.295690" lon="-71.314606">
        <ele>50.288133</ele>
        <time>2026-06-06T14:10:44.000Z</time>
      </trkpt>
      <trkpt lat="42.295669" lon="-71.314770">
        <ele>50.104243</ele>
        <time>2026-06-06T14:10:46.000Z</time>
      </trkpt>
      <trkpt lat="42.295643" lon="-71.314926">
        <ele>49.927565</ele>
        <time>2026-06-06T14:10:48.000Z</time>
      </trkpt>
      <trkpt lat="42.295615" lon="-71.315078">
        <ele>49.754498</ele>
        <time>2026-06-06T14:10:50.000Z</time>
      </trkpt>
      <trkpt lat="42.295586" lon="-71.315234">
        <ele>49.576781</ele>
        <time>2026-06-06T14:10:52.000Z</time>
      </trkpt>
      <trkpt lat="42.295550" lon="-71.315390">
        <ele>49.396231</ele>
        <time>2026-06-06T14:10:54.000Z</time>
      </trkpt>
      <trkpt lat="42.295511" lon="-71.315542">
        <ele>49.084471</ele>
        <time>2026-06-06T14:10:56.000Z</time>
      </trkpt>
      <trkpt lat="42.295481" lon="-71.315699">
        <ele>48.756217</ele>
        <time>2026-06-06T14:10:58.000Z</time>
      </trkpt>
      <trkpt lat="42.295445" lon="-71.315865">
        <ele>48.406034</ele>
        <time>2026-06-06T14:11:00.000Z</time>
      </trkpt>
      <trkpt lat="42.295400" lon="-71.316041">
        <ele>48.029067</ele>
        <time>2026-06-06T14:11:02.000Z</time>
      </trkpt>
      <trkpt lat="42.295360" lon="-71.316218">
        <ele>47.654410</ele>
        <time>2026-06-06T14:11:04.000Z</time>
      </trkpt>
      <trkpt lat="42.295310" lon="-71.316393">
        <ele>47.274643</ele>
        <time>2026-06-06T14:11:06.000Z</time>
      </trkpt>
      <trkpt lat="42.295255" lon="-71.316570">
        <ele>46.886003</ele>
        <time>2026-06-06T14:11:08.000Z</time>
      </trkpt>
      <trkpt lat="42.295191" lon="-71.316743">
        <ele>46.494435</ele>
        <time>2026-06-06T14:11:10.000Z</time>
      </trkpt>
      <trkpt lat="42.295151" lon="-71.316914">
        <ele>46.131376</ele>
        <time>2026-06-06T14:11:12.000Z</time>
      </trkpt>
      <trkpt lat="42.295092" lon="-71.317093">
        <ele>45.734672</ele>
        <time>2026-06-06T14:11:14.000Z</time>
      </trkpt>
      <trkpt lat="42.295035" lon="-71.317270">
        <ele>45.343879</ele>
        <time>2026-06-06T14:11:16.000Z</time>
      </trkpt>
      <trkpt lat="42.294987" lon="-71.317454">
        <ele>44.948914</ele>
        <time>2026-06-06T14:11:18.000Z</time>
      </trkpt>
      <trkpt lat="42.294913" lon="-71.317624">
        <ele>44.549607</ele>
        <time>2026-06-06T14:11:20.000Z</time>
      </trkpt>
      <trkpt lat="42.294856" lon="-71.317792">
        <ele>44.811485</ele>
        <time>2026-06-06T14:11:22.000Z</time>
      </trkpt>
      <trkpt lat="42.294799" lon="-71.317961">
        <ele>45.284679</ele>
        <time>2026-06-06T14:11:24.000Z</time>
      </trkpt>
      <trkpt lat="42.294742" lon="-71.318128">
        <ele>45.753242</ele>
        <time>2026-06-06T14:11:26.000Z</time>
      </trkpt>
      <trkpt lat="42.294686" lon="-71.318305">
        <ele>46.243689</ele>
        <time>2026-06-06T14:11:28.000Z</time>
      </trkpt>
      <trkpt lat="42.294637" lon="-71.318472">
        <ele>46.701393</ele>
        <time>2026-06-06T14:11:30.000Z</time>
      </trkpt>
      <trkpt lat="42.294596" lon="-71.318624">
        <ele>47.113577</ele>
        <time>2026-06-06T14:11:32.000Z</time>
      </trkpt>
      <trkpt lat="42.294574" lon="-71.318784">
        <ele>47.528182</ele>
        <time>2026-06-06T14:11:34.000Z</time>
      </trkpt>
      <trkpt lat="42.294528" lon="-71.318938">
        <ele>47.951299</ele>
        <time>2026-06-06T14:11:36.000Z</time>
      </trkpt>
      <trkpt lat="42.294491" lon="-71.319083">
        <ele>48.342069</ele>
        <time>2026-06-06T14:11:38.000Z</time>
      </trkpt>
      <trkpt lat="42.294447" lon="-71.319212">
        <ele>48.703971</ele>
        <time>2026-06-06T14:11:40.000Z</time>
      </trkpt>
      <trkpt lat="42.294406" lon="-71.319372">
        <ele>49.135361</ele>
        <time>2026-06-06T14:11:43.000Z</time>
      </trkpt>
      <trkpt lat="42.294329" lon="-71.319585">
        <ele>49.739346</ele>
        <time>2026-06-06T14:11:46.000Z</time>
      </trkpt>
      <trkpt lat="42.294293" lon="-71.319749">
        <ele>50.175169</ele>
        <time>2026-06-06T14:11:49.000Z</time>
      </trkpt>
      <trkpt lat="42.294255" lon="-71.319902">
        <ele>50.586345</ele>
        <time>2026-06-06T14:11:52.000Z</time>
      </trkpt>
      <trkpt lat="42.294213" lon="-71.320061">
        <ele>50.889661</ele>
        <time>2026-06-06T14:11:55.000Z</time>
      </trkpt>
      <trkpt lat="42.294175" lon="-71.320221">
        <ele>51.168863</ele>
        <time>2026-06-06T14:11:58.000Z</time>
      </trkpt>
      <trkpt lat="42.294144" lon="-71.320385">
        <ele>51.450100</ele>
        <time>2026-06-06T14:12:01.000Z</time>
      </trkpt>
      <trkpt lat="42.294089" lon="-71.320552">
        <ele>51.753825</ele>
        <time>2026-06-06T14:12:04.000Z</time>
      </trkpt>
      <trkpt lat="42.294060" lon="-71.320675">
        <ele>51.968316</ele>
        <time>2026-06-06T14:12:06.000Z</time>
      </trkpt>
      <trkpt lat="42.294004" lon="-71.320802">
        <ele>52.213970</ele>
        <time>2026-06-06T14:12:08.000Z</time>
      </trkpt>
      <trkpt lat="42.293962" lon="-71.320927">
        <ele>52.442076</ele>
        <time>2026-06-06T14:12:10.000Z</time>
      </trkpt>
      <trkpt lat="42.293923" lon="-71.321047">
        <ele>52.659849</ele>
        <time>2026-06-06T14:12:12.000Z</time>
      </trkpt>
      <trkpt lat="42.293886" lon="-71.321168">
        <ele>52.877388</ele>
        <time>2026-06-06T14:12:14.000Z</time>
      </trkpt>
      <trkpt lat="42.293851" lon="-71.321288">
        <ele>53.091705</ele>
        <time>2026-06-06T14:12:16.000Z</time>
      </trkpt>
      <trkpt lat="42.293811" lon="-71.321408">
        <ele>53.310391</ele>
        <time>2026-06-06T14:12:18.000Z</time>
      </trkpt>
      <trkpt lat="42.293770" lon="-71.321536">
        <ele>53.542144</ele>
        <time>2026-06-06T14:12:20.000Z</time>
      </trkpt>
      <trkpt lat="42.293728" lon="-71.321656">
        <ele>53.762714</ele>
        <time>2026-06-06T14:12:22.000Z</time>
      </trkpt>
      <trkpt lat="42.293689" lon="-71.321779">
        <ele>53.985060</ele>
        <time>2026-06-06T14:12:24.000Z</time>
      </trkpt>
      <trkpt lat="42.293655" lon="-71.321896">
        <ele>54.193916</ele>
        <time>2026-06-06T14:12:26.000Z</time>
      </trkpt>
      <trkpt lat="42.293623" lon="-71.322024">
        <ele>54.418404</ele>
        <time>2026-06-06T14:12:28.000Z</time>
      </trkpt>
      <trkpt lat="42.293584" lon="-71.322144">
        <ele>54.636178</ele>
        <time>2026-06-06T14:12:30.000Z</time>
      </trkpt>
      <trkpt lat="42.293548" lon="-71.322279">
        <ele>54.894208</ele>
        <time>2026-06-06T14:12:34.000Z</time>
      </trkpt>
      <trkpt lat="42.293477" lon="-71.322428">
        <ele>55.220281</ele>
        <time>2026-06-06T14:12:35.000Z</time>
      </trkpt>
      <trkpt lat="42.293430" lon="-71.322552">
        <ele>55.476613</ele>
        <time>2026-06-06T14:12:37.000Z</time>
      </trkpt>
      <trkpt lat="42.293377" lon="-71.322665">
        <ele>55.722771</ele>
        <time>2026-06-06T14:12:39.000Z</time>
      </trkpt>
      <trkpt lat="42.293330" lon="-71.322776">
        <ele>55.958071</ele>
        <time>2026-06-06T14:12:41.000Z</time>
      </trkpt>
      <trkpt lat="42.293284" lon="-71.322891">
        <ele>56.198593</ele>
        <time>2026-06-06T14:12:43.000Z</time>
      </trkpt>
      <trkpt lat="42.293237" lon="-71.323001">
        <ele>56.432298</ele>
        <time>2026-06-06T14:12:45.000Z</time>
      </trkpt>
      <trkpt lat="42.293168" lon="-71.323147">
        <ele>56.751041</ele>
        <time>2026-06-06T14:12:48.000Z</time>
      </trkpt>
      <trkpt lat="42.293102" lon="-71.323301">
        <ele>57.078478</ele>
        <time>2026-06-06T14:12:51.000Z</time>
      </trkpt>
      <trkpt lat="42.293051" lon="-71.323412">
        <ele>57.318876</ele>
        <time>2026-06-06T14:12:53.000Z</time>
      </trkpt>
      <trkpt lat="42.292979" lon="-71.323533">
        <ele>57.604571</ele>
        <time>2026-06-06T14:12:56.000Z</time>
      </trkpt>
      <trkpt lat="42.292928" lon="-71.323645">
        <ele>57.846534</ele>
        <time>2026-06-06T14:13:00.000Z</time>
      </trkpt>
      <trkpt lat="42.292871" lon="-71.323755">
        <ele>58.093621</ele>
        <time>2026-06-06T14:13:02.000Z</time>
      </trkpt>
      <trkpt lat="42.292802" lon="-71.323856">
        <ele>58.346558</ele>
        <time>2026-06-06T14:13:04.000Z</time>
      </trkpt>
      <trkpt lat="42.292742" lon="-71.323958">
        <ele>58.586314</ele>
        <time>2026-06-06T14:13:06.000Z</time>
      </trkpt>
      <trkpt lat="42.292684" lon="-71.324059">
        <ele>58.821550</ele>
        <time>2026-06-06T14:13:08.000Z</time>
      </trkpt>
      <trkpt lat="42.292622" lon="-71.324153">
        <ele>59.053250</ele>
        <time>2026-06-06T14:13:10.000Z</time>
      </trkpt>
      <trkpt lat="42.292559" lon="-71.324261">
        <ele>59.191710</ele>
        <time>2026-06-06T14:13:13.000Z</time>
      </trkpt>
      <trkpt lat="42.292497" lon="-71.324373">
        <ele>59.239882</ele>
        <time>2026-06-06T14:13:15.000Z</time>
      </trkpt>
      <trkpt lat="42.292462" lon="-71.324488">
        <ele>59.282703</ele>
        <time>2026-06-06T14:13:18.000Z</time>
      </trkpt>
      <trkpt lat="42.292410" lon="-71.324604">
        <ele>59.329411</ele>
        <time>2026-06-06T14:13:21.000Z</time>
      </trkpt>
      <trkpt lat="42.292352" lon="-71.324735">
        <ele>59.381984</ele>
        <time>2026-06-06T14:13:23.000Z</time>
      </trkpt>
      <trkpt lat="42.292275" lon="-71.324841">
        <ele>59.433143</ele>
        <time>2026-06-06T14:13:25.000Z</time>
      </trkpt>
      <trkpt lat="42.292199" lon="-71.324973">
        <ele>59.490744</ele>
        <time>2026-06-06T14:13:27.000Z</time>
      </trkpt>
      <trkpt lat="42.292109" lon="-71.325107">
        <ele>59.553071</ele>
        <time>2026-06-06T14:13:29.000Z</time>
      </trkpt>
      <trkpt lat="42.292032" lon="-71.325216">
        <ele>59.604972</ele>
        <time>2026-06-06T14:13:31.000Z</time>
      </trkpt>
      <trkpt lat="42.291960" lon="-71.325330">
        <ele>59.656591</ele>
        <time>2026-06-06T14:13:33.000Z</time>
      </trkpt>
      <trkpt lat="42.291903" lon="-71.325451">
        <ele>59.705990</ele>
        <time>2026-06-06T14:13:36.000Z</time>
      </trkpt>
      <trkpt lat="42.291723" lon="-71.325770">
        <ele>59.844151</ele>
        <time>2026-06-06T14:13:40.000Z</time>
      </trkpt>
      <trkpt lat="42.291654" lon="-71.325894">
        <ele>59.897584</ele>
        <time>2026-06-06T14:13:42.000Z</time>
      </trkpt>
      <trkpt lat="42.291588" lon="-71.326010">
        <ele>59.947979</ele>
        <time>2026-06-06T14:13:44.000Z</time>
      </trkpt>
      <trkpt lat="42.291523" lon="-71.326120">
        <ele>59.996461</ele>
        <time>2026-06-06T14:13:46.000Z</time>
      </trkpt>
      <trkpt lat="42.291460" lon="-71.326234">
        <ele>60.147915</ele>
        <time>2026-06-06T14:13:48.000Z</time>
      </trkpt>
      <trkpt lat="42.291398" lon="-71.326352">
        <ele>60.316975</ele>
        <time>2026-06-06T14:13:50.000Z</time>
      </trkpt>
      <trkpt lat="42.291334" lon="-71.326462">
        <ele>60.480440</ele>
        <time>2026-06-06T14:13:52.000Z</time>
      </trkpt>
      <trkpt lat="42.291273" lon="-71.326570">
        <ele>60.639157</ele>
        <time>2026-06-06T14:13:54.000Z</time>
      </trkpt>
      <trkpt lat="42.291218" lon="-71.326683">
        <ele>60.797156</ele>
        <time>2026-06-06T14:13:56.000Z</time>
      </trkpt>
      <trkpt lat="42.291160" lon="-71.326794">
        <ele>60.955893</ele>
        <time>2026-06-06T14:13:58.000Z</time>
      </trkpt>
      <trkpt lat="42.291099" lon="-71.326898">
        <ele>61.110923</ele>
        <time>2026-06-06T14:14:00.000Z</time>
      </trkpt>
      <trkpt lat="42.291032" lon="-71.327038">
        <ele>61.305688</ele>
        <time>2026-06-06T14:14:03.000Z</time>
      </trkpt>
      <trkpt lat="42.290954" lon="-71.327176">
        <ele>61.508547</ele>
        <time>2026-06-06T14:14:06.000Z</time>
      </trkpt>
      <trkpt lat="42.290876" lon="-71.327326">
        <ele>61.722713</ele>
        <time>2026-06-06T14:14:09.000Z</time>
      </trkpt>
      <trkpt lat="42.290808" lon="-71.327465">
        <ele>61.917366</ele>
        <time>2026-06-06T14:14:12.000Z</time>
      </trkpt>
      <trkpt lat="42.290733" lon="-71.327605">
        <ele>62.119273</ele>
        <time>2026-06-06T14:14:15.000Z</time>
      </trkpt>
      <trkpt lat="42.290676" lon="-71.327699">
        <ele>62.261245</ele>
        <time>2026-06-06T14:14:17.000Z</time>
      </trkpt>
      <trkpt lat="42.290601" lon="-71.327836">
        <ele>62.460324</ele>
        <time>2026-06-06T14:14:20.000Z</time>
      </trkpt>
      <trkpt lat="42.290534" lon="-71.327958">
        <ele>62.637806</ele>
        <time>2026-06-06T14:14:23.000Z</time>
      </trkpt>
      <trkpt lat="42.290477" lon="-71.328081">
        <ele>62.807341</ele>
        <time>2026-06-06T14:14:26.000Z</time>
      </trkpt>
      <trkpt lat="42.290422" lon="-71.328207">
        <ele>62.930117</ele>
        <time>2026-06-06T14:14:29.000Z</time>
      </trkpt>
      <trkpt lat="42.290370" lon="-71.328334">
        <ele>63.039473</ele>
        <time>2026-06-06T14:14:32.000Z</time>
      </trkpt>
      <trkpt lat="42.290309" lon="-71.328458">
        <ele>63.151660</ele>
        <time>2026-06-06T14:14:35.000Z</time>
      </trkpt>
      <trkpt lat="42.290236" lon="-71.328596">
        <ele>63.279472</ele>
        <time>2026-06-06T14:14:38.000Z</time>
      </trkpt>
      <trkpt lat="42.290181" lon="-71.328698">
        <ele>63.374563</ele>
        <time>2026-06-06T14:14:40.000Z</time>
      </trkpt>
      <trkpt lat="42.290107" lon="-71.328841">
        <ele>63.506037</ele>
        <time>2026-06-06T14:14:43.000Z</time>
      </trkpt>
      <trkpt lat="42.290040" lon="-71.328943">
        <ele>63.608803</ele>
        <time>2026-06-06T14:14:45.000Z</time>
      </trkpt>
      <trkpt lat="42.289964" lon="-71.329089">
        <ele>63.743298</ele>
        <time>2026-06-06T14:14:48.000Z</time>
      </trkpt>
      <trkpt lat="42.289901" lon="-71.329198">
        <ele>63.847508</ele>
        <time>2026-06-06T14:14:50.000Z</time>
      </trkpt>
      <trkpt lat="42.289838" lon="-71.329322">
        <ele>63.960837</ele>
        <time>2026-06-06T14:14:52.000Z</time>
      </trkpt>
      <trkpt lat="42.289769" lon="-71.329438">
        <ele>64.072976</ele>
        <time>2026-06-06T14:14:54.000Z</time>
      </trkpt>
      <trkpt lat="42.289705" lon="-71.329553">
        <ele>64.181394</ele>
        <time>2026-06-06T14:14:56.000Z</time>
      </trkpt>
      <trkpt lat="42.289638" lon="-71.329675">
        <ele>64.295864</ele>
        <time>2026-06-06T14:14:58.000Z</time>
      </trkpt>
      <trkpt lat="42.289575" lon="-71.329798">
        <ele>64.408573</ele>
        <time>2026-06-06T14:15:00.000Z</time>
      </trkpt>
      <trkpt lat="42.289505" lon="-71.329906">
        <ele>64.516750</ele>
        <time>2026-06-06T14:15:02.000Z</time>
      </trkpt>
      <trkpt lat="42.289443" lon="-71.330026">
        <ele>64.627023</ele>
        <time>2026-06-06T14:15:04.000Z</time>
      </trkpt>
      <trkpt lat="42.289378" lon="-71.330141">
        <ele>64.625016</ele>
        <time>2026-06-06T14:15:06.000Z</time>
      </trkpt>
      <trkpt lat="42.289324" lon="-71.330264">
        <ele>64.538474</ele>
        <time>2026-06-06T14:15:08.000Z</time>
      </trkpt>
      <trkpt lat="42.289261" lon="-71.330373">
        <ele>64.454778</ele>
        <time>2026-06-06T14:15:10.000Z</time>
      </trkpt>
      <trkpt lat="42.289206" lon="-71.330471">
        <ele>64.380348</ele>
        <time>2026-06-06T14:15:12.000Z</time>
      </trkpt>
      <trkpt lat="42.289133" lon="-71.330624">
        <ele>64.270188</ele>
        <time>2026-06-06T14:15:15.000Z</time>
      </trkpt>
      <trkpt lat="42.289072" lon="-71.330722">
        <ele>64.192693</ele>
        <time>2026-06-06T14:15:17.000Z</time>
      </trkpt>
      <trkpt lat="42.289028" lon="-71.330830">
        <ele>64.118091</ele>
        <time>2026-06-06T14:15:19.000Z</time>
      </trkpt>
      <trkpt lat="42.288969" lon="-71.330931">
        <ele>64.040223</ele>
        <time>2026-06-06T14:15:21.000Z</time>
      </trkpt>
      <trkpt lat="42.288915" lon="-71.331044">
        <ele>63.958825</ele>
        <time>2026-06-06T14:15:23.000Z</time>
      </trkpt>
      <trkpt lat="42.288854" lon="-71.331153">
        <ele>63.876126</ele>
        <time>2026-06-06T14:15:25.000Z</time>
      </trkpt>
      <trkpt lat="42.288798" lon="-71.331257">
        <ele>63.798294</ele>
        <time>2026-06-06T14:15:27.000Z</time>
      </trkpt>
      <trkpt lat="42.288734" lon="-71.331378">
        <ele>63.708292</ele>
        <time>2026-06-06T14:15:29.000Z</time>
      </trkpt>
      <trkpt lat="42.288581" lon="-71.331615">
        <ele>63.517963</ele>
        <time>2026-06-06T14:15:32.000Z</time>
      </trkpt>
      <trkpt lat="42.288518" lon="-71.331763">
        <ele>63.414646</ele>
        <time>2026-06-06T14:15:34.000Z</time>
      </trkpt>
      <trkpt lat="42.288451" lon="-71.331916">
        <ele>63.307065</ele>
        <time>2026-06-06T14:15:36.000Z</time>
      </trkpt>
      <trkpt lat="42.288387" lon="-71.332080">
        <ele>63.176545</ele>
        <time>2026-06-06T14:15:38.000Z</time>
      </trkpt>
      <trkpt lat="42.288314" lon="-71.332259">
        <ele>62.784529</ele>
        <time>2026-06-06T14:15:40.000Z</time>
      </trkpt>
      <trkpt lat="42.288239" lon="-71.332444">
        <ele>62.379931</ele>
        <time>2026-06-06T14:15:42.000Z</time>
      </trkpt>
      <trkpt lat="42.288161" lon="-71.332621">
        <ele>61.984795</ele>
        <time>2026-06-06T14:15:44.000Z</time>
      </trkpt>
      <trkpt lat="42.288087" lon="-71.332787">
        <ele>61.613085</ele>
        <time>2026-06-06T14:15:46.000Z</time>
      </trkpt>
      <trkpt lat="42.288019" lon="-71.332944">
        <ele>61.264160</ele>
        <time>2026-06-06T14:15:48.000Z</time>
      </trkpt>
      <trkpt lat="42.287946" lon="-71.333101">
        <ele>60.908510</ele>
        <time>2026-06-06T14:15:50.000Z</time>
      </trkpt>
      <trkpt lat="42.287882" lon="-71.333265">
        <ele>60.552890</ele>
        <time>2026-06-06T14:15:52.000Z</time>
      </trkpt>
      <trkpt lat="42.287817" lon="-71.333429">
        <ele>60.196054</ele>
        <time>2026-06-06T14:15:54.000Z</time>
      </trkpt>
      <trkpt lat="42.287750" lon="-71.333578">
        <ele>59.861633</ele>
        <time>2026-06-06T14:15:56.000Z</time>
      </trkpt>
      <trkpt lat="42.287681" lon="-71.333748">
        <ele>59.489736</ele>
        <time>2026-06-06T14:15:58.000Z</time>
      </trkpt>
      <trkpt lat="42.287627" lon="-71.333909">
        <ele>59.150696</ele>
        <time>2026-06-06T14:16:00.000Z</time>
      </trkpt>
      <trkpt lat="42.287555" lon="-71.334057">
        <ele>58.810966</ele>
        <time>2026-06-06T14:16:02.000Z</time>
      </trkpt>
      <trkpt lat="42.287489" lon="-71.334213">
        <ele>58.556427</ele>
        <time>2026-06-06T14:16:04.000Z</time>
      </trkpt>
      <trkpt lat="42.287418" lon="-71.334366">
        <ele>58.632455</ele>
        <time>2026-06-06T14:16:06.000Z</time>
      </trkpt>
      <trkpt lat="42.287357" lon="-71.334523">
        <ele>58.707105</ele>
        <time>2026-06-06T14:16:08.000Z</time>
      </trkpt>
      <trkpt lat="42.287299" lon="-71.334679">
        <ele>58.780601</ele>
        <time>2026-06-06T14:16:10.000Z</time>
      </trkpt>
      <trkpt lat="42.287243" lon="-71.334840">
        <ele>58.855491</ele>
        <time>2026-06-06T14:16:12.000Z</time>
      </trkpt>
      <trkpt lat="42.287185" lon="-71.334980">
        <ele>58.923037</ele>
        <time>2026-06-06T14:16:14.000Z</time>
      </trkpt>
      <trkpt lat="42.287130" lon="-71.335136">
        <ele>58.995782</ele>
        <time>2026-06-06T14:16:16.000Z</time>
      </trkpt>
      <trkpt lat="42.287076" lon="-71.335282">
        <ele>59.064494</ele>
        <time>2026-06-06T14:16:18.000Z</time>
      </trkpt>
      <trkpt lat="42.287015" lon="-71.335431">
        <ele>59.136180</ele>
        <time>2026-06-06T14:16:20.000Z</time>
      </trkpt>
      <trkpt lat="42.286953" lon="-71.335581">
        <ele>59.208510</ele>
        <time>2026-06-06T14:16:22.000Z</time>
      </trkpt>
      <trkpt lat="42.286900" lon="-71.335736">
        <ele>59.280391</ele>
        <time>2026-06-06T14:16:24.000Z</time>
      </trkpt>
      <trkpt lat="42.286845" lon="-71.335885">
        <ele>59.350488</ele>
        <time>2026-06-06T14:16:26.000Z</time>
      </trkpt>
      <trkpt lat="42.286795" lon="-71.336033">
        <ele>59.418978</ele>
        <time>2026-06-06T14:16:28.000Z</time>
      </trkpt>
      <trkpt lat="42.286742" lon="-71.336182">
        <ele>59.488574</ele>
        <time>2026-06-06T14:16:30.000Z</time>
      </trkpt>
      <trkpt lat="42.286686" lon="-71.336328">
        <ele>59.557803</ele>
        <time>2026-06-06T14:16:32.000Z</time>
      </trkpt>
      <trkpt lat="42.286628" lon="-71.336467">
        <ele>59.625725</ele>
        <time>2026-06-06T14:16:34.000Z</time>
      </trkpt>
      <trkpt lat="42.286581" lon="-71.336608">
        <ele>59.691616</ele>
        <time>2026-06-06T14:16:36.000Z</time>
      </trkpt>
      <trkpt lat="42.286533" lon="-71.336751">
        <ele>59.758520</ele>
        <time>2026-06-06T14:16:38.000Z</time>
      </trkpt>
      <trkpt lat="42.286481" lon="-71.336888">
        <ele>59.824124</ele>
        <time>2026-06-06T14:16:40.000Z</time>
      </trkpt>
      <trkpt lat="42.286424" lon="-71.337027">
        <ele>59.891836</ele>
        <time>2026-06-06T14:16:42.000Z</time>
      </trkpt>
      <trkpt lat="42.286371" lon="-71.337176">
        <ele>59.962275</ele>
        <time>2026-06-06T14:16:44.000Z</time>
      </trkpt>
      <trkpt lat="42.286311" lon="-71.337321">
        <ele>60.033061</ele>
        <time>2026-06-06T14:16:46.000Z</time>
      </trkpt>
      <trkpt lat="42.286255" lon="-71.337471">
        <ele>60.104647</ele>
        <time>2026-06-06T14:16:48.000Z</time>
      </trkpt>
      <trkpt lat="42.286202" lon="-71.337621">
        <ele>60.175471</ele>
        <time>2026-06-06T14:16:50.000Z</time>
      </trkpt>
      <trkpt lat="42.286137" lon="-71.337769">
        <ele>60.248802</ele>
        <time>2026-06-06T14:16:52.000Z</time>
      </trkpt>
      <trkpt lat="42.286090" lon="-71.337916">
        <ele>60.317032</ele>
        <time>2026-06-06T14:16:54.000Z</time>
      </trkpt>
      <trkpt lat="42.286034" lon="-71.338062">
        <ele>60.387100</ele>
        <time>2026-06-06T14:16:56.000Z</time>
      </trkpt>
      <trkpt lat="42.285987" lon="-71.338205">
        <ele>60.453769</ele>
        <time>2026-06-06T14:16:58.000Z</time>
      </trkpt>
      <trkpt lat="42.285947" lon="-71.338344">
        <ele>60.517314</ele>
        <time>2026-06-06T14:17:00.000Z</time>
      </trkpt>
      <trkpt lat="42.285892" lon="-71.338489">
        <ele>60.586740</ele>
        <time>2026-06-06T14:17:02.000Z</time>
      </trkpt>
      <trkpt lat="42.285843" lon="-71.338630">
        <ele>60.557064</ele>
        <time>2026-06-06T14:17:04.000Z</time>
      </trkpt>
      <trkpt lat="42.285786" lon="-71.338765">
        <ele>60.504545</ele>
        <time>2026-06-06T14:17:06.000Z</time>
      </trkpt>
      <trkpt lat="42.285727" lon="-71.338902">
        <ele>60.450985</ele>
        <time>2026-06-06T14:17:08.000Z</time>
      </trkpt>
      <trkpt lat="42.285675" lon="-71.339043">
        <ele>60.397754</ele>
        <time>2026-06-06T14:17:10.000Z</time>
      </trkpt>
      <trkpt lat="42.285625" lon="-71.339185">
        <ele>60.344619</ele>
        <time>2026-06-06T14:17:12.000Z</time>
      </trkpt>
      <trkpt lat="42.285575" lon="-71.339319">
        <ele>60.293911</ele>
        <time>2026-06-06T14:17:14.000Z</time>
      </trkpt>
      <trkpt lat="42.285529" lon="-71.339443">
        <ele>60.247043</ele>
        <time>2026-06-06T14:17:16.000Z</time>
      </trkpt>
      <trkpt lat="42.285501" lon="-71.339558">
        <ele>60.206138</ele>
        <time>2026-06-06T14:17:18.000Z</time>
      </trkpt>
      <trkpt lat="42.285465" lon="-71.339673">
        <ele>60.163947</ele>
        <time>2026-06-06T14:17:20.000Z</time>
      </trkpt>
      <trkpt lat="42.285406" lon="-71.339825">
        <ele>60.105950</ele>
        <time>2026-06-06T14:17:22.000Z</time>
      </trkpt>
      <trkpt lat="42.285353" lon="-71.339952">
        <ele>60.056684</ele>
        <time>2026-06-06T14:17:24.000Z</time>
      </trkpt>
      <trkpt lat="42.285296" lon="-71.340095">
        <ele>60.001802</ele>
        <time>2026-06-06T14:17:26.000Z</time>
      </trkpt>
      <trkpt lat="42.285244" lon="-71.340239">
        <ele>59.947661</ele>
        <time>2026-06-06T14:17:28.000Z</time>
      </trkpt>
      <trkpt lat="42.285203" lon="-71.340386">
        <ele>59.894581</ele>
        <time>2026-06-06T14:17:30.000Z</time>
      </trkpt>
      <trkpt lat="42.285164" lon="-71.340537">
        <ele>59.840542</ele>
        <time>2026-06-06T14:17:32.000Z</time>
      </trkpt>
      <trkpt lat="42.285125" lon="-71.340675">
        <ele>59.790629</ele>
        <time>2026-06-06T14:17:34.000Z</time>
      </trkpt>
      <trkpt lat="42.285094" lon="-71.340826">
        <ele>59.746122</ele>
        <time>2026-06-06T14:17:36.000Z</time>
      </trkpt>
      <trkpt lat="42.285065" lon="-71.340982">
        <ele>59.703127</ele>
        <time>2026-06-06T14:17:38.000Z</time>
      </trkpt>
      <trkpt lat="42.285032" lon="-71.341129">
        <ele>59.662064</ele>
        <time>2026-06-06T14:17:40.000Z</time>
      </trkpt>
      <trkpt lat="42.285000" lon="-71.341276">
        <ele>59.621104</ele>
        <time>2026-06-06T14:17:42.000Z</time>
      </trkpt>
      <trkpt lat="42.284975" lon="-71.341435">
        <ele>59.577653</ele>
        <time>2026-06-06T14:17:44.000Z</time>
      </trkpt>
      <trkpt lat="42.284948" lon="-71.341586">
        <ele>59.536128</ele>
        <time>2026-06-06T14:17:46.000Z</time>
      </trkpt>
      <trkpt lat="42.284917" lon="-71.341729">
        <ele>59.496296</ele>
        <time>2026-06-06T14:17:48.000Z</time>
      </trkpt>
      <trkpt lat="42.284887" lon="-71.341869">
        <ele>59.457335</ele>
        <time>2026-06-06T14:17:50.000Z</time>
      </trkpt>
      <trkpt lat="42.284860" lon="-71.342009">
        <ele>59.418662</ele>
        <time>2026-06-06T14:17:52.000Z</time>
      </trkpt>
      <trkpt lat="42.284835" lon="-71.342148">
        <ele>59.380424</ele>
        <time>2026-06-06T14:17:54.000Z</time>
      </trkpt>
      <trkpt lat="42.284808" lon="-71.342266">
        <ele>59.347408</ele>
        <time>2026-06-06T14:17:56.000Z</time>
      </trkpt>
      <trkpt lat="42.284780" lon="-71.342393">
        <ele>59.311985</ele>
        <time>2026-06-06T14:17:58.000Z</time>
      </trkpt>
      <trkpt lat="42.284731" lon="-71.342562">
        <ele>59.263465</ele>
        <time>2026-06-06T14:18:00.000Z</time>
      </trkpt>
      <trkpt lat="42.284706" lon="-71.342695">
        <ele>59.226784</ele>
        <time>2026-06-06T14:18:02.000Z</time>
      </trkpt>
      <trkpt lat="42.284681" lon="-71.342829">
        <ele>59.189843</ele>
        <time>2026-06-06T14:18:04.000Z</time>
      </trkpt>
      <trkpt lat="42.284649" lon="-71.342961">
        <ele>59.152713</ele>
        <time>2026-06-06T14:18:06.000Z</time>
      </trkpt>
      <trkpt lat="42.284625" lon="-71.343088">
        <ele>59.083985</ele>
        <time>2026-06-06T14:18:08.000Z</time>
      </trkpt>
      <trkpt lat="42.284595" lon="-71.343208">
        <ele>58.941871</ele>
        <time>2026-06-06T14:18:10.000Z</time>
      </trkpt>
      <trkpt lat="42.284570" lon="-71.343385">
        <ele>58.739697</ele>
        <time>2026-06-06T14:18:13.000Z</time>
      </trkpt>
      <trkpt lat="42.284547" lon="-71.343506">
        <ele>58.599531</ele>
        <time>2026-06-06T14:18:15.000Z</time>
      </trkpt>
      <trkpt lat="42.284528" lon="-71.343626">
        <ele>58.461847</ele>
        <time>2026-06-06T14:18:17.000Z</time>
      </trkpt>
      <trkpt lat="42.284503" lon="-71.343789">
        <ele>58.275078</ele>
        <time>2026-06-06T14:18:20.000Z</time>
      </trkpt>
      <trkpt lat="42.284484" lon="-71.343928">
        <ele>58.116486</ele>
        <time>2026-06-06T14:18:23.000Z</time>
      </trkpt>
      <trkpt lat="42.284463" lon="-71.344056">
        <ele>57.969386</ele>
        <time>2026-06-06T14:18:26.000Z</time>
      </trkpt>
      <trkpt lat="42.284428" lon="-71.344202">
        <ele>57.797195</ele>
        <time>2026-06-06T14:18:28.000Z</time>
      </trkpt>
      <trkpt lat="42.284403" lon="-71.344327">
        <ele>57.651915</ele>
        <time>2026-06-06T14:18:30.000Z</time>
      </trkpt>
      <trkpt lat="42.284376" lon="-71.344458">
        <ele>57.499341</ele>
        <time>2026-06-06T14:18:32.000Z</time>
      </trkpt>
      <trkpt lat="42.284345" lon="-71.344597">
        <ele>57.336456</ele>
        <time>2026-06-06T14:18:34.000Z</time>
      </trkpt>
      <trkpt lat="42.284310" lon="-71.344752">
        <ele>57.154632</ele>
        <time>2026-06-06T14:18:36.000Z</time>
      </trkpt>
      <trkpt lat="42.284277" lon="-71.344903">
        <ele>56.977978</ele>
        <time>2026-06-06T14:18:38.000Z</time>
      </trkpt>
      <trkpt lat="42.284247" lon="-71.345055">
        <ele>56.801475</ele>
        <time>2026-06-06T14:18:40.000Z</time>
      </trkpt>
      <trkpt lat="42.284218" lon="-71.345204">
        <ele>56.628614</ele>
        <time>2026-06-06T14:18:42.000Z</time>
      </trkpt>
      <trkpt lat="42.284192" lon="-71.345342">
        <ele>56.468841</ele>
        <time>2026-06-06T14:18:44.000Z</time>
      </trkpt>
      <trkpt lat="42.284164" lon="-71.345481">
        <ele>56.539476</ele>
        <time>2026-06-06T14:18:46.000Z</time>
      </trkpt>
      <trkpt lat="42.284135" lon="-71.345637">
        <ele>56.808384</ele>
        <time>2026-06-06T14:18:49.000Z</time>
      </trkpt>
      <trkpt lat="42.284121" lon="-71.345761">
        <ele>57.018086</ele>
        <time>2026-06-06T14:18:52.000Z</time>
      </trkpt>
      <trkpt lat="42.284101" lon="-71.345889">
        <ele>57.236797</ele>
        <time>2026-06-06T14:18:55.000Z</time>
      </trkpt>
      <trkpt lat="42.284080" lon="-71.346022">
        <ele>57.464153</ele>
        <time>2026-06-06T14:19:10.000Z</time>
      </trkpt>
      <trkpt lat="42.284066" lon="-71.346151">
        <ele>57.682123</ele>
        <time>2026-06-06T14:19:13.000Z</time>
      </trkpt>
      <trkpt lat="42.284039" lon="-71.346304">
        <ele>57.945084</ele>
        <time>2026-06-06T14:19:16.000Z</time>
      </trkpt>
      <trkpt lat="42.284010" lon="-71.346449">
        <ele>58.196196</ele>
        <time>2026-06-06T14:19:19.000Z</time>
      </trkpt>
      <trkpt lat="42.283987" lon="-71.346596">
        <ele>58.447386</ele>
        <time>2026-06-06T14:19:22.000Z</time>
      </trkpt>
      <trkpt lat="42.283949" lon="-71.346754">
        <ele>58.725138</ele>
        <time>2026-06-06T14:19:25.000Z</time>
      </trkpt>
      <trkpt lat="42.283919" lon="-71.346925">
        <ele>59.018943</ele>
        <time>2026-06-06T14:19:28.000Z</time>
      </trkpt>
      <trkpt lat="42.283892" lon="-71.347099">
        <ele>59.316166</ele>
        <time>2026-06-06T14:19:31.000Z</time>
      </trkpt>
      <trkpt lat="42.283919" lon="-71.347258">
        <ele>59.588895</ele>
        <time>2026-06-06T14:19:34.000Z</time>
      </trkpt>
      <trkpt lat="42.283910" lon="-71.347392">
        <ele>59.813838</ele>
        <time>2026-06-06T14:19:37.000Z</time>
      </trkpt>
      <trkpt lat="42.283844" lon="-71.347484">
        <ele>60.028080</ele>
        <time>2026-06-06T14:19:59.000Z</time>
      </trkpt>
      <trkpt lat="42.283723" lon="-71.347431">
        <ele>60.315506</ele>
        <time>2026-06-06T14:20:04.000Z</time>
      </trkpt>
      <trkpt lat="42.283627" lon="-71.347397">
        <ele>60.439496</ele>
        <time>2026-06-06T14:20:07.000Z</time>
      </trkpt>
      <trkpt lat="42.283513" lon="-71.347381">
        <ele>60.351368</ele>
        <time>2026-06-06T14:20:10.000Z</time>
      </trkpt>
      <trkpt lat="42.283384" lon="-71.347362">
        <ele>60.251590</ele>
        <time>2026-06-06T14:20:13.000Z</time>
      </trkpt>
      <trkpt lat="42.283286" lon="-71.347339">
        <ele>60.175109</ele>
        <time>2026-06-06T14:20:15.000Z</time>
      </trkpt>
      <trkpt lat="42.283148" lon="-71.347320">
        <ele>60.068449</ele>
        <time>2026-06-06T14:20:18.000Z</time>
      </trkpt>
      <trkpt lat="42.283047" lon="-71.347323">
        <ele>59.990770</ele>
        <time>2026-06-06T14:20:20.000Z</time>
      </trkpt>
      <trkpt lat="42.282946" lon="-71.347336">
        <ele>59.912758</ele>
        <time>2026-06-06T14:20:22.000Z</time>
      </trkpt>
      <trkpt lat="42.282836" lon="-71.347325">
        <ele>59.827946</ele>
        <time>2026-06-06T14:20:24.000Z</time>
      </trkpt>
      <trkpt lat="42.282697" lon="-71.347337">
        <ele>59.720849</ele>
        <time>2026-06-06T14:20:27.000Z</time>
      </trkpt>
      <trkpt lat="42.282588" lon="-71.347340">
        <ele>59.637019</ele>
        <time>2026-06-06T14:20:29.000Z</time>
      </trkpt>
      <trkpt lat="42.282473" lon="-71.347337">
        <ele>59.548577</ele>
        <time>2026-06-06T14:20:31.000Z</time>
      </trkpt>
      <trkpt lat="42.282361" lon="-71.347343">
        <ele>59.462391</ele>
        <time>2026-06-06T14:20:33.000Z</time>
      </trkpt>
      <trkpt lat="42.282252" lon="-71.347356">
        <ele>59.378253</ele>
        <time>2026-06-06T14:20:35.000Z</time>
      </trkpt>
      <trkpt lat="42.282144" lon="-71.347362">
        <ele>59.295140</ele>
        <time>2026-06-06T14:20:37.000Z</time>
      </trkpt>
      <trkpt lat="42.282037" lon="-71.347361">
        <ele>59.212864</ele>
        <time>2026-06-06T14:20:39.000Z</time>
      </trkpt>
      <trkpt lat="42.281926" lon="-71.347365">
        <ele>59.127484</ele>
        <time>2026-06-06T14:20:41.000Z</time>
      </trkpt>
      <trkpt lat="42.281812" lon="-71.347361">
        <ele>59.023405</ele>
        <time>2026-06-06T14:20:43.000Z</time>
      </trkpt>
      <trkpt lat="42.281708" lon="-71.347353">
        <ele>58.912155</ele>
        <time>2026-06-06T14:20:45.000Z</time>
      </trkpt>
      <trkpt lat="42.281600" lon="-71.347348">
        <ele>58.796745</ele>
        <time>2026-06-06T14:20:47.000Z</time>
      </trkpt>
      <trkpt lat="42.281498" lon="-71.347349">
        <ele>58.687808</ele>
        <time>2026-06-06T14:20:49.000Z</time>
      </trkpt>
      <trkpt lat="42.281396" lon="-71.347356">
        <ele>58.578733</ele>
        <time>2026-06-06T14:20:51.000Z</time>
      </trkpt>
      <trkpt lat="42.281298" lon="-71.347366">
        <ele>58.473773</ele>
        <time>2026-06-06T14:20:53.000Z</time>
      </trkpt>
      <trkpt lat="42.281165" lon="-71.347364">
        <ele>58.331722</ele>
        <time>2026-06-06T14:20:56.000Z</time>
      </trkpt>
      <trkpt lat="42.281052" lon="-71.347369">
        <ele>58.210976</ele>
        <time>2026-06-06T14:20:58.000Z</time>
      </trkpt>
      <trkpt lat="42.280939" lon="-71.347375">
        <ele>58.090200</ele>
        <time>2026-06-06T14:21:00.000Z</time>
      </trkpt>
      <trkpt lat="42.280837" lon="-71.347382">
        <ele>57.981126</ele>
        <time>2026-06-06T14:21:02.000Z</time>
      </trkpt>
      <trkpt lat="42.280739" lon="-71.347382">
        <ele>57.876463</ele>
        <time>2026-06-06T14:21:04.000Z</time>
      </trkpt>
      <trkpt lat="42.280611" lon="-71.347419">
        <ele>57.736670</ele>
        <time>2026-06-06T14:21:07.000Z</time>
      </trkpt>
      <trkpt lat="42.280514" lon="-71.347408">
        <ele>57.632712</ele>
        <time>2026-06-06T14:21:09.000Z</time>
      </trkpt>
      <trkpt lat="42.280419" lon="-71.347337">
        <ele>57.516776</ele>
        <time>2026-06-06T14:21:11.000Z</time>
      </trkpt>
      <trkpt lat="42.280304" lon="-71.347256">
        <ele>57.378281</ele>
        <time>2026-06-06T14:21:14.000Z</time>
      </trkpt>
      <trkpt lat="42.280213" lon="-71.347248">
        <ele>57.280890</ele>
        <time>2026-06-06T14:21:16.000Z</time>
      </trkpt>
      <trkpt lat="42.280120" lon="-71.347228">
        <ele>57.180318</ele>
        <time>2026-06-06T14:21:18.000Z</time>
      </trkpt>
      <trkpt lat="42.280000" lon="-71.347202">
        <ele>57.177108</ele>
        <time>2026-06-06T14:21:21.000Z</time>
      </trkpt>
      <trkpt lat="42.279854" lon="-71.347160">
        <ele>57.200314</ele>
        <time>2026-06-06T14:21:24.000Z</time>
      </trkpt>
      <trkpt lat="42.279716" lon="-71.347137">
        <ele>57.221930</ele>
        <time>2026-06-06T14:21:27.000Z</time>
      </trkpt>
      <trkpt lat="42.279625" lon="-71.347116">
        <ele>57.236282</ele>
        <time>2026-06-06T14:21:29.000Z</time>
      </trkpt>
      <trkpt lat="42.279535" lon="-71.347103">
        <ele>57.250354</ele>
        <time>2026-06-06T14:21:31.000Z</time>
      </trkpt>
      <trkpt lat="42.279431" lon="-71.347094">
        <ele>57.266555</ele>
        <time>2026-06-06T14:21:33.000Z</time>
      </trkpt>
      <trkpt lat="42.279329" lon="-71.347081">
        <ele>57.282483</ele>
        <time>2026-06-06T14:21:35.000Z</time>
      </trkpt>
      <trkpt lat="42.279228" lon="-71.347063">
        <ele>57.298320</ele>
        <time>2026-06-06T14:21:37.000Z</time>
      </trkpt>
      <trkpt lat="42.279121" lon="-71.347045">
        <ele>57.315083</ele>
        <time>2026-06-06T14:21:39.000Z</time>
      </trkpt>
      <trkpt lat="42.279020" lon="-71.347026">
        <ele>57.330937</ele>
        <time>2026-06-06T14:21:41.000Z</time>
      </trkpt>
      <trkpt lat="42.278925" lon="-71.347012">
        <ele>57.345793</ele>
        <time>2026-06-06T14:21:43.000Z</time>
      </trkpt>
      <trkpt lat="42.278827" lon="-71.346986">
        <ele>57.361319</ele>
        <time>2026-06-06T14:21:45.000Z</time>
      </trkpt>
      <trkpt lat="42.278655" lon="-71.346952">
        <ele>57.388344</ele>
        <time>2026-06-06T14:21:48.000Z</time>
      </trkpt>
      <trkpt lat="42.278543" lon="-71.346934">
        <ele>57.405878</ele>
        <time>2026-06-06T14:21:50.000Z</time>
      </trkpt>
      <trkpt lat="42.278435" lon="-71.346912">
        <ele>57.422858</ele>
        <time>2026-06-06T14:21:52.000Z</time>
      </trkpt>
      <trkpt lat="42.278328" lon="-71.346890">
        <ele>57.439684</ele>
        <time>2026-06-06T14:21:54.000Z</time>
      </trkpt>
      <trkpt lat="42.278217" lon="-71.346879">
        <ele>57.377610</ele>
        <time>2026-06-06T14:21:56.000Z</time>
      </trkpt>
      <trkpt lat="42.278112" lon="-71.346858">
        <ele>57.313952</ele>
        <time>2026-06-06T14:21:58.000Z</time>
      </trkpt>
      <trkpt lat="42.278007" lon="-71.346838">
        <ele>57.250357</ele>
        <time>2026-06-06T14:22:00.000Z</time>
      </trkpt>
      <trkpt lat="42.277898" lon="-71.346818">
        <ele>57.184386</ele>
        <time>2026-06-06T14:22:02.000Z</time>
      </trkpt>
      <trkpt lat="42.277794" lon="-71.346798">
        <ele>57.121386</ele>
        <time>2026-06-06T14:22:04.000Z</time>
      </trkpt>
      <trkpt lat="42.277689" lon="-71.346780">
        <ele>57.057909</ele>
        <time>2026-06-06T14:22:06.000Z</time>
      </trkpt>
      <trkpt lat="42.277591" lon="-71.346764">
        <ele>56.998707</ele>
        <time>2026-06-06T14:22:08.000Z</time>
      </trkpt>
      <trkpt lat="42.277497" lon="-71.346738">
        <ele>56.941164</ele>
        <time>2026-06-06T14:22:10.000Z</time>
      </trkpt>
      <trkpt lat="42.277335" lon="-71.346707">
        <ele>56.843037</ele>
        <time>2026-06-06T14:22:13.000Z</time>
      </trkpt>
      <trkpt lat="42.277215" lon="-71.346683">
        <ele>56.770285</ele>
        <time>2026-06-06T14:22:15.000Z</time>
      </trkpt>
      <trkpt lat="42.277112" lon="-71.346663">
        <ele>56.707878</ele>
        <time>2026-06-06T14:22:17.000Z</time>
      </trkpt>
      <trkpt lat="42.276957" lon="-71.346625">
        <ele>56.613402</ele>
        <time>2026-06-06T14:22:20.000Z</time>
      </trkpt>
      <trkpt lat="42.276861" lon="-71.346590">
        <ele>56.553769</ele>
        <time>2026-06-06T14:22:22.000Z</time>
      </trkpt>
      <trkpt lat="42.276632" lon="-71.346547">
        <ele>56.415110</ele>
        <time>2026-06-06T14:22:26.000Z</time>
      </trkpt>
      <trkpt lat="42.276521" lon="-71.346529">
        <ele>56.311675</ele>
        <time>2026-06-06T14:22:28.000Z</time>
      </trkpt>
      <trkpt lat="42.276417" lon="-71.346500">
        <ele>56.080940</ele>
        <time>2026-06-06T14:22:30.000Z</time>
      </trkpt>
      <trkpt lat="42.276316" lon="-71.346463">
        <ele>55.853564</ele>
        <time>2026-06-06T14:22:32.000Z</time>
      </trkpt>
      <trkpt lat="42.276218" lon="-71.346404">
        <ele>55.620454</ele>
        <time>2026-06-06T14:22:34.000Z</time>
      </trkpt>
      <trkpt lat="42.276126" lon="-71.346330">
        <ele>55.387829</ele>
        <time>2026-06-06T14:22:36.000Z</time>
      </trkpt>
      <trkpt lat="42.276030" lon="-71.346252">
        <ele>55.144443</ele>
        <time>2026-06-06T14:22:38.000Z</time>
      </trkpt>
      <trkpt lat="42.275941" lon="-71.346171">
        <ele>54.911300</ele>
        <time>2026-06-06T14:22:40.000Z</time>
      </trkpt>
      <trkpt lat="42.275850" lon="-71.346092">
        <ele>54.676294</ele>
        <time>2026-06-06T14:22:42.000Z</time>
      </trkpt>
      <trkpt lat="42.275765" lon="-71.346017">
        <ele>54.455726</ele>
        <time>2026-06-06T14:22:44.000Z</time>
      </trkpt>
      <trkpt lat="42.275664" lon="-71.345967">
        <ele>54.222010</ele>
        <time>2026-06-06T14:22:46.000Z</time>
      </trkpt>
      <trkpt lat="42.275569" lon="-71.345928">
        <ele>54.006277</ele>
        <time>2026-06-06T14:22:48.000Z</time>
      </trkpt>
      <trkpt lat="42.275443" lon="-71.345890">
        <ele>53.725765</ele>
        <time>2026-06-06T14:22:51.000Z</time>
      </trkpt>
      <trkpt lat="42.275321" lon="-71.345834">
        <ele>53.445806</ele>
        <time>2026-06-06T14:22:54.000Z</time>
      </trkpt>
      <trkpt lat="42.275227" lon="-71.345803">
        <ele>53.235566</ele>
        <time>2026-06-06T14:22:56.000Z</time>
      </trkpt>
      <trkpt lat="42.275071" lon="-71.345767">
        <ele>52.891697</ele>
        <time>2026-06-06T14:22:58.000Z</time>
      </trkpt>
      <trkpt lat="42.274954" lon="-71.345733">
        <ele>52.631664</ele>
        <time>2026-06-06T14:23:00.000Z</time>
      </trkpt>
      <trkpt lat="42.274840" lon="-71.345679">
        <ele>52.511423</ele>
        <time>2026-06-06T14:23:02.000Z</time>
      </trkpt>
      <trkpt lat="42.274750" lon="-71.345586">
        <ele>52.679231</ele>
        <time>2026-06-06T14:23:04.000Z</time>
      </trkpt>
      <trkpt lat="42.274710" lon="-71.345429">
        <ele>52.861213</ele>
        <time>2026-06-06T14:23:06.000Z</time>
      </trkpt>
      <trkpt lat="42.274676" lon="-71.345272">
        <ele>53.040498</ele>
        <time>2026-06-06T14:23:08.000Z</time>
      </trkpt>
      <trkpt lat="42.274651" lon="-71.345119">
        <ele>53.212222</ele>
        <time>2026-06-06T14:23:10.000Z</time>
      </trkpt>
      <trkpt lat="42.274630" lon="-71.344977">
        <ele>53.370927</ele>
        <time>2026-06-06T14:23:12.000Z</time>
      </trkpt>
      <trkpt lat="42.274585" lon="-71.344830">
        <ele>53.545279</ele>
        <time>2026-06-06T14:23:14.000Z</time>
      </trkpt>
      <trkpt lat="42.274555" lon="-71.344701">
        <ele>53.693478</ele>
        <time>2026-06-06T14:23:16.000Z</time>
      </trkpt>
      <trkpt lat="42.274523" lon="-71.344550">
        <ele>53.865623</ele>
        <time>2026-06-06T14:23:18.000Z</time>
      </trkpt>
      <trkpt lat="42.274492" lon="-71.344401">
        <ele>54.035256</ele>
        <time>2026-06-06T14:23:20.000Z</time>
      </trkpt>
      <trkpt lat="42.274473" lon="-71.344279">
        <ele>54.171894</ele>
        <time>2026-06-06T14:23:22.000Z</time>
      </trkpt>
      <trkpt lat="42.274444" lon="-71.344157">
        <ele>54.312333</ele>
        <time>2026-06-06T14:23:25.000Z</time>
      </trkpt>
      <trkpt lat="42.274413" lon="-71.344011">
        <ele>54.478803</ele>
        <time>2026-06-06T14:23:27.000Z</time>
      </trkpt>
      <trkpt lat="42.274386" lon="-71.343849">
        <ele>54.660799</ele>
        <time>2026-06-06T14:23:30.000Z</time>
      </trkpt>
      <trkpt lat="42.274352" lon="-71.343701">
        <ele>54.830642</ele>
        <time>2026-06-06T14:23:33.000Z</time>
      </trkpt>
      <trkpt lat="42.274315" lon="-71.343554">
        <ele>55.000816</ele>
        <time>2026-06-06T14:23:36.000Z</time>
      </trkpt>
      <trkpt lat="42.274278" lon="-71.343398">
        <ele>55.444909</ele>
        <time>2026-06-06T14:23:39.000Z</time>
      </trkpt>
      <trkpt lat="42.274257" lon="-71.343245">
        <ele>56.337692</ele>
        <time>2026-06-06T14:23:42.000Z</time>
      </trkpt>
      <trkpt lat="42.274232" lon="-71.343113">
        <ele>57.119433</ele>
        <time>2026-06-06T14:23:45.000Z</time>
      </trkpt>
      <trkpt lat="42.274204" lon="-71.342981">
        <ele>57.907264</ele>
        <time>2026-06-06T14:23:48.000Z</time>
      </trkpt>
      <trkpt lat="42.274172" lon="-71.342863">
        <ele>58.628304</ele>
        <time>2026-06-06T14:23:51.000Z</time>
      </trkpt>
      <trkpt lat="42.274159" lon="-71.342735">
        <ele>59.369566</ele>
        <time>2026-06-06T14:23:54.000Z</time>
      </trkpt>
      <trkpt lat="42.274134" lon="-71.342594">
        <ele>60.201430</ele>
        <time>2026-06-06T14:23:58.000Z</time>
      </trkpt>
      <trkpt lat="42.274072" lon="-71.342474">
        <ele>61.041139</ele>
        <time>2026-06-06T14:24:03.000Z</time>
      </trkpt>
      <trkpt lat="42.274022" lon="-71.342360">
        <ele>61.801464</ele>
        <time>2026-06-06T14:24:07.000Z</time>
      </trkpt>
      <trkpt lat="42.273967" lon="-71.342255">
        <ele>62.539555</ele>
        <time>2026-06-06T14:24:10.000Z</time>
      </trkpt>
      <trkpt lat="42.273915" lon="-71.342150">
        <ele>63.264455</ele>
        <time>2026-06-06T14:24:14.000Z</time>
      </trkpt>
      <trkpt lat="42.273852" lon="-71.342027">
        <ele>64.122725</ele>
        <time>2026-06-06T14:24:17.000Z</time>
      </trkpt>
      <trkpt lat="42.273782" lon="-71.341901">
        <ele>65.026710</ele>
        <time>2026-06-06T14:24:21.000Z</time>
      </trkpt>
      <trkpt lat="42.273721" lon="-71.341765">
        <ele>65.939153</ele>
        <time>2026-06-06T14:24:24.000Z</time>
      </trkpt>
      <trkpt lat="42.273670" lon="-71.341659">
        <ele>66.664574</ele>
        <time>2026-06-06T14:24:27.000Z</time>
      </trkpt>
      <trkpt lat="42.273620" lon="-71.341558">
        <ele>67.361779</ele>
        <time>2026-06-06T14:24:30.000Z</time>
      </trkpt>
      <trkpt lat="42.273566" lon="-71.341453">
        <ele>68.095421</ele>
        <time>2026-06-06T14:24:33.000Z</time>
      </trkpt>
      <trkpt lat="42.273511" lon="-71.341340">
        <ele>68.871431</ele>
        <time>2026-06-06T14:24:36.000Z</time>
      </trkpt>
      <trkpt lat="42.273451" lon="-71.341207">
        <ele>69.006417</ele>
        <time>2026-06-06T14:24:40.000Z</time>
      </trkpt>
      <trkpt lat="42.273402" lon="-71.341072">
        <ele>68.935232</ele>
        <time>2026-06-06T14:24:44.000Z</time>
      </trkpt>
      <trkpt lat="42.273372" lon="-71.340952">
        <ele>68.875269</ele>
        <time>2026-06-06T14:24:47.000Z</time>
      </trkpt>
      <trkpt lat="42.273353" lon="-71.340822">
        <ele>68.812537</ele>
        <time>2026-06-06T14:24:50.000Z</time>
      </trkpt>
      <trkpt lat="42.273324" lon="-71.340705">
        <ele>68.754124</ele>
        <time>2026-06-06T14:24:53.000Z</time>
      </trkpt>
      <trkpt lat="42.273304" lon="-71.340583">
        <ele>68.694968</ele>
        <time>2026-06-06T14:24:56.000Z</time>
      </trkpt>
      <trkpt lat="42.273274" lon="-71.340451">
        <ele>68.629597</ele>
        <time>2026-06-06T14:24:59.000Z</time>
      </trkpt>
      <trkpt lat="42.273245" lon="-71.340304">
        <ele>68.557575</ele>
        <time>2026-06-06T14:25:02.000Z</time>
      </trkpt>
      <trkpt lat="42.273217" lon="-71.340152">
        <ele>68.483421</ele>
        <time>2026-06-06T14:25:05.000Z</time>
      </trkpt>
      <trkpt lat="42.273173" lon="-71.339884">
        <ele>68.353462</ele>
        <time>2026-06-06T14:25:08.000Z</time>
      </trkpt>
      <trkpt lat="42.273147" lon="-71.339744">
        <ele>68.285129</ele>
        <time>2026-06-06T14:25:10.000Z</time>
      </trkpt>
      <trkpt lat="42.273105" lon="-71.339592">
        <ele>68.208318</ele>
        <time>2026-06-06T14:25:12.000Z</time>
      </trkpt>
      <trkpt lat="42.273071" lon="-71.339435">
        <ele>68.130875</ele>
        <time>2026-06-06T14:25:14.000Z</time>
      </trkpt>
      <trkpt lat="42.273027" lon="-71.339272">
        <ele>68.048735</ele>
        <time>2026-06-06T14:25:16.000Z</time>
      </trkpt>
      <trkpt lat="42.272982" lon="-71.339102">
        <ele>67.963261</ele>
        <time>2026-06-06T14:25:18.000Z</time>
      </trkpt>
      <trkpt lat="42.272926" lon="-71.338913">
        <ele>67.866844</ele>
        <time>2026-06-06T14:25:20.000Z</time>
      </trkpt>
      <trkpt lat="42.272848" lon="-71.338733">
        <ele>67.768016</ele>
        <time>2026-06-06T14:25:22.000Z</time>
      </trkpt>
      <trkpt lat="42.272733" lon="-71.338568">
        <ele>67.660625</ele>
        <time>2026-06-06T14:25:24.000Z</time>
      </trkpt>
      <trkpt lat="42.272623" lon="-71.338406">
        <ele>67.556454</ele>
        <time>2026-06-06T14:25:26.000Z</time>
      </trkpt>
      <trkpt lat="42.272518" lon="-71.338254">
        <ele>67.457936</ele>
        <time>2026-06-06T14:25:28.000Z</time>
      </trkpt>
      <trkpt lat="42.272435" lon="-71.338106">
        <ele>67.369953</ele>
        <time>2026-06-06T14:25:30.000Z</time>
      </trkpt>
      <trkpt lat="42.272378" lon="-71.337949">
        <ele>67.287098</ele>
        <time>2026-06-06T14:25:32.000Z</time>
      </trkpt>
      <trkpt lat="42.272334" lon="-71.337807">
        <ele>67.214161</ele>
        <time>2026-06-06T14:25:34.000Z</time>
      </trkpt>
      <trkpt lat="42.272307" lon="-71.337661">
        <ele>67.142861</ele>
        <time>2026-06-06T14:25:36.000Z</time>
      </trkpt>
      <trkpt lat="42.272289" lon="-71.337519">
        <ele>67.074604</ele>
        <time>2026-06-06T14:25:38.000Z</time>
      </trkpt>
      <trkpt lat="42.272276" lon="-71.337373">
        <ele>67.004933</ele>
        <time>2026-06-06T14:25:40.000Z</time>
      </trkpt>
      <trkpt lat="42.272274" lon="-71.337238">
        <ele>66.940959</ele>
        <time>2026-06-06T14:25:42.000Z</time>
      </trkpt>
      <trkpt lat="42.272269" lon="-71.337112">
        <ele>66.881177</ele>
        <time>2026-06-06T14:25:44.000Z</time>
      </trkpt>
      <trkpt lat="42.272266" lon="-71.336948">
        <ele>66.803453</ele>
        <time>2026-06-06T14:25:47.000Z</time>
      </trkpt>
      <trkpt lat="42.272258" lon="-71.336790">
        <ele>66.892535</ele>
        <time>2026-06-06T14:25:51.000Z</time>
      </trkpt>
      <trkpt lat="42.272258" lon="-71.336622">
        <ele>67.203579</ele>
        <time>2026-06-06T14:25:53.000Z</time>
      </trkpt>
      <trkpt lat="42.272246" lon="-71.336475">
        <ele>67.477394</ele>
        <time>2026-06-06T14:25:56.000Z</time>
      </trkpt>
      <trkpt lat="42.272242" lon="-71.336315">
        <ele>67.773796</ele>
        <time>2026-06-06T14:25:59.000Z</time>
      </trkpt>
      <trkpt lat="42.272235" lon="-71.336151">
        <ele>68.077939</ele>
        <time>2026-06-06T14:26:02.000Z</time>
      </trkpt>
      <trkpt lat="42.272230" lon="-71.335985">
        <ele>68.385535</ele>
        <time>2026-06-06T14:26:05.000Z</time>
      </trkpt>
      <trkpt lat="42.272212" lon="-71.335817">
        <ele>68.699823</ele>
        <time>2026-06-06T14:26:08.000Z</time>
      </trkpt>
      <trkpt lat="42.272201" lon="-71.335690">
        <ele>68.936563</ele>
        <time>2026-06-06T14:26:10.000Z</time>
      </trkpt>
      <trkpt lat="42.272187" lon="-71.335563">
        <ele>69.174293</ele>
        <time>2026-06-06T14:26:12.000Z</time>
      </trkpt>
      <trkpt lat="42.272178" lon="-71.335440">
        <ele>69.403133</ele>
        <time>2026-06-06T14:26:14.000Z</time>
      </trkpt>
      <trkpt lat="42.272162" lon="-71.335267">
        <ele>69.725927</ele>
        <time>2026-06-06T14:26:17.000Z</time>
      </trkpt>
      <trkpt lat="42.272152" lon="-71.335106">
        <ele>70.025060</ele>
        <time>2026-06-06T14:26:20.000Z</time>
      </trkpt>
      <trkpt lat="42.272141" lon="-71.334980">
        <ele>70.259961</ele>
        <time>2026-06-06T14:26:23.000Z</time>
      </trkpt>
      <trkpt lat="42.272122" lon="-71.334825">
        <ele>70.550848</ele>
        <time>2026-06-06T14:26:26.000Z</time>
      </trkpt>
      <trkpt lat="42.272110" lon="-71.334659">
        <ele>70.859653</ele>
        <time>2026-06-06T14:26:29.000Z</time>
      </trkpt>
      <trkpt lat="42.272102" lon="-71.334493">
        <ele>71.167646</ele>
        <time>2026-06-06T14:26:32.000Z</time>
      </trkpt>
      <trkpt lat="42.272096" lon="-71.334330">
        <ele>71.031611</ele>
        <time>2026-06-06T14:26:35.000Z</time>
      </trkpt>
      <trkpt lat="42.272084" lon="-71.334203">
        <ele>70.768174</ele>
        <time>2026-06-06T14:26:37.000Z</time>
      </trkpt>
      <trkpt lat="42.272067" lon="-71.334036">
        <ele>70.421318</ele>
        <time>2026-06-06T14:26:39.000Z</time>
      </trkpt>
      <trkpt lat="42.272050" lon="-71.333908">
        <ele>70.153736</ele>
        <time>2026-06-06T14:26:41.000Z</time>
      </trkpt>
      <trkpt lat="42.272022" lon="-71.333785">
        <ele>69.888945</ele>
        <time>2026-06-06T14:26:43.000Z</time>
      </trkpt>
      <trkpt lat="42.271986" lon="-71.333651">
        <ele>69.595616</ele>
        <time>2026-06-06T14:26:45.000Z</time>
      </trkpt>
      <trkpt lat="42.271942" lon="-71.333508">
        <ele>69.276954</ele>
        <time>2026-06-06T14:26:47.000Z</time>
      </trkpt>
      <trkpt lat="42.271913" lon="-71.333357">
        <ele>68.955961</ele>
        <time>2026-06-06T14:26:49.000Z</time>
      </trkpt>
      <trkpt lat="42.271889" lon="-71.333187">
        <ele>68.599858</ele>
        <time>2026-06-06T14:26:51.000Z</time>
      </trkpt>
      <trkpt lat="42.271878" lon="-71.332996">
        <ele>68.205666</ele>
        <time>2026-06-06T14:26:53.000Z</time>
      </trkpt>
      <trkpt lat="42.271865" lon="-71.332873">
        <ele>67.950012</ele>
        <time>2026-06-06T14:26:54.000Z</time>
      </trkpt>
      <trkpt lat="42.271843" lon="-71.332651">
        <ele>67.489144</ele>
        <time>2026-06-06T14:26:56.000Z</time>
      </trkpt>
      <trkpt lat="42.271842" lon="-71.332428">
        <ele>67.030289</ele>
        <time>2026-06-06T14:26:58.000Z</time>
      </trkpt>
      <trkpt lat="42.271825" lon="-71.332235">
        <ele>66.630367</ele>
        <time>2026-06-06T14:27:00.000Z</time>
      </trkpt>
      <trkpt lat="42.271820" lon="-71.332062">
        <ele>66.274129</ele>
        <time>2026-06-06T14:27:02.000Z</time>
      </trkpt>
      <trkpt lat="42.271798" lon="-71.331932">
        <ele>66.679849</ele>
        <time>2026-06-06T14:27:04.000Z</time>
      </trkpt>
      <trkpt lat="42.271773" lon="-71.331754">
        <ele>67.278307</ele>
        <time>2026-06-06T14:27:07.000Z</time>
      </trkpt>
      <trkpt lat="42.271764" lon="-71.331585">
        <ele>67.837982</ele>
        <time>2026-06-06T14:27:10.000Z</time>
      </trkpt>
      <trkpt lat="42.271755" lon="-71.331454">
        <ele>68.272556</ele>
        <time>2026-06-06T14:27:12.000Z</time>
      </trkpt>
      <trkpt lat="42.271765" lon="-71.331325">
        <ele>68.700994</ele>
        <time>2026-06-06T14:27:14.000Z</time>
      </trkpt>
      <trkpt lat="42.271796" lon="-71.331197">
        <ele>69.145867</ele>
        <time>2026-06-06T14:27:16.000Z</time>
      </trkpt>
      <trkpt lat="42.271834" lon="-71.331064">
        <ele>69.616797</ele>
        <time>2026-06-06T14:27:18.000Z</time>
      </trkpt>
      <trkpt lat="42.271874" lon="-71.330926">
        <ele>70.106355</ele>
        <time>2026-06-06T14:27:20.000Z</time>
      </trkpt>
      <trkpt lat="42.271919" lon="-71.330799">
        <ele>70.571469</ele>
        <time>2026-06-06T14:27:22.000Z</time>
      </trkpt>
      <trkpt lat="42.271968" lon="-71.330663">
        <ele>71.071117</ele>
        <time>2026-06-06T14:27:24.000Z</time>
      </trkpt>
      <trkpt lat="42.271999" lon="-71.330538">
        <ele>71.506582</ele>
        <time>2026-06-06T14:27:26.000Z</time>
      </trkpt>
      <trkpt lat="42.272044" lon="-71.330396">
        <ele>72.016832</ele>
        <time>2026-06-06T14:27:29.000Z</time>
      </trkpt>
      <trkpt lat="42.272084" lon="-71.330278">
        <ele>72.445555</ele>
        <time>2026-06-06T14:27:34.000Z</time>
      </trkpt>
      <trkpt lat="42.272119" lon="-71.330157">
        <ele>72.874686</ele>
        <time>2026-06-06T14:27:38.000Z</time>
      </trkpt>
      <trkpt lat="42.272182" lon="-71.330051">
        <ele>73.323775</ele>
        <time>2026-06-06T14:27:42.000Z</time>
      </trkpt>
      <trkpt lat="42.272240" lon="-71.329949">
        <ele>73.748684</ele>
        <time>2026-06-06T14:27:44.000Z</time>
      </trkpt>
      <trkpt lat="42.272307" lon="-71.329859">
        <ele>74.170380</ele>
        <time>2026-06-06T14:27:48.000Z</time>
      </trkpt>
      <trkpt lat="42.272383" lon="-71.329764">
        <ele>74.858041</ele>
        <time>2026-06-06T14:27:52.000Z</time>
      </trkpt>
      <trkpt lat="42.272473" lon="-71.329657">
        <ele>75.745276</ele>
        <time>2026-06-06T14:27:56.000Z</time>
      </trkpt>
      <trkpt lat="42.272553" lon="-71.329548">
        <ele>76.586114</ele>
        <time>2026-06-06T14:28:01.000Z</time>
      </trkpt>
      <trkpt lat="42.272628" lon="-71.329459">
        <ele>77.324873</ele>
        <time>2026-06-06T14:28:05.000Z</time>
      </trkpt>
      <trkpt lat="42.272711" lon="-71.329372">
        <ele>78.102339</ele>
        <time>2026-06-06T14:28:09.000Z</time>
      </trkpt>
      <trkpt lat="42.272787" lon="-71.329271">
        <ele>78.891280</ele>
        <time>2026-06-06T14:28:13.000Z</time>
      </trkpt>
      <trkpt lat="42.272876" lon="-71.329168">
        <ele>79.758562</ele>
        <time>2026-06-06T14:28:17.000Z</time>
      </trkpt>
      <trkpt lat="42.272955" lon="-71.329077">
        <ele>80.526878</ele>
        <time>2026-06-06T14:28:21.000Z</time>
      </trkpt>
      <trkpt lat="42.273039" lon="-71.328970">
        <ele>81.381269</ele>
        <time>2026-06-06T14:28:25.000Z</time>
      </trkpt>
      <trkpt lat="42.273109" lon="-71.328875">
        <ele>82.115543</ele>
        <time>2026-06-06T14:28:29.000Z</time>
      </trkpt>
      <trkpt lat="42.273191" lon="-71.328786">
        <ele>82.893983</ele>
        <time>2026-06-06T14:28:33.000Z</time>
      </trkpt>
      <trkpt lat="42.273288" lon="-71.328689">
        <ele>83.787123</ele>
        <time>2026-06-06T14:28:37.000Z</time>
      </trkpt>
      <trkpt lat="42.273358" lon="-71.328610">
        <ele>84.462140</ele>
        <time>2026-06-06T14:28:40.000Z</time>
      </trkpt>
      <trkpt lat="42.273446" lon="-71.328511">
        <ele>85.309630</ele>
        <time>2026-06-06T14:28:44.000Z</time>
      </trkpt>
      <trkpt lat="42.273513" lon="-71.328425">
        <ele>85.993571</ele>
        <time>2026-06-06T14:28:47.000Z</time>
      </trkpt>
      <trkpt lat="42.273589" lon="-71.328349">
        <ele>86.693350</ele>
        <time>2026-06-06T14:28:50.000Z</time>
      </trkpt>
      <trkpt lat="42.273678" lon="-71.328257">
        <ele>87.522705</ele>
        <time>2026-06-06T14:28:54.000Z</time>
      </trkpt>
      <trkpt lat="42.273753" lon="-71.328172">
        <ele>87.230208</ele>
        <time>2026-06-06T14:28:57.000Z</time>
      </trkpt>
      <trkpt lat="42.274012" lon="-71.327927">
        <ele>85.877324</ele>
        <time>2026-06-06T14:29:00.000Z</time>
      </trkpt>
      <trkpt lat="42.274100" lon="-71.327829">
        <ele>85.389359</ele>
        <time>2026-06-06T14:29:02.000Z</time>
      </trkpt>
      <trkpt lat="42.274187" lon="-71.327727">
        <ele>84.896484</ele>
        <time>2026-06-06T14:29:04.000Z</time>
      </trkpt>
      <trkpt lat="42.274282" lon="-71.327618">
        <ele>84.363195</ele>
        <time>2026-06-06T14:29:06.000Z</time>
      </trkpt>
      <trkpt lat="42.274371" lon="-71.327530">
        <ele>83.891282</ele>
        <time>2026-06-06T14:29:08.000Z</time>
      </trkpt>
      <trkpt lat="42.274451" lon="-71.327444">
        <ele>83.453838</ele>
        <time>2026-06-06T14:29:10.000Z</time>
      </trkpt>
      <trkpt lat="42.274557" lon="-71.327329">
        <ele>82.872148</ele>
        <time>2026-06-06T14:29:13.000Z</time>
      </trkpt>
      <trkpt lat="42.274630" lon="-71.327243">
        <ele>82.457728</ele>
        <time>2026-06-06T14:29:15.000Z</time>
      </trkpt>
      <trkpt lat="42.274713" lon="-71.327155">
        <ele>82.006284</ele>
        <time>2026-06-06T14:29:17.000Z</time>
      </trkpt>
      <trkpt lat="42.274787" lon="-71.327042">
        <ele>81.528470</ele>
        <time>2026-06-06T14:29:19.000Z</time>
      </trkpt>
      <trkpt lat="42.274859" lon="-71.326953">
        <ele>81.110915</ele>
        <time>2026-06-06T14:29:22.000Z</time>
      </trkpt>
      <trkpt lat="42.275081" lon="-71.326710">
        <ele>79.906386</ele>
        <time>2026-06-06T14:29:26.000Z</time>
      </trkpt>
      <trkpt lat="42.275160" lon="-71.326611">
        <ele>79.923873</ele>
        <time>2026-06-06T14:29:28.000Z</time>
      </trkpt>
      <trkpt lat="42.275242" lon="-71.326517">
        <ele>79.941325</ele>
        <time>2026-06-06T14:29:30.000Z</time>
      </trkpt>
      <trkpt lat="42.275311" lon="-71.326422">
        <ele>79.957313</ele>
        <time>2026-06-06T14:29:32.000Z</time>
      </trkpt>
      <trkpt lat="42.275385" lon="-71.326337">
        <ele>79.973076</ele>
        <time>2026-06-06T14:29:34.000Z</time>
      </trkpt>
      <trkpt lat="42.275459" lon="-71.326260">
        <ele>79.988235</ele>
        <time>2026-06-06T14:29:36.000Z</time>
      </trkpt>
      <trkpt lat="42.275530" lon="-71.326181">
        <ele>80.003162</ele>
        <time>2026-06-06T14:29:38.000Z</time>
      </trkpt>
      <trkpt lat="42.275609" lon="-71.326103">
        <ele>80.019042</ele>
        <time>2026-06-06T14:29:40.000Z</time>
      </trkpt>
      <trkpt lat="42.275686" lon="-71.326022">
        <ele>80.034880</ele>
        <time>2026-06-06T14:29:42.000Z</time>
      </trkpt>
      <trkpt lat="42.275759" lon="-71.325936">
        <ele>80.050599</ele>
        <time>2026-06-06T14:29:44.000Z</time>
      </trkpt>
      <trkpt lat="42.275858" lon="-71.325816">
        <ele>80.072184</ele>
        <time>2026-06-06T14:29:46.000Z</time>
      </trkpt>
      <trkpt lat="42.275950" lon="-71.325722">
        <ele>80.090903</ele>
        <time>2026-06-06T14:29:48.000Z</time>
      </trkpt>
      <trkpt lat="42.276042" lon="-71.325596">
        <ele>80.112163</ele>
        <time>2026-06-06T14:29:50.000Z</time>
      </trkpt>
      <trkpt lat="42.276151" lon="-71.325462">
        <ele>80.136080</ele>
        <time>2026-06-06T14:29:52.000Z</time>
      </trkpt>
      <trkpt lat="42.276284" lon="-71.325341">
        <ele>80.162103</ele>
        <time>2026-06-06T14:29:54.000Z</time>
      </trkpt>
      <trkpt lat="42.276397" lon="-71.325222">
        <ele>80.185355</ele>
        <time>2026-06-06T14:29:56.000Z</time>
      </trkpt>
      <trkpt lat="42.276505" lon="-71.325104">
        <ele>79.862988</ele>
        <time>2026-06-06T14:29:58.000Z</time>
      </trkpt>
      <trkpt lat="42.276612" lon="-71.324975">
        <ele>79.101197</ele>
        <time>2026-06-06T14:30:00.000Z</time>
      </trkpt>
      <trkpt lat="42.276731" lon="-71.324845">
        <ele>78.288253</ele>
        <time>2026-06-06T14:30:02.000Z</time>
      </trkpt>
      <trkpt lat="42.276841" lon="-71.324732">
        <ele>77.554178</ele>
        <time>2026-06-06T14:30:04.000Z</time>
      </trkpt>
      <trkpt lat="42.276928" lon="-71.324638">
        <ele>76.962408</ele>
        <time>2026-06-06T14:30:06.000Z</time>
      </trkpt>
      <trkpt lat="42.277013" lon="-71.324537">
        <ele>76.361097</ele>
        <time>2026-06-06T14:30:08.000Z</time>
      </trkpt>
      <trkpt lat="42.277114" lon="-71.324418">
        <ele>75.649218</ele>
        <time>2026-06-06T14:30:11.000Z</time>
      </trkpt>
      <trkpt lat="42.277197" lon="-71.324318">
        <ele>75.058470</ele>
        <time>2026-06-06T14:30:14.000Z</time>
      </trkpt>
      <trkpt lat="42.277248" lon="-71.324199">
        <ele>74.517872</ele>
        <time>2026-06-06T14:30:17.000Z</time>
      </trkpt>
      <trkpt lat="42.277173" lon="-71.324035">
        <ele>73.759983</ele>
        <time>2026-06-06T14:30:20.000Z</time>
      </trkpt>
      <trkpt lat="42.277122" lon="-71.323917">
        <ele>73.222783</ele>
        <time>2026-06-06T14:30:22.000Z</time>
      </trkpt>
      <trkpt lat="42.277072" lon="-71.323800">
        <ele>72.691651</ele>
        <time>2026-06-06T14:30:24.000Z</time>
      </trkpt>
      <trkpt lat="42.277020" lon="-71.323683">
        <ele>72.155125</ele>
        <time>2026-06-06T14:30:26.000Z</time>
      </trkpt>
      <trkpt lat="42.276987" lon="-71.323558">
        <ele>71.633405</ele>
        <time>2026-06-06T14:30:29.000Z</time>
      </trkpt>
      <trkpt lat="42.276933" lon="-71.323460">
        <ele>71.153072</ele>
        <time>2026-06-06T14:30:31.000Z</time>
      </trkpt>
      <trkpt lat="42.276772" lon="-71.323174">
        <ele>69.427434</ele>
        <time>2026-06-06T14:30:34.000Z</time>
      </trkpt>
      <trkpt lat="42.276681" lon="-71.323031">
        <ele>68.428522</ele>
        <time>2026-06-06T14:30:36.000Z</time>
      </trkpt>
      <trkpt lat="42.276563" lon="-71.322892">
        <ele>67.308120</ele>
        <time>2026-06-06T14:30:38.000Z</time>
      </trkpt>
      <trkpt lat="42.276442" lon="-71.322747">
        <ele>66.150609</ele>
        <time>2026-06-06T14:30:40.000Z</time>
      </trkpt>
      <trkpt lat="42.276324" lon="-71.322622">
        <ele>65.077465</ele>
        <time>2026-06-06T14:30:42.000Z</time>
      </trkpt>
      <trkpt lat="42.276208" lon="-71.322485">
        <ele>63.974811</ele>
        <time>2026-06-06T14:30:44.000Z</time>
      </trkpt>
      <trkpt lat="42.276091" lon="-71.322362">
        <ele>62.913826</ele>
        <time>2026-06-06T14:30:46.000Z</time>
      </trkpt>
      <trkpt lat="42.275991" lon="-71.322210">
        <ele>61.836617</ele>
        <time>2026-06-06T14:30:48.000Z</time>
      </trkpt>
      <trkpt lat="42.275895" lon="-71.322054">
        <ele>60.762015</ele>
        <time>2026-06-06T14:30:50.000Z</time>
      </trkpt>
      <trkpt lat="42.275820" lon="-71.321846">
        <ele>59.536574</ele>
        <time>2026-06-06T14:30:52.000Z</time>
      </trkpt>
      <trkpt lat="42.275784" lon="-71.321723">
        <ele>58.836036</ele>
        <time>2026-06-06T14:30:53.000Z</time>
      </trkpt>
      <trkpt lat="42.275752" lon="-71.321605">
        <ele>58.170439</ele>
        <time>2026-06-06T14:30:54.000Z</time>
      </trkpt>
      <trkpt lat="42.275728" lon="-71.321475">
        <ele>57.514651</ele>
        <time>2026-06-06T14:30:55.000Z</time>
      </trkpt>
      <trkpt lat="42.275667" lon="-71.321253">
        <ele>56.480642</ele>
        <time>2026-06-06T14:30:57.000Z</time>
      </trkpt>
      <trkpt lat="42.275632" lon="-71.321138">
        <ele>55.937693</ele>
        <time>2026-06-06T14:30:58.000Z</time>
      </trkpt>
      <trkpt lat="42.275591" lon="-71.321029">
        <ele>55.403793</ele>
        <time>2026-06-06T14:30:59.000Z</time>
      </trkpt>
      <trkpt lat="42.275529" lon="-71.320819">
        <ele>54.416560</ele>
        <time>2026-06-06T14:31:01.000Z</time>
      </trkpt>
      <trkpt lat="42.275449" lon="-71.320618">
        <ele>53.420007</ele>
        <time>2026-06-06T14:31:03.000Z</time>
      </trkpt>
      <trkpt lat="42.275366" lon="-71.320428">
        <ele>52.456602</ele>
        <time>2026-06-06T14:31:05.000Z</time>
      </trkpt>
      <trkpt lat="42.275273" lon="-71.320244">
        <ele>51.483638</ele>
        <time>2026-06-06T14:31:07.000Z</time>
      </trkpt>
      <trkpt lat="42.275168" lon="-71.320072">
        <ele>50.510009</ele>
        <time>2026-06-06T14:31:09.000Z</time>
      </trkpt>
      <trkpt lat="42.275054" lon="-71.319905">
        <ele>49.517902</ele>
        <time>2026-06-06T14:31:11.000Z</time>
      </trkpt>
      <trkpt lat="42.274938" lon="-71.319744">
        <ele>48.536690</ele>
        <time>2026-06-06T14:31:13.000Z</time>
      </trkpt>
      <trkpt lat="42.274821" lon="-71.319581">
        <ele>47.545102</ele>
        <time>2026-06-06T14:31:15.000Z</time>
      </trkpt>
      <trkpt lat="42.274705" lon="-71.319417">
        <ele>46.895573</ele>
        <time>2026-06-06T14:31:17.000Z</time>
      </trkpt>
      <trkpt lat="42.274593" lon="-71.319255">
        <ele>46.478881</ele>
        <time>2026-06-06T14:31:19.000Z</time>
      </trkpt>
      <trkpt lat="42.274510" lon="-71.319084">
        <ele>46.094518</ele>
        <time>2026-06-06T14:31:21.000Z</time>
      </trkpt>
      <trkpt lat="42.274405" lon="-71.318927">
        <ele>45.696776</ele>
        <time>2026-06-06T14:31:23.000Z</time>
      </trkpt>
      <trkpt lat="42.274316" lon="-71.318768">
        <ele>45.322069</ele>
        <time>2026-06-06T14:31:25.000Z</time>
      </trkpt>
      <trkpt lat="42.274226" lon="-71.318573">
        <ele>44.890124</ele>
        <time>2026-06-06T14:31:27.000Z</time>
      </trkpt>
      <trkpt lat="42.274137" lon="-71.318381">
        <ele>44.464306</ele>
        <time>2026-06-06T14:31:29.000Z</time>
      </trkpt>
      <trkpt lat="42.274055" lon="-71.318187">
        <ele>44.044395</ele>
        <time>2026-06-06T14:31:31.000Z</time>
      </trkpt>
      <trkpt lat="42.273972" lon="-71.318008">
        <ele>43.647372</ele>
        <time>2026-06-06T14:31:33.000Z</time>
      </trkpt>
      <trkpt lat="42.273890" lon="-71.317840">
        <ele>43.269114</ele>
        <time>2026-06-06T14:31:35.000Z</time>
      </trkpt>
      <trkpt lat="42.273813" lon="-71.317681">
        <ele>42.911965</ele>
        <time>2026-06-06T14:31:37.000Z</time>
      </trkpt>
      <trkpt lat="42.273741" lon="-71.317528">
        <ele>42.576142</ele>
        <time>2026-06-06T14:31:39.000Z</time>
      </trkpt>
      <trkpt lat="42.273672" lon="-71.317382">
        <ele>42.369649</ele>
        <time>2026-06-06T14:31:41.000Z</time>
      </trkpt>
      <trkpt lat="42.273606" lon="-71.317243">
        <ele>42.172788</ele>
        <time>2026-06-06T14:31:43.000Z</time>
      </trkpt>
      <trkpt lat="42.273536" lon="-71.317100">
        <ele>41.968415</ele>
        <time>2026-06-06T14:31:45.000Z</time>
      </trkpt>
      <trkpt lat="42.273464" lon="-71.316956">
        <ele>41.761259</ele>
        <time>2026-06-06T14:31:47.000Z</time>
      </trkpt>
      <trkpt lat="42.273396" lon="-71.316813">
        <ele>41.558645</ele>
        <time>2026-06-06T14:31:49.000Z</time>
      </trkpt>
      <trkpt lat="42.273328" lon="-71.316679">
        <ele>41.364969</ele>
        <time>2026-06-06T14:31:51.000Z</time>
      </trkpt>
      <trkpt lat="42.273243" lon="-71.316556">
        <ele>41.164362</ele>
        <time>2026-06-06T14:31:53.000Z</time>
      </trkpt>
      <trkpt lat="42.273153" lon="-71.316454">
        <ele>40.975150</ele>
        <time>2026-06-06T14:31:55.000Z</time>
      </trkpt>
      <trkpt lat="42.273069" lon="-71.316374">
        <ele>40.809612</ele>
        <time>2026-06-06T14:31:57.000Z</time>
      </trkpt>
      <trkpt lat="42.272980" lon="-71.316327">
        <ele>40.655686</ele>
        <time>2026-06-06T14:31:59.000Z</time>
      </trkpt>
      <trkpt lat="42.272896" lon="-71.316250">
        <ele>40.492181</ele>
        <time>2026-06-06T14:32:02.000Z</time>
      </trkpt>
      <trkpt lat="42.272724" lon="-71.316053">
        <ele>40.128989</ele>
        <time>2026-06-06T14:32:48.000Z</time>
      </trkpt>
      <trkpt lat="42.272641" lon="-71.315978">
        <ele>39.968152</ele>
        <time>2026-06-06T14:32:50.000Z</time>
      </trkpt>
      <trkpt lat="42.272537" lon="-71.315908">
        <ele>39.780992</ele>
        <time>2026-06-06T14:32:52.000Z</time>
      </trkpt>
      <trkpt lat="42.272430" lon="-71.315812">
        <ele>39.563923</ele>
        <time>2026-06-06T14:32:54.000Z</time>
      </trkpt>
      <trkpt lat="42.272308" lon="-71.315727">
        <ele>39.322943</ele>
        <time>2026-06-06T14:32:56.000Z</time>
      </trkpt>
      <trkpt lat="42.272220" lon="-71.315640">
        <ele>39.131517</ele>
        <time>2026-06-06T14:32:58.000Z</time>
      </trkpt>
      <trkpt lat="42.272136" lon="-71.315563">
        <ele>38.953316</ele>
        <time>2026-06-06T14:33:00.000Z</time>
      </trkpt>
      <trkpt lat="42.272057" lon="-71.315483">
        <ele>38.780000</ele>
        <time>2026-06-06T14:33:03.000Z</time>
      </trkpt>
      <trkpt lat="42.271886" lon="-71.315321">
        <ele>38.413361</ele>
        <time>2026-06-06T14:35:53.000Z</time>
      </trkpt>
      <trkpt lat="42.271770" lon="-71.315244">
        <ele>38.186463</ele>
        <time>2026-06-06T14:35:56.000Z</time>
      </trkpt>
      <trkpt lat="42.271689" lon="-71.315188">
        <ele>38.026726</ele>
        <time>2026-06-06T14:35:58.000Z</time>
      </trkpt>
      <trkpt lat="42.271572" lon="-71.315095">
        <ele>37.788416</ele>
        <time>2026-06-06T14:36:01.000Z</time>
      </trkpt>
      <trkpt lat="42.271456" lon="-71.315026">
        <ele>37.565904</ele>
        <time>2026-06-06T14:36:04.000Z</time>
      </trkpt>
      <trkpt lat="42.271338" lon="-71.314950">
        <ele>37.336410</ele>
        <time>2026-06-06T14:36:07.000Z</time>
      </trkpt>
      <trkpt lat="42.271204" lon="-71.314894">
        <ele>37.090159</ele>
        <time>2026-06-06T14:36:10.000Z</time>
      </trkpt>
      <trkpt lat="42.271122" lon="-71.314837">
        <ele>36.928266</ele>
        <time>2026-06-06T14:36:12.000Z</time>
      </trkpt>
      <trkpt lat="42.271021" lon="-71.314789">
        <ele>36.740299</ele>
        <time>2026-06-06T14:36:14.000Z</time>
      </trkpt>
      <trkpt lat="42.270921" lon="-71.314732">
        <ele>36.549754</ele>
        <time>2026-06-06T14:36:16.000Z</time>
      </trkpt>
      <trkpt lat="42.270837" lon="-71.314633">
        <ele>36.674038</ele>
        <time>2026-06-06T14:36:18.000Z</time>
      </trkpt>
      <trkpt lat="42.270730" lon="-71.314567">
        <ele>36.844116</ele>
        <time>2026-06-06T14:36:20.000Z</time>
      </trkpt>
      <trkpt lat="42.270627" lon="-71.314503">
        <ele>37.008044</ele>
        <time>2026-06-06T14:36:22.000Z</time>
      </trkpt>
      <trkpt lat="42.270520" lon="-71.314436">
        <ele>37.178569</ele>
        <time>2026-06-06T14:36:24.000Z</time>
      </trkpt>
      <trkpt lat="42.270406" lon="-71.314400">
        <ele>37.347855</ele>
        <time>2026-06-06T14:36:26.000Z</time>
      </trkpt>
      <trkpt lat="42.270317" lon="-71.314321">
        <ele>37.501829</ele>
        <time>2026-06-06T14:36:28.000Z</time>
      </trkpt>
      <trkpt lat="42.270229" lon="-71.314249">
        <ele>37.650583</ele>
        <time>2026-06-06T14:36:30.000Z</time>
      </trkpt>
      <trkpt lat="42.270101" lon="-71.314191">
        <ele>37.845800</ele>
        <time>2026-06-06T14:36:32.000Z</time>
      </trkpt>
      <trkpt lat="42.269998" lon="-71.314113">
        <ele>38.016530</ele>
        <time>2026-06-06T14:36:34.000Z</time>
      </trkpt>
      <trkpt lat="42.269899" lon="-71.314045">
        <ele>38.177115</ele>
        <time>2026-06-06T14:36:36.000Z</time>
      </trkpt>
      <trkpt lat="42.269811" lon="-71.313964">
        <ele>38.331078</ele>
        <time>2026-06-06T14:36:38.000Z</time>
      </trkpt>
      <trkpt lat="42.269726" lon="-71.313868">
        <ele>38.491262</ele>
        <time>2026-06-06T14:36:42.000Z</time>
      </trkpt>
      <trkpt lat="42.269447" lon="-71.313648">
        <ele>38.958357</ele>
        <time>2026-06-06T14:36:46.000Z</time>
      </trkpt>
      <trkpt lat="42.269369" lon="-71.313561">
        <ele>39.104602</ele>
        <time>2026-06-06T14:36:48.000Z</time>
      </trkpt>
      <trkpt lat="42.269294" lon="-71.313472">
        <ele>39.517863</ele>
        <time>2026-06-06T14:36:50.000Z</time>
      </trkpt>
      <trkpt lat="42.269223" lon="-71.313389">
        <ele>39.961576</ele>
        <time>2026-06-06T14:36:52.000Z</time>
      </trkpt>
      <trkpt lat="42.269158" lon="-71.313303">
        <ele>40.391524</ele>
        <time>2026-06-06T14:36:54.000Z</time>
      </trkpt>
      <trkpt lat="42.269088" lon="-71.313222">
        <ele>40.827093</ele>
        <time>2026-06-06T14:36:56.000Z</time>
      </trkpt>
      <trkpt lat="42.268999" lon="-71.313107">
        <ele>41.409094</ele>
        <time>2026-06-06T14:36:59.000Z</time>
      </trkpt>
      <trkpt lat="42.268905" lon="-71.312978">
        <ele>42.042302</ele>
        <time>2026-06-06T14:37:02.000Z</time>
      </trkpt>
      <trkpt lat="42.268802" lon="-71.312863">
        <ele>42.673787</ele>
        <time>2026-06-06T14:37:05.000Z</time>
      </trkpt>
      <trkpt lat="42.268724" lon="-71.312745">
        <ele>43.227177</ele>
        <time>2026-06-06T14:37:10.000Z</time>
      </trkpt>
      <trkpt lat="42.268644" lon="-71.312636">
        <ele>43.764121</ele>
        <time>2026-06-06T14:37:13.000Z</time>
      </trkpt>
      <trkpt lat="42.268555" lon="-71.312543">
        <ele>44.295863</ele>
        <time>2026-06-06T14:37:15.000Z</time>
      </trkpt>
      <trkpt lat="42.268480" lon="-71.312447">
        <ele>44.784121</ele>
        <time>2026-06-06T14:37:17.000Z</time>
      </trkpt>
      <trkpt lat="42.268396" lon="-71.312345">
        <ele>45.317877</ele>
        <time>2026-06-06T14:37:20.000Z</time>
      </trkpt>
      <trkpt lat="42.268287" lon="-71.312249">
        <ele>45.932816</ele>
        <time>2026-06-06T14:37:22.000Z</time>
      </trkpt>
      <trkpt lat="42.268198" lon="-71.312171">
        <ele>46.434187</ele>
        <time>2026-06-06T14:37:24.000Z</time>
      </trkpt>
      <trkpt lat="42.268021" lon="-71.311978">
        <ele>47.509143</ele>
        <time>2026-06-06T14:37:28.000Z</time>
      </trkpt>
      <trkpt lat="42.267940" lon="-71.311904">
        <ele>47.769160</ele>
        <time>2026-06-06T14:37:30.000Z</time>
      </trkpt>
      <trkpt lat="42.267825" lon="-71.311822">
        <ele>48.018125</ele>
        <time>2026-06-06T14:37:33.000Z</time>
      </trkpt>
      <trkpt lat="42.267723" lon="-71.311736">
        <ele>48.248321</ele>
        <time>2026-06-06T14:37:36.000Z</time>
      </trkpt>
      <trkpt lat="42.267614" lon="-71.311649">
        <ele>48.490710</ele>
        <time>2026-06-06T14:37:39.000Z</time>
      </trkpt>
      <trkpt lat="42.267508" lon="-71.311579">
        <ele>48.716607</ele>
        <time>2026-06-06T14:37:42.000Z</time>
      </trkpt>
      <trkpt lat="42.267412" lon="-71.311461">
        <ele>48.965084</ele>
        <time>2026-06-06T14:37:45.000Z</time>
      </trkpt>
      <trkpt lat="42.267317" lon="-71.311377">
        <ele>49.182460</ele>
        <time>2026-06-06T14:37:47.000Z</time>
      </trkpt>
      <trkpt lat="42.267228" lon="-71.311311">
        <ele>49.376842</ele>
        <time>2026-06-06T14:37:51.000Z</time>
      </trkpt>
      <trkpt lat="42.267130" lon="-71.311215">
        <ele>49.608600</ele>
        <time>2026-06-06T14:37:54.000Z</time>
      </trkpt>
      <trkpt lat="42.266961" lon="-71.311115">
        <ele>49.961847</ele>
        <time>2026-06-06T14:37:56.000Z</time>
      </trkpt>
      <trkpt lat="42.266874" lon="-71.311057">
        <ele>50.147596</ele>
        <time>2026-06-06T14:37:58.000Z</time>
      </trkpt>
      <trkpt lat="42.266775" lon="-71.310995">
        <ele>50.356519</ele>
        <time>2026-06-06T14:38:00.000Z</time>
      </trkpt>
      <trkpt lat="42.266687" lon="-71.310934">
        <ele>50.545888</ele>
        <time>2026-06-06T14:38:02.000Z</time>
      </trkpt>
      <trkpt lat="42.266601" lon="-71.310874">
        <ele>50.731204</ele>
        <time>2026-06-06T14:38:04.000Z</time>
      </trkpt>
      <trkpt lat="42.266513" lon="-71.310817">
        <ele>50.918055</ele>
        <time>2026-06-06T14:38:06.000Z</time>
      </trkpt>
      <trkpt lat="42.266415" lon="-71.310745">
        <ele>51.201633</ele>
        <time>2026-06-06T14:38:09.000Z</time>
      </trkpt>
      <trkpt lat="42.266305" lon="-71.310679">
        <ele>51.718934</ele>
        <time>2026-06-06T14:38:12.000Z</time>
      </trkpt>
      <trkpt lat="42.266177" lon="-71.310588">
        <ele>52.340585</ele>
        <time>2026-06-06T14:38:15.000Z</time>
      </trkpt>
      <trkpt lat="42.266087" lon="-71.310521">
        <ele>52.782231</ele>
        <time>2026-06-06T14:38:20.000Z</time>
      </trkpt>
      <trkpt lat="42.266006" lon="-71.310468">
        <ele>53.169044</ele>
        <time>2026-06-06T14:38:23.000Z</time>
      </trkpt>
      <trkpt lat="42.265907" lon="-71.310417">
        <ele>53.624428</ele>
        <time>2026-06-06T14:38:26.000Z</time>
      </trkpt>
      <trkpt lat="42.265783" lon="-71.310366">
        <ele>54.181532</ele>
        <time>2026-06-06T14:38:29.000Z</time>
      </trkpt>
      <trkpt lat="42.265656" lon="-71.310326">
        <ele>54.742022</ele>
        <time>2026-06-06T14:38:32.000Z</time>
      </trkpt>
      <trkpt lat="42.265533" lon="-71.310275">
        <ele>55.295015</ele>
        <time>2026-06-06T14:38:35.000Z</time>
      </trkpt>
      <trkpt lat="42.265436" lon="-71.310244">
        <ele>55.723432</ele>
        <time>2026-06-06T14:38:37.000Z</time>
      </trkpt>
      <trkpt lat="42.265311" lon="-71.310212">
        <ele>56.270251</ele>
        <time>2026-06-06T14:38:39.000Z</time>
      </trkpt>
      <trkpt lat="42.265212" lon="-71.310193">
        <ele>56.700033</ele>
        <time>2026-06-06T14:38:41.000Z</time>
      </trkpt>
      <trkpt lat="42.265109" lon="-71.310157">
        <ele>57.157306</ele>
        <time>2026-06-06T14:38:44.000Z</time>
      </trkpt>
      <trkpt lat="42.265000" lon="-71.310119">
        <ele>57.641139</ele>
        <time>2026-06-06T14:38:47.000Z</time>
      </trkpt>
      <trkpt lat="42.264884" lon="-71.310090">
        <ele>58.148179</ele>
        <time>2026-06-06T14:38:50.000Z</time>
      </trkpt>
      <trkpt lat="42.264767" lon="-71.310060">
        <ele>58.660030</ele>
        <time>2026-06-06T14:38:53.000Z</time>
      </trkpt>
      <trkpt lat="42.264644" lon="-71.310039">
        <ele>58.970481</ele>
        <time>2026-06-06T14:38:56.000Z</time>
      </trkpt>
      <trkpt lat="42.264538" lon="-71.309981">
        <ele>59.179339</ele>
        <time>2026-06-06T14:38:59.000Z</time>
      </trkpt>
      <trkpt lat="42.264434" lon="-71.309903">
        <ele>59.396570</ele>
        <time>2026-06-06T14:39:03.000Z</time>
      </trkpt>
      <trkpt lat="42.264330" lon="-71.309863">
        <ele>59.594050</ele>
        <time>2026-06-06T14:39:07.000Z</time>
      </trkpt>
      <trkpt lat="42.264216" lon="-71.309837">
        <ele>59.805193</ele>
        <time>2026-06-06T14:39:10.000Z</time>
      </trkpt>
      <trkpt lat="42.264120" lon="-71.309776">
        <ele>59.998936</ele>
        <time>2026-06-06T14:39:13.000Z</time>
      </trkpt>
      <trkpt lat="42.264020" lon="-71.309736">
        <ele>60.189400</ele>
        <time>2026-06-06T14:39:16.000Z</time>
      </trkpt>
      <trkpt lat="42.263910" lon="-71.309692">
        <ele>60.398911</ele>
        <time>2026-06-06T14:39:19.000Z</time>
      </trkpt>
      <trkpt lat="42.263813" lon="-71.309642">
        <ele>60.588515</ele>
        <time>2026-06-06T14:39:22.000Z</time>
      </trkpt>
      <trkpt lat="42.263711" lon="-71.309551">
        <ele>60.811738</ele>
        <time>2026-06-06T14:39:26.000Z</time>
      </trkpt>
      <trkpt lat="42.263623" lon="-71.309455">
        <ele>61.018292</ele>
        <time>2026-06-06T14:39:30.000Z</time>
      </trkpt>
      <trkpt lat="42.263533" lon="-71.309355">
        <ele>61.231093</ele>
        <time>2026-06-06T14:39:34.000Z</time>
      </trkpt>
      <trkpt lat="42.263446" lon="-71.309268">
        <ele>61.428760</ele>
        <time>2026-06-06T14:39:38.000Z</time>
      </trkpt>
      <trkpt lat="42.263366" lon="-71.309188">
        <ele>61.610523</ele>
        <time>2026-06-06T14:39:42.000Z</time>
      </trkpt>
      <trkpt lat="42.263310" lon="-71.309086">
        <ele>61.782178</ele>
        <time>2026-06-06T14:39:47.000Z</time>
      </trkpt>
      <trkpt lat="42.263222" lon="-71.308891">
        <ele>62.090872</ele>
        <time>2026-06-06T14:43:00.000Z</time>
      </trkpt>
      <trkpt lat="42.263170" lon="-71.308775">
        <ele>61.882413</ele>
        <time>2026-06-06T14:43:03.000Z</time>
      </trkpt>
      <trkpt lat="42.263105" lon="-71.308636">
        <ele>61.629303</ele>
        <time>2026-06-06T14:43:06.000Z</time>
      </trkpt>
      <trkpt lat="42.263061" lon="-71.308526">
        <ele>61.436820</ele>
        <time>2026-06-06T14:43:08.000Z</time>
      </trkpt>
      <trkpt lat="42.263019" lon="-71.308400">
        <ele>61.224092</ele>
        <time>2026-06-06T14:43:10.000Z</time>
      </trkpt>
      <trkpt lat="42.262973" lon="-71.308272">
        <ele>61.005048</ele>
        <time>2026-06-06T14:43:12.000Z</time>
      </trkpt>
      <trkpt lat="42.262890" lon="-71.307997">
        <ele>60.547867</ele>
        <time>2026-06-06T14:43:16.000Z</time>
      </trkpt>
      <trkpt lat="42.262834" lon="-71.307859">
        <ele>60.305592</ele>
        <time>2026-06-06T14:43:18.000Z</time>
      </trkpt>
      <trkpt lat="42.262790" lon="-71.307704">
        <ele>60.050037</ele>
        <time>2026-06-06T14:43:20.000Z</time>
      </trkpt>
      <trkpt lat="42.262746" lon="-71.307561">
        <ele>59.811637</ele>
        <time>2026-06-06T14:43:22.000Z</time>
      </trkpt>
      <trkpt lat="42.262706" lon="-71.307437">
        <ele>59.603408</ele>
        <time>2026-06-06T14:43:24.000Z</time>
      </trkpt>
      <trkpt lat="42.262659" lon="-71.307300">
        <ele>59.370954</ele>
        <time>2026-06-06T14:43:26.000Z</time>
      </trkpt>
      <trkpt lat="42.262597" lon="-71.307148">
        <ele>59.103781</ele>
        <time>2026-06-06T14:43:28.000Z</time>
      </trkpt>
      <trkpt lat="42.262519" lon="-71.307030">
        <ele>58.860225</ele>
        <time>2026-06-06T14:43:30.000Z</time>
      </trkpt>
      <trkpt lat="42.262439" lon="-71.306913">
        <ele>58.615011</ele>
        <time>2026-06-06T14:43:32.000Z</time>
      </trkpt>
      <trkpt lat="42.262362" lon="-71.306818">
        <ele>58.398125</ele>
        <time>2026-06-06T14:43:34.000Z</time>
      </trkpt>
      <trkpt lat="42.262263" lon="-71.306728">
        <ele>59.074757</ele>
        <time>2026-06-06T14:43:36.000Z</time>
      </trkpt>
      <trkpt lat="42.262169" lon="-71.306640">
        <ele>59.937910</ele>
        <time>2026-06-06T14:43:38.000Z</time>
      </trkpt>
      <trkpt lat="42.262067" lon="-71.306586">
        <ele>60.764779</ele>
        <time>2026-06-06T14:43:40.000Z</time>
      </trkpt>
      <trkpt lat="42.261951" lon="-71.306530">
        <ele>61.694538</ele>
        <time>2026-06-06T14:43:42.000Z</time>
      </trkpt>
      <trkpt lat="42.261841" lon="-71.306517">
        <ele>62.527975</ele>
        <time>2026-06-06T14:43:44.000Z</time>
      </trkpt>
      <trkpt lat="42.261729" lon="-71.306513">
        <ele>63.373634</ele>
        <time>2026-06-06T14:43:46.000Z</time>
      </trkpt>
      <trkpt lat="42.261628" lon="-71.306504">
        <ele>64.137627</ele>
        <time>2026-06-06T14:43:48.000Z</time>
      </trkpt>
      <trkpt lat="42.261507" lon="-71.306492">
        <ele>65.053379</ele>
        <time>2026-06-06T14:43:50.000Z</time>
      </trkpt>
      <trkpt lat="42.261406" lon="-71.306474">
        <ele>65.822318</ele>
        <time>2026-06-06T14:43:52.000Z</time>
      </trkpt>
      <trkpt lat="42.261304" lon="-71.306459">
        <ele>66.596749</ele>
        <time>2026-06-06T14:43:55.000Z</time>
      </trkpt>
      <trkpt lat="42.261211" lon="-71.306432">
        <ele>67.314724</ele>
        <time>2026-06-06T14:43:59.000Z</time>
      </trkpt>
      <trkpt lat="42.261119" lon="-71.306409">
        <ele>68.020915</ele>
        <time>2026-06-06T14:44:02.000Z</time>
      </trkpt>
      <trkpt lat="42.261008" lon="-71.306392">
        <ele>68.864096</ele>
        <time>2026-06-06T14:44:05.000Z</time>
      </trkpt>
      <trkpt lat="42.260914" lon="-71.306383">
        <ele>69.575377</ele>
        <time>2026-06-06T14:44:08.000Z</time>
      </trkpt>
      <trkpt lat="42.260824" lon="-71.306364">
        <ele>70.262928</ele>
        <time>2026-06-06T14:44:11.000Z</time>
      </trkpt>
      <trkpt lat="42.260706" lon="-71.306338">
        <ele>71.165344</ele>
        <time>2026-06-06T14:44:15.000Z</time>
      </trkpt>
      <trkpt lat="42.260612" lon="-71.306304">
        <ele>71.899827</ele>
        <time>2026-06-06T14:44:19.000Z</time>
      </trkpt>
      <trkpt lat="42.260504" lon="-71.306245">
        <ele>71.693266</ele>
        <time>2026-06-06T14:44:23.000Z</time>
      </trkpt>
      <trkpt lat="42.260404" lon="-71.306179">
        <ele>71.464482</ele>
        <time>2026-06-06T14:44:27.000Z</time>
      </trkpt>
      <trkpt lat="42.260327" lon="-71.306105">
        <ele>71.270237</ele>
        <time>2026-06-06T14:44:30.000Z</time>
      </trkpt>
      <trkpt lat="42.260242" lon="-71.306028">
        <ele>71.059865</ele>
        <time>2026-06-06T14:44:33.000Z</time>
      </trkpt>
      <trkpt lat="42.260156" lon="-71.305973">
        <ele>70.864271</ele>
        <time>2026-06-06T14:44:36.000Z</time>
      </trkpt>
      <trkpt lat="42.260072" lon="-71.305864">
        <ele>70.624855</ele>
        <time>2026-06-06T14:44:40.000Z</time>
      </trkpt>
      <trkpt lat="42.259990" lon="-71.305805">
        <ele>70.433877</ele>
        <time>2026-06-06T14:44:43.000Z</time>
      </trkpt>
      <trkpt lat="42.259682" lon="-71.305464">
        <ele>69.615310</ele>
        <time>2026-06-06T14:44:45.000Z</time>
      </trkpt>
      <trkpt lat="42.259576" lon="-71.305344">
        <ele>69.331029</ele>
        <time>2026-06-06T14:44:47.000Z</time>
      </trkpt>
      <trkpt lat="42.259490" lon="-71.305216">
        <ele>69.068007</ele>
        <time>2026-06-06T14:44:49.000Z</time>
      </trkpt>
      <trkpt lat="42.259402" lon="-71.305065">
        <ele>68.775595</ele>
        <time>2026-06-06T14:44:51.000Z</time>
      </trkpt>
      <trkpt lat="42.259306" lon="-71.304923">
        <ele>68.482983</ele>
        <time>2026-06-06T14:44:53.000Z</time>
      </trkpt>
      <trkpt lat="42.259232" lon="-71.304756">
        <ele>68.077054</ele>
        <time>2026-06-06T14:44:55.000Z</time>
      </trkpt>
      <trkpt lat="42.259154" lon="-71.304613">
        <ele>67.089515</ele>
        <time>2026-06-06T14:44:57.000Z</time>
      </trkpt>
      <trkpt lat="42.259083" lon="-71.304471">
        <ele>66.136845</ele>
        <time>2026-06-06T14:44:59.000Z</time>
      </trkpt>
      <trkpt lat="42.259007" lon="-71.304347">
        <ele>65.241816</ele>
        <time>2026-06-06T14:45:01.000Z</time>
      </trkpt>
      <trkpt lat="42.258942" lon="-71.304219">
        <ele>64.378843</ele>
        <time>2026-06-06T14:45:03.000Z</time>
      </trkpt>
      <trkpt lat="42.258883" lon="-71.304106">
        <ele>63.610061</ele>
        <time>2026-06-06T14:45:05.000Z</time>
      </trkpt>
      <trkpt lat="42.258832" lon="-71.303963">
        <ele>62.727605</ele>
        <time>2026-06-06T14:45:07.000Z</time>
      </trkpt>
      <trkpt lat="42.258786" lon="-71.303814">
        <ele>61.830102</ele>
        <time>2026-06-06T14:45:09.000Z</time>
      </trkpt>
      <trkpt lat="42.258736" lon="-71.303680">
        <ele>60.995845</ele>
        <time>2026-06-06T14:45:11.000Z</time>
      </trkpt>
      <trkpt lat="42.258690" lon="-71.303529">
        <ele>60.088070</ele>
        <time>2026-06-06T14:45:13.000Z</time>
      </trkpt>
      <trkpt lat="42.258649" lon="-71.303386">
        <ele>59.235529</ele>
        <time>2026-06-06T14:45:15.000Z</time>
      </trkpt>
      <trkpt lat="42.258599" lon="-71.303233">
        <ele>58.305736</ele>
        <time>2026-06-06T14:45:17.000Z</time>
      </trkpt>
      <trkpt lat="42.258552" lon="-71.303063">
        <ele>57.296876</ele>
        <time>2026-06-06T14:45:19.000Z</time>
      </trkpt>
      <trkpt lat="42.258487" lon="-71.302881">
        <ele>56.173449</ele>
        <time>2026-06-06T14:45:21.000Z</time>
      </trkpt>
      <trkpt lat="42.258412" lon="-71.302693">
        <ele>54.986146</ele>
        <time>2026-06-06T14:45:23.000Z</time>
      </trkpt>
      <trkpt lat="42.258325" lon="-71.302506">
        <ele>54.281733</ele>
        <time>2026-06-06T14:45:25.000Z</time>
      </trkpt>
      <trkpt lat="42.258229" lon="-71.302333">
        <ele>53.735326</ele>
        <time>2026-06-06T14:45:27.000Z</time>
      </trkpt>
      <trkpt lat="42.258131" lon="-71.302147">
        <ele>53.158363</ele>
        <time>2026-06-06T14:45:29.000Z</time>
      </trkpt>
      <trkpt lat="42.258031" lon="-71.301966">
        <ele>52.587586</ele>
        <time>2026-06-06T14:45:31.000Z</time>
      </trkpt>
      <trkpt lat="42.257924" lon="-71.301784">
        <ele>52.000222</ele>
        <time>2026-06-06T14:45:33.000Z</time>
      </trkpt>
      <trkpt lat="42.257829" lon="-71.301600">
        <ele>51.433288</ele>
        <time>2026-06-06T14:45:35.000Z</time>
      </trkpt>
      <trkpt lat="42.257772" lon="-71.301426">
        <ele>50.952437</ele>
        <time>2026-06-06T14:45:37.000Z</time>
      </trkpt>
      <trkpt lat="42.257714" lon="-71.301227">
        <ele>50.411968</ele>
        <time>2026-06-06T14:45:39.000Z</time>
      </trkpt>
      <trkpt lat="42.257652" lon="-71.301039">
        <ele>49.891854</ele>
        <time>2026-06-06T14:45:41.000Z</time>
      </trkpt>
      <trkpt lat="42.257607" lon="-71.300859">
        <ele>49.411736</ele>
        <time>2026-06-06T14:45:43.000Z</time>
      </trkpt>
      <trkpt lat="42.257570" lon="-71.300677">
        <ele>48.934777</ele>
        <time>2026-06-06T14:45:45.000Z</time>
      </trkpt>
      <trkpt lat="42.257540" lon="-71.300511">
        <ele>48.581345</ele>
        <time>2026-06-06T14:45:47.000Z</time>
      </trkpt>
      <trkpt lat="42.257519" lon="-71.300350">
        <ele>48.606615</ele>
        <time>2026-06-06T14:45:49.000Z</time>
      </trkpt>
      <trkpt lat="42.257501" lon="-71.300208">
        <ele>48.628884</ele>
        <time>2026-06-06T14:45:51.000Z</time>
      </trkpt>
      <trkpt lat="42.257491" lon="-71.300068">
        <ele>48.650625</ele>
        <time>2026-06-06T14:45:53.000Z</time>
      </trkpt>
      <trkpt lat="42.257457" lon="-71.299930">
        <ele>48.673107</ele>
        <time>2026-06-06T14:45:55.000Z</time>
      </trkpt>
      <trkpt lat="42.257433" lon="-71.299763">
        <ele>48.699404</ele>
        <time>2026-06-06T14:45:57.000Z</time>
      </trkpt>
      <trkpt lat="42.257404" lon="-71.299603">
        <ele>48.724867</ele>
        <time>2026-06-06T14:45:59.000Z</time>
      </trkpt>
      <trkpt lat="42.257388" lon="-71.299433">
        <ele>48.751356</ele>
        <time>2026-06-06T14:46:01.000Z</time>
      </trkpt>
      <trkpt lat="42.257383" lon="-71.299298">
        <ele>48.772250</ele>
        <time>2026-06-06T14:46:03.000Z</time>
      </trkpt>
      <trkpt lat="42.257361" lon="-71.299152">
        <ele>48.795281</ele>
        <time>2026-06-06T14:46:05.000Z</time>
      </trkpt>
      <trkpt lat="42.257337" lon="-71.298999">
        <ele>48.819456</ele>
        <time>2026-06-06T14:46:07.000Z</time>
      </trkpt>
      <trkpt lat="42.257311" lon="-71.298846">
        <ele>48.843722</ele>
        <time>2026-06-06T14:46:09.000Z</time>
      </trkpt>
      <trkpt lat="42.257287" lon="-71.298691">
        <ele>48.868200</ele>
        <time>2026-06-06T14:46:11.000Z</time>
      </trkpt>
      <trkpt lat="42.257275" lon="-71.298537">
        <ele>48.892136</ele>
        <time>2026-06-06T14:46:13.000Z</time>
      </trkpt>
      <trkpt lat="42.257257" lon="-71.298379">
        <ele>48.916847</ele>
        <time>2026-06-06T14:46:16.000Z</time>
      </trkpt>
      <trkpt lat="42.257239" lon="-71.298246">
        <ele>48.937746</ele>
        <time>2026-06-06T14:46:18.000Z</time>
      </trkpt>
      <trkpt lat="42.257206" lon="-71.298060">
        <ele>48.949260</ele>
        <time>2026-06-06T14:46:19.000Z</time>
      </trkpt>
      <trkpt lat="42.257140" lon="-71.297908">
        <ele>48.943365</ele>
        <time>2026-06-06T14:46:21.000Z</time>
      </trkpt>
      <trkpt lat="42.257054" lon="-71.297761">
        <ele>48.937098</ele>
        <time>2026-06-06T14:46:23.000Z</time>
      </trkpt>
      <trkpt lat="42.256942" lon="-71.297634">
        <ele>48.930490</ele>
        <time>2026-06-06T14:46:25.000Z</time>
      </trkpt>
      <trkpt lat="42.256811" lon="-71.297544">
        <ele>48.923848</ele>
        <time>2026-06-06T14:46:27.000Z</time>
      </trkpt>
      <trkpt lat="42.256666" lon="-71.297488">
        <ele>48.917033</ele>
        <time>2026-06-06T14:46:29.000Z</time>
      </trkpt>
      <trkpt lat="42.256515" lon="-71.297441">
        <ele>48.910030</ele>
        <time>2026-06-06T14:46:31.000Z</time>
      </trkpt>
      <trkpt lat="42.256383" lon="-71.297400">
        <ele>48.903909</ele>
        <time>2026-06-06T14:46:33.000Z</time>
      </trkpt>
      <trkpt lat="42.256274" lon="-71.297363">
        <ele>48.898830</ele>
        <time>2026-06-06T14:46:35.000Z</time>
      </trkpt>
      <trkpt lat="42.256176" lon="-71.297337">
        <ele>48.894316</ele>
        <time>2026-06-06T14:46:37.000Z</time>
      </trkpt>
      <trkpt lat="42.256043" lon="-71.297293">
        <ele>48.888128</ele>
        <time>2026-06-06T14:46:39.000Z</time>
      </trkpt>
      <trkpt lat="42.255955" lon="-71.297264">
        <ele>48.884035</ele>
        <time>2026-06-06T14:46:41.000Z</time>
      </trkpt>
      <trkpt lat="42.255849" lon="-71.297214">
        <ele>48.878961</ele>
        <time>2026-06-06T14:46:43.000Z</time>
      </trkpt>
      <trkpt lat="42.255759" lon="-71.297184">
        <ele>48.874771</ele>
        <time>2026-06-06T14:46:45.000Z</time>
      </trkpt>
      <trkpt lat="42.255639" lon="-71.297151">
        <ele>48.850621</ele>
        <time>2026-06-06T14:46:48.000Z</time>
      </trkpt>
      <trkpt lat="42.255321" lon="-71.297075">
        <ele>48.696610</ele>
        <time>2026-06-06T14:48:18.000Z</time>
      </trkpt>
      <trkpt lat="42.255222" lon="-71.297079">
        <ele>48.649375</ele>
        <time>2026-06-06T14:48:21.000Z</time>
      </trkpt>
      <trkpt lat="42.255126" lon="-71.297075">
        <ele>48.603570</ele>
        <time>2026-06-06T14:48:23.000Z</time>
      </trkpt>
      <trkpt lat="42.254989" lon="-71.297091">
        <ele>48.537990</ele>
        <time>2026-06-06T14:48:26.000Z</time>
      </trkpt>
      <trkpt lat="42.254853" lon="-71.297089">
        <ele>48.473126</ele>
        <time>2026-06-06T14:48:29.000Z</time>
      </trkpt>
      <trkpt lat="42.254721" lon="-71.297082">
        <ele>48.410126</ele>
        <time>2026-06-06T14:48:32.000Z</time>
      </trkpt>
      <trkpt lat="42.254599" lon="-71.297097">
        <ele>48.351703</ele>
        <time>2026-06-06T14:48:36.000Z</time>
      </trkpt>
      <trkpt lat="42.254417" lon="-71.297087">
        <ele>48.264834</ele>
        <time>2026-06-06T14:48:38.000Z</time>
      </trkpt>
      <trkpt lat="42.254321" lon="-71.297076">
        <ele>48.218886</ele>
        <time>2026-06-06T14:48:40.000Z</time>
      </trkpt>
      <trkpt lat="42.254219" lon="-71.297056">
        <ele>48.169732</ele>
        <time>2026-06-06T14:48:42.000Z</time>
      </trkpt>
      <trkpt lat="42.254093" lon="-71.297033">
        <ele>48.109095</ele>
        <time>2026-06-06T14:48:44.000Z</time>
      </trkpt>
      <trkpt lat="42.253972" lon="-71.297006">
        <ele>48.050608</ele>
        <time>2026-06-06T14:48:46.000Z</time>
      </trkpt>
      <trkpt lat="42.253849" lon="-71.296973">
        <ele>48.059016</ele>
        <time>2026-06-06T14:48:48.000Z</time>
      </trkpt>
      <trkpt lat="42.253724" lon="-71.296943">
        <ele>48.181260</ele>
        <time>2026-06-06T14:48:50.000Z</time>
      </trkpt>
      <trkpt lat="42.253601" lon="-71.296942">
        <ele>48.299695</ele>
        <time>2026-06-06T14:48:52.000Z</time>
      </trkpt>
      <trkpt lat="42.253482" lon="-71.296958">
        <ele>48.414844</ele>
        <time>2026-06-06T14:48:54.000Z</time>
      </trkpt>
      <trkpt lat="42.253368" lon="-71.296989">
        <ele>48.526813</ele>
        <time>2026-06-06T14:48:56.000Z</time>
      </trkpt>
      <trkpt lat="42.253258" lon="-71.297063">
        <ele>48.645133</ele>
        <time>2026-06-06T14:48:58.000Z</time>
      </trkpt>
      <trkpt lat="42.253174" lon="-71.297143">
        <ele>48.744091</ele>
        <time>2026-06-06T14:49:00.000Z</time>
      </trkpt>
      <trkpt lat="42.253094" lon="-71.297231">
        <ele>48.843425</ele>
        <time>2026-06-06T14:49:02.000Z</time>
      </trkpt>
      <trkpt lat="42.253021" lon="-71.297330">
        <ele>48.943019</ele>
        <time>2026-06-06T14:49:04.000Z</time>
      </trkpt>
      <trkpt lat="42.252951" lon="-71.297415">
        <ele>49.033644</ele>
        <time>2026-06-06T14:49:06.000Z</time>
      </trkpt>
      <trkpt lat="42.252874" lon="-71.297495">
        <ele>49.127174</ele>
        <time>2026-06-06T14:49:08.000Z</time>
      </trkpt>
      <trkpt lat="42.252783" lon="-71.297605">
        <ele>49.244748</ele>
        <time>2026-06-06T14:49:11.000Z</time>
      </trkpt>
      <trkpt lat="42.252685" lon="-71.297687">
        <ele>49.355742</ele>
        <time>2026-06-06T14:49:15.000Z</time>
      </trkpt>
      <trkpt lat="42.252588" lon="-71.297762">
        <ele>49.463355</ele>
        <time>2026-06-06T14:49:18.000Z</time>
      </trkpt>
      <trkpt lat="42.252487" lon="-71.297815">
        <ele>49.567684</ele>
        <time>2026-06-06T14:49:20.000Z</time>
      </trkpt>
      <trkpt lat="42.252362" lon="-71.297839">
        <ele>49.689253</ele>
        <time>2026-06-06T14:49:23.000Z</time>
      </trkpt>
      <trkpt lat="42.252251" lon="-71.297864">
        <ele>49.847708</ele>
        <time>2026-06-06T14:49:27.000Z</time>
      </trkpt>
      <trkpt lat="42.252144" lon="-71.297876">
        <ele>50.050049</ele>
        <time>2026-06-06T14:49:30.000Z</time>
      </trkpt>
      <trkpt lat="42.252025" lon="-71.297873">
        <ele>50.274350</ele>
        <time>2026-06-06T14:49:33.000Z</time>
      </trkpt>
      <trkpt lat="42.251901" lon="-71.297863">
        <ele>50.508451</ele>
        <time>2026-06-06T14:49:36.000Z</time>
      </trkpt>
      <trkpt lat="42.251795" lon="-71.297854">
        <ele>50.708608</ele>
        <time>2026-06-06T14:49:38.000Z</time>
      </trkpt>
      <trkpt lat="42.251696" lon="-71.297851">
        <ele>50.895226</ele>
        <time>2026-06-06T14:49:40.000Z</time>
      </trkpt>
      <trkpt lat="42.251602" lon="-71.297845">
        <ele>51.072572</ele>
        <time>2026-06-06T14:49:41.000Z</time>
      </trkpt>
      <trkpt lat="42.251484" lon="-71.297833">
        <ele>51.295579</ele>
        <time>2026-06-06T14:49:43.000Z</time>
      </trkpt>
      <trkpt lat="42.251384" lon="-71.297817">
        <ele>51.485352</ele>
        <time>2026-06-06T14:49:46.000Z</time>
      </trkpt>
      <trkpt lat="42.251183" lon="-71.297777">
        <ele>51.868235</ele>
        <time>2026-06-06T14:49:48.000Z</time>
      </trkpt>
      <trkpt lat="42.251053" lon="-71.297764">
        <ele>52.113898</ele>
        <time>2026-06-06T14:49:51.000Z</time>
      </trkpt>
      <trkpt lat="42.250935" lon="-71.297749">
        <ele>52.337258</ele>
        <time>2026-06-06T14:49:54.000Z</time>
      </trkpt>
      <trkpt lat="42.250814" lon="-71.297736">
        <ele>52.566009</ele>
        <time>2026-06-06T14:49:57.000Z</time>
      </trkpt>
      <trkpt lat="42.250723" lon="-71.297742">
        <ele>52.737708</ele>
        <time>2026-06-06T14:49:59.000Z</time>
      </trkpt>
      <trkpt lat="42.250615" lon="-71.297743">
        <ele>52.941245</ele>
        <time>2026-06-06T14:50:01.000Z</time>
      </trkpt>
      <trkpt lat="42.250525" lon="-71.297749">
        <ele>53.111062</ele>
        <time>2026-06-06T14:50:03.000Z</time>
      </trkpt>
      <trkpt lat="42.250391" lon="-71.297773">
        <ele>53.489182</ele>
        <time>2026-06-06T14:50:06.000Z</time>
      </trkpt>
      <trkpt lat="42.250279" lon="-71.297785">
        <ele>53.814059</ele>
        <time>2026-06-06T14:50:09.000Z</time>
      </trkpt>
      <trkpt lat="42.250189" lon="-71.297805">
        <ele>54.077800</ele>
        <time>2026-06-06T14:50:13.000Z</time>
      </trkpt>
      <trkpt lat="42.250014" lon="-71.297829">
        <ele>54.586431</ele>
        <time>2026-06-06T14:50:15.000Z</time>
      </trkpt>
      <trkpt lat="42.249924" lon="-71.297851">
        <ele>54.850902</ele>
        <time>2026-06-06T14:50:17.000Z</time>
      </trkpt>
      <trkpt lat="42.249828" lon="-71.297859">
        <ele>55.129023</ele>
        <time>2026-06-06T14:50:19.000Z</time>
      </trkpt>
      <trkpt lat="42.249725" lon="-71.297877">
        <ele>55.429340</ele>
        <time>2026-06-06T14:50:21.000Z</time>
      </trkpt>
      <trkpt lat="42.249612" lon="-71.297902">
        <ele>55.760444</ele>
        <time>2026-06-06T14:50:24.000Z</time>
      </trkpt>
      <trkpt lat="42.249498" lon="-71.297926">
        <ele>56.094065</ele>
        <time>2026-06-06T14:50:27.000Z</time>
      </trkpt>
      <trkpt lat="42.249381" lon="-71.297937">
        <ele>56.433201</ele>
        <time>2026-06-06T14:50:30.000Z</time>
      </trkpt>
      <trkpt lat="42.249276" lon="-71.297993">
        <ele>56.759624</ele>
        <time>2026-06-06T14:50:34.000Z</time>
      </trkpt>
      <trkpt lat="42.249176" lon="-71.298024">
        <ele>57.056299</ele>
        <time>2026-06-06T14:50:38.000Z</time>
      </trkpt>
      <trkpt lat="42.249082" lon="-71.298055">
        <ele>57.336092</ele>
        <time>2026-06-06T14:50:42.000Z</time>
      </trkpt>
      <trkpt lat="42.248974" lon="-71.298081">
        <ele>57.653305</ele>
        <time>2026-06-06T14:50:46.000Z</time>
      </trkpt>
      <trkpt lat="42.248862" lon="-71.298102">
        <ele>57.980269</ele>
        <time>2026-06-06T14:50:50.000Z</time>
      </trkpt>
      <trkpt lat="42.248762" lon="-71.298122">
        <ele>58.272581</ele>
        <time>2026-06-06T14:50:53.000Z</time>
      </trkpt>
      <trkpt lat="42.248672" lon="-71.298139">
        <ele>58.220932</ele>
        <time>2026-06-06T14:50:56.000Z</time>
      </trkpt>
      <trkpt lat="42.248557" lon="-71.298159">
        <ele>58.027742</ele>
        <time>2026-06-06T14:50:59.000Z</time>
      </trkpt>
      <trkpt lat="42.248441" lon="-71.298178">
        <ele>57.833052</ele>
        <time>2026-06-06T14:51:02.000Z</time>
      </trkpt>
      <trkpt lat="42.248313" lon="-71.298201">
        <ele>57.617905</ele>
        <time>2026-06-06T14:51:05.000Z</time>
      </trkpt>
      <trkpt lat="42.248189" lon="-71.298223">
        <ele>57.409527</ele>
        <time>2026-06-06T14:51:08.000Z</time>
      </trkpt>
      <trkpt lat="42.248077" lon="-71.298243">
        <ele>57.221294</ele>
        <time>2026-06-06T14:51:11.000Z</time>
      </trkpt>
      <trkpt lat="42.247957" lon="-71.298264">
        <ele>57.019684</ele>
        <time>2026-06-06T14:51:13.000Z</time>
      </trkpt>
      <trkpt lat="42.247831" lon="-71.298285">
        <ele>56.808156</ele>
        <time>2026-06-06T14:51:15.000Z</time>
      </trkpt>
      <trkpt lat="42.247692" lon="-71.298309">
        <ele>56.574676</ele>
        <time>2026-06-06T14:51:17.000Z</time>
      </trkpt>
      <trkpt lat="42.247554" lon="-71.298324">
        <ele>56.344002</ele>
        <time>2026-06-06T14:51:19.000Z</time>
      </trkpt>
      <trkpt lat="42.247408" lon="-71.298349">
        <ele>56.098796</ele>
        <time>2026-06-06T14:51:21.000Z</time>
      </trkpt>
      <trkpt lat="42.247251" lon="-71.298361">
        <ele>55.836791</ele>
        <time>2026-06-06T14:51:23.000Z</time>
      </trkpt>
      <trkpt lat="42.247088" lon="-71.298383">
        <ele>55.563855</ele>
        <time>2026-06-06T14:51:25.000Z</time>
      </trkpt>
      <trkpt lat="42.246921" lon="-71.298409">
        <ele>55.202364</ele>
        <time>2026-06-06T14:51:27.000Z</time>
      </trkpt>
      <trkpt lat="42.246758" lon="-71.298452">
        <ele>54.518207</ele>
        <time>2026-06-06T14:51:29.000Z</time>
      </trkpt>
      <trkpt lat="42.246605" lon="-71.298477">
        <ele>53.883334</ele>
        <time>2026-06-06T14:51:31.000Z</time>
      </trkpt>
      <trkpt lat="42.246450" lon="-71.298500">
        <ele>53.240976</ele>
        <time>2026-06-06T14:51:33.000Z</time>
      </trkpt>
      <trkpt lat="42.246306" lon="-71.298525">
        <ele>52.642893</ele>
        <time>2026-06-06T14:51:35.000Z</time>
      </trkpt>
      <trkpt lat="42.246186" lon="-71.298546">
        <ele>52.144426</ele>
        <time>2026-06-06T14:51:37.000Z</time>
      </trkpt>
      <trkpt lat="42.246080" lon="-71.298577">
        <ele>51.697646</ele>
        <time>2026-06-06T14:51:39.000Z</time>
      </trkpt>
      <trkpt lat="42.245978" lon="-71.298562">
        <ele>51.274978</ele>
        <time>2026-06-06T14:51:41.000Z</time>
      </trkpt>
      <trkpt lat="42.245879" lon="-71.298481">
        <ele>50.798179</ele>
        <time>2026-06-06T14:51:43.000Z</time>
      </trkpt>
      <trkpt lat="42.245863" lon="-71.298330">
        <ele>50.333010</ele>
        <time>2026-06-06T14:51:45.000Z</time>
      </trkpt>
      <trkpt lat="42.245890" lon="-71.298027">
        <ele>49.402340</ele>
        <time>2026-06-06T14:52:30.000Z</time>
      </trkpt>
      <trkpt lat="42.245906" lon="-71.297873">
        <ele>48.928113</ele>
        <time>2026-06-06T14:52:33.000Z</time>
      </trkpt>
      <trkpt lat="42.245928" lon="-71.297705">
        <ele>48.407842</ele>
        <time>2026-06-06T14:52:36.000Z</time>
      </trkpt>
      <trkpt lat="42.245945" lon="-71.297584">
        <ele>48.032266</ele>
        <time>2026-06-06T14:52:38.000Z</time>
      </trkpt>
      <trkpt lat="42.245978" lon="-71.297403">
        <ele>47.602777</ele>
        <time>2026-06-06T14:52:41.000Z</time>
      </trkpt>
      <trkpt lat="42.246000" lon="-71.297282">
        <ele>47.336182</ele>
        <time>2026-06-06T14:52:43.000Z</time>
      </trkpt>
      <trkpt lat="42.246022" lon="-71.297158">
        <ele>47.063348</ele>
        <time>2026-06-06T14:52:45.000Z</time>
      </trkpt>
      <trkpt lat="42.246045" lon="-71.297030">
        <ele>46.781517</ele>
        <time>2026-06-06T14:52:47.000Z</time>
      </trkpt>
      <trkpt lat="42.246047" lon="-71.296851">
        <ele>46.398472</ele>
        <time>2026-06-06T14:52:50.000Z</time>
      </trkpt>
      <trkpt lat="42.246070" lon="-71.296719">
        <ele>46.108317</ele>
        <time>2026-06-06T14:52:52.000Z</time>
      </trkpt>
      <trkpt lat="42.246086" lon="-71.296579">
        <ele>45.805214</ele>
        <time>2026-06-06T14:52:54.000Z</time>
      </trkpt>
      <trkpt lat="42.246099" lon="-71.296428">
        <ele>45.479946</ele>
        <time>2026-06-06T14:52:56.000Z</time>
      </trkpt>
      <trkpt lat="42.246115" lon="-71.296264">
        <ele>45.126006</ele>
        <time>2026-06-06T14:52:58.000Z</time>
      </trkpt>
      <trkpt lat="42.246134" lon="-71.296082">
        <ele>44.732732</ele>
        <time>2026-06-06T14:53:00.000Z</time>
      </trkpt>
      <trkpt lat="42.246154" lon="-71.295906">
        <ele>44.351739</ele>
        <time>2026-06-06T14:53:02.000Z</time>
      </trkpt>
      <trkpt lat="42.246170" lon="-71.295729">
        <ele>43.970205</ele>
        <time>2026-06-06T14:53:04.000Z</time>
      </trkpt>
      <trkpt lat="42.246188" lon="-71.295548">
        <ele>43.579446</ele>
        <time>2026-06-06T14:53:06.000Z</time>
      </trkpt>
      <trkpt lat="42.246206" lon="-71.295348">
        <ele>43.148361</ele>
        <time>2026-06-06T14:53:08.000Z</time>
      </trkpt>
      <trkpt lat="42.246225" lon="-71.295145">
        <ele>42.704490</ele>
        <time>2026-06-06T14:53:10.000Z</time>
      </trkpt>
      <trkpt lat="42.246239" lon="-71.294930">
        <ele>42.104200</ele>
        <time>2026-06-06T14:53:12.000Z</time>
      </trkpt>
      <trkpt lat="42.246246" lon="-71.294722">
        <ele>41.525090</ele>
        <time>2026-06-06T14:53:14.000Z</time>
      </trkpt>
      <trkpt lat="42.246243" lon="-71.294531">
        <ele>40.993741</ele>
        <time>2026-06-06T14:53:16.000Z</time>
      </trkpt>
      <trkpt lat="42.246230" lon="-71.294342">
        <ele>40.465810</ele>
        <time>2026-06-06T14:53:18.000Z</time>
      </trkpt>
      <trkpt lat="42.246209" lon="-71.294145">
        <ele>39.912240</ele>
        <time>2026-06-06T14:53:20.000Z</time>
      </trkpt>
      <trkpt lat="42.246183" lon="-71.293942">
        <ele>39.339246</ele>
        <time>2026-06-06T14:53:22.000Z</time>
      </trkpt>
      <trkpt lat="42.246144" lon="-71.293740">
        <ele>38.758627</ele>
        <time>2026-06-06T14:53:24.000Z</time>
      </trkpt>
      <trkpt lat="42.246095" lon="-71.293519">
        <ele>38.116978</ele>
        <time>2026-06-06T14:53:26.000Z</time>
      </trkpt>
      <trkpt lat="42.246032" lon="-71.293315">
        <ele>37.502196</ele>
        <time>2026-06-06T14:53:28.000Z</time>
      </trkpt>
      <trkpt lat="42.245972" lon="-71.293113">
        <ele>36.896830</ele>
        <time>2026-06-06T14:53:30.000Z</time>
      </trkpt>
      <trkpt lat="42.245908" lon="-71.292915">
        <ele>36.295919</ele>
        <time>2026-06-06T14:53:32.000Z</time>
      </trkpt>
      <trkpt lat="42.245847" lon="-71.292716">
        <ele>35.972790</ele>
        <time>2026-06-06T14:53:34.000Z</time>
      </trkpt>
      <trkpt lat="42.245803" lon="-71.292506">
        <ele>35.972518</ele>
        <time>2026-06-06T14:53:36.000Z</time>
      </trkpt>
      <trkpt lat="42.245771" lon="-71.292308">
        <ele>35.972266</ele>
        <time>2026-06-06T14:53:38.000Z</time>
      </trkpt>
      <trkpt lat="42.245757" lon="-71.292111">
        <ele>35.972020</ele>
        <time>2026-06-06T14:53:40.000Z</time>
      </trkpt>
      <trkpt lat="42.245765" lon="-71.291913">
        <ele>35.971773</ele>
        <time>2026-06-06T14:53:42.000Z</time>
      </trkpt>
      <trkpt lat="42.245763" lon="-71.291722">
        <ele>35.971535</ele>
        <time>2026-06-06T14:53:44.000Z</time>
      </trkpt>
      <trkpt lat="42.245760" lon="-71.291530">
        <ele>35.971296</ele>
        <time>2026-06-06T14:53:46.000Z</time>
      </trkpt>
      <trkpt lat="42.245755" lon="-71.291343">
        <ele>35.971063</ele>
        <time>2026-06-06T14:53:48.000Z</time>
      </trkpt>
      <trkpt lat="42.245737" lon="-71.291168">
        <ele>35.970844</ele>
        <time>2026-06-06T14:53:50.000Z</time>
      </trkpt>
      <trkpt lat="42.245716" lon="-71.290998">
        <ele>35.970629</ele>
        <time>2026-06-06T14:53:52.000Z</time>
      </trkpt>
      <trkpt lat="42.245695" lon="-71.290838">
        <ele>35.970427</ele>
        <time>2026-06-06T14:53:54.000Z</time>
      </trkpt>
      <trkpt lat="42.245665" lon="-71.290685">
        <ele>35.970230</ele>
        <time>2026-06-06T14:53:56.000Z</time>
      </trkpt>
      <trkpt lat="42.245639" lon="-71.290529">
        <ele>35.970031</ele>
        <time>2026-06-06T14:53:58.000Z</time>
      </trkpt>
      <trkpt lat="42.245604" lon="-71.290367">
        <ele>36.013780</ele>
        <time>2026-06-06T14:54:00.000Z</time>
      </trkpt>
      <trkpt lat="42.245569" lon="-71.290217">
        <ele>36.138612</ele>
        <time>2026-06-06T14:54:02.000Z</time>
      </trkpt>
      <trkpt lat="42.245542" lon="-71.290064">
        <ele>36.263454</ele>
        <time>2026-06-06T14:54:04.000Z</time>
      </trkpt>
      <trkpt lat="42.245506" lon="-71.289907">
        <ele>36.393909</ele>
        <time>2026-06-06T14:54:06.000Z</time>
      </trkpt>
      <trkpt lat="42.245481" lon="-71.289747">
        <ele>36.523701</ele>
        <time>2026-06-06T14:54:08.000Z</time>
      </trkpt>
      <trkpt lat="42.245453" lon="-71.289597">
        <ele>36.646486</ele>
        <time>2026-06-06T14:54:10.000Z</time>
      </trkpt>
      <trkpt lat="42.245436" lon="-71.289431">
        <ele>36.779498</ele>
        <time>2026-06-06T14:54:12.000Z</time>
      </trkpt>
      <trkpt lat="42.245420" lon="-71.289282">
        <ele>36.899000</ele>
        <time>2026-06-06T14:54:14.000Z</time>
      </trkpt>
      <trkpt lat="42.245398" lon="-71.289130">
        <ele>37.021929</ele>
        <time>2026-06-06T14:54:16.000Z</time>
      </trkpt>
      <trkpt lat="42.245394" lon="-71.288956">
        <ele>37.160103</ele>
        <time>2026-06-06T14:54:18.000Z</time>
      </trkpt>
      <trkpt lat="42.245390" lon="-71.288791">
        <ele>37.291137</ele>
        <time>2026-06-06T14:54:20.000Z</time>
      </trkpt>
      <trkpt lat="42.245396" lon="-71.288623">
        <ele>37.424637</ele>
        <time>2026-06-06T14:54:22.000Z</time>
      </trkpt>
      <trkpt lat="42.245396" lon="-71.288465">
        <ele>37.550044</ele>
        <time>2026-06-06T14:54:24.000Z</time>
      </trkpt>
      <trkpt lat="42.245399" lon="-71.288317">
        <ele>37.667559</ele>
        <time>2026-06-06T14:54:26.000Z</time>
      </trkpt>
      <trkpt lat="42.245399" lon="-71.288191">
        <ele>37.767567</ele>
        <time>2026-06-06T14:54:28.000Z</time>
      </trkpt>
      <trkpt lat="42.245405" lon="-71.288052">
        <ele>37.878082</ele>
        <time>2026-06-06T14:54:30.000Z</time>
      </trkpt>
      <trkpt lat="42.245408" lon="-71.287897">
        <ele>38.048074</ele>
        <time>2026-06-06T14:54:32.000Z</time>
      </trkpt>
      <trkpt lat="42.245414" lon="-71.287766">
        <ele>38.199821</ele>
        <time>2026-06-06T14:54:35.000Z</time>
      </trkpt>
      <trkpt lat="42.245432" lon="-71.287526">
        <ele>38.478721</ele>
        <time>2026-06-06T14:54:36.000Z</time>
      </trkpt>
      <trkpt lat="42.245445" lon="-71.287376">
        <ele>38.653330</ele>
        <time>2026-06-06T14:54:38.000Z</time>
      </trkpt>
      <trkpt lat="42.245461" lon="-71.287212">
        <ele>38.844581</ele>
        <time>2026-06-06T14:54:40.000Z</time>
      </trkpt>
      <trkpt lat="42.245480" lon="-71.287059">
        <ele>39.023945</ele>
        <time>2026-06-06T14:54:42.000Z</time>
      </trkpt>
      <trkpt lat="42.245499" lon="-71.286914">
        <ele>39.194195</ele>
        <time>2026-06-06T14:54:44.000Z</time>
      </trkpt>
      <trkpt lat="42.245512" lon="-71.286761">
        <ele>39.372250</ele>
        <time>2026-06-06T14:54:46.000Z</time>
      </trkpt>
      <trkpt lat="42.245527" lon="-71.286614">
        <ele>39.543813</ele>
        <time>2026-06-06T14:54:48.000Z</time>
      </trkpt>
      <trkpt lat="42.245543" lon="-71.286486">
        <ele>39.693897</ele>
        <time>2026-06-06T14:54:50.000Z</time>
      </trkpt>
      <trkpt lat="42.245564" lon="-71.286315">
        <ele>39.894302</ele>
        <time>2026-06-06T14:54:53.000Z</time>
      </trkpt>
      <trkpt lat="42.245582" lon="-71.286159">
        <ele>40.076842</ele>
        <time>2026-06-06T14:54:57.000Z</time>
      </trkpt>
      <trkpt lat="42.245589" lon="-71.286032">
        <ele>40.224081</ele>
        <time>2026-06-06T14:54:59.000Z</time>
      </trkpt>
      <trkpt lat="42.245614" lon="-71.285844">
        <ele>40.444918</ele>
        <time>2026-06-06T14:55:02.000Z</time>
      </trkpt>
      <trkpt lat="42.245627" lon="-71.285704">
        <ele>40.608049</ele>
        <time>2026-06-06T14:55:04.000Z</time>
      </trkpt>
      <trkpt lat="42.245650" lon="-71.285566">
        <ele>40.908512</ele>
        <time>2026-06-06T14:55:06.000Z</time>
      </trkpt>
      <trkpt lat="42.245667" lon="-71.285439">
        <ele>41.376654</ele>
        <time>2026-06-06T14:55:08.000Z</time>
      </trkpt>
      <trkpt lat="42.245688" lon="-71.285313">
        <ele>41.845139</ele>
        <time>2026-06-06T14:55:10.000Z</time>
      </trkpt>
      <trkpt lat="42.245711" lon="-71.285192">
        <ele>42.298285</ele>
        <time>2026-06-06T14:55:12.000Z</time>
      </trkpt>
      <trkpt lat="42.245726" lon="-71.285032">
        <ele>42.883294</ele>
        <time>2026-06-06T14:55:15.000Z</time>
      </trkpt>
      <trkpt lat="42.245741" lon="-71.284882">
        <ele>43.432336</ele>
        <time>2026-06-06T14:55:18.000Z</time>
      </trkpt>
      <trkpt lat="42.245741" lon="-71.284750">
        <ele>43.911144</ele>
        <time>2026-06-06T14:55:21.000Z</time>
      </trkpt>
      <trkpt lat="42.245724" lon="-71.284620">
        <ele>44.389998</ele>
        <time>2026-06-06T14:55:24.000Z</time>
      </trkpt>
      <trkpt lat="42.245713" lon="-71.284483">
        <ele>44.889858</ele>
        <time>2026-06-06T14:55:27.000Z</time>
      </trkpt>
      <trkpt lat="42.245708" lon="-71.284361">
        <ele>45.333070</ele>
        <time>2026-06-06T14:55:30.000Z</time>
      </trkpt>
      <trkpt lat="42.245694" lon="-71.284239">
        <ele>45.780890</ele>
        <time>2026-06-06T14:55:33.000Z</time>
      </trkpt>
      <trkpt lat="42.245687" lon="-71.284064">
        <ele>46.416600</ele>
        <time>2026-06-06T14:55:37.000Z</time>
      </trkpt>
      <trkpt lat="42.245669" lon="-71.283940">
        <ele>46.874956</ele>
        <time>2026-06-06T14:55:40.000Z</time>
      </trkpt>
      <trkpt lat="42.245637" lon="-71.283809">
        <ele>47.375339</ele>
        <time>2026-06-06T14:55:43.000Z</time>
      </trkpt>
      <trkpt lat="42.245600" lon="-71.283661">
        <ele>47.941973</ele>
        <time>2026-06-06T14:55:47.000Z</time>
      </trkpt>
      <trkpt lat="42.245567" lon="-71.283508">
        <ele>48.520033</ele>
        <time>2026-06-06T14:55:51.000Z</time>
      </trkpt>
      <trkpt lat="42.245504" lon="-71.283390">
        <ele>49.047768</ele>
        <time>2026-06-06T14:55:55.000Z</time>
      </trkpt>
      <trkpt lat="42.245453" lon="-71.283282">
        <ele>49.512441</ele>
        <time>2026-06-06T14:55:58.000Z</time>
      </trkpt>
      <trkpt lat="42.245405" lon="-71.283144">
        <ele>49.668867</ele>
        <time>2026-06-06T14:56:01.000Z</time>
      </trkpt>
      <trkpt lat="42.245358" lon="-71.283008">
        <ele>49.816759</ele>
        <time>2026-06-06T14:56:04.000Z</time>
      </trkpt>
      <trkpt lat="42.245307" lon="-71.282864">
        <ele>49.974054</ele>
        <time>2026-06-06T14:56:07.000Z</time>
      </trkpt>
      <trkpt lat="42.245241" lon="-71.282728">
        <ele>50.134292</ele>
        <time>2026-06-06T14:56:10.000Z</time>
      </trkpt>
      <trkpt lat="42.245177" lon="-71.282609">
        <ele>50.279229</ele>
        <time>2026-06-06T14:56:13.000Z</time>
      </trkpt>
      <trkpt lat="42.245095" lon="-71.282473">
        <ele>50.452064</ele>
        <time>2026-06-06T14:56:16.000Z</time>
      </trkpt>
      <trkpt lat="42.245001" lon="-71.282306">
        <ele>50.658786</ele>
        <time>2026-06-06T14:56:17.000Z</time>
      </trkpt>
      <trkpt lat="42.244934" lon="-71.282175">
        <ele>50.815680</ele>
        <time>2026-06-06T14:56:19.000Z</time>
      </trkpt>
      <trkpt lat="42.244867" lon="-71.282033">
        <ele>50.981607</ele>
        <time>2026-06-06T14:56:22.000Z</time>
      </trkpt>
      <trkpt lat="42.244814" lon="-71.281912">
        <ele>51.120144</ele>
        <time>2026-06-06T14:56:25.000Z</time>
      </trkpt>
      <trkpt lat="42.244769" lon="-71.281762">
        <ele>51.279625</ele>
        <time>2026-06-06T14:56:28.000Z</time>
      </trkpt>
      <trkpt lat="42.244721" lon="-71.281613">
        <ele>51.439745</ele>
        <time>2026-06-06T14:56:31.000Z</time>
      </trkpt>
      <trkpt lat="42.244688" lon="-71.281474">
        <ele>51.583582</ele>
        <time>2026-06-06T14:56:34.000Z</time>
      </trkpt>
      <trkpt lat="42.244646" lon="-71.281342">
        <ele>51.725156</ele>
        <time>2026-06-06T14:56:37.000Z</time>
      </trkpt>
      <trkpt lat="42.244602" lon="-71.281221">
        <ele>51.857994</ele>
        <time>2026-06-06T14:56:41.000Z</time>
      </trkpt>
      <trkpt lat="42.244577" lon="-71.281086">
        <ele>51.847281</ele>
        <time>2026-06-06T14:56:44.000Z</time>
      </trkpt>
      <trkpt lat="42.244524" lon="-71.280892">
        <ele>51.674754</ele>
        <time>2026-06-06T14:56:46.000Z</time>
      </trkpt>
      <trkpt lat="42.244479" lon="-71.280759">
        <ele>51.552750</ele>
        <time>2026-06-06T14:56:48.000Z</time>
      </trkpt>
      <trkpt lat="42.244430" lon="-71.280629">
        <ele>51.431039</ele>
        <time>2026-06-06T14:56:50.000Z</time>
      </trkpt>
      <trkpt lat="42.244385" lon="-71.280497">
        <ele>51.309793</ele>
        <time>2026-06-06T14:56:52.000Z</time>
      </trkpt>
      <trkpt lat="42.244339" lon="-71.280368">
        <ele>51.190331</ele>
        <time>2026-06-06T14:56:54.000Z</time>
      </trkpt>
      <trkpt lat="42.244310" lon="-71.280244">
        <ele>51.081835</ele>
        <time>2026-06-06T14:56:56.000Z</time>
      </trkpt>
      <trkpt lat="42.244371" lon="-71.280090">
        <ele>50.936114</ele>
        <time>2026-06-06T14:56:59.000Z</time>
      </trkpt>
      <trkpt lat="42.244500" lon="-71.280053">
        <ele>50.787487</ele>
        <time>2026-06-06T14:57:02.000Z</time>
      </trkpt>
      <trkpt lat="42.244588" lon="-71.280013">
        <ele>50.682845</ele>
        <time>2026-06-06T14:57:04.000Z</time>
      </trkpt>
      <trkpt lat="42.244676" lon="-71.279964">
        <ele>50.575572</ele>
        <time>2026-06-06T14:57:06.000Z</time>
      </trkpt>
      <trkpt lat="42.244783" lon="-71.279948">
        <ele>50.454244</ele>
        <time>2026-06-06T14:57:08.000Z</time>
      </trkpt>
      <trkpt lat="42.244894" lon="-71.279909">
        <ele>50.324982</ele>
        <time>2026-06-06T14:57:10.000Z</time>
      </trkpt>
      <trkpt lat="42.244995" lon="-71.279874">
        <ele>50.207467</ele>
        <time>2026-06-06T14:57:12.000Z</time>
      </trkpt>
      <trkpt lat="42.245095" lon="-71.279840">
        <ele>50.091250</ele>
        <time>2026-06-06T14:57:14.000Z</time>
      </trkpt>
      <trkpt lat="42.245191" lon="-71.279811">
        <ele>49.980383</ele>
        <time>2026-06-06T14:57:16.000Z</time>
      </trkpt>
      <trkpt lat="42.245281" lon="-71.279786">
        <ele>49.898658</ele>
        <time>2026-06-06T14:57:18.000Z</time>
      </trkpt>
      <trkpt lat="42.245406" lon="-71.279730">
        <ele>50.041491</ele>
        <time>2026-06-06T14:57:21.000Z</time>
      </trkpt>
      <trkpt lat="42.245522" lon="-71.279669">
        <ele>50.176497</ele>
        <time>2026-06-06T14:57:24.000Z</time>
      </trkpt>
      <trkpt lat="42.245639" lon="-71.279597">
        <ele>50.315939</ele>
        <time>2026-06-06T14:57:27.000Z</time>
      </trkpt>
      <trkpt lat="42.245726" lon="-71.279541">
        <ele>50.420461</ele>
        <time>2026-06-06T14:57:29.000Z</time>
      </trkpt>
      <trkpt lat="42.245836" lon="-71.279443">
        <ele>50.563373</ele>
        <time>2026-06-06T14:57:32.000Z</time>
      </trkpt>
      <trkpt lat="42.245918" lon="-71.279374">
        <ele>50.668151</ele>
        <time>2026-06-06T14:57:34.000Z</time>
      </trkpt>
      <trkpt lat="42.245996" lon="-71.279300">
        <ele>50.771526</ele>
        <time>2026-06-06T14:57:36.000Z</time>
      </trkpt>
      <trkpt lat="42.246078" lon="-71.279229">
        <ele>50.877161</ele>
        <time>2026-06-06T14:57:38.000Z</time>
      </trkpt>
      <trkpt lat="42.246166" lon="-71.279151">
        <ele>50.991314</ele>
        <time>2026-06-06T14:57:41.000Z</time>
      </trkpt>
      <trkpt lat="42.246278" lon="-71.279051">
        <ele>51.136921</ele>
        <time>2026-06-06T14:57:44.000Z</time>
      </trkpt>
      <trkpt lat="42.246387" lon="-71.278949">
        <ele>51.280733</ele>
        <time>2026-06-06T14:57:47.000Z</time>
      </trkpt>
      <trkpt lat="42.246533" lon="-71.278841">
        <ele>51.461267</ele>
        <time>2026-06-06T14:57:49.000Z</time>
      </trkpt>
      <trkpt lat="42.246617" lon="-71.278771">
        <ele>51.568311</ele>
        <time>2026-06-06T14:57:51.000Z</time>
      </trkpt>
      <trkpt lat="42.246691" lon="-71.278699">
        <ele>51.667219</ele>
        <time>2026-06-06T14:57:53.000Z</time>
      </trkpt>
      <trkpt lat="42.246770" lon="-71.278621">
        <ele>51.773346</ele>
        <time>2026-06-06T14:57:55.000Z</time>
      </trkpt>
      <trkpt lat="42.246844" lon="-71.278540">
        <ele>51.800223</ele>
        <time>2026-06-06T14:57:57.000Z</time>
      </trkpt>
      <trkpt lat="42.246913" lon="-71.278456">
        <ele>51.698025</ele>
        <time>2026-06-06T14:57:59.000Z</time>
      </trkpt>
      <trkpt lat="42.246993" lon="-71.278394">
        <ele>51.596547</ele>
        <time>2026-06-06T14:58:01.000Z</time>
      </trkpt>
      <trkpt lat="42.247044" lon="-71.278269">
        <ele>51.480297</ele>
        <time>2026-06-06T14:58:03.000Z</time>
      </trkpt>
      <trkpt lat="42.247124" lon="-71.278130">
        <ele>51.336893</ele>
        <time>2026-06-06T14:58:06.000Z</time>
      </trkpt>
      <trkpt lat="42.247170" lon="-71.278019">
        <ele>51.233282</ele>
        <time>2026-06-06T14:58:08.000Z</time>
      </trkpt>
      <trkpt lat="42.247201" lon="-71.277848">
        <ele>51.089891</ele>
        <time>2026-06-06T14:58:11.000Z</time>
      </trkpt>
      <trkpt lat="42.247228" lon="-71.277729">
        <ele>50.988518</ele>
        <time>2026-06-06T14:58:13.000Z</time>
      </trkpt>
      <trkpt lat="42.247254" lon="-71.277595">
        <ele>50.875691</ele>
        <time>2026-06-06T14:58:15.000Z</time>
      </trkpt>
      <trkpt lat="42.247276" lon="-71.277474">
        <ele>50.774210</ele>
        <time>2026-06-06T14:58:17.000Z</time>
      </trkpt>
      <trkpt lat="42.247303" lon="-71.277310">
        <ele>50.637373</ele>
        <time>2026-06-06T14:58:19.000Z</time>
      </trkpt>
      <trkpt lat="42.247318" lon="-71.277167">
        <ele>50.519739</ele>
        <time>2026-06-06T14:58:21.000Z</time>
      </trkpt>
      <trkpt lat="42.247340" lon="-71.277019">
        <ele>50.396791</ele>
        <time>2026-06-06T14:58:23.000Z</time>
      </trkpt>
      <trkpt lat="42.247352" lon="-71.276856">
        <ele>50.263376</ele>
        <time>2026-06-06T14:58:25.000Z</time>
      </trkpt>
      <trkpt lat="42.247361" lon="-71.276685">
        <ele>50.123749</ele>
        <time>2026-06-06T14:58:27.000Z</time>
      </trkpt>
      <trkpt lat="42.247361" lon="-71.276503">
        <ele>49.975515</ele>
        <time>2026-06-06T14:58:29.000Z</time>
      </trkpt>
      <trkpt lat="42.247347" lon="-71.276325">
        <ele>49.850271</ele>
        <time>2026-06-06T14:58:31.000Z</time>
      </trkpt>
      <trkpt lat="42.247323" lon="-71.276176">
        <ele>49.811169</ele>
        <time>2026-06-06T14:58:33.000Z</time>
      </trkpt>
      <trkpt lat="42.247289" lon="-71.276029">
        <ele>49.771676</ele>
        <time>2026-06-06T14:58:35.000Z</time>
      </trkpt>
      <trkpt lat="42.247260" lon="-71.275875">
        <ele>49.730928</ele>
        <time>2026-06-06T14:58:37.000Z</time>
      </trkpt>
      <trkpt lat="42.247238" lon="-71.275708">
        <ele>49.687432</ele>
        <time>2026-06-06T14:58:39.000Z</time>
      </trkpt>
      <trkpt lat="42.247220" lon="-71.275553">
        <ele>49.647199</ele>
        <time>2026-06-06T14:58:41.000Z</time>
      </trkpt>
      <trkpt lat="42.247209" lon="-71.275407">
        <ele>49.609567</ele>
        <time>2026-06-06T14:58:43.000Z</time>
      </trkpt>
      <trkpt lat="42.247210" lon="-71.275262">
        <ele>49.572383</ele>
        <time>2026-06-06T14:58:45.000Z</time>
      </trkpt>
      <trkpt lat="42.247218" lon="-71.275124">
        <ele>49.536887</ele>
        <time>2026-06-06T14:58:47.000Z</time>
      </trkpt>
      <trkpt lat="42.247232" lon="-71.274980">
        <ele>49.499644</ele>
        <time>2026-06-06T14:58:49.000Z</time>
      </trkpt>
      <trkpt lat="42.247255" lon="-71.274840">
        <ele>49.462871</ele>
        <time>2026-06-06T14:58:51.000Z</time>
      </trkpt>
      <trkpt lat="42.247279" lon="-71.274700">
        <ele>49.426020</ele>
        <time>2026-06-06T14:58:53.000Z</time>
      </trkpt>
      <trkpt lat="42.247314" lon="-71.274551">
        <ele>49.385935</ele>
        <time>2026-06-06T14:58:55.000Z</time>
      </trkpt>
      <trkpt lat="42.247372" lon="-71.274396">
        <ele>49.341399</ele>
        <time>2026-06-06T14:58:57.000Z</time>
      </trkpt>
      <trkpt lat="42.247433" lon="-71.274237">
        <ele>49.295476</ele>
        <time>2026-06-06T14:58:59.000Z</time>
      </trkpt>
      <trkpt lat="42.247506" lon="-71.274086">
        <ele>49.249229</ele>
        <time>2026-06-06T14:59:01.000Z</time>
      </trkpt>
      <trkpt lat="42.247562" lon="-71.273963">
        <ele>49.349557</ele>
        <time>2026-06-06T14:59:03.000Z</time>
      </trkpt>
      <trkpt lat="42.247613" lon="-71.273826">
        <ele>49.531185</ele>
        <time>2026-06-06T14:59:05.000Z</time>
      </trkpt>
      <trkpt lat="42.247677" lon="-71.273686">
        <ele>49.726074</ele>
        <time>2026-06-06T14:59:07.000Z</time>
      </trkpt>
      <trkpt lat="42.247730" lon="-71.273552">
        <ele>49.906020</ele>
        <time>2026-06-06T14:59:09.000Z</time>
      </trkpt>
      <trkpt lat="42.247779" lon="-71.273404">
        <ele>50.098048</ele>
        <time>2026-06-06T14:59:11.000Z</time>
      </trkpt>
      <trkpt lat="42.247821" lon="-71.273253">
        <ele>50.289102</ele>
        <time>2026-06-06T14:59:13.000Z</time>
      </trkpt>
      <trkpt lat="42.247871" lon="-71.273114">
        <ele>50.472144</ele>
        <time>2026-06-06T14:59:15.000Z</time>
      </trkpt>
      <trkpt lat="42.247920" lon="-71.272980">
        <ele>50.649164</ele>
        <time>2026-06-06T14:59:17.000Z</time>
      </trkpt>
      <trkpt lat="42.247958" lon="-71.272843">
        <ele>50.822445</ele>
        <time>2026-06-06T14:59:19.000Z</time>
      </trkpt>
      <trkpt lat="42.247996" lon="-71.272716">
        <ele>50.984688</ele>
        <time>2026-06-06T14:59:21.000Z</time>
      </trkpt>
      <trkpt lat="42.248031" lon="-71.272568">
        <ele>51.168709</ele>
        <time>2026-06-06T14:59:24.000Z</time>
      </trkpt>
      <trkpt lat="42.248067" lon="-71.272393">
        <ele>51.383835</ele>
        <time>2026-06-06T14:59:27.000Z</time>
      </trkpt>
      <trkpt lat="42.248088" lon="-71.272227">
        <ele>51.583297</ele>
        <time>2026-06-06T14:59:30.000Z</time>
      </trkpt>
      <trkpt lat="42.248101" lon="-71.272099">
        <ele>51.736321</ele>
        <time>2026-06-06T14:59:32.000Z</time>
      </trkpt>
      <trkpt lat="42.248107" lon="-71.271969">
        <ele>51.890593</ele>
        <time>2026-06-06T14:59:34.000Z</time>
      </trkpt>
      <trkpt lat="42.248138" lon="-71.271749">
        <ele>52.057142</ele>
        <time>2026-06-06T14:59:37.000Z</time>
      </trkpt>
      <trkpt lat="42.248158" lon="-71.271559">
        <ele>51.741425</ele>
        <time>2026-06-06T14:59:39.000Z</time>
      </trkpt>
      <trkpt lat="42.248176" lon="-71.271395">
        <ele>51.468677</ele>
        <time>2026-06-06T14:59:41.000Z</time>
      </trkpt>
      <trkpt lat="42.248198" lon="-71.271210">
        <ele>51.160428</ele>
        <time>2026-06-06T14:59:43.000Z</time>
      </trkpt>
      <trkpt lat="42.248216" lon="-71.271041">
        <ele>50.879541</ele>
        <time>2026-06-06T14:59:45.000Z</time>
      </trkpt>
      <trkpt lat="42.248234" lon="-71.270882">
        <ele>50.614926</ele>
        <time>2026-06-06T14:59:47.000Z</time>
      </trkpt>
      <trkpt lat="42.248242" lon="-71.270721">
        <ele>50.349467</ele>
        <time>2026-06-06T14:59:49.000Z</time>
      </trkpt>
      <trkpt lat="42.248240" lon="-71.270566">
        <ele>50.094436</ele>
        <time>2026-06-06T14:59:51.000Z</time>
      </trkpt>
      <trkpt lat="42.248242" lon="-71.270388">
        <ele>49.801572</ele>
        <time>2026-06-06T14:59:53.000Z</time>
      </trkpt>
      <trkpt lat="42.248230" lon="-71.270232">
        <ele>49.543552</ele>
        <time>2026-06-06T14:59:55.000Z</time>
      </trkpt>
      <trkpt lat="42.248222" lon="-71.270057">
        <ele>49.255109</ele>
        <time>2026-06-06T14:59:57.000Z</time>
      </trkpt>
      <trkpt lat="42.248214" lon="-71.269874">
        <ele>48.953528</ele>
        <time>2026-06-06T14:59:59.000Z</time>
      </trkpt>
      <trkpt lat="42.248202" lon="-71.269695">
        <ele>48.657847</ele>
        <time>2026-06-06T15:00:01.000Z</time>
      </trkpt>
      <trkpt lat="42.248189" lon="-71.269525">
        <ele>48.376690</ele>
        <time>2026-06-06T15:00:03.000Z</time>
      </trkpt>
      <trkpt lat="42.248187" lon="-71.269361">
        <ele>48.117146</ele>
        <time>2026-06-06T15:00:05.000Z</time>
      </trkpt>
      <trkpt lat="42.248190" lon="-71.269189">
        <ele>48.115523</ele>
        <time>2026-06-06T15:00:07.000Z</time>
      </trkpt>
      <trkpt lat="42.248194" lon="-71.269032">
        <ele>48.114042</ele>
        <time>2026-06-06T15:00:09.000Z</time>
      </trkpt>
      <trkpt lat="42.248204" lon="-71.268870">
        <ele>48.112509</ele>
        <time>2026-06-06T15:00:11.000Z</time>
      </trkpt>
      <trkpt lat="42.248218" lon="-71.268705">
        <ele>48.110943</ele>
        <time>2026-06-06T15:00:13.000Z</time>
      </trkpt>
      <trkpt lat="42.248244" lon="-71.268556">
        <ele>48.109499</ele>
        <time>2026-06-06T15:00:15.000Z</time>
      </trkpt>
      <trkpt lat="42.248266" lon="-71.268394">
        <ele>48.107946</ele>
        <time>2026-06-06T15:00:17.000Z</time>
      </trkpt>
      <trkpt lat="42.248290" lon="-71.268232">
        <ele>48.106388</ele>
        <time>2026-06-06T15:00:19.000Z</time>
      </trkpt>
      <trkpt lat="42.248337" lon="-71.268067">
        <ele>48.104720</ele>
        <time>2026-06-06T15:00:21.000Z</time>
      </trkpt>
      <trkpt lat="42.248384" lon="-71.267907">
        <ele>48.103097</ele>
        <time>2026-06-06T15:00:23.000Z</time>
      </trkpt>
      <trkpt lat="42.248441" lon="-71.267746">
        <ele>48.101414</ele>
        <time>2026-06-06T15:00:25.000Z</time>
      </trkpt>
      <trkpt lat="42.248495" lon="-71.267597">
        <ele>48.099849</ele>
        <time>2026-06-06T15:00:27.000Z</time>
      </trkpt>
      <trkpt lat="42.248553" lon="-71.267454">
        <ele>48.098312</ele>
        <time>2026-06-06T15:00:29.000Z</time>
      </trkpt>
      <trkpt lat="42.248623" lon="-71.267306">
        <ele>48.096655</ele>
        <time>2026-06-06T15:00:31.000Z</time>
      </trkpt>
      <trkpt lat="42.248698" lon="-71.267173">
        <ele>48.095079</ele>
        <time>2026-06-06T15:00:33.000Z</time>
      </trkpt>
      <trkpt lat="42.248775" lon="-71.267068">
        <ele>48.143844</ele>
        <time>2026-06-06T15:00:35.000Z</time>
      </trkpt>
      <trkpt lat="42.248853" lon="-71.266959">
        <ele>48.260782</ele>
        <time>2026-06-06T15:00:37.000Z</time>
      </trkpt>
      <trkpt lat="42.248934" lon="-71.266874">
        <ele>48.367657</ele>
        <time>2026-06-06T15:00:39.000Z</time>
      </trkpt>
      <trkpt lat="42.249029" lon="-71.266762">
        <ele>48.499043</ele>
        <time>2026-06-06T15:00:41.000Z</time>
      </trkpt>
      <trkpt lat="42.249117" lon="-71.266661">
        <ele>48.619365</ele>
        <time>2026-06-06T15:00:43.000Z</time>
      </trkpt>
      <trkpt lat="42.249215" lon="-71.266560">
        <ele>48.747805</ele>
        <time>2026-06-06T15:00:45.000Z</time>
      </trkpt>
      <trkpt lat="42.249320" lon="-71.266452">
        <ele>48.885320</ele>
        <time>2026-06-06T15:00:47.000Z</time>
      </trkpt>
      <trkpt lat="42.249434" lon="-71.266355">
        <ele>49.025707</ele>
        <time>2026-06-06T15:00:49.000Z</time>
      </trkpt>
      <trkpt lat="42.249525" lon="-71.266249">
        <ele>49.150912</ele>
        <time>2026-06-06T15:00:51.000Z</time>
      </trkpt>
      <trkpt lat="42.249623" lon="-71.266136">
        <ele>49.285168</ele>
        <time>2026-06-06T15:00:53.000Z</time>
      </trkpt>
      <trkpt lat="42.249726" lon="-71.266016">
        <ele>49.426893</ele>
        <time>2026-06-06T15:00:55.000Z</time>
      </trkpt>
      <trkpt lat="42.249831" lon="-71.265911">
        <ele>49.563018</ele>
        <time>2026-06-06T15:00:57.000Z</time>
      </trkpt>
      <trkpt lat="42.249910" lon="-71.265807">
        <ele>49.677958</ele>
        <time>2026-06-06T15:00:59.000Z</time>
      </trkpt>
      <trkpt lat="42.249997" lon="-71.265706">
        <ele>49.797487</ele>
        <time>2026-06-06T15:01:01.000Z</time>
      </trkpt>
      <trkpt lat="42.250077" lon="-71.265599">
        <ele>49.914792</ele>
        <time>2026-06-06T15:01:03.000Z</time>
      </trkpt>
      <trkpt lat="42.250151" lon="-71.265461">
        <ele>49.768008</ele>
        <time>2026-06-06T15:01:06.000Z</time>
      </trkpt>
      <trkpt lat="42.250285" lon="-71.265211">
        <ele>49.153947</ele>
        <time>2026-06-06T15:01:09.000Z</time>
      </trkpt>
      <trkpt lat="42.250344" lon="-71.265095">
        <ele>48.873943</ele>
        <time>2026-06-06T15:01:11.000Z</time>
      </trkpt>
      <trkpt lat="42.250406" lon="-71.264978">
        <ele>48.587681</ele>
        <time>2026-06-06T15:01:13.000Z</time>
      </trkpt>
      <trkpt lat="42.250484" lon="-71.264886">
        <ele>48.309389</ele>
        <time>2026-06-06T15:01:15.000Z</time>
      </trkpt>
      <trkpt lat="42.250561" lon="-71.264764">
        <ele>47.990428</ele>
        <time>2026-06-06T15:01:17.000Z</time>
      </trkpt>
      <trkpt lat="42.250650" lon="-71.264655">
        <ele>47.667566</ele>
        <time>2026-06-06T15:01:19.000Z</time>
      </trkpt>
      <trkpt lat="42.250764" lon="-71.264542">
        <ele>47.287549</ele>
        <time>2026-06-06T15:01:21.000Z</time>
      </trkpt>
      <trkpt lat="42.250882" lon="-71.264446">
        <ele>46.917340</ele>
        <time>2026-06-06T15:01:23.000Z</time>
      </trkpt>
      <trkpt lat="42.251012" lon="-71.264370">
        <ele>46.536635</ele>
        <time>2026-06-06T15:01:25.000Z</time>
      </trkpt>
      <trkpt lat="42.251151" lon="-71.264298">
        <ele>46.136533</ele>
        <time>2026-06-06T15:01:27.000Z</time>
      </trkpt>
      <trkpt lat="42.251311" lon="-71.264244">
        <ele>45.693294</ele>
        <time>2026-06-06T15:01:29.000Z</time>
      </trkpt>
      <trkpt lat="42.251470" lon="-71.264165">
        <ele>45.237974</ele>
        <time>2026-06-06T15:01:31.000Z</time>
      </trkpt>
      <trkpt lat="42.251616" lon="-71.264112">
        <ele>44.800853</ele>
        <time>2026-06-06T15:01:33.000Z</time>
      </trkpt>
      <trkpt lat="42.251767" lon="-71.264023">
        <ele>44.313019</ele>
        <time>2026-06-06T15:01:35.000Z</time>
      </trkpt>
      <trkpt lat="42.251904" lon="-71.263911">
        <ele>43.838849</ele>
        <time>2026-06-06T15:01:37.000Z</time>
      </trkpt>
      <trkpt lat="42.252032" lon="-71.263783">
        <ele>43.367285</ele>
        <time>2026-06-06T15:01:39.000Z</time>
      </trkpt>
      <trkpt lat="42.252150" lon="-71.263605">
        <ele>42.843545</ele>
        <time>2026-06-06T15:01:41.000Z</time>
      </trkpt>
      <trkpt lat="42.252262" lon="-71.263408">
        <ele>42.299089</ele>
        <time>2026-06-06T15:01:43.000Z</time>
      </trkpt>
      <trkpt lat="42.252313" lon="-71.263307">
        <ele>42.031110</ele>
        <time>2026-06-06T15:01:44.000Z</time>
      </trkpt>
      <trkpt lat="42.252361" lon="-71.263203">
        <ele>41.762478</ele>
        <time>2026-06-06T15:01:45.000Z</time>
      </trkpt>
      <trkpt lat="42.252434" lon="-71.262990">
        <ele>41.248006</ele>
        <time>2026-06-06T15:01:47.000Z</time>
      </trkpt>
      <trkpt lat="42.252523" lon="-71.262787">
        <ele>40.730876</ele>
        <time>2026-06-06T15:01:49.000Z</time>
      </trkpt>
      <trkpt lat="42.252611" lon="-71.262586">
        <ele>40.219026</ele>
        <time>2026-06-06T15:01:51.000Z</time>
      </trkpt>
      <trkpt lat="42.252688" lon="-71.262404">
        <ele>39.829701</ele>
        <time>2026-06-06T15:01:53.000Z</time>
      </trkpt>
      <trkpt lat="42.252756" lon="-71.262238">
        <ele>40.011940</ele>
        <time>2026-06-06T15:01:55.000Z</time>
      </trkpt>
      <trkpt lat="42.252818" lon="-71.262075">
        <ele>40.187970</ele>
        <time>2026-06-06T15:01:57.000Z</time>
      </trkpt>
      <trkpt lat="42.252873" lon="-71.261920">
        <ele>40.353077</ele>
        <time>2026-06-06T15:01:59.000Z</time>
      </trkpt>
      <trkpt lat="42.252925" lon="-71.261766">
        <ele>40.515665</ele>
        <time>2026-06-06T15:02:01.000Z</time>
      </trkpt>
      <trkpt lat="42.252980" lon="-71.261613">
        <ele>40.679041</ele>
        <time>2026-06-06T15:02:03.000Z</time>
      </trkpt>
      <trkpt lat="42.253026" lon="-71.261474">
        <ele>40.825293</ele>
        <time>2026-06-06T15:02:05.000Z</time>
      </trkpt>
      <trkpt lat="42.253067" lon="-71.261337">
        <ele>40.967235</ele>
        <time>2026-06-06T15:02:07.000Z</time>
      </trkpt>
      <trkpt lat="42.253100" lon="-71.261213">
        <ele>41.093806</ele>
        <time>2026-06-06T15:02:09.000Z</time>
      </trkpt>
      <trkpt lat="42.253147" lon="-71.261008">
        <ele>41.299945</ele>
        <time>2026-06-06T15:02:13.000Z</time>
      </trkpt>
      <trkpt lat="42.253170" lon="-71.260873">
        <ele>41.433007</ele>
        <time>2026-06-06T15:02:15.000Z</time>
      </trkpt>
      <trkpt lat="42.253209" lon="-71.260692">
        <ele>41.614080</ele>
        <time>2026-06-06T15:02:18.000Z</time>
      </trkpt>
      <trkpt lat="42.253268" lon="-71.260452">
        <ele>41.856989</ele>
        <time>2026-06-06T15:02:21.000Z</time>
      </trkpt>
      <trkpt lat="42.253295" lon="-71.260332">
        <ele>41.977461</ele>
        <time>2026-06-06T15:02:23.000Z</time>
      </trkpt>
      <trkpt lat="42.253325" lon="-71.260215">
        <ele>42.096395</ele>
        <time>2026-06-06T15:02:25.000Z</time>
      </trkpt>
      <trkpt lat="42.253366" lon="-71.260047">
        <ele>42.342523</ele>
        <time>2026-06-06T15:02:28.000Z</time>
      </trkpt>
      <trkpt lat="42.253396" lon="-71.259928">
        <ele>42.537560</ele>
        <time>2026-06-06T15:02:30.000Z</time>
      </trkpt>
      <trkpt lat="42.253420" lon="-71.259797">
        <ele>42.746933</ele>
        <time>2026-06-06T15:02:32.000Z</time>
      </trkpt>
      <trkpt lat="42.253446" lon="-71.259662">
        <ele>42.963352</ele>
        <time>2026-06-06T15:02:34.000Z</time>
      </trkpt>
      <trkpt lat="42.253470" lon="-71.259542">
        <ele>43.156201</ele>
        <time>2026-06-06T15:02:36.000Z</time>
      </trkpt>
      <trkpt lat="42.253491" lon="-71.259420">
        <ele>43.350528</ele>
        <time>2026-06-06T15:02:38.000Z</time>
      </trkpt>
      <trkpt lat="42.253506" lon="-71.259291">
        <ele>43.553119</ele>
        <time>2026-06-06T15:02:41.000Z</time>
      </trkpt>
      <trkpt lat="42.253519" lon="-71.259169">
        <ele>43.744346</ele>
        <time>2026-06-06T15:02:44.000Z</time>
      </trkpt>
      <trkpt lat="42.253517" lon="-71.259007">
        <ele>43.995715</ele>
        <time>2026-06-06T15:02:48.000Z</time>
      </trkpt>
      <trkpt lat="42.253515" lon="-71.258854">
        <ele>44.233123</ele>
        <time>2026-06-06T15:02:52.000Z</time>
      </trkpt>
      <trkpt lat="42.253520" lon="-71.258602">
        <ele>44.624227</ele>
        <time>2026-06-06T15:02:54.000Z</time>
      </trkpt>
      <trkpt lat="42.253516" lon="-71.258431">
        <ele>44.889656</ele>
        <time>2026-06-06T15:02:57.000Z</time>
      </trkpt>
      <trkpt lat="42.253514" lon="-71.258263">
        <ele>45.150332</ele>
        <time>2026-06-06T15:03:00.000Z</time>
      </trkpt>
      <trkpt lat="42.253514" lon="-71.258097">
        <ele>45.407872</ele>
        <time>2026-06-06T15:03:03.000Z</time>
      </trkpt>
      <trkpt lat="42.253515" lon="-71.257972">
        <ele>45.601813</ele>
        <time>2026-06-06T15:03:05.000Z</time>
      </trkpt>
      <trkpt lat="42.253522" lon="-71.257812">
        <ele>45.850477</ele>
        <time>2026-06-06T15:03:08.000Z</time>
      </trkpt>
      <trkpt lat="42.253523" lon="-71.257678">
        <ele>45.693390</ele>
        <time>2026-06-06T15:03:10.000Z</time>
      </trkpt>
      <trkpt lat="42.253521" lon="-71.257514">
        <ele>45.311369</ele>
        <time>2026-06-06T15:03:12.000Z</time>
      </trkpt>
      <trkpt lat="42.253521" lon="-71.257321">
        <ele>44.861857</ele>
        <time>2026-06-06T15:03:14.000Z</time>
      </trkpt>
      <trkpt lat="42.253511" lon="-71.257151">
        <ele>44.464665</ele>
        <time>2026-06-06T15:03:16.000Z</time>
      </trkpt>
      <trkpt lat="42.253497" lon="-71.256956">
        <ele>44.008363</ele>
        <time>2026-06-06T15:03:18.000Z</time>
      </trkpt>
      <trkpt lat="42.253482" lon="-71.256756">
        <ele>43.540161</ele>
        <time>2026-06-06T15:03:20.000Z</time>
      </trkpt>
      <trkpt lat="42.253465" lon="-71.256559">
        <ele>43.078224</ele>
        <time>2026-06-06T15:03:22.000Z</time>
      </trkpt>
      <trkpt lat="42.253457" lon="-71.256366">
        <ele>42.628007</ele>
        <time>2026-06-06T15:03:24.000Z</time>
      </trkpt>
      <trkpt lat="42.253445" lon="-71.256186">
        <ele>42.207075</ele>
        <time>2026-06-06T15:03:26.000Z</time>
      </trkpt>
      <trkpt lat="42.253433" lon="-71.256004">
        <ele>41.781504</ele>
        <time>2026-06-06T15:03:28.000Z</time>
      </trkpt>
      <trkpt lat="42.253413" lon="-71.255852">
        <ele>41.421933</ele>
        <time>2026-06-06T15:03:30.000Z</time>
      </trkpt>
      <trkpt lat="42.253393" lon="-71.255700">
        <ele>41.062362</ele>
        <time>2026-06-06T15:03:32.000Z</time>
      </trkpt>
      <trkpt lat="42.253389" lon="-71.255545">
        <ele>40.701134</ele>
        <time>2026-06-06T15:03:34.000Z</time>
      </trkpt>
      <trkpt lat="42.253371" lon="-71.255404">
        <ele>40.367885</ele>
        <time>2026-06-06T15:03:36.000Z</time>
      </trkpt>
      <trkpt lat="42.253357" lon="-71.255240">
        <ele>40.146714</ele>
        <time>2026-06-06T15:03:38.000Z</time>
      </trkpt>
      <trkpt lat="42.253332" lon="-71.255069">
        <ele>39.986906</ele>
        <time>2026-06-06T15:03:40.000Z</time>
      </trkpt>
      <trkpt lat="42.253309" lon="-71.254904">
        <ele>39.832968</ele>
        <time>2026-06-06T15:03:42.000Z</time>
      </trkpt>
      <trkpt lat="42.253287" lon="-71.254734">
        <ele>39.674740</ele>
        <time>2026-06-06T15:03:44.000Z</time>
      </trkpt>
      <trkpt lat="42.253261" lon="-71.254554">
        <ele>39.506596</ele>
        <time>2026-06-06T15:03:46.000Z</time>
      </trkpt>
      <trkpt lat="42.253220" lon="-71.254384">
        <ele>39.342668</ele>
        <time>2026-06-06T15:03:48.000Z</time>
      </trkpt>
      <trkpt lat="42.253186" lon="-71.254204">
        <ele>39.172347</ele>
        <time>2026-06-06T15:03:50.000Z</time>
      </trkpt>
      <trkpt lat="42.253148" lon="-71.254006">
        <ele>38.984809</ele>
        <time>2026-06-06T15:03:52.000Z</time>
      </trkpt>
      <trkpt lat="42.253106" lon="-71.253821">
        <ele>38.807394</ele>
        <time>2026-06-06T15:03:54.000Z</time>
      </trkpt>
      <trkpt lat="42.253069" lon="-71.253651">
        <ele>38.644932</ele>
        <time>2026-06-06T15:03:56.000Z</time>
      </trkpt>
      <trkpt lat="42.253044" lon="-71.253493">
        <ele>38.496798</ele>
        <time>2026-06-06T15:03:58.000Z</time>
      </trkpt>
      <trkpt lat="42.253006" lon="-71.253337">
        <ele>38.346224</ele>
        <time>2026-06-06T15:04:00.000Z</time>
      </trkpt>
      <trkpt lat="42.252971" lon="-71.253183">
        <ele>38.198524</ele>
        <time>2026-06-06T15:04:02.000Z</time>
      </trkpt>
      <trkpt lat="42.252942" lon="-71.253054">
        <ele>38.074916</ele>
        <time>2026-06-06T15:04:04.000Z</time>
      </trkpt>
      <trkpt lat="42.252923" lon="-71.252915">
        <ele>38.163699</ele>
        <time>2026-06-06T15:04:06.000Z</time>
      </trkpt>
      <trkpt lat="42.252897" lon="-71.252749">
        <ele>38.435467</ele>
        <time>2026-06-06T15:04:08.000Z</time>
      </trkpt>
      <trkpt lat="42.252881" lon="-71.252565">
        <ele>38.732206</ele>
        <time>2026-06-06T15:04:10.000Z</time>
      </trkpt>
      <trkpt lat="42.252877" lon="-71.252385">
        <ele>39.020641</ele>
        <time>2026-06-06T15:04:12.000Z</time>
      </trkpt>
      <trkpt lat="42.252872" lon="-71.252226">
        <ele>39.275541</ele>
        <time>2026-06-06T15:04:14.000Z</time>
      </trkpt>
      <trkpt lat="42.252876" lon="-71.252065">
        <ele>39.533559</ele>
        <time>2026-06-06T15:04:16.000Z</time>
      </trkpt>
      <trkpt lat="42.252889" lon="-71.251900">
        <ele>39.799332</ele>
        <time>2026-06-06T15:04:18.000Z</time>
      </trkpt>
      <trkpt lat="42.252904" lon="-71.251753">
        <ele>40.037008</ele>
        <time>2026-06-06T15:04:20.000Z</time>
      </trkpt>
      <trkpt lat="42.252919" lon="-71.251601">
        <ele>40.282619</ele>
        <time>2026-06-06T15:04:22.000Z</time>
      </trkpt>
      <trkpt lat="42.252944" lon="-71.251429">
        <ele>40.563372</ele>
        <time>2026-06-06T15:04:24.000Z</time>
      </trkpt>
      <trkpt lat="42.252984" lon="-71.251275">
        <ele>40.824779</ele>
        <time>2026-06-06T15:04:26.000Z</time>
      </trkpt>
      <trkpt lat="42.253029" lon="-71.251137">
        <ele>41.066311</ele>
        <time>2026-06-06T15:04:28.000Z</time>
      </trkpt>
      <trkpt lat="42.253060" lon="-71.251021">
        <ele>41.263847</ele>
        <time>2026-06-06T15:04:30.000Z</time>
      </trkpt>
      <trkpt lat="42.253106" lon="-71.250887">
        <ele>41.500432</ele>
        <time>2026-06-06T15:04:32.000Z</time>
      </trkpt>
      <trkpt lat="42.253196" lon="-71.250626">
        <ele>41.944836</ele>
        <time>2026-06-06T15:04:36.000Z</time>
      </trkpt>
      <trkpt lat="42.253258" lon="-71.250484">
        <ele>42.109762</ele>
        <time>2026-06-06T15:04:38.000Z</time>
      </trkpt>
      <trkpt lat="42.253332" lon="-71.250353">
        <ele>42.274614</ele>
        <time>2026-06-06T15:04:40.000Z</time>
      </trkpt>
      <trkpt lat="42.253419" lon="-71.250237">
        <ele>42.439816</ele>
        <time>2026-06-06T15:04:42.000Z</time>
      </trkpt>
      <trkpt lat="42.253505" lon="-71.250107">
        <ele>42.614236</ele>
        <time>2026-06-06T15:04:44.000Z</time>
      </trkpt>
      <trkpt lat="42.253595" lon="-71.249989">
        <ele>42.783734</ele>
        <time>2026-06-06T15:04:46.000Z</time>
      </trkpt>
      <trkpt lat="42.253675" lon="-71.249872">
        <ele>42.943075</ele>
        <time>2026-06-06T15:04:48.000Z</time>
      </trkpt>
      <trkpt lat="42.253762" lon="-71.249750">
        <ele>43.112546</ele>
        <time>2026-06-06T15:04:50.000Z</time>
      </trkpt>
      <trkpt lat="42.253853" lon="-71.249647">
        <ele>43.272992</ele>
        <time>2026-06-06T15:04:52.000Z</time>
      </trkpt>
      <trkpt lat="42.253955" lon="-71.249532">
        <ele>43.452544</ele>
        <time>2026-06-06T15:04:54.000Z</time>
      </trkpt>
      <trkpt lat="42.254027" lon="-71.249451">
        <ele>43.579173</ele>
        <time>2026-06-06T15:04:55.000Z</time>
      </trkpt>
      <trkpt lat="42.254134" lon="-71.249372">
        <ele>43.743971</ele>
        <time>2026-06-06T15:04:57.000Z</time>
      </trkpt>
      <trkpt lat="42.254210" lon="-71.249303">
        <ele>43.867725</ele>
        <time>2026-06-06T15:05:00.000Z</time>
      </trkpt>
      <trkpt lat="42.254385" lon="-71.249144">
        <ele>44.152749</ele>
        <time>2026-06-06T15:05:03.000Z</time>
      </trkpt>
      <trkpt lat="42.254490" lon="-71.249066">
        <ele>44.314696</ele>
        <time>2026-06-06T15:05:05.000Z</time>
      </trkpt>
      <trkpt lat="42.254592" lon="-71.248983">
        <ele>44.281244</ele>
        <time>2026-06-06T15:05:07.000Z</time>
      </trkpt>
      <trkpt lat="42.254681" lon="-71.248887">
        <ele>44.201030</ele>
        <time>2026-06-06T15:05:09.000Z</time>
      </trkpt>
      <trkpt lat="42.254759" lon="-71.248790">
        <ele>44.126361</ele>
        <time>2026-06-06T15:05:11.000Z</time>
      </trkpt>
      <trkpt lat="42.254858" lon="-71.248693">
        <ele>44.040225</ele>
        <time>2026-06-06T15:05:13.000Z</time>
      </trkpt>
      <trkpt lat="42.254962" lon="-71.248608">
        <ele>43.954614</ele>
        <time>2026-06-06T15:05:15.000Z</time>
      </trkpt>
      <trkpt lat="42.255043" lon="-71.248510">
        <ele>43.878030</ele>
        <time>2026-06-06T15:05:17.000Z</time>
      </trkpt>
      <trkpt lat="42.255127" lon="-71.248418">
        <ele>43.801867</ele>
        <time>2026-06-06T15:05:19.000Z</time>
      </trkpt>
      <trkpt lat="42.255212" lon="-71.248283">
        <ele>43.709469</ele>
        <time>2026-06-06T15:05:21.000Z</time>
      </trkpt>
      <trkpt lat="42.255283" lon="-71.248163">
        <ele>43.629379</ele>
        <time>2026-06-06T15:05:23.000Z</time>
      </trkpt>
      <trkpt lat="42.255358" lon="-71.248043">
        <ele>43.547501</ele>
        <time>2026-06-06T15:05:26.000Z</time>
      </trkpt>
      <trkpt lat="42.255423" lon="-71.247888">
        <ele>43.454628</ele>
        <time>2026-06-06T15:05:29.000Z</time>
      </trkpt>
      <trkpt lat="42.255461" lon="-71.247766">
        <ele>43.385625</ele>
        <time>2026-06-06T15:05:31.000Z</time>
      </trkpt>
      <trkpt lat="42.255499" lon="-71.247648">
        <ele>43.318538</ele>
        <time>2026-06-06T15:05:33.000Z</time>
      </trkpt>
      <trkpt lat="42.255526" lon="-71.247528">
        <ele>43.253153</ele>
        <time>2026-06-06T15:05:35.000Z</time>
      </trkpt>
      <trkpt lat="42.255532" lon="-71.247394">
        <ele>43.183169</ele>
        <time>2026-06-06T15:05:37.000Z</time>
      </trkpt>
      <trkpt lat="42.255568" lon="-71.247251">
        <ele>43.104426</ele>
        <time>2026-06-06T15:05:39.000Z</time>
      </trkpt>
      <trkpt lat="42.255596" lon="-71.247118">
        <ele>43.077803</ele>
        <time>2026-06-06T15:05:41.000Z</time>
      </trkpt>
      <trkpt lat="42.255628" lon="-71.246936">
        <ele>43.071428</ele>
        <time>2026-06-06T15:05:44.000Z</time>
      </trkpt>
      <trkpt lat="42.255651" lon="-71.246815">
        <ele>43.067170</ele>
        <time>2026-06-06T15:05:46.000Z</time>
      </trkpt>
      <trkpt lat="42.255678" lon="-71.246678">
        <ele>43.062338</ele>
        <time>2026-06-06T15:05:48.000Z</time>
      </trkpt>
      <trkpt lat="42.255707" lon="-71.246542">
        <ele>43.057514</ele>
        <time>2026-06-06T15:05:50.000Z</time>
      </trkpt>
      <trkpt lat="42.255751" lon="-71.246402">
        <ele>43.052330</ele>
        <time>2026-06-06T15:05:52.000Z</time>
      </trkpt>
      <trkpt lat="42.255792" lon="-71.246257">
        <ele>43.047040</ele>
        <time>2026-06-06T15:05:54.000Z</time>
      </trkpt>
      <trkpt lat="42.255834" lon="-71.246115">
        <ele>43.041828</ele>
        <time>2026-06-06T15:05:56.000Z</time>
      </trkpt>
      <trkpt lat="42.255874" lon="-71.245974">
        <ele>43.036682</ele>
        <time>2026-06-06T15:05:58.000Z</time>
      </trkpt>
      <trkpt lat="42.255917" lon="-71.245835">
        <ele>43.031547</ele>
        <time>2026-06-06T15:06:00.000Z</time>
      </trkpt>
      <trkpt lat="42.255956" lon="-71.245703">
        <ele>43.026703</ele>
        <time>2026-06-06T15:06:02.000Z</time>
      </trkpt>
      <trkpt lat="42.255989" lon="-71.245568">
        <ele>43.021858</ele>
        <time>2026-06-06T15:06:04.000Z</time>
      </trkpt>
      <trkpt lat="42.256021" lon="-71.245439">
        <ele>43.017221</ele>
        <time>2026-06-06T15:06:06.000Z</time>
      </trkpt>
      <trkpt lat="42.256051" lon="-71.245311">
        <ele>43.012645</ele>
        <time>2026-06-06T15:06:08.000Z</time>
      </trkpt>
      <trkpt lat="42.256083" lon="-71.245194">
        <ele>43.008394</ele>
        <time>2026-06-06T15:06:10.000Z</time>
      </trkpt>
      <trkpt lat="42.256122" lon="-71.245083">
        <ele>43.004206</ele>
        <time>2026-06-06T15:06:12.000Z</time>
      </trkpt>
      <trkpt lat="42.256154" lon="-71.244953">
        <ele>42.999537</ele>
        <time>2026-06-06T15:06:14.000Z</time>
      </trkpt>
      <trkpt lat="42.256193" lon="-71.244830">
        <ele>42.659461</ele>
        <time>2026-06-06T15:06:16.000Z</time>
      </trkpt>
      <trkpt lat="42.256284" lon="-71.244515">
        <ele>41.433517</ele>
        <time>2026-06-06T15:06:20.000Z</time>
      </trkpt>
      <trkpt lat="42.256317" lon="-71.244381">
        <ele>40.921513</ele>
        <time>2026-06-06T15:06:22.000Z</time>
      </trkpt>
      <trkpt lat="42.256344" lon="-71.244249">
        <ele>40.425008</ele>
        <time>2026-06-06T15:06:24.000Z</time>
      </trkpt>
      <trkpt lat="42.256367" lon="-71.244111">
        <ele>39.912161</ele>
        <time>2026-06-06T15:06:26.000Z</time>
      </trkpt>
      <trkpt lat="42.256390" lon="-71.243948">
        <ele>39.310561</ele>
        <time>2026-06-06T15:06:28.000Z</time>
      </trkpt>
      <trkpt lat="42.256408" lon="-71.243764">
        <ele>38.637668</ele>
        <time>2026-06-06T15:06:30.000Z</time>
      </trkpt>
      <trkpt lat="42.256419" lon="-71.243577">
        <ele>37.957562</ele>
        <time>2026-06-06T15:06:32.000Z</time>
      </trkpt>
      <trkpt lat="42.256423" lon="-71.243372">
        <ele>37.214077</ele>
        <time>2026-06-06T15:06:34.000Z</time>
      </trkpt>
      <trkpt lat="42.256424" lon="-71.243162">
        <ele>36.452707</ele>
        <time>2026-06-06T15:06:36.000Z</time>
      </trkpt>
      <trkpt lat="42.256400" lon="-71.242937">
        <ele>35.628543</ele>
        <time>2026-06-06T15:06:38.000Z</time>
      </trkpt>
      <trkpt lat="42.256395" lon="-71.242814">
        <ele>35.181935</ele>
        <time>2026-06-06T15:06:39.000Z</time>
      </trkpt>
      <trkpt lat="42.256373" lon="-71.242574">
        <ele>34.305167</ele>
        <time>2026-06-06T15:06:41.000Z</time>
      </trkpt>
      <trkpt lat="42.256369" lon="-71.242348">
        <ele>34.038693</ele>
        <time>2026-06-06T15:06:43.000Z</time>
      </trkpt>
      <trkpt lat="42.256390" lon="-71.242102">
        <ele>33.848130</ele>
        <time>2026-06-06T15:06:45.000Z</time>
      </trkpt>
      <trkpt lat="42.256404" lon="-71.241981">
        <ele>33.753885</ele>
        <time>2026-06-06T15:06:46.000Z</time>
      </trkpt>
      <trkpt lat="42.256440" lon="-71.241752">
        <ele>33.573729</ele>
        <time>2026-06-06T15:06:48.000Z</time>
      </trkpt>
      <trkpt lat="42.256481" lon="-71.241528">
        <ele>33.396159</ele>
        <time>2026-06-06T15:06:50.000Z</time>
      </trkpt>
      <trkpt lat="42.256531" lon="-71.241323">
        <ele>33.230059</ele>
        <time>2026-06-06T15:06:52.000Z</time>
      </trkpt>
      <trkpt lat="42.256578" lon="-71.241145">
        <ele>33.084625</ele>
        <time>2026-06-06T15:06:54.000Z</time>
      </trkpt>
      <trkpt lat="42.256650" lon="-71.240970">
        <ele>32.930548</ele>
        <time>2026-06-06T15:06:56.000Z</time>
      </trkpt>
      <trkpt lat="42.256707" lon="-71.240811">
        <ele>32.794595</ele>
        <time>2026-06-06T15:06:58.000Z</time>
      </trkpt>
      <trkpt lat="42.256766" lon="-71.240645">
        <ele>32.652886</ele>
        <time>2026-06-06T15:07:00.000Z</time>
      </trkpt>
      <trkpt lat="42.256828" lon="-71.240501">
        <ele>32.524687</ele>
        <time>2026-06-06T15:07:02.000Z</time>
      </trkpt>
      <trkpt lat="42.256878" lon="-71.240337">
        <ele>32.388195</ele>
        <time>2026-06-06T15:07:04.000Z</time>
      </trkpt>
      <trkpt lat="42.256955" lon="-71.240205">
        <ele>32.392187</ele>
        <time>2026-06-06T15:07:06.000Z</time>
      </trkpt>
      <trkpt lat="42.257017" lon="-71.240056">
        <ele>32.558969</ele>
        <time>2026-06-06T15:07:08.000Z</time>
      </trkpt>
      <trkpt lat="42.257090" lon="-71.239906">
        <ele>32.734131</ele>
        <time>2026-06-06T15:07:10.000Z</time>
      </trkpt>
      <trkpt lat="42.257164" lon="-71.239775">
        <ele>32.894924</ele>
        <time>2026-06-06T15:07:12.000Z</time>
      </trkpt>
      <trkpt lat="42.257235" lon="-71.239640">
        <ele>33.056514</ele>
        <time>2026-06-06T15:07:14.000Z</time>
      </trkpt>
      <trkpt lat="42.257303" lon="-71.239498">
        <ele>33.221537</ele>
        <time>2026-06-06T15:07:16.000Z</time>
      </trkpt>
      <trkpt lat="42.257377" lon="-71.239355">
        <ele>33.391785</ele>
        <time>2026-06-06T15:07:18.000Z</time>
      </trkpt>
      <trkpt lat="42.257445" lon="-71.239210">
        <ele>33.559273</ele>
        <time>2026-06-06T15:07:20.000Z</time>
      </trkpt>
      <trkpt lat="42.257518" lon="-71.239070">
        <ele>33.726367</ele>
        <time>2026-06-06T15:07:22.000Z</time>
      </trkpt>
      <trkpt lat="42.257591" lon="-71.238912">
        <ele>33.908101</ele>
        <time>2026-06-06T15:07:24.000Z</time>
      </trkpt>
      <trkpt lat="42.257673" lon="-71.238766">
        <ele>34.086927</ele>
        <time>2026-06-06T15:07:26.000Z</time>
      </trkpt>
      <trkpt lat="42.257748" lon="-71.238617">
        <ele>34.262742</ele>
        <time>2026-06-06T15:07:28.000Z</time>
      </trkpt>
      <trkpt lat="42.257820" lon="-71.238471">
        <ele>34.433921</ele>
        <time>2026-06-06T15:07:30.000Z</time>
      </trkpt>
      <trkpt lat="42.257880" lon="-71.238327">
        <ele>34.595157</ele>
        <time>2026-06-06T15:07:32.000Z</time>
      </trkpt>
      <trkpt lat="42.257951" lon="-71.238177">
        <ele>34.673985</ele>
        <time>2026-06-06T15:07:34.000Z</time>
      </trkpt>
      <trkpt lat="42.258033" lon="-71.238025">
        <ele>34.640065</ele>
        <time>2026-06-06T15:07:36.000Z</time>
      </trkpt>
      <trkpt lat="42.258110" lon="-71.237875">
        <ele>34.607144</ele>
        <time>2026-06-06T15:07:38.000Z</time>
      </trkpt>
      <trkpt lat="42.258192" lon="-71.237730">
        <ele>34.574235</ele>
        <time>2026-06-06T15:07:40.000Z</time>
      </trkpt>
      <trkpt lat="42.258278" lon="-71.237604">
        <ele>34.543325</ele>
        <time>2026-06-06T15:07:42.000Z</time>
      </trkpt>
      <trkpt lat="42.258373" lon="-71.237480">
        <ele>34.511140</ele>
        <time>2026-06-06T15:07:44.000Z</time>
      </trkpt>
      <trkpt lat="42.258479" lon="-71.237363">
        <ele>34.477789</ele>
        <time>2026-06-06T15:07:46.000Z</time>
      </trkpt>
      <trkpt lat="42.258591" lon="-71.237258">
        <ele>34.444573</ele>
        <time>2026-06-06T15:07:48.000Z</time>
      </trkpt>
      <trkpt lat="42.258697" lon="-71.237167">
        <ele>34.413973</ele>
        <time>2026-06-06T15:07:50.000Z</time>
      </trkpt>
      <trkpt lat="42.258821" lon="-71.237114">
        <ele>34.382283</ele>
        <time>2026-06-06T15:07:52.000Z</time>
      </trkpt>
      <trkpt lat="42.258941" lon="-71.237096">
        <ele>34.352864</ele>
        <time>2026-06-06T15:07:54.000Z</time>
      </trkpt>
      <trkpt lat="42.259062" lon="-71.237097">
        <ele>34.323380</ele>
        <time>2026-06-06T15:07:56.000Z</time>
      </trkpt>
      <trkpt lat="42.259184" lon="-71.237095">
        <ele>34.293651</ele>
        <time>2026-06-06T15:07:58.000Z</time>
      </trkpt>
      <trkpt lat="42.259304" lon="-71.237085">
        <ele>34.264357</ele>
        <time>2026-06-06T15:08:00.000Z</time>
      </trkpt>
      <trkpt lat="42.259411" lon="-71.237072">
        <ele>34.487660</ele>
        <time>2026-06-06T15:08:02.000Z</time>
      </trkpt>
      <trkpt lat="42.259518" lon="-71.237066">
        <ele>34.988706</ele>
        <time>2026-06-06T15:08:04.000Z</time>
      </trkpt>
      <trkpt lat="42.259735" lon="-71.237061">
        <ele>36.004120</ele>
        <time>2026-06-06T15:08:08.000Z</time>
      </trkpt>
      <trkpt lat="42.259850" lon="-71.237057">
        <ele>36.542343</ele>
        <time>2026-06-06T15:08:10.000Z</time>
      </trkpt>
      <trkpt lat="42.259958" lon="-71.237054">
        <ele>37.047744</ele>
        <time>2026-06-06T15:08:12.000Z</time>
      </trkpt>
      <trkpt lat="42.260069" lon="-71.237052">
        <ele>37.567120</ele>
        <time>2026-06-06T15:08:14.000Z</time>
      </trkpt>
      <trkpt lat="42.260165" lon="-71.237049">
        <ele>38.016390</ele>
        <time>2026-06-06T15:08:16.000Z</time>
      </trkpt>
      <trkpt lat="42.260263" lon="-71.237035">
        <ele>38.477453</ele>
        <time>2026-06-06T15:08:18.000Z</time>
      </trkpt>
      <trkpt lat="42.260352" lon="-71.237020">
        <ele>38.897079</ele>
        <time>2026-06-06T15:08:20.000Z</time>
      </trkpt>
      <trkpt lat="42.260488" lon="-71.237001">
        <ele>39.536768</ele>
        <time>2026-06-06T15:08:23.000Z</time>
      </trkpt>
      <trkpt lat="42.260624" lon="-71.236986">
        <ele>40.175180</ele>
        <time>2026-06-06T15:08:26.000Z</time>
      </trkpt>
      <trkpt lat="42.260726" lon="-71.236984">
        <ele>40.652452</ele>
        <time>2026-06-06T15:08:29.000Z</time>
      </trkpt>
      <trkpt lat="42.260855" lon="-71.236968">
        <ele>41.258535</ele>
        <time>2026-06-06T15:08:32.000Z</time>
      </trkpt>
      <trkpt lat="42.260947" lon="-71.236962">
        <ele>41.689472</ele>
        <time>2026-06-06T15:08:34.000Z</time>
      </trkpt>
      <trkpt lat="42.261068" lon="-71.236951">
        <ele>42.256868</ele>
        <time>2026-06-06T15:08:37.000Z</time>
      </trkpt>
      <trkpt lat="42.261189" lon="-71.236940">
        <ele>42.788831</ele>
        <time>2026-06-06T15:08:40.000Z</time>
      </trkpt>
      <trkpt lat="42.261301" lon="-71.236926">
        <ele>43.197445</ele>
        <time>2026-06-06T15:08:43.000Z</time>
      </trkpt>
      <trkpt lat="42.261406" lon="-71.236933">
        <ele>43.579356</ele>
        <time>2026-06-06T15:08:46.000Z</time>
      </trkpt>
      <trkpt lat="42.261617" lon="-71.236951">
        <ele>44.347409</ele>
        <time>2026-06-06T15:08:49.000Z</time>
      </trkpt>
      <trkpt lat="42.261720" lon="-71.236931">
        <ele>44.725434</ele>
        <time>2026-06-06T15:08:52.000Z</time>
      </trkpt>
      <trkpt lat="42.261838" lon="-71.236908">
        <ele>45.158545</ele>
        <time>2026-06-06T15:08:55.000Z</time>
      </trkpt>
      <trkpt lat="42.261952" lon="-71.236910">
        <ele>45.572722</ele>
        <time>2026-06-06T15:08:58.000Z</time>
      </trkpt>
      <trkpt lat="42.262064" lon="-71.236913">
        <ele>45.979679</ele>
        <time>2026-06-06T15:09:01.000Z</time>
      </trkpt>
      <trkpt lat="42.262176" lon="-71.236928">
        <ele>46.388550</ele>
        <time>2026-06-06T15:09:04.000Z</time>
      </trkpt>
      <trkpt lat="42.262290" lon="-71.236917">
        <ele>46.803747</ele>
        <time>2026-06-06T15:09:08.000Z</time>
      </trkpt>
      <trkpt lat="42.262390" lon="-71.236903">
        <ele>47.168974</ele>
        <time>2026-06-06T15:09:12.000Z</time>
      </trkpt>
      <trkpt lat="42.262511" lon="-71.236907">
        <ele>47.608678</ele>
        <time>2026-06-06T15:09:16.000Z</time>
      </trkpt>
      <trkpt lat="42.262612" lon="-71.236900">
        <ele>47.976076</ele>
        <time>2026-06-06T15:09:19.000Z</time>
      </trkpt>
      <trkpt lat="42.262712" lon="-71.236897">
        <ele>48.339448</ele>
        <time>2026-06-06T15:09:22.000Z</time>
      </trkpt>
      <trkpt lat="42.262805" lon="-71.236894">
        <ele>48.677398</ele>
        <time>2026-06-06T15:09:25.000Z</time>
      </trkpt>
      <trkpt lat="42.262908" lon="-71.236904">
        <ele>49.052544</ele>
        <time>2026-06-06T15:09:28.000Z</time>
      </trkpt>
      <trkpt lat="42.263007" lon="-71.236912">
        <ele>49.567280</ele>
        <time>2026-06-06T15:09:31.000Z</time>
      </trkpt>
      <trkpt lat="42.263120" lon="-71.236942">
        <ele>50.289088</ele>
        <time>2026-06-06T15:09:35.000Z</time>
      </trkpt>
      <trkpt lat="42.263231" lon="-71.236975">
        <ele>51.001459</ele>
        <time>2026-06-06T15:09:39.000Z</time>
      </trkpt>
      <trkpt lat="42.263342" lon="-71.237017">
        <ele>51.723952</ele>
        <time>2026-06-06T15:09:42.000Z</time>
      </trkpt>
      <trkpt lat="42.263438" lon="-71.237038">
        <ele>52.333498</ele>
        <time>2026-06-06T15:09:45.000Z</time>
      </trkpt>
      <trkpt lat="42.263561" lon="-71.237076">
        <ele>53.124337</ele>
        <time>2026-06-06T15:09:48.000Z</time>
      </trkpt>
      <trkpt lat="42.263665" lon="-71.237110">
        <ele>53.795000</ele>
        <time>2026-06-06T15:09:51.000Z</time>
      </trkpt>
      <trkpt lat="42.263770" lon="-71.237122">
        <ele>54.455473</ele>
        <time>2026-06-06T15:09:54.000Z</time>
      </trkpt>
      <trkpt lat="42.263875" lon="-71.237146">
        <ele>55.122945</ele>
        <time>2026-06-06T15:09:57.000Z</time>
      </trkpt>
      <trkpt lat="42.263984" lon="-71.237163">
        <ele>55.810676</ele>
        <time>2026-06-06T15:10:00.000Z</time>
      </trkpt>
      <trkpt lat="42.264090" lon="-71.237200">
        <ele>56.496877</ele>
        <time>2026-06-06T15:10:03.000Z</time>
      </trkpt>
      <trkpt lat="42.264207" lon="-71.237216">
        <ele>57.233960</ele>
        <time>2026-06-06T15:10:07.000Z</time>
      </trkpt>
      <trkpt lat="42.264304" lon="-71.237235">
        <ele>57.848295</ele>
        <time>2026-06-06T15:10:10.000Z</time>
      </trkpt>
      <trkpt lat="42.264406" lon="-71.237262">
        <ele>58.499767</ele>
        <time>2026-06-06T15:10:13.000Z</time>
      </trkpt>
      <trkpt lat="42.264507" lon="-71.237284">
        <ele>59.140991</ele>
        <time>2026-06-06T15:10:16.000Z</time>
      </trkpt>
      <trkpt lat="42.264604" lon="-71.237301">
        <ele>59.754064</ele>
        <time>2026-06-06T15:10:19.000Z</time>
      </trkpt>
      <trkpt lat="42.264706" lon="-71.237332">
        <ele>60.409355</ele>
        <time>2026-06-06T15:10:22.000Z</time>
      </trkpt>
      <trkpt lat="42.264809" lon="-71.237359">
        <ele>60.441792</ele>
        <time>2026-06-06T15:10:25.000Z</time>
      </trkpt>
      <trkpt lat="42.264910" lon="-71.237385">
        <ele>60.407336</ele>
        <time>2026-06-06T15:10:28.000Z</time>
      </trkpt>
      <trkpt lat="42.265004" lon="-71.237413">
        <ele>60.375079</ele>
        <time>2026-06-06T15:10:31.000Z</time>
      </trkpt>
      <trkpt lat="42.265097" lon="-71.237441">
        <ele>60.343149</ele>
        <time>2026-06-06T15:10:34.000Z</time>
      </trkpt>
      <trkpt lat="42.265217" lon="-71.237474">
        <ele>60.302111</ele>
        <time>2026-06-06T15:10:38.000Z</time>
      </trkpt>
      <trkpt lat="42.265309" lon="-71.237501">
        <ele>60.270562</ele>
        <time>2026-06-06T15:10:41.000Z</time>
      </trkpt>
      <trkpt lat="42.265405" lon="-71.237528">
        <ele>60.237701</ele>
        <time>2026-06-06T15:10:44.000Z</time>
      </trkpt>
      <trkpt lat="42.265539" lon="-71.237545">
        <ele>60.192599</ele>
        <time>2026-06-06T15:10:48.000Z</time>
      </trkpt>
      <trkpt lat="42.265762" lon="-71.237640">
        <ele>60.114242</ele>
        <time>2026-06-06T15:10:50.000Z</time>
      </trkpt>
      <trkpt lat="42.265868" lon="-71.237665">
        <ele>60.078183</ele>
        <time>2026-06-06T15:10:52.000Z</time>
      </trkpt>
      <trkpt lat="42.265968" lon="-71.237687">
        <ele>60.044230</ele>
        <time>2026-06-06T15:10:54.000Z</time>
      </trkpt>
      <trkpt lat="42.266103" lon="-71.237724">
        <ele>59.998069</ele>
        <time>2026-06-06T15:10:57.000Z</time>
      </trkpt>
      <trkpt lat="42.266235" lon="-71.237759">
        <ele>59.952990</ele>
        <time>2026-06-06T15:11:00.000Z</time>
      </trkpt>
      <trkpt lat="42.266327" lon="-71.237792">
        <ele>59.921092</ele>
        <time>2026-06-06T15:11:02.000Z</time>
      </trkpt>
      <trkpt lat="42.266462" lon="-71.237831">
        <ele>59.874829</ele>
        <time>2026-06-06T15:11:05.000Z</time>
      </trkpt>
      <trkpt lat="42.266565" lon="-71.237861">
        <ele>59.863729</ele>
        <time>2026-06-06T15:11:07.000Z</time>
      </trkpt>
      <trkpt lat="42.266657" lon="-71.237888">
        <ele>59.856621</ele>
        <time>2026-06-06T15:11:09.000Z</time>
      </trkpt>
      <trkpt lat="42.266782" lon="-71.237909">
        <ele>59.847110</ele>
        <time>2026-06-06T15:11:12.000Z</time>
      </trkpt>
      <trkpt lat="42.266877" lon="-71.237941">
        <ele>59.839718</ele>
        <time>2026-06-06T15:11:14.000Z</time>
      </trkpt>
      <trkpt lat="42.266995" lon="-71.237975">
        <ele>59.830609</ele>
        <time>2026-06-06T15:11:17.000Z</time>
      </trkpt>
      <trkpt lat="42.267086" lon="-71.238012">
        <ele>59.823434</ele>
        <time>2026-06-06T15:11:19.000Z</time>
      </trkpt>
      <trkpt lat="42.267208" lon="-71.238053">
        <ele>59.813942</ele>
        <time>2026-06-06T15:11:22.000Z</time>
      </trkpt>
      <trkpt lat="42.267302" lon="-71.238079">
        <ele>59.806698</ele>
        <time>2026-06-06T15:11:24.000Z</time>
      </trkpt>
      <trkpt lat="42.267394" lon="-71.238097">
        <ele>59.799680</ele>
        <time>2026-06-06T15:11:26.000Z</time>
      </trkpt>
      <trkpt lat="42.267495" lon="-71.238105">
        <ele>59.792041</ele>
        <time>2026-06-06T15:11:28.000Z</time>
      </trkpt>
      <trkpt lat="42.267701" lon="-71.238167">
        <ele>59.776107</ele>
        <time>2026-06-06T15:11:31.000Z</time>
      </trkpt>
      <trkpt lat="42.267808" lon="-71.238171">
        <ele>59.768025</ele>
        <time>2026-06-06T15:11:33.000Z</time>
      </trkpt>
      <trkpt lat="42.267901" lon="-71.238189">
        <ele>59.760932</ele>
        <time>2026-06-06T15:11:35.000Z</time>
      </trkpt>
      <trkpt lat="42.268029" lon="-71.238223">
        <ele>59.751083</ele>
        <time>2026-06-06T15:11:38.000Z</time>
      </trkpt>
      <trkpt lat="42.268120" lon="-71.238254">
        <ele>59.743997</ele>
        <time>2026-06-06T15:11:40.000Z</time>
      </trkpt>
      <trkpt lat="42.268211" lon="-71.238279">
        <ele>59.736986</ele>
        <time>2026-06-06T15:11:42.000Z</time>
      </trkpt>
      <trkpt lat="42.268306" lon="-71.238293">
        <ele>59.577417</ele>
        <time>2026-06-06T15:11:44.000Z</time>
      </trkpt>
      <trkpt lat="42.268407" lon="-71.238320">
        <ele>59.341851</ele>
        <time>2026-06-06T15:11:46.000Z</time>
      </trkpt>
      <trkpt lat="42.268513" lon="-71.238350">
        <ele>59.094061</ele>
        <time>2026-06-06T15:11:48.000Z</time>
      </trkpt>
      <trkpt lat="42.268609" lon="-71.238354">
        <ele>58.874309</ele>
        <time>2026-06-06T15:11:50.000Z</time>
      </trkpt>
      <trkpt lat="42.268705" lon="-71.238391">
        <ele>58.645902</ele>
        <time>2026-06-06T15:11:52.000Z</time>
      </trkpt>
      <trkpt lat="42.268889" lon="-71.238446">
        <ele>58.214734</ele>
        <time>2026-06-06T15:11:55.000Z</time>
      </trkpt>
      <trkpt lat="42.269002" lon="-71.238477">
        <ele>57.950916</ele>
        <time>2026-06-06T15:11:57.000Z</time>
      </trkpt>
      <trkpt lat="42.269121" lon="-71.238495">
        <ele>57.676944</ele>
        <time>2026-06-06T15:11:59.000Z</time>
      </trkpt>
      <trkpt lat="42.269233" lon="-71.238531">
        <ele>57.413539</ele>
        <time>2026-06-06T15:12:01.000Z</time>
      </trkpt>
      <trkpt lat="42.269340" lon="-71.238534">
        <ele>57.168670</ele>
        <time>2026-06-06T15:12:03.000Z</time>
      </trkpt>
      <trkpt lat="42.269443" lon="-71.238524">
        <ele>56.932399</ele>
        <time>2026-06-06T15:12:05.000Z</time>
      </trkpt>
      <trkpt lat="42.269550" lon="-71.238493">
        <ele>56.682020</ele>
        <time>2026-06-06T15:12:07.000Z</time>
      </trkpt>
      <trkpt lat="42.269655" lon="-71.238479">
        <ele>56.440613</ele>
        <time>2026-06-06T15:12:09.000Z</time>
      </trkpt>
      <trkpt lat="42.269769" lon="-71.238458">
        <ele>56.177369</ele>
        <time>2026-06-06T15:12:11.000Z</time>
      </trkpt>
      <trkpt lat="42.269869" lon="-71.238436">
        <ele>55.945557</ele>
        <time>2026-06-06T15:12:13.000Z</time>
      </trkpt>
      <trkpt lat="42.269983" lon="-71.238423">
        <ele>55.683798</ele>
        <time>2026-06-06T15:12:15.000Z</time>
      </trkpt>
      <trkpt lat="42.270086" lon="-71.238405">
        <ele>55.410961</ele>
        <time>2026-06-06T15:12:17.000Z</time>
      </trkpt>
      <trkpt lat="42.270210" lon="-71.238394">
        <ele>55.068938</ele>
        <time>2026-06-06T15:12:19.000Z</time>
      </trkpt>
      <trkpt lat="42.270320" lon="-71.238379">
        <ele>54.764645</ele>
        <time>2026-06-06T15:12:21.000Z</time>
      </trkpt>
      <trkpt lat="42.270426" lon="-71.238368">
        <ele>54.472040</ele>
        <time>2026-06-06T15:12:23.000Z</time>
      </trkpt>
      <trkpt lat="42.270535" lon="-71.238353">
        <ele>54.170484</ele>
        <time>2026-06-06T15:12:25.000Z</time>
      </trkpt>
      <trkpt lat="42.270645" lon="-71.238338">
        <ele>53.866191</ele>
        <time>2026-06-06T15:12:27.000Z</time>
      </trkpt>
      <trkpt lat="42.270756" lon="-71.238325">
        <ele>53.559538</ele>
        <time>2026-06-06T15:12:29.000Z</time>
      </trkpt>
      <trkpt lat="42.270872" lon="-71.238303">
        <ele>53.237139</ele>
        <time>2026-06-06T15:12:31.000Z</time>
      </trkpt>
      <trkpt lat="42.270986" lon="-71.238294">
        <ele>52.922839</ele>
        <time>2026-06-06T15:12:33.000Z</time>
      </trkpt>
      <trkpt lat="42.271101" lon="-71.238276">
        <ele>52.604206</ele>
        <time>2026-06-06T15:12:35.000Z</time>
      </trkpt>
      <trkpt lat="42.271226" lon="-71.238258">
        <ele>52.258217</ele>
        <time>2026-06-06T15:12:37.000Z</time>
      </trkpt>
      <trkpt lat="42.271355" lon="-71.238237">
        <ele>51.900600</ele>
        <time>2026-06-06T15:12:39.000Z</time>
      </trkpt>
      <trkpt lat="42.271488" lon="-71.238217">
        <ele>51.532282</ele>
        <time>2026-06-06T15:12:41.000Z</time>
      </trkpt>
      <trkpt lat="42.271629" lon="-71.238192">
        <ele>51.140878</ele>
        <time>2026-06-06T15:12:43.000Z</time>
      </trkpt>
      <trkpt lat="42.271791" lon="-71.238166">
        <ele>50.691868</ele>
        <time>2026-06-06T15:12:45.000Z</time>
      </trkpt>
      <trkpt lat="42.271955" lon="-71.238142">
        <ele>50.403139</ele>
        <time>2026-06-06T15:12:47.000Z</time>
      </trkpt>
      <trkpt lat="42.272115" lon="-71.238119">
        <ele>50.129974</ele>
        <time>2026-06-06T15:12:49.000Z</time>
      </trkpt>
      <trkpt lat="42.272270" lon="-71.238100">
        <ele>49.865749</ele>
        <time>2026-06-06T15:12:51.000Z</time>
      </trkpt>
      <trkpt lat="42.272419" lon="-71.238074">
        <ele>49.610691</ele>
        <time>2026-06-06T15:12:53.000Z</time>
      </trkpt>
      <trkpt lat="42.272560" lon="-71.238059">
        <ele>49.370574</ele>
        <time>2026-06-06T15:12:55.000Z</time>
      </trkpt>
      <trkpt lat="42.272696" lon="-71.238050">
        <ele>49.139409</ele>
        <time>2026-06-06T15:12:57.000Z</time>
      </trkpt>
      <trkpt lat="42.272827" lon="-71.238028">
        <ele>48.915299</ele>
        <time>2026-06-06T15:12:59.000Z</time>
      </trkpt>
      <trkpt lat="42.272955" lon="-71.238000">
        <ele>48.695164</ele>
        <time>2026-06-06T15:13:01.000Z</time>
      </trkpt>
      <trkpt lat="42.273080" lon="-71.237987">
        <ele>48.482323</ele>
        <time>2026-06-06T15:13:03.000Z</time>
      </trkpt>
      <trkpt lat="42.273202" lon="-71.237951">
        <ele>48.270323</ele>
        <time>2026-06-06T15:13:05.000Z</time>
      </trkpt>
      <trkpt lat="42.273339" lon="-71.237933">
        <ele>48.036641</ele>
        <time>2026-06-06T15:13:07.000Z</time>
      </trkpt>
      <trkpt lat="42.273462" lon="-71.237909">
        <ele>47.825658</ele>
        <time>2026-06-06T15:13:09.000Z</time>
      </trkpt>
      <trkpt lat="42.273583" lon="-71.237881">
        <ele>47.617246</ele>
        <time>2026-06-06T15:13:11.000Z</time>
      </trkpt>
      <trkpt lat="42.273697" lon="-71.237862">
        <ele>47.921847</ele>
        <time>2026-06-06T15:13:13.000Z</time>
      </trkpt>
      <trkpt lat="42.273802" lon="-71.237846">
        <ele>48.205837</ele>
        <time>2026-06-06T15:13:15.000Z</time>
      </trkpt>
      <trkpt lat="42.273901" lon="-71.237834">
        <ele>48.472981</ele>
        <time>2026-06-06T15:13:17.000Z</time>
      </trkpt>
      <trkpt lat="42.274007" lon="-71.237859">
        <ele>48.762177</ele>
        <time>2026-06-06T15:13:19.000Z</time>
      </trkpt>
      <trkpt lat="42.274104" lon="-71.237844">
        <ele>49.024579</ele>
        <time>2026-06-06T15:13:21.000Z</time>
      </trkpt>
      <trkpt lat="42.274204" lon="-71.237830">
        <ele>49.294782</ele>
        <time>2026-06-06T15:13:23.000Z</time>
      </trkpt>
      <trkpt lat="42.274299" lon="-71.237779">
        <ele>49.569514</ele>
        <time>2026-06-06T15:13:25.000Z</time>
      </trkpt>
      <trkpt lat="42.274396" lon="-71.237757">
        <ele>49.833861</ele>
        <time>2026-06-06T15:13:27.000Z</time>
      </trkpt>
      <trkpt lat="42.274492" lon="-71.237745">
        <ele>50.092975</ele>
        <time>2026-06-06T15:13:29.000Z</time>
      </trkpt>
      <trkpt lat="42.274587" lon="-71.237727">
        <ele>50.350798</ele>
        <time>2026-06-06T15:13:31.000Z</time>
      </trkpt>
      <trkpt lat="42.274682" lon="-71.237713">
        <ele>50.607638</ele>
        <time>2026-06-06T15:13:33.000Z</time>
      </trkpt>
      <trkpt lat="42.274776" lon="-71.237693">
        <ele>50.863387</ele>
        <time>2026-06-06T15:13:35.000Z</time>
      </trkpt>
      <trkpt lat="42.274871" lon="-71.237685">
        <ele>51.119209</ele>
        <time>2026-06-06T15:13:37.000Z</time>
      </trkpt>
      <trkpt lat="42.274965" lon="-71.237666">
        <ele>51.374657</ele>
        <time>2026-06-06T15:13:39.000Z</time>
      </trkpt>
      <trkpt lat="42.275099" lon="-71.237645">
        <ele>51.737214</ele>
        <time>2026-06-06T15:13:42.000Z</time>
      </trkpt>
      <trkpt lat="42.275192" lon="-71.237628">
        <ele>51.989440</ele>
        <time>2026-06-06T15:13:44.000Z</time>
      </trkpt>
      <trkpt lat="42.275287" lon="-71.237612">
        <ele>52.246741</ele>
        <time>2026-06-06T15:13:46.000Z</time>
      </trkpt>
      <trkpt lat="42.275382" lon="-71.237599">
        <ele>52.446284</ele>
        <time>2026-06-06T15:13:48.000Z</time>
      </trkpt>
      <trkpt lat="42.275481" lon="-71.237588">
        <ele>52.428970</ele>
        <time>2026-06-06T15:13:50.000Z</time>
      </trkpt>
      <trkpt lat="42.275584" lon="-71.237573">
        <ele>52.410913</ele>
        <time>2026-06-06T15:13:52.000Z</time>
      </trkpt>
      <trkpt lat="42.275682" lon="-71.237554">
        <ele>52.393657</ele>
        <time>2026-06-06T15:13:54.000Z</time>
      </trkpt>
      <trkpt lat="42.275777" lon="-71.237540">
        <ele>52.377000</ele>
        <time>2026-06-06T15:13:56.000Z</time>
      </trkpt>
      <trkpt lat="42.275880" lon="-71.237521">
        <ele>52.358880</ele>
        <time>2026-06-06T15:13:58.000Z</time>
      </trkpt>
      <trkpt lat="42.275977" lon="-71.237493">
        <ele>52.341592</ele>
        <time>2026-06-06T15:14:00.000Z</time>
      </trkpt>
      <trkpt lat="42.276077" lon="-71.237477">
        <ele>52.324040</ele>
        <time>2026-06-06T15:14:02.000Z</time>
      </trkpt>
      <trkpt lat="42.276204" lon="-71.237441">
        <ele>52.301422</ele>
        <time>2026-06-06T15:14:05.000Z</time>
      </trkpt>
      <trkpt lat="42.276300" lon="-71.237426">
        <ele>52.284577</ele>
        <time>2026-06-06T15:14:08.000Z</time>
      </trkpt>
      <trkpt lat="42.276466" lon="-71.237418">
        <ele>52.255625</ele>
        <time>2026-06-06T15:14:11.000Z</time>
      </trkpt>
      <trkpt lat="42.276577" lon="-71.237416">
        <ele>52.236275</ele>
        <time>2026-06-06T15:14:14.000Z</time>
      </trkpt>
      <trkpt lat="42.276679" lon="-71.237409">
        <ele>52.218474</ele>
        <time>2026-06-06T15:14:17.000Z</time>
      </trkpt>
      <trkpt lat="42.276785" lon="-71.237394">
        <ele>52.199897</ele>
        <time>2026-06-06T15:14:20.000Z</time>
      </trkpt>
      <trkpt lat="42.276908" lon="-71.237364">
        <ele>52.178111</ele>
        <time>2026-06-06T15:14:23.000Z</time>
      </trkpt>
      <trkpt lat="42.277000" lon="-71.237356">
        <ele>52.162042</ele>
        <time>2026-06-06T15:14:25.000Z</time>
      </trkpt>
      <trkpt lat="42.277130" lon="-71.237310">
        <ele>52.138619</ele>
        <time>2026-06-06T15:14:28.000Z</time>
      </trkpt>
      <trkpt lat="42.277277" lon="-71.237290">
        <ele>52.250105</ele>
        <time>2026-06-06T15:14:31.000Z</time>
      </trkpt>
      <trkpt lat="42.277373" lon="-71.237277">
        <ele>52.331973</ele>
        <time>2026-06-06T15:14:33.000Z</time>
      </trkpt>
      <trkpt lat="42.277468" lon="-71.237267">
        <ele>52.412829</ele>
        <time>2026-06-06T15:14:35.000Z</time>
      </trkpt>
      <trkpt lat="42.277568" lon="-71.237260">
        <ele>52.497797</ele>
        <time>2026-06-06T15:14:37.000Z</time>
      </trkpt>
      <trkpt lat="42.277663" lon="-71.237246">
        <ele>52.578886</ele>
        <time>2026-06-06T15:14:39.000Z</time>
      </trkpt>
      <trkpt lat="42.277756" lon="-71.237237">
        <ele>52.658003</ele>
        <time>2026-06-06T15:14:41.000Z</time>
      </trkpt>
      <trkpt lat="42.277856" lon="-71.237227">
        <ele>52.743089</ele>
        <time>2026-06-06T15:14:43.000Z</time>
      </trkpt>
      <trkpt lat="42.277955" lon="-71.237213">
        <ele>52.827554</ele>
        <time>2026-06-06T15:14:45.000Z</time>
      </trkpt>
      <trkpt lat="42.278050" lon="-71.237201">
        <ele>52.908516</ele>
        <time>2026-06-06T15:14:47.000Z</time>
      </trkpt>
      <trkpt lat="42.278143" lon="-71.237181">
        <ele>52.988424</ele>
        <time>2026-06-06T15:14:49.000Z</time>
      </trkpt>
      <trkpt lat="42.278245" lon="-71.237175">
        <ele>53.075057</ele>
        <time>2026-06-06T15:14:51.000Z</time>
      </trkpt>
      <trkpt lat="42.278344" lon="-71.237145">
        <ele>53.161148</ele>
        <time>2026-06-06T15:14:54.000Z</time>
      </trkpt>
      <trkpt lat="42.278474" lon="-71.237133">
        <ele>53.271716</ele>
        <time>2026-06-06T15:14:56.000Z</time>
      </trkpt>
      <trkpt lat="42.278567" lon="-71.237117">
        <ele>53.351267</ele>
        <time>2026-06-06T15:14:58.000Z</time>
      </trkpt>
      <trkpt lat="42.278656" lon="-71.237097">
        <ele>53.427824</ele>
        <time>2026-06-06T15:15:00.000Z</time>
      </trkpt>
      <trkpt lat="42.278789" lon="-71.237065">
        <ele>53.542455</ele>
        <time>2026-06-06T15:15:03.000Z</time>
      </trkpt>
      <trkpt lat="42.278913" lon="-71.237032">
        <ele>53.649695</ele>
        <time>2026-06-06T15:15:06.000Z</time>
      </trkpt>
      <trkpt lat="42.279044" lon="-71.237011">
        <ele>53.867858</ele>
        <time>2026-06-06T15:15:09.000Z</time>
      </trkpt>
      <trkpt lat="42.279172" lon="-71.237006">
        <ele>54.092927</ele>
        <time>2026-06-06T15:15:12.000Z</time>
      </trkpt>
      <trkpt lat="42.279266" lon="-71.237010">
        <ele>54.258225</ele>
        <time>2026-06-06T15:15:14.000Z</time>
      </trkpt>
      <trkpt lat="42.279365" lon="-71.237015">
        <ele>54.432351</ele>
        <time>2026-06-06T15:15:16.000Z</time>
      </trkpt>
      <trkpt lat="42.279470" lon="-71.236978">
        <ele>54.623070</ele>
        <time>2026-06-06T15:15:19.000Z</time>
      </trkpt>
      <trkpt lat="42.279564" lon="-71.236969">
        <ele>54.788700</ele>
        <time>2026-06-06T15:15:21.000Z</time>
      </trkpt>
      <trkpt lat="42.279687" lon="-71.236974">
        <ele>55.004985</ele>
        <time>2026-06-06T15:15:24.000Z</time>
      </trkpt>
      <trkpt lat="42.279789" lon="-71.236966">
        <ele>55.184563</ele>
        <time>2026-06-06T15:15:27.000Z</time>
      </trkpt>
      <trkpt lat="42.279903" lon="-71.236954">
        <ele>55.385538</ele>
        <time>2026-06-06T15:15:37.000Z</time>
      </trkpt>
      <trkpt lat="42.280001" lon="-71.236941">
        <ele>55.558613</ele>
        <time>2026-06-06T15:15:40.000Z</time>
      </trkpt>
      <trkpt lat="42.280093" lon="-71.236939">
        <ele>55.720334</ele>
        <time>2026-06-06T15:15:52.000Z</time>
      </trkpt>
      <trkpt lat="42.280185" lon="-71.236937">
        <ele>55.882056</ele>
        <time>2026-06-06T15:15:57.000Z</time>
      </trkpt>
      <trkpt lat="42.280249" lon="-71.237027">
        <ele>56.044385</ele>
        <time>2026-06-06T15:15:59.000Z</time>
      </trkpt>
      <trkpt lat="42.280276" lon="-71.237162">
        <ele>56.226240</ele>
        <time>2026-06-06T15:16:01.000Z</time>
      </trkpt>
      <trkpt lat="42.280272" lon="-71.237290">
        <ele>56.392839</ele>
        <time>2026-06-06T15:16:03.000Z</time>
      </trkpt>
      <trkpt lat="42.280255" lon="-71.237461">
        <ele>56.617205</ele>
        <time>2026-06-06T15:16:06.000Z</time>
      </trkpt>
      <trkpt lat="42.280274" lon="-71.237631">
        <ele>56.807341</ele>
        <time>2026-06-06T15:16:09.000Z</time>
      </trkpt>
      <trkpt lat="42.280290" lon="-71.237799">
        <ele>56.593632</ele>
        <time>2026-06-06T15:16:12.000Z</time>
      </trkpt>
      <trkpt lat="42.280290" lon="-71.237952">
        <ele>56.400598</ele>
        <time>2026-06-06T15:16:15.000Z</time>
      </trkpt>
      <trkpt lat="42.280286" lon="-71.238215">
        <ele>56.068710</ele>
        <time>2026-06-06T15:16:19.000Z</time>
      </trkpt>
      <trkpt lat="42.280290" lon="-71.238338">
        <ele>55.913375</ele>
        <time>2026-06-06T15:16:21.000Z</time>
      </trkpt>
      <trkpt lat="42.280288" lon="-71.238463">
        <ele>55.755630</ele>
        <time>2026-06-06T15:16:23.000Z</time>
      </trkpt>
      <trkpt lat="42.280287" lon="-71.238592">
        <ele>55.592866</ele>
        <time>2026-06-06T15:16:25.000Z</time>
      </trkpt>
      <trkpt lat="42.280283" lon="-71.238723">
        <ele>55.427447</ele>
        <time>2026-06-06T15:16:27.000Z</time>
      </trkpt>
      <trkpt lat="42.280281" lon="-71.238850">
        <ele>55.267180</ele>
        <time>2026-06-06T15:16:29.000Z</time>
      </trkpt>
      <trkpt lat="42.280277" lon="-71.238985">
        <ele>55.096718</ele>
        <time>2026-06-06T15:16:31.000Z</time>
      </trkpt>
      <trkpt lat="42.280284" lon="-71.239119">
        <ele>54.927234</ele>
        <time>2026-06-06T15:16:33.000Z</time>
      </trkpt>
      <trkpt lat="42.280279" lon="-71.239268">
        <ele>54.739053</ele>
        <time>2026-06-06T15:16:35.000Z</time>
      </trkpt>
      <trkpt lat="42.280277" lon="-71.239415">
        <ele>54.553557</ele>
        <time>2026-06-06T15:16:37.000Z</time>
      </trkpt>
      <trkpt lat="42.280270" lon="-71.239547">
        <ele>54.386589</ele>
        <time>2026-06-06T15:16:39.000Z</time>
      </trkpt>
      <trkpt lat="42.280275" lon="-71.239682">
        <ele>54.216051</ele>
        <time>2026-06-06T15:16:41.000Z</time>
      </trkpt>
      <trkpt lat="42.280268" lon="-71.239869">
        <ele>53.979818</ele>
        <time>2026-06-06T15:16:44.000Z</time>
      </trkpt>
      <trkpt lat="42.280255" lon="-71.240108">
        <ele>53.703172</ele>
        <time>2026-06-06T15:16:47.000Z</time>
      </trkpt>
      <trkpt lat="42.280246" lon="-71.240247">
        <ele>53.584290</ele>
        <time>2026-06-06T15:16:49.000Z</time>
      </trkpt>
      <trkpt lat="42.280234" lon="-71.240390">
        <ele>53.461671</ele>
        <time>2026-06-06T15:16:51.000Z</time>
      </trkpt>
      <trkpt lat="42.280218" lon="-71.240530">
        <ele>53.340974</ele>
        <time>2026-06-06T15:16:53.000Z</time>
      </trkpt>
      <trkpt lat="42.280214" lon="-71.240668">
        <ele>53.223306</ele>
        <time>2026-06-06T15:16:55.000Z</time>
      </trkpt>
      <trkpt lat="42.280216" lon="-71.240808">
        <ele>53.104002</ele>
        <time>2026-06-06T15:16:57.000Z</time>
      </trkpt>
      <trkpt lat="42.280216" lon="-71.240948">
        <ele>52.984721</ele>
        <time>2026-06-06T15:16:59.000Z</time>
      </trkpt>
      <trkpt lat="42.280213" lon="-71.241089">
        <ele>52.864537</ele>
        <time>2026-06-06T15:17:01.000Z</time>
      </trkpt>
      <trkpt lat="42.280211" lon="-71.241229">
        <ele>52.745233</ele>
        <time>2026-06-06T15:17:03.000Z</time>
      </trkpt>
      <trkpt lat="42.280212" lon="-71.241354">
        <ele>52.638725</ele>
        <time>2026-06-06T15:17:05.000Z</time>
      </trkpt>
      <trkpt lat="42.280209" lon="-71.241495">
        <ele>52.518542</ele>
        <time>2026-06-06T15:17:07.000Z</time>
      </trkpt>
      <trkpt lat="42.280210" lon="-71.241628">
        <ele>52.405218</ele>
        <time>2026-06-06T15:17:09.000Z</time>
      </trkpt>
      <trkpt lat="42.280206" lon="-71.241784">
        <ele>52.272225</ele>
        <time>2026-06-06T15:17:12.000Z</time>
      </trkpt>
      <trkpt lat="42.280207" lon="-71.241990">
        <ele>52.096706</ele>
        <time>2026-06-06T15:17:14.000Z</time>
      </trkpt>
      <trkpt lat="42.280212" lon="-71.242138">
        <ele>51.970477</ele>
        <time>2026-06-06T15:17:16.000Z</time>
      </trkpt>
      <trkpt lat="42.280219" lon="-71.242279">
        <ele>51.850073</ele>
        <time>2026-06-06T15:17:18.000Z</time>
      </trkpt>
      <trkpt lat="42.280222" lon="-71.242425">
        <ele>51.725631</ele>
        <time>2026-06-06T15:17:20.000Z</time>
      </trkpt>
      <trkpt lat="42.280234" lon="-71.242577">
        <ele>51.444181</ele>
        <time>2026-06-06T15:17:22.000Z</time>
      </trkpt>
      <trkpt lat="42.280241" lon="-71.242722">
        <ele>51.112286</ele>
        <time>2026-06-06T15:17:24.000Z</time>
      </trkpt>
      <trkpt lat="42.280253" lon="-71.242863">
        <ele>50.788108</ele>
        <time>2026-06-06T15:17:26.000Z</time>
      </trkpt>
      <trkpt lat="42.280259" lon="-71.243018">
        <ele>50.433593</ele>
        <time>2026-06-06T15:17:28.000Z</time>
      </trkpt>
      <trkpt lat="42.280262" lon="-71.243174">
        <ele>50.077158</ele>
        <time>2026-06-06T15:17:30.000Z</time>
      </trkpt>
      <trkpt lat="42.280266" lon="-71.243318">
        <ele>49.748020</ele>
        <time>2026-06-06T15:17:32.000Z</time>
      </trkpt>
      <trkpt lat="42.280270" lon="-71.243444">
        <ele>49.459963</ele>
        <time>2026-06-06T15:17:34.000Z</time>
      </trkpt>
      <trkpt lat="42.280278" lon="-71.243580">
        <ele>49.148349</ele>
        <time>2026-06-06T15:17:36.000Z</time>
      </trkpt>
      <trkpt lat="42.280279" lon="-71.243745">
        <ele>48.771465</ele>
        <time>2026-06-06T15:17:38.000Z</time>
      </trkpt>
      <trkpt lat="42.280289" lon="-71.243899">
        <ele>48.418366</ele>
        <time>2026-06-06T15:17:40.000Z</time>
      </trkpt>
      <trkpt lat="42.280298" lon="-71.244064">
        <ele>48.040472</ele>
        <time>2026-06-06T15:17:42.000Z</time>
      </trkpt>
      <trkpt lat="42.280317" lon="-71.244233">
        <ele>47.650034</ele>
        <time>2026-06-06T15:17:44.000Z</time>
      </trkpt>
      <trkpt lat="42.280326" lon="-71.244404">
        <ele>47.258471</ele>
        <time>2026-06-06T15:17:46.000Z</time>
      </trkpt>
      <trkpt lat="42.280345" lon="-71.244586">
        <ele>46.838653</ele>
        <time>2026-06-06T15:17:48.000Z</time>
      </trkpt>
      <trkpt lat="42.280357" lon="-71.244764">
        <ele>46.430405</ele>
        <time>2026-06-06T15:17:50.000Z</time>
      </trkpt>
      <trkpt lat="42.280385" lon="-71.244956">
        <ele>46.041370</ele>
        <time>2026-06-06T15:17:52.000Z</time>
      </trkpt>
      <trkpt lat="42.280402" lon="-71.245151">
        <ele>45.767020</ele>
        <time>2026-06-06T15:17:54.000Z</time>
      </trkpt>
      <trkpt lat="42.280419" lon="-71.245342">
        <ele>45.498220</ele>
        <time>2026-06-06T15:17:56.000Z</time>
      </trkpt>
      <trkpt lat="42.280439" lon="-71.245536">
        <ele>45.224533</ele>
        <time>2026-06-06T15:17:58.000Z</time>
      </trkpt>
      <trkpt lat="42.280459" lon="-71.245727">
        <ele>44.954998</ele>
        <time>2026-06-06T15:18:00.000Z</time>
      </trkpt>
      <trkpt lat="42.280487" lon="-71.245911">
        <ele>44.692521</ele>
        <time>2026-06-06T15:18:02.000Z</time>
      </trkpt>
      <trkpt lat="42.280518" lon="-71.246088">
        <ele>44.438372</ele>
        <time>2026-06-06T15:18:04.000Z</time>
      </trkpt>
      <trkpt lat="42.280548" lon="-71.246264">
        <ele>44.186014</ele>
        <time>2026-06-06T15:18:06.000Z</time>
      </trkpt>
      <trkpt lat="42.280573" lon="-71.246434">
        <ele>43.943834</ele>
        <time>2026-06-06T15:18:08.000Z</time>
      </trkpt>
      <trkpt lat="42.280602" lon="-71.246596">
        <ele>43.710948</ele>
        <time>2026-06-06T15:18:10.000Z</time>
      </trkpt>
      <trkpt lat="42.280633" lon="-71.246751">
        <ele>43.486600</ele>
        <time>2026-06-06T15:18:12.000Z</time>
      </trkpt>
      <trkpt lat="42.280669" lon="-71.246902">
        <ele>43.264932</ele>
        <time>2026-06-06T15:18:14.000Z</time>
      </trkpt>
      <trkpt lat="42.280712" lon="-71.247043">
        <ele>43.051839</ele>
        <time>2026-06-06T15:18:16.000Z</time>
      </trkpt>
      <trkpt lat="42.280750" lon="-71.247197">
        <ele>42.825011</ele>
        <time>2026-06-06T15:18:18.000Z</time>
      </trkpt>
      <trkpt lat="42.280793" lon="-71.247364">
        <ele>42.638005</ele>
        <time>2026-06-06T15:18:20.000Z</time>
      </trkpt>
      <trkpt lat="42.280840" lon="-71.247539">
        <ele>42.476813</ele>
        <time>2026-06-06T15:18:22.000Z</time>
      </trkpt>
      <trkpt lat="42.280874" lon="-71.247713">
        <ele>42.320996</ele>
        <time>2026-06-06T15:18:24.000Z</time>
      </trkpt>
      <trkpt lat="42.280909" lon="-71.247876">
        <ele>42.174044</ele>
        <time>2026-06-06T15:18:26.000Z</time>
      </trkpt>
      <trkpt lat="42.280949" lon="-71.248031">
        <ele>42.031913</ele>
        <time>2026-06-06T15:18:28.000Z</time>
      </trkpt>
      <trkpt lat="42.281010" lon="-71.248174">
        <ele>41.888997</ele>
        <time>2026-06-06T15:18:30.000Z</time>
      </trkpt>
      <trkpt lat="42.281053" lon="-71.248316">
        <ele>41.756152</ele>
        <time>2026-06-06T15:18:32.000Z</time>
      </trkpt>
      <trkpt lat="42.281100" lon="-71.248473">
        <ele>41.609513</ele>
        <time>2026-06-06T15:18:34.000Z</time>
      </trkpt>
      <trkpt lat="42.281164" lon="-71.248621">
        <ele>41.461090</ele>
        <time>2026-06-06T15:18:36.000Z</time>
      </trkpt>
      <trkpt lat="42.281228" lon="-71.248791">
        <ele>41.295943</ele>
        <time>2026-06-06T15:18:38.000Z</time>
      </trkpt>
      <trkpt lat="42.281301" lon="-71.248960">
        <ele>41.126508</ele>
        <time>2026-06-06T15:18:40.000Z</time>
      </trkpt>
      <trkpt lat="42.281382" lon="-71.249128">
        <ele>40.952892</ele>
        <time>2026-06-06T15:18:42.000Z</time>
      </trkpt>
      <trkpt lat="42.281462" lon="-71.249290">
        <ele>40.784257</ele>
        <time>2026-06-06T15:18:44.000Z</time>
      </trkpt>
      <trkpt lat="42.281541" lon="-71.249438">
        <ele>40.638388</ele>
        <time>2026-06-06T15:18:46.000Z</time>
      </trkpt>
      <trkpt lat="42.281616" lon="-71.249574">
        <ele>40.866924</ele>
        <time>2026-06-06T15:18:48.000Z</time>
      </trkpt>
      <trkpt lat="42.281701" lon="-71.249704">
        <ele>41.100670</ele>
        <time>2026-06-06T15:18:50.000Z</time>
      </trkpt>
      <trkpt lat="42.281779" lon="-71.249826">
        <ele>41.317912</ele>
        <time>2026-06-06T15:18:52.000Z</time>
      </trkpt>
      <trkpt lat="42.281854" lon="-71.249949">
        <ele>41.532660</ele>
        <time>2026-06-06T15:18:54.000Z</time>
      </trkpt>
      <trkpt lat="42.281932" lon="-71.250068">
        <ele>41.746859</ele>
        <time>2026-06-06T15:18:56.000Z</time>
      </trkpt>
      <trkpt lat="42.282022" lon="-71.250200">
        <ele>41.988706</ele>
        <time>2026-06-06T15:18:58.000Z</time>
      </trkpt>
      <trkpt lat="42.282104" lon="-71.250332">
        <ele>42.220927</ele>
        <time>2026-06-06T15:19:00.000Z</time>
      </trkpt>
      <trkpt lat="42.282173" lon="-71.250456">
        <ele>42.429971</ele>
        <time>2026-06-06T15:19:02.000Z</time>
      </trkpt>
      <trkpt lat="42.282265" lon="-71.250589">
        <ele>42.675283</ele>
        <time>2026-06-06T15:19:04.000Z</time>
      </trkpt>
      <trkpt lat="42.282345" lon="-71.250723">
        <ele>42.907269</ele>
        <time>2026-06-06T15:19:06.000Z</time>
      </trkpt>
      <trkpt lat="42.282418" lon="-71.250840">
        <ele>43.113474</ele>
        <time>2026-06-06T15:19:08.000Z</time>
      </trkpt>
      <trkpt lat="42.282495" lon="-71.250948">
        <ele>43.315550</ele>
        <time>2026-06-06T15:19:10.000Z</time>
      </trkpt>
      <trkpt lat="42.282572" lon="-71.251057">
        <ele>43.518597</ele>
        <time>2026-06-06T15:19:12.000Z</time>
      </trkpt>
      <trkpt lat="42.282644" lon="-71.251173">
        <ele>43.722598</ele>
        <time>2026-06-06T15:19:14.000Z</time>
      </trkpt>
      <trkpt lat="42.282716" lon="-71.251289">
        <ele>43.944894</ele>
        <time>2026-06-06T15:19:16.000Z</time>
      </trkpt>
      <trkpt lat="42.282788" lon="-71.251395">
        <ele>44.314662</ele>
        <time>2026-06-06T15:19:18.000Z</time>
      </trkpt>
      <trkpt lat="42.282853" lon="-71.251500">
        <ele>44.666466</ele>
        <time>2026-06-06T15:19:20.000Z</time>
      </trkpt>
      <trkpt lat="42.282942" lon="-71.251635">
        <ele>45.131110</ele>
        <time>2026-06-06T15:19:23.000Z</time>
      </trkpt>
      <trkpt lat="42.282994" lon="-71.251736">
        <ele>45.447300</ele>
        <time>2026-06-06T15:19:25.000Z</time>
      </trkpt>
      <trkpt lat="42.283070" lon="-71.251837">
        <ele>45.817483</ele>
        <time>2026-06-06T15:19:27.000Z</time>
      </trkpt>
      <trkpt lat="42.283141" lon="-71.251945">
        <ele>46.188736</ele>
        <time>2026-06-06T15:19:30.000Z</time>
      </trkpt>
      <trkpt lat="42.283207" lon="-71.252057">
        <ele>46.556670</ele>
        <time>2026-06-06T15:19:33.000Z</time>
      </trkpt>
      <trkpt lat="42.283291" lon="-71.252196">
        <ele>47.017858</ele>
        <time>2026-06-06T15:19:36.000Z</time>
      </trkpt>
      <trkpt lat="42.283367" lon="-71.252295">
        <ele>47.384455</ele>
        <time>2026-06-06T15:19:39.000Z</time>
      </trkpt>
      <trkpt lat="42.283438" lon="-71.252403">
        <ele>47.755707</ele>
        <time>2026-06-06T15:19:43.000Z</time>
      </trkpt>
      <trkpt lat="42.283505" lon="-71.252520">
        <ele>48.135890</ele>
        <time>2026-06-06T15:19:47.000Z</time>
      </trkpt>
      <trkpt lat="42.283576" lon="-71.252640">
        <ele>48.530723</ele>
        <time>2026-06-06T15:19:51.000Z</time>
      </trkpt>
      <trkpt lat="42.283645" lon="-71.252751">
        <ele>48.903265</ele>
        <time>2026-06-06T15:19:53.000Z</time>
      </trkpt>
      <trkpt lat="42.283715" lon="-71.252861">
        <ele>49.276099</ele>
        <time>2026-06-06T15:19:57.000Z</time>
      </trkpt>
      <trkpt lat="42.283787" lon="-71.252978">
        <ele>49.667152</ele>
        <time>2026-06-06T15:20:00.000Z</time>
      </trkpt>
      <trkpt lat="42.283850" lon="-71.253096">
        <ele>50.041073</ele>
        <time>2026-06-06T15:20:03.000Z</time>
      </trkpt>
      <trkpt lat="42.283908" lon="-71.253224">
        <ele>50.254933</ele>
        <time>2026-06-06T15:20:06.000Z</time>
      </trkpt>
      <trkpt lat="42.283962" lon="-71.253341">
        <ele>50.386397</ele>
        <time>2026-06-06T15:20:09.000Z</time>
      </trkpt>
      <trkpt lat="42.284032" lon="-71.253497">
        <ele>50.560332</ele>
        <time>2026-06-06T15:20:11.000Z</time>
      </trkpt>
      <trkpt lat="42.284098" lon="-71.253631">
        <ele>50.713798</ele>
        <time>2026-06-06T15:20:14.000Z</time>
      </trkpt>
      <trkpt lat="42.284171" lon="-71.253770">
        <ele>50.876303</ele>
        <time>2026-06-06T15:20:17.000Z</time>
      </trkpt>
      <trkpt lat="42.284248" lon="-71.253903">
        <ele>51.037303</ele>
        <time>2026-06-06T15:20:20.000Z</time>
      </trkpt>
      <trkpt lat="42.284316" lon="-71.254001">
        <ele>51.165389</ele>
        <time>2026-06-06T15:20:23.000Z</time>
      </trkpt>
      <trkpt lat="42.284372" lon="-71.254098">
        <ele>51.282685</ele>
        <time>2026-06-06T15:20:26.000Z</time>
      </trkpt>
      <trkpt lat="42.284451" lon="-71.254227">
        <ele>51.442329</ele>
        <time>2026-06-06T15:20:29.000Z</time>
      </trkpt>
      <trkpt lat="42.284537" lon="-71.254357">
        <ele>51.608581</ele>
        <time>2026-06-06T15:20:32.000Z</time>
      </trkpt>
      <trkpt lat="42.284619" lon="-71.254462">
        <ele>51.754130</ele>
        <time>2026-06-06T15:20:34.000Z</time>
      </trkpt>
      <trkpt lat="42.284718" lon="-71.254585">
        <ele>51.927403</ele>
        <time>2026-06-06T15:20:37.000Z</time>
      </trkpt>
      <trkpt lat="42.284894" lon="-71.254792">
        <ele>52.228028</ele>
        <time>2026-06-06T15:20:41.000Z</time>
      </trkpt>
      <trkpt lat="42.284971" lon="-71.254872">
        <ele>52.353172</ele>
        <time>2026-06-06T15:20:43.000Z</time>
      </trkpt>
      <trkpt lat="42.285035" lon="-71.254968">
        <ele>52.465903</ele>
        <time>2026-06-06T15:20:45.000Z</time>
      </trkpt>
      <trkpt lat="42.285129" lon="-71.255093">
        <ele>52.285672</ele>
        <time>2026-06-06T15:20:48.000Z</time>
      </trkpt>
      <trkpt lat="42.285199" lon="-71.255201">
        <ele>52.140482</ele>
        <time>2026-06-06T15:20:50.000Z</time>
      </trkpt>
      <trkpt lat="42.285272" lon="-71.255314">
        <ele>51.988787</ele>
        <time>2026-06-06T15:20:52.000Z</time>
      </trkpt>
      <trkpt lat="42.285343" lon="-71.255412">
        <ele>51.850088</ele>
        <time>2026-06-06T15:20:54.000Z</time>
      </trkpt>
      <trkpt lat="42.285423" lon="-71.255561">
        <ele>51.663927</ele>
        <time>2026-06-06T15:20:57.000Z</time>
      </trkpt>
      <trkpt lat="42.285492" lon="-71.255690">
        <ele>51.502964</ele>
        <time>2026-06-06T15:20:59.000Z</time>
      </trkpt>
      <trkpt lat="42.285537" lon="-71.255846">
        <ele>51.333654</ele>
        <time>2026-06-06T15:21:01.000Z</time>
      </trkpt>
      <trkpt lat="42.285546" lon="-71.256019">
        <ele>51.158290</ele>
        <time>2026-06-06T15:21:03.000Z</time>
      </trkpt>
      <trkpt lat="42.285571" lon="-71.256184">
        <ele>50.987984</ele>
        <time>2026-06-06T15:21:05.000Z</time>
      </trkpt>
      <trkpt lat="42.285593" lon="-71.256353">
        <ele>50.814472</ele>
        <time>2026-06-06T15:21:07.000Z</time>
      </trkpt>
      <trkpt lat="42.285610" lon="-71.256524">
        <ele>50.640008</ele>
        <time>2026-06-06T15:21:09.000Z</time>
      </trkpt>
      <trkpt lat="42.285638" lon="-71.256691">
        <ele>50.466861</ele>
        <time>2026-06-06T15:21:11.000Z</time>
      </trkpt>
      <trkpt lat="42.285661" lon="-71.256871">
        <ele>50.282156</ele>
        <time>2026-06-06T15:21:13.000Z</time>
      </trkpt>
      <trkpt lat="42.285691" lon="-71.257053">
        <ele>50.093611</ele>
        <time>2026-06-06T15:21:15.000Z</time>
      </trkpt>
      <trkpt lat="42.285713" lon="-71.257223">
        <ele>49.903187</ele>
        <time>2026-06-06T15:21:17.000Z</time>
      </trkpt>
      <trkpt lat="42.285737" lon="-71.257379">
        <ele>49.714728</ele>
        <time>2026-06-06T15:21:19.000Z</time>
      </trkpt>
      <trkpt lat="42.285759" lon="-71.257528">
        <ele>49.535021</ele>
        <time>2026-06-06T15:21:21.000Z</time>
      </trkpt>
      <trkpt lat="42.285774" lon="-71.257675">
        <ele>49.359508</ele>
        <time>2026-06-06T15:21:23.000Z</time>
      </trkpt>
      <trkpt lat="42.285789" lon="-71.257841">
        <ele>49.161710</ele>
        <time>2026-06-06T15:21:25.000Z</time>
      </trkpt>
      <trkpt lat="42.285793" lon="-71.258009">
        <ele>48.962903</ele>
        <time>2026-06-06T15:21:27.000Z</time>
      </trkpt>
      <trkpt lat="42.285788" lon="-71.258184">
        <ele>48.755764</ele>
        <time>2026-06-06T15:21:29.000Z</time>
      </trkpt>
      <trkpt lat="42.285785" lon="-71.258361">
        <ele>48.546360</ele>
        <time>2026-06-06T15:21:31.000Z</time>
      </trkpt>
      <trkpt lat="42.285794" lon="-71.258541">
        <ele>48.332977</ele>
        <time>2026-06-06T15:21:33.000Z</time>
      </trkpt>
      <trkpt lat="42.285812" lon="-71.258725">
        <ele>48.113454</ele>
        <time>2026-06-06T15:21:35.000Z</time>
      </trkpt>
      <trkpt lat="42.285840" lon="-71.258910">
        <ele>47.890110</ele>
        <time>2026-06-06T15:21:37.000Z</time>
      </trkpt>
      <trkpt lat="42.285872" lon="-71.259093">
        <ele>47.667700</ele>
        <time>2026-06-06T15:21:39.000Z</time>
      </trkpt>
      <trkpt lat="42.285913" lon="-71.259272">
        <ele>47.446070</ele>
        <time>2026-06-06T15:21:41.000Z</time>
      </trkpt>
      <trkpt lat="42.285958" lon="-71.259453">
        <ele>47.220225</ele>
        <time>2026-06-06T15:21:43.000Z</time>
      </trkpt>
      <trkpt lat="42.286007" lon="-71.259621">
        <ele>47.214679</ele>
        <time>2026-06-06T15:21:45.000Z</time>
      </trkpt>
      <trkpt lat="42.286060" lon="-71.259779">
        <ele>47.336261</ele>
        <time>2026-06-06T15:21:47.000Z</time>
      </trkpt>
      <trkpt lat="42.286112" lon="-71.259936">
        <ele>47.456815</ele>
        <time>2026-06-06T15:21:49.000Z</time>
      </trkpt>
      <trkpt lat="42.286160" lon="-71.260092">
        <ele>47.575224</ele>
        <time>2026-06-06T15:21:51.000Z</time>
      </trkpt>
      <trkpt lat="42.286207" lon="-71.260249">
        <ele>47.693921</ele>
        <time>2026-06-06T15:21:53.000Z</time>
      </trkpt>
      <trkpt lat="42.286254" lon="-71.260403">
        <ele>47.810671</ele>
        <time>2026-06-06T15:21:55.000Z</time>
      </trkpt>
      <trkpt lat="42.286301" lon="-71.260552">
        <ele>47.924191</ele>
        <time>2026-06-06T15:21:57.000Z</time>
      </trkpt>
      <trkpt lat="42.286351" lon="-71.260691">
        <ele>48.032511</ele>
        <time>2026-06-06T15:21:59.000Z</time>
      </trkpt>
      <trkpt lat="42.286401" lon="-71.260849">
        <ele>48.152946</ele>
        <time>2026-06-06T15:22:01.000Z</time>
      </trkpt>
      <trkpt lat="42.286449" lon="-71.261003">
        <ele>48.270061</ele>
        <time>2026-06-06T15:22:03.000Z</time>
      </trkpt>
      <trkpt lat="42.286499" lon="-71.261146">
        <ele>48.380909</ele>
        <time>2026-06-06T15:22:05.000Z</time>
      </trkpt>
      <trkpt lat="42.286576" lon="-71.261271">
        <ele>48.494905</ele>
        <time>2026-06-06T15:22:07.000Z</time>
      </trkpt>
      <trkpt lat="42.286656" lon="-71.261388">
        <ele>48.606561</ele>
        <time>2026-06-06T15:22:09.000Z</time>
      </trkpt>
      <trkpt lat="42.286746" lon="-71.261476">
        <ele>48.711787</ele>
        <time>2026-06-06T15:22:11.000Z</time>
      </trkpt>
      <trkpt lat="42.286839" lon="-71.261564">
        <ele>48.819330</ele>
        <time>2026-06-06T15:22:13.000Z</time>
      </trkpt>
      <trkpt lat="42.286933" lon="-71.261657">
        <ele>48.885500</ele>
        <time>2026-06-06T15:22:15.000Z</time>
      </trkpt>
      <trkpt lat="42.287025" lon="-71.261745">
        <ele>48.938969</ele>
        <time>2026-06-06T15:22:17.000Z</time>
      </trkpt>
      <trkpt lat="42.287114" lon="-71.261840">
        <ele>48.992768</ele>
        <time>2026-06-06T15:22:19.000Z</time>
      </trkpt>
      <trkpt lat="42.287202" lon="-71.261927">
        <ele>49.044491</ele>
        <time>2026-06-06T15:22:21.000Z</time>
      </trkpt>
      <trkpt lat="42.287287" lon="-71.262016">
        <ele>49.095499</ele>
        <time>2026-06-06T15:22:23.000Z</time>
      </trkpt>
      <trkpt lat="42.287375" lon="-71.262105">
        <ele>49.147639</ele>
        <time>2026-06-06T15:22:25.000Z</time>
      </trkpt>
      <trkpt lat="42.287460" lon="-71.262192">
        <ele>49.198220</ele>
        <time>2026-06-06T15:22:27.000Z</time>
      </trkpt>
      <trkpt lat="42.287544" lon="-71.262277">
        <ele>49.248000</ele>
        <time>2026-06-06T15:22:29.000Z</time>
      </trkpt>
      <trkpt lat="42.287627" lon="-71.262360">
        <ele>49.296980</ele>
        <time>2026-06-06T15:22:31.000Z</time>
      </trkpt>
      <trkpt lat="42.287752" lon="-71.262502">
        <ele>49.374442</ele>
        <time>2026-06-06T15:22:34.000Z</time>
      </trkpt>
      <trkpt lat="42.287834" lon="-71.262590">
        <ele>49.424113</ele>
        <time>2026-06-06T15:22:36.000Z</time>
      </trkpt>
      <trkpt lat="42.287918" lon="-71.262660">
        <ele>49.470928</ele>
        <time>2026-06-06T15:22:38.000Z</time>
      </trkpt>
      <trkpt lat="42.288034" lon="-71.262750">
        <ele>49.534381</ele>
        <time>2026-06-06T15:22:41.000Z</time>
      </trkpt>
      <trkpt lat="42.288117" lon="-71.262804">
        <ele>49.578081</ele>
        <time>2026-06-06T15:22:43.000Z</time>
      </trkpt>
      <trkpt lat="42.288201" lon="-71.262864">
        <ele>49.623153</ele>
        <time>2026-06-06T15:22:45.000Z</time>
      </trkpt>
      <trkpt lat="42.288285" lon="-71.262930">
        <ele>49.669247</ele>
        <time>2026-06-06T15:22:47.000Z</time>
      </trkpt>
      <trkpt lat="42.288364" lon="-71.263019">
        <ele>49.620297</ele>
        <time>2026-06-06T15:22:49.000Z</time>
      </trkpt>
      <trkpt lat="42.288439" lon="-71.263112">
        <ele>49.468225</ele>
        <time>2026-06-06T15:22:51.000Z</time>
      </trkpt>
      <trkpt lat="42.288515" lon="-71.263215">
        <ele>49.307420</ele>
        <time>2026-06-06T15:22:53.000Z</time>
      </trkpt>
      <trkpt lat="42.288585" lon="-71.263315">
        <ele>49.155243</ele>
        <time>2026-06-06T15:22:55.000Z</time>
      </trkpt>
      <trkpt lat="42.288643" lon="-71.263419">
        <ele>49.011278</ele>
        <time>2026-06-06T15:22:57.000Z</time>
      </trkpt>
      <trkpt lat="42.288698" lon="-71.263538">
        <ele>48.856179</ele>
        <time>2026-06-06T15:22:59.000Z</time>
      </trkpt>
      <trkpt lat="42.288800" lon="-71.263779">
        <ele>48.549272</ele>
        <time>2026-06-06T15:23:03.000Z</time>
      </trkpt>
      <trkpt lat="42.288865" lon="-71.263925">
        <ele>48.360919</ele>
        <time>2026-06-06T15:23:06.000Z</time>
      </trkpt>
      <trkpt lat="42.288917" lon="-71.264053">
        <ele>48.199503</ele>
        <time>2026-06-06T15:23:09.000Z</time>
      </trkpt>
      <trkpt lat="42.288964" lon="-71.264164">
        <ele>48.058132</ele>
        <time>2026-06-06T15:23:12.000Z</time>
      </trkpt>
      <trkpt lat="42.289018" lon="-71.264275">
        <ele>47.911285</ele>
        <time>2026-06-06T15:23:16.000Z</time>
      </trkpt>
      <trkpt lat="42.289078" lon="-71.264184">
        <ele>47.776544</ele>
        <time>2026-06-06T15:24:16.000Z</time>
      </trkpt>
      <trkpt lat="42.288996" lon="-71.264369">
        <ele>47.538157</ele>
        <time>2026-06-06T15:28:58.000Z</time>
      </trkpt>
      <trkpt lat="42.289026" lon="-71.264486">
        <ele>47.401283</ele>
        <time>2026-06-06T15:29:01.000Z</time>
      </trkpt>
      <trkpt lat="42.289055" lon="-71.264613">
        <ele>47.254368</ele>
        <time>2026-06-06T15:29:04.000Z</time>
      </trkpt>
      <trkpt lat="42.289096" lon="-71.264763">
        <ele>47.077610</ele>
        <time>2026-06-06T15:29:07.000Z</time>
      </trkpt>
      <trkpt lat="42.289136" lon="-71.264903">
        <ele>47.299337</ele>
        <time>2026-06-06T15:29:10.000Z</time>
      </trkpt>
      <trkpt lat="42.289162" lon="-71.265031">
        <ele>47.749829</ele>
        <time>2026-06-06T15:29:12.000Z</time>
      </trkpt>
      <trkpt lat="42.289196" lon="-71.265158">
        <ele>48.208205</ele>
        <time>2026-06-06T15:29:15.000Z</time>
      </trkpt>
      <trkpt lat="42.289236" lon="-71.265306">
        <ele>48.742967</ele>
        <time>2026-06-06T15:29:19.000Z</time>
      </trkpt>
      <trkpt lat="42.289265" lon="-71.265445">
        <ele>49.233114</ele>
        <time>2026-06-06T15:29:21.000Z</time>
      </trkpt>
      <trkpt lat="42.289333" lon="-71.265724">
        <ele>50.230064</ele>
        <time>2026-06-06T15:29:24.000Z</time>
      </trkpt>
      <trkpt lat="42.289358" lon="-71.265856">
        <ele>50.692500</ele>
        <time>2026-06-06T15:29:26.000Z</time>
      </trkpt>
      <trkpt lat="42.289405" lon="-71.266029">
        <ele>51.317976</ele>
        <time>2026-06-06T15:29:29.000Z</time>
      </trkpt>
      <trkpt lat="42.289431" lon="-71.266151">
        <ele>51.748863</ele>
        <time>2026-06-06T15:29:31.000Z</time>
      </trkpt>
      <trkpt lat="42.289465" lon="-71.266267">
        <ele>52.172324</ele>
        <time>2026-06-06T15:29:33.000Z</time>
      </trkpt>
      <trkpt lat="42.289500" lon="-71.266383">
        <ele>52.597496</ele>
        <time>2026-06-06T15:29:35.000Z</time>
      </trkpt>
      <trkpt lat="42.289557" lon="-71.266554">
        <ele>53.234036</ele>
        <time>2026-06-06T15:29:38.000Z</time>
      </trkpt>
      <trkpt lat="42.289596" lon="-71.266686">
        <ele>53.716431</ele>
        <time>2026-06-06T15:29:40.000Z</time>
      </trkpt>
      <trkpt lat="42.289626" lon="-71.266808">
        <ele>54.152753</ele>
        <time>2026-06-06T15:29:42.000Z</time>
      </trkpt>
      <trkpt lat="42.289673" lon="-71.266923">
        <ele>54.598646</ele>
        <time>2026-06-06T15:29:45.000Z</time>
      </trkpt>
      <trkpt lat="42.289726" lon="-71.267051">
        <ele>55.096476</ele>
        <time>2026-06-06T15:29:49.000Z</time>
      </trkpt>
      <trkpt lat="42.289789" lon="-71.267184">
        <ele>55.197243</ele>
        <time>2026-06-06T15:29:53.000Z</time>
      </trkpt>
      <trkpt lat="42.289853" lon="-71.267290">
        <ele>55.120849</ele>
        <time>2026-06-06T15:29:57.000Z</time>
      </trkpt>
      <trkpt lat="42.289919" lon="-71.267411">
        <ele>55.036911</ele>
        <time>2026-06-06T15:30:02.000Z</time>
      </trkpt>
      <trkpt lat="42.289974" lon="-71.267541">
        <ele>54.953295</ele>
        <time>2026-06-06T15:30:07.000Z</time>
      </trkpt>
      <trkpt lat="42.290374" lon="-71.268316">
        <ele>54.425674</ele>
        <time>2026-06-06T15:30:10.000Z</time>
      </trkpt>
      <trkpt lat="42.290447" lon="-71.268477">
        <ele>54.320241</ele>
        <time>2026-06-06T15:30:12.000Z</time>
      </trkpt>
      <trkpt lat="42.290508" lon="-71.268618">
        <ele>54.229042</ele>
        <time>2026-06-06T15:30:14.000Z</time>
      </trkpt>
      <trkpt lat="42.290571" lon="-71.268752">
        <ele>54.140394</ele>
        <time>2026-06-06T15:30:16.000Z</time>
      </trkpt>
      <trkpt lat="42.290636" lon="-71.268897">
        <ele>54.045731</ele>
        <time>2026-06-06T15:30:18.000Z</time>
      </trkpt>
      <trkpt lat="42.290711" lon="-71.269046">
        <ele>53.945107</ele>
        <time>2026-06-06T15:30:20.000Z</time>
      </trkpt>
      <trkpt lat="42.290788" lon="-71.269190">
        <ele>54.147323</ele>
        <time>2026-06-06T15:30:22.000Z</time>
      </trkpt>
      <trkpt lat="42.290873" lon="-71.269312">
        <ele>54.563996</ele>
        <time>2026-06-06T15:30:24.000Z</time>
      </trkpt>
      <trkpt lat="42.290954" lon="-71.269416">
        <ele>54.939456</ele>
        <time>2026-06-06T15:30:26.000Z</time>
      </trkpt>
      <trkpt lat="42.291060" lon="-71.269523">
        <ele>55.384081</ele>
        <time>2026-06-06T15:30:29.000Z</time>
      </trkpt>
      <trkpt lat="42.291158" lon="-71.269632">
        <ele>55.810610</ele>
        <time>2026-06-06T15:30:32.000Z</time>
      </trkpt>
      <trkpt lat="42.291229" lon="-71.269724">
        <ele>56.141157</ele>
        <time>2026-06-06T15:30:35.000Z</time>
      </trkpt>
      <trkpt lat="42.291302" lon="-71.269800">
        <ele>56.450833</ele>
        <time>2026-06-06T15:30:38.000Z</time>
      </trkpt>
      <trkpt lat="42.291395" lon="-71.269907">
        <ele>56.861282</ele>
        <time>2026-06-06T15:30:40.000Z</time>
      </trkpt>
      <trkpt lat="42.291487" lon="-71.270026">
        <ele>57.289232</ele>
        <time>2026-06-06T15:30:43.000Z</time>
      </trkpt>
      <trkpt lat="42.291579" lon="-71.270140">
        <ele>57.708685</ele>
        <time>2026-06-06T15:30:46.000Z</time>
      </trkpt>
      <trkpt lat="42.291661" lon="-71.270237">
        <ele>58.074899</ele>
        <time>2026-06-06T15:30:49.000Z</time>
      </trkpt>
      <trkpt lat="42.291738" lon="-71.270320">
        <ele>58.405892</ele>
        <time>2026-06-06T15:30:52.000Z</time>
      </trkpt>
      <trkpt lat="42.291816" lon="-71.270411">
        <ele>58.752173</ele>
        <time>2026-06-06T15:30:55.000Z</time>
      </trkpt>
      <trkpt lat="42.291906" lon="-71.270509">
        <ele>59.140582</ele>
        <time>2026-06-06T15:30:58.000Z</time>
      </trkpt>
      <trkpt lat="42.291990" lon="-71.270613">
        <ele>59.523413</ele>
        <time>2026-06-06T15:31:01.000Z</time>
      </trkpt>
      <trkpt lat="42.292084" lon="-71.270730">
        <ele>59.942964</ele>
        <time>2026-06-06T15:31:05.000Z</time>
      </trkpt>
      <trkpt lat="42.292173" lon="-71.270827">
        <ele>59.744380</ele>
        <time>2026-06-06T15:31:08.000Z</time>
      </trkpt>
      <trkpt lat="42.292249" lon="-71.270926">
        <ele>59.561048</ele>
        <time>2026-06-06T15:31:11.000Z</time>
      </trkpt>
      <trkpt lat="42.292320" lon="-71.271006">
        <ele>59.400494</ele>
        <time>2026-06-06T15:31:14.000Z</time>
      </trkpt>
      <trkpt lat="42.292394" lon="-71.271094">
        <ele>59.229295</ele>
        <time>2026-06-06T15:31:17.000Z</time>
      </trkpt>
      <trkpt lat="42.292473" lon="-71.271205">
        <ele>59.031370</ele>
        <time>2026-06-06T15:31:21.000Z</time>
      </trkpt>
      <trkpt lat="42.292783" lon="-71.271623">
        <ele>58.270811</ele>
        <time>2026-06-06T15:31:25.000Z</time>
      </trkpt>
      <trkpt lat="42.292861" lon="-71.271766">
        <ele>58.042513</ele>
        <time>2026-06-06T15:31:27.000Z</time>
      </trkpt>
      <trkpt lat="42.292930" lon="-71.271918">
        <ele>57.813359</ele>
        <time>2026-06-06T15:31:29.000Z</time>
      </trkpt>
      <trkpt lat="42.293004" lon="-71.272097">
        <ele>57.549875</ele>
        <time>2026-06-06T15:31:31.000Z</time>
      </trkpt>
      <trkpt lat="42.293082" lon="-71.272256">
        <ele>57.304727</ele>
        <time>2026-06-06T15:31:33.000Z</time>
      </trkpt>
      <trkpt lat="42.293156" lon="-71.272434">
        <ele>57.042363</ele>
        <time>2026-06-06T15:31:35.000Z</time>
      </trkpt>
      <trkpt lat="42.293247" lon="-71.272598">
        <ele>56.739104</ele>
        <time>2026-06-06T15:31:37.000Z</time>
      </trkpt>
      <trkpt lat="42.293340" lon="-71.272780">
        <ele>56.191848</ele>
        <time>2026-06-06T15:31:38.999Z</time>
      </trkpt>
      <trkpt lat="42.293429" lon="-71.272961">
        <ele>55.654146</ele>
        <time>2026-06-06T15:31:40.999Z</time>
      </trkpt>
      <trkpt lat="42.293526" lon="-71.273136">
        <ele>55.113135</ele>
        <time>2026-06-06T15:31:42.999Z</time>
      </trkpt>
      <trkpt lat="42.293637" lon="-71.273328">
        <ele>54.510264</ele>
        <time>2026-06-06T15:31:44.999Z</time>
      </trkpt>
      <trkpt lat="42.293699" lon="-71.273431">
        <ele>54.181733</ele>
        <time>2026-06-06T15:31:45.999Z</time>
      </trkpt>
      <trkpt lat="42.293807" lon="-71.273584">
        <ele>53.658521</ele>
        <time>2026-06-06T15:31:48.999Z</time>
      </trkpt>
      <trkpt lat="42.293875" lon="-71.273687">
        <ele>53.316970</ele>
        <time>2026-06-06T15:31:49.999Z</time>
      </trkpt>
      <trkpt lat="42.293943" lon="-71.273801">
        <ele>52.954662</ele>
        <time>2026-06-06T15:31:50.999Z</time>
      </trkpt>
      <trkpt lat="42.294006" lon="-71.273893">
        <ele>52.644499</ele>
        <time>2026-06-06T15:31:51.999Z</time>
      </trkpt>
      <trkpt lat="42.294130" lon="-71.274065">
        <ele>52.050305</ele>
        <time>2026-06-06T15:31:53.999Z</time>
      </trkpt>
      <trkpt lat="42.294240" lon="-71.274236">
        <ele>51.489662</ele>
        <time>2026-06-06T15:31:55.999Z</time>
      </trkpt>
      <trkpt lat="42.294355" lon="-71.274386">
        <ele>50.955204</ele>
        <time>2026-06-06T15:31:57.999Z</time>
      </trkpt>
      <trkpt lat="42.294464" lon="-71.274504">
        <ele>50.642635</ele>
        <time>2026-06-06T15:31:59.999Z</time>
      </trkpt>
      <trkpt lat="42.294591" lon="-71.274616">
        <ele>50.381713</ele>
        <time>2026-06-06T15:32:01.999Z</time>
      </trkpt>
      <trkpt lat="42.294715" lon="-71.274698">
        <ele>50.144180</ele>
        <time>2026-06-06T15:32:03.999Z</time>
      </trkpt>
      <trkpt lat="42.294825" lon="-71.274759">
        <ele>49.939592</ele>
        <time>2026-06-06T15:32:05.999Z</time>
      </trkpt>
      <trkpt lat="42.294923" lon="-71.274803">
        <ele>49.761902</ele>
        <time>2026-06-06T15:32:07.999Z</time>
      </trkpt>
      <trkpt lat="42.295023" lon="-71.274831">
        <ele>49.586174</ele>
        <time>2026-06-06T15:32:09.999Z</time>
      </trkpt>
      <trkpt lat="42.295120" lon="-71.274851">
        <ele>49.417331</ele>
        <time>2026-06-06T15:32:11.999Z</time>
      </trkpt>
      <trkpt lat="42.295240" lon="-71.274863">
        <ele>49.210277</ele>
        <time>2026-06-06T15:32:13.999Z</time>
      </trkpt>
      <trkpt lat="42.295345" lon="-71.274876">
        <ele>49.028842</ele>
        <time>2026-06-06T15:32:15.999Z</time>
      </trkpt>
      <trkpt lat="42.295446" lon="-71.274900">
        <ele>48.852381</ele>
        <time>2026-06-06T15:32:17.999Z</time>
      </trkpt>
      <trkpt lat="42.295545" lon="-71.274901">
        <ele>48.682022</ele>
        <time>2026-06-06T15:32:19.999Z</time>
      </trkpt>
      <trkpt lat="42.295653" lon="-71.274910">
        <ele>48.495828</ele>
        <time>2026-06-06T15:32:22.999Z</time>
      </trkpt>
      <trkpt lat="42.295748" lon="-71.274915">
        <ele>48.332232</ele>
        <time>2026-06-06T15:32:25.999Z</time>
      </trkpt>
      <trkpt lat="42.295842" lon="-71.274931">
        <ele>48.169205</ele>
        <time>2026-06-06T15:32:28.999Z</time>
      </trkpt>
      <trkpt lat="42.295915" lon="-71.275003">
        <ele>48.013714</ele>
        <time>2026-06-06T15:32:41.999Z</time>
      </trkpt>
      <trkpt lat="42.296273" lon="-71.275200">
        <ele>47.817111</ele>
        <time>2026-06-06T15:34:10.999Z</time>
      </trkpt>
      <trkpt lat="42.296386" lon="-71.275286">
        <ele>47.882206</ele>
        <time>2026-06-06T15:34:13.999Z</time>
      </trkpt>
      <trkpt lat="42.296486" lon="-71.275390">
        <ele>47.945539</ele>
        <time>2026-06-06T15:34:16.999Z</time>
      </trkpt>
      <trkpt lat="42.296565" lon="-71.275488">
        <ele>47.999360</ele>
        <time>2026-06-06T15:34:19.999Z</time>
      </trkpt>
      <trkpt lat="42.296628" lon="-71.275581">
        <ele>48.046185</ele>
        <time>2026-06-06T15:34:22.999Z</time>
      </trkpt>
      <trkpt lat="42.296688" lon="-71.275672">
        <ele>48.091449</ele>
        <time>2026-06-06T15:34:24.999Z</time>
      </trkpt>
      <trkpt lat="42.296750" lon="-71.275783">
        <ele>48.143095</ele>
        <time>2026-06-06T15:34:27.999Z</time>
      </trkpt>
      <trkpt lat="42.296817" lon="-71.275883">
        <ele>48.193193</ele>
        <time>2026-06-06T15:34:29.999Z</time>
      </trkpt>
      <trkpt lat="42.296994" lon="-71.276144">
        <ele>48.324670</ele>
        <time>2026-06-06T15:34:32.999Z</time>
      </trkpt>
      <trkpt lat="42.297071" lon="-71.276257">
        <ele>48.381717</ele>
        <time>2026-06-06T15:34:34.999Z</time>
      </trkpt>
      <trkpt lat="42.297147" lon="-71.276378">
        <ele>48.440658</ele>
        <time>2026-06-06T15:34:36.999Z</time>
      </trkpt>
      <trkpt lat="42.297222" lon="-71.276496">
        <ele>48.498425</ele>
        <time>2026-06-06T15:34:38.999Z</time>
      </trkpt>
      <trkpt lat="42.297297" lon="-71.276625">
        <ele>48.559348</ele>
        <time>2026-06-06T15:34:40.999Z</time>
      </trkpt>
      <trkpt lat="42.297374" lon="-71.276739">
        <ele>48.589865</ele>
        <time>2026-06-06T15:34:42.999Z</time>
      </trkpt>
      <trkpt lat="42.297442" lon="-71.276852">
        <ele>48.057609</ele>
        <time>2026-06-06T15:34:44.999Z</time>
      </trkpt>
      <trkpt lat="42.297516" lon="-71.276977">
        <ele>47.472618</ele>
        <time>2026-06-06T15:34:46.999Z</time>
      </trkpt>
      <trkpt lat="42.297620" lon="-71.277106">
        <ele>46.775424</ele>
        <time>2026-06-06T15:34:48.999Z</time>
      </trkpt>
      <trkpt lat="42.297699" lon="-71.277231">
        <ele>46.174692</ele>
        <time>2026-06-06T15:34:50.999Z</time>
      </trkpt>
      <trkpt lat="42.297781" lon="-71.277357">
        <ele>45.561490</ele>
        <time>2026-06-06T15:34:52.999Z</time>
      </trkpt>
      <trkpt lat="42.297880" lon="-71.277456">
        <ele>44.953216</ele>
        <time>2026-06-06T15:34:54.999Z</time>
      </trkpt>
      <trkpt lat="42.297950" lon="-71.277608">
        <ele>44.299000</ele>
        <time>2026-06-06T15:34:56.999Z</time>
      </trkpt>
      <trkpt lat="42.298032" lon="-71.277748">
        <ele>43.646521</ele>
        <time>2026-06-06T15:34:58.999Z</time>
      </trkpt>
      <trkpt lat="42.298114" lon="-71.277885">
        <ele>43.002601</ele>
        <time>2026-06-06T15:35:00.999Z</time>
      </trkpt>
      <trkpt lat="42.298202" lon="-71.278011">
        <ele>42.369432</ele>
        <time>2026-06-06T15:35:02.999Z</time>
      </trkpt>
      <trkpt lat="42.298289" lon="-71.278147">
        <ele>41.712464</ele>
        <time>2026-06-06T15:35:04.999Z</time>
      </trkpt>
      <trkpt lat="42.298369" lon="-71.278282">
        <ele>41.080432</ele>
        <time>2026-06-06T15:35:06.999Z</time>
      </trkpt>
      <trkpt lat="42.298439" lon="-71.278417">
        <ele>40.478053</ele>
        <time>2026-06-06T15:35:08.999Z</time>
      </trkpt>
      <trkpt lat="42.298471" lon="-71.278557">
        <ele>39.942668</ele>
        <time>2026-06-06T15:35:10.999Z</time>
      </trkpt>
      <trkpt lat="42.298514" lon="-71.278686">
        <ele>39.799932</ele>
        <time>2026-06-06T15:35:12.999Z</time>
      </trkpt>
      <trkpt lat="42.298609" lon="-71.278772">
        <ele>39.931279</ele>
        <time>2026-06-06T15:35:14.999Z</time>
      </trkpt>
      <trkpt lat="42.298711" lon="-71.278857">
        <ele>40.068934</ele>
        <time>2026-06-06T15:35:16.999Z</time>
      </trkpt>
      <trkpt lat="42.298793" lon="-71.278980">
        <ele>40.209642</ele>
        <time>2026-06-06T15:35:18.999Z</time>
      </trkpt>
      <trkpt lat="42.298823" lon="-71.279145">
        <ele>40.354023</ele>
        <time>2026-06-06T15:35:20.999Z</time>
      </trkpt>
      <trkpt lat="42.298808" lon="-71.279329">
        <ele>40.511323</ele>
        <time>2026-06-06T15:35:22.999Z</time>
      </trkpt>
      <trkpt lat="42.298766" lon="-71.279501">
        <ele>40.665237</ele>
        <time>2026-06-06T15:35:24.999Z</time>
      </trkpt>
      <trkpt lat="42.298735" lon="-71.279682">
        <ele>40.823110</ele>
        <time>2026-06-06T15:35:26.999Z</time>
      </trkpt>
      <trkpt lat="42.298745" lon="-71.279851">
        <ele>40.967175</ele>
        <time>2026-06-06T15:35:28.999Z</time>
      </trkpt>
      <trkpt lat="42.298752" lon="-71.280032">
        <ele>41.121189</ele>
        <time>2026-06-06T15:35:30.999Z</time>
      </trkpt>
      <trkpt lat="42.298731" lon="-71.280212">
        <ele>41.276033</ele>
        <time>2026-06-06T15:35:32.999Z</time>
      </trkpt>
      <trkpt lat="42.298700" lon="-71.280388">
        <ele>41.429770</ele>
        <time>2026-06-06T15:35:34.999Z</time>
      </trkpt>
      <trkpt lat="42.298681" lon="-71.280549">
        <ele>41.568309</ele>
        <time>2026-06-06T15:35:36.999Z</time>
      </trkpt>
      <trkpt lat="42.298656" lon="-71.280709">
        <ele>41.707269</ele>
        <time>2026-06-06T15:35:38.999Z</time>
      </trkpt>
      <trkpt lat="42.298631" lon="-71.280864">
        <ele>41.829328</ele>
        <time>2026-06-06T15:35:40.999Z</time>
      </trkpt>
      <trkpt lat="42.298605" lon="-71.280985">
        <ele>41.906975</ele>
        <time>2026-06-06T15:35:42.999Z</time>
      </trkpt>
      <trkpt lat="42.298590" lon="-71.281107">
        <ele>41.983187</ele>
        <time>2026-06-06T15:35:44.999Z</time>
      </trkpt>
      <trkpt lat="42.298558" lon="-71.281229">
        <ele>42.062955</ele>
        <time>2026-06-06T15:35:47.999Z</time>
      </trkpt>
      <trkpt lat="42.298519" lon="-71.281425">
        <ele>42.188032</ele>
        <time>2026-06-06T15:35:49.999Z</time>
      </trkpt>
      <trkpt lat="42.298491" lon="-71.281568">
        <ele>42.279189</ele>
        <time>2026-06-06T15:35:51.999Z</time>
      </trkpt>
      <trkpt lat="42.298460" lon="-71.281712">
        <ele>42.371609</ele>
        <time>2026-06-06T15:35:53.999Z</time>
      </trkpt>
      <trkpt lat="42.298427" lon="-71.281872">
        <ele>42.473968</ele>
        <time>2026-06-06T15:35:55.999Z</time>
      </trkpt>
      <trkpt lat="42.298397" lon="-71.282027">
        <ele>42.572701</ele>
        <time>2026-06-06T15:35:57.999Z</time>
      </trkpt>
      <trkpt lat="42.298364" lon="-71.282176">
        <ele>42.668548</ele>
        <time>2026-06-06T15:35:59.999Z</time>
      </trkpt>
      <trkpt lat="42.298329" lon="-71.282321">
        <ele>42.762541</ele>
        <time>2026-06-06T15:36:01.999Z</time>
      </trkpt>
      <trkpt lat="42.298296" lon="-71.282467">
        <ele>42.856618</ele>
        <time>2026-06-06T15:36:03.999Z</time>
      </trkpt>
      <trkpt lat="42.298263" lon="-71.282615">
        <ele>42.951876</ele>
        <time>2026-06-06T15:36:05.999Z</time>
      </trkpt>
      <trkpt lat="42.298302" lon="-71.282757">
        <ele>43.045219</ele>
        <time>2026-06-06T15:36:07.999Z</time>
      </trkpt>
      <trkpt lat="42.298419" lon="-71.282786">
        <ele>43.144322</ele>
        <time>2026-06-06T15:36:09.999Z</time>
      </trkpt>
      <trkpt lat="42.298541" lon="-71.282794">
        <ele>43.246085</ele>
        <time>2026-06-06T15:36:11.999Z</time>
      </trkpt>
      <trkpt lat="42.298648" lon="-71.282833">
        <ele>43.239171</ele>
        <time>2026-06-06T15:36:13.999Z</time>
      </trkpt>
      <trkpt lat="42.298750" lon="-71.282873">
        <ele>43.128943</ele>
        <time>2026-06-06T15:36:15.999Z</time>
      </trkpt>
      <trkpt lat="42.298847" lon="-71.282896">
        <ele>43.026731</ele>
        <time>2026-06-06T15:36:17.999Z</time>
      </trkpt>
      <trkpt lat="42.298941" lon="-71.282947">
        <ele>42.921607</ele>
        <time>2026-06-06T15:36:19.999Z</time>
      </trkpt>
      <trkpt lat="42.299054" lon="-71.282982">
        <ele>42.801288</ele>
        <time>2026-06-06T15:36:21.999Z</time>
      </trkpt>
      <trkpt lat="42.299146" lon="-71.283000">
        <ele>42.704807</ele>
        <time>2026-06-06T15:36:23.999Z</time>
      </trkpt>
      <trkpt lat="42.299257" lon="-71.283062">
        <ele>42.580158</ele>
        <time>2026-06-06T15:36:25.999Z</time>
      </trkpt>
      <trkpt lat="42.299351" lon="-71.283096">
        <ele>42.479165</ele>
        <time>2026-06-06T15:36:27.999Z</time>
      </trkpt>
      <trkpt lat="42.299459" lon="-71.283133">
        <ele>42.363531</ele>
        <time>2026-06-06T15:36:29.999Z</time>
      </trkpt>
      <trkpt lat="42.299570" lon="-71.283180">
        <ele>42.242808</ele>
        <time>2026-06-06T15:36:31.999Z</time>
      </trkpt>
      <trkpt lat="42.299674" lon="-71.283229">
        <ele>42.128501</ele>
        <time>2026-06-06T15:36:33.999Z</time>
      </trkpt>
      <trkpt lat="42.299774" lon="-71.283263">
        <ele>42.021481</ele>
        <time>2026-06-06T15:36:35.999Z</time>
      </trkpt>
      <trkpt lat="42.299890" lon="-71.283306">
        <ele>41.896643</ele>
        <time>2026-06-06T15:36:37.999Z</time>
      </trkpt>
      <trkpt lat="42.299996" lon="-71.283356">
        <ele>41.780123</ele>
        <time>2026-06-06T15:36:39.999Z</time>
      </trkpt>
      <trkpt lat="42.300099" lon="-71.283399">
        <ele>41.668241</ele>
        <time>2026-06-06T15:36:41.999Z</time>
      </trkpt>
      <trkpt lat="42.300204" lon="-71.283429">
        <ele>41.556856</ele>
        <time>2026-06-06T15:36:43.999Z</time>
      </trkpt>
      <trkpt lat="42.300305" lon="-71.283471">
        <ele>41.447183</ele>
        <time>2026-06-06T15:36:45.999Z</time>
      </trkpt>
      <trkpt lat="42.300418" lon="-71.283483">
        <ele>41.446871</ele>
        <time>2026-06-06T15:36:47.999Z</time>
      </trkpt>
      <trkpt lat="42.300518" lon="-71.283525">
        <ele>41.468450</ele>
        <time>2026-06-06T15:36:49.999Z</time>
      </trkpt>
      <trkpt lat="42.300603" lon="-71.283583">
        <ele>41.488071</ele>
        <time>2026-06-06T15:36:51.999Z</time>
      </trkpt>
      <trkpt lat="42.300722" lon="-71.283634">
        <ele>41.513796</ele>
        <time>2026-06-06T15:36:54.999Z</time>
      </trkpt>
      <trkpt lat="42.300810" lon="-71.283669">
        <ele>41.532699</ele>
        <time>2026-06-06T15:36:58.999Z</time>
      </trkpt>
      <trkpt lat="42.300909" lon="-71.283727">
        <ele>41.554934</ele>
        <time>2026-06-06T15:37:10.999Z</time>
      </trkpt>
      <trkpt lat="42.300910" lon="-71.283852">
        <ele>41.573987</ele>
        <time>2026-06-06T15:37:13.999Z</time>
      </trkpt>
      <trkpt lat="42.300880" lon="-71.283995">
        <ele>41.596642</ele>
        <time>2026-06-06T15:37:16.999Z</time>
      </trkpt>
      <trkpt lat="42.300856" lon="-71.284123">
        <ele>41.616769</ele>
        <time>2026-06-06T15:37:18.999Z</time>
      </trkpt>
      <trkpt lat="42.300854" lon="-71.284249">
        <ele>41.635978</ele>
        <time>2026-06-06T15:37:20.999Z</time>
      </trkpt>
      <trkpt lat="42.300866" lon="-71.284389">
        <ele>41.657459</ele>
        <time>2026-06-06T15:37:22.999Z</time>
      </trkpt>
      <trkpt lat="42.300894" lon="-71.284516">
        <ele>41.677658</ele>
        <time>2026-06-06T15:37:24.999Z</time>
      </trkpt>
      <trkpt lat="42.300923" lon="-71.284647">
        <ele>41.698500</ele>
        <time>2026-06-06T15:37:26.999Z</time>
      </trkpt>
      <trkpt lat="42.300950" lon="-71.284791">
        <ele>41.721142</ele>
        <time>2026-06-06T15:37:28.999Z</time>
      </trkpt>
      <trkpt lat="42.300980" lon="-71.284957">
        <ele>41.747188</ele>
        <time>2026-06-06T15:37:30.999Z</time>
      </trkpt>
      <trkpt lat="42.301082" lon="-71.285058">
        <ele>41.773242</ele>
        <time>2026-06-06T15:37:32.999Z</time>
      </trkpt>
      <trkpt lat="42.301147" lon="-71.285161">
        <ele>41.793879</ele>
        <time>2026-06-06T15:37:34.999Z</time>
      </trkpt>
      <trkpt lat="42.301212" lon="-71.285261">
        <ele>42.131447</ele>
        <time>2026-06-06T15:37:36.999Z</time>
      </trkpt>
      <trkpt lat="42.301273" lon="-71.285360">
        <ele>42.538593</ele>
        <time>2026-06-06T15:37:38.999Z</time>
      </trkpt>
      <trkpt lat="42.301344" lon="-71.285502">
        <ele>43.080189</ele>
        <time>2026-06-06T15:37:41.999Z</time>
      </trkpt>
      <trkpt lat="42.301414" lon="-71.285592">
        <ele>43.492868</ele>
        <time>2026-06-06T15:37:43.999Z</time>
      </trkpt>
      <trkpt lat="42.301474" lon="-71.285691">
        <ele>43.897292</ele>
        <time>2026-06-06T15:37:45.999Z</time>
      </trkpt>
      <trkpt lat="42.301558" lon="-71.285817">
        <ele>44.433286</ele>
        <time>2026-06-06T15:37:48.999Z</time>
      </trkpt>
      <trkpt lat="42.301668" lon="-71.285983">
        <ele>45.137533</ele>
        <time>2026-06-06T15:37:52.999Z</time>
      </trkpt>
      <trkpt lat="42.301735" lon="-71.286102">
        <ele>45.610095</ele>
        <time>2026-06-06T15:37:55.999Z</time>
      </trkpt>
      <trkpt lat="42.301789" lon="-71.286210">
        <ele>46.022010</ele>
        <time>2026-06-06T15:37:58.999Z</time>
      </trkpt>
      <trkpt lat="42.301849" lon="-71.286305">
        <ele>46.416739</ele>
        <time>2026-06-06T15:38:04.999Z</time>
      </trkpt>
      <trkpt lat="42.301988" lon="-71.286509">
        <ele>47.293169</ele>
        <time>2026-06-06T15:38:37.999Z</time>
      </trkpt>
      <trkpt lat="42.302042" lon="-71.286639">
        <ele>47.764284</ele>
        <time>2026-06-06T15:38:40.999Z</time>
      </trkpt>
      <trkpt lat="42.302102" lon="-71.286742">
        <ele>48.178560</ele>
        <time>2026-06-06T15:38:43.999Z</time>
      </trkpt>
      <trkpt lat="42.302189" lon="-71.286821">
        <ele>48.626281</ele>
        <time>2026-06-06T15:38:47.999Z</time>
      </trkpt>
      <trkpt lat="42.302278" lon="-71.286890">
        <ele>49.064577</ele>
        <time>2026-06-06T15:38:51.999Z</time>
      </trkpt>
      <trkpt lat="42.302360" lon="-71.286960">
        <ele>49.478876</ele>
        <time>2026-06-06T15:38:55.999Z</time>
      </trkpt>
      <trkpt lat="42.302476" lon="-71.287052">
        <ele>49.416778</ele>
        <time>2026-06-06T15:38:58.999Z</time>
      </trkpt>
      <trkpt lat="42.302558" lon="-71.287118">
        <ele>49.370077</ele>
        <time>2026-06-06T15:39:01.999Z</time>
      </trkpt>
      <trkpt lat="42.302649" lon="-71.287179">
        <ele>49.320372</ele>
        <time>2026-06-06T15:39:04.999Z</time>
      </trkpt>
      <trkpt lat="42.302745" lon="-71.287236">
        <ele>49.269061</ele>
        <time>2026-06-06T15:39:07.999Z</time>
      </trkpt>
      <trkpt lat="42.302867" lon="-71.287448">
        <ele>49.171838</ele>
        <time>2026-06-06T15:39:33.999Z</time>
      </trkpt>
      <trkpt lat="42.302791" lon="-71.287608">
        <ele>49.103013</ele>
        <time>2026-06-06T15:39:36.999Z</time>
      </trkpt>
      <trkpt lat="42.302714" lon="-71.287725">
        <ele>49.046328</ele>
        <time>2026-06-06T15:39:38.999Z</time>
      </trkpt>
      <trkpt lat="42.302632" lon="-71.287844">
        <ele>48.987460</ele>
        <time>2026-06-06T15:39:40.999Z</time>
      </trkpt>
      <trkpt lat="42.302552" lon="-71.287961">
        <ele>48.929788</ele>
        <time>2026-06-06T15:39:42.999Z</time>
      </trkpt>
      <trkpt lat="42.302473" lon="-71.288083">
        <ele>48.871099</ele>
        <time>2026-06-06T15:39:44.999Z</time>
      </trkpt>
      <trkpt lat="42.302387" lon="-71.288175">
        <ele>48.817432</ele>
        <time>2026-06-06T15:39:46.999Z</time>
      </trkpt>
      <trkpt lat="42.302334" lon="-71.288296">
        <ele>48.766533</ele>
        <time>2026-06-06T15:39:48.999Z</time>
      </trkpt>
      <trkpt lat="42.302248" lon="-71.288407">
        <ele>48.708349</ele>
        <time>2026-06-06T15:39:50.999Z</time>
      </trkpt>
      <trkpt lat="42.302158" lon="-71.288490">
        <ele>48.655035</ele>
        <time>2026-06-06T15:39:52.999Z</time>
      </trkpt>
      <trkpt lat="42.302079" lon="-71.288600">
        <ele>48.586312</ele>
        <time>2026-06-06T15:39:54.999Z</time>
      </trkpt>
      <trkpt lat="42.301997" lon="-71.288714">
        <ele>48.218983</ele>
        <time>2026-06-06T15:39:56.999Z</time>
      </trkpt>
      <trkpt lat="42.301917" lon="-71.288827">
        <ele>47.857653</ele>
        <time>2026-06-06T15:39:58.999Z</time>
      </trkpt>
      <trkpt lat="42.301833" lon="-71.288937">
        <ele>47.492429</ele>
        <time>2026-06-06T15:40:00.999Z</time>
      </trkpt>
      <trkpt lat="42.301753" lon="-71.289037">
        <ele>47.152158</ele>
        <time>2026-06-06T15:40:02.999Z</time>
      </trkpt>
      <trkpt lat="42.301675" lon="-71.289144">
        <ele>46.805122</ele>
        <time>2026-06-06T15:40:04.999Z</time>
      </trkpt>
      <trkpt lat="42.301623" lon="-71.289295">
        <ele>46.420366</ele>
        <time>2026-06-06T15:40:06.999Z</time>
      </trkpt>
      <trkpt lat="42.301557" lon="-71.289418">
        <ele>46.069346</ele>
        <time>2026-06-06T15:40:08.999Z</time>
      </trkpt>
      <trkpt lat="42.301491" lon="-71.289544">
        <ele>45.712694</ele>
        <time>2026-06-06T15:40:10.999Z</time>
      </trkpt>
      <trkpt lat="42.301424" lon="-71.289675">
        <ele>45.344788</ele>
        <time>2026-06-06T15:40:12.999Z</time>
      </trkpt>
      <trkpt lat="42.301358" lon="-71.289806">
        <ele>44.978649</ele>
        <time>2026-06-06T15:40:14.999Z</time>
      </trkpt>
      <trkpt lat="42.301304" lon="-71.289922">
        <ele>44.662038</ele>
        <time>2026-06-06T15:40:16.999Z</time>
      </trkpt>
      <trkpt lat="42.301237" lon="-71.290038">
        <ele>44.322058</ele>
        <time>2026-06-06T15:40:18.999Z</time>
      </trkpt>
      <trkpt lat="42.301177" lon="-71.290173">
        <ele>43.958243</ele>
        <time>2026-06-06T15:40:20.999Z</time>
      </trkpt>
      <trkpt lat="42.301102" lon="-71.290294">
        <ele>43.593565</ele>
        <time>2026-06-06T15:40:22.999Z</time>
      </trkpt>
      <trkpt lat="42.301044" lon="-71.290418">
        <ele>43.254658</ele>
        <time>2026-06-06T15:40:24.999Z</time>
      </trkpt>
      <trkpt lat="42.300988" lon="-71.290520">
        <ele>42.984523</ele>
        <time>2026-06-06T15:40:27.999Z</time>
      </trkpt>
      <trkpt lat="42.300915" lon="-71.290661">
        <ele>42.984523</ele>
        <time>2026-06-06T15:40:28.999Z</time>
      </trkpt>
      <trkpt lat="42.300844" lon="-71.290782">
        <ele>42.984523</ele>
        <time>2026-06-06T15:40:30.999Z</time>
      </trkpt>
      <trkpt lat="42.300779" lon="-71.290910">
        <ele>42.984523</ele>
        <time>2026-06-06T15:40:32.999Z</time>
      </trkpt>
      <trkpt lat="42.300714" lon="-71.291027">
        <ele>42.984523</ele>
        <time>2026-06-06T15:40:34.999Z</time>
      </trkpt>
      <trkpt lat="42.300650" lon="-71.291141">
        <ele>42.984523</ele>
        <time>2026-06-06T15:40:36.999Z</time>
      </trkpt>
      <trkpt lat="42.300595" lon="-71.291250">
        <ele>42.984523</ele>
        <time>2026-06-06T15:40:38.999Z</time>
      </trkpt>
      <trkpt lat="42.300541" lon="-71.291350">
        <ele>42.984523</ele>
        <time>2026-06-06T15:40:40.999Z</time>
      </trkpt>
      <trkpt lat="42.300472" lon="-71.291501">
        <ele>42.984523</ele>
        <time>2026-06-06T15:40:43.999Z</time>
      </trkpt>
      <trkpt lat="42.300521" lon="-71.291652">
        <ele>42.984523</ele>
        <time>2026-06-06T15:40:48.999Z</time>
      </trkpt>
      <trkpt lat="42.300600" lon="-71.291716">
        <ele>42.984523</ele>
        <time>2026-06-06T15:40:57.999Z</time>
      </trkpt>
      <trkpt lat="42.300608" lon="-71.291847">
        <ele>42.984523</ele>
        <time>2026-06-06T15:41:04.999Z</time>
      </trkpt>
      <trkpt lat="42.300564" lon="-71.291959">
        <ele>42.984523</ele>
        <time>2026-06-06T15:41:09.999Z</time>
      </trkpt>
      <trkpt lat="42.300508" lon="-71.292065">
        <ele>42.984523</ele>
        <time>2026-06-06T15:41:16.999Z</time>
      </trkpt>
      <trkpt lat="42.300467" lon="-71.292181">
        <ele>42.984523</ele>
        <time>2026-06-06T15:41:25.999Z</time>
      </trkpt>
      <trkpt lat="42.300545" lon="-71.292245">
        <ele>42.984523</ele>
        <time>2026-06-06T15:41:33.999Z</time>
      </trkpt>
      <trkpt lat="42.300621" lon="-71.292310">
        <ele>42.984523</ele>
        <time>2026-06-06T15:41:40.999Z</time>
      </trkpt>
    </trkseg>
  </trk>
</gpx>