<?xml version='1.0' encoding='UTF-8'?>
<gpx version="1.1" creator="https://www.komoot.de" xmlns="http://www.topografix.com/GPX/1/1" xmlns:xsi="http://www.w3.org/2001/XMLSchema-instance" xsi:schemaLocation="http://www.topografix.com/GPX/1/1 http://www.topografix.com/GPX/1/1/gpx.xsd">
  <metadata>
    <name>Wenham + Manchester-by-the-Sea + Essex + Hamilton mains</name>
    <author>
      <link href="https://www.komoot.de">
        <text>komoot</text>
        <type>text/html</type>
      </link>
    </author>
  </metadata>
  <trk>
    <name>Wenham + Manchester-by-the-Sea + Essex + Hamilton mains</name>
    <trkseg>
      <trkpt lat="42.585902" lon="-70.884692">
        <ele>19.817043</ele>
        <time>2025-09-26T21:07:10.582Z</time>
      </trkpt>
      <trkpt lat="42.585853" lon="-70.884673">
        <ele>19.817043</ele>
        <time>2025-09-26T21:07:11.887Z</time>
      </trkpt>
      <trkpt lat="42.585697" lon="-70.884617">
        <ele>19.817043</ele>
        <time>2025-09-26T21:07:15.980Z</time>
      </trkpt>
      <trkpt lat="42.585625" lon="-70.884894">
        <ele>19.817043</ele>
        <time>2025-09-26T21:07:21.559Z</time>
      </trkpt>
      <trkpt lat="42.585442" lon="-70.884832">
        <ele>19.817043</ele>
        <time>2025-09-26T21:07:26.510Z</time>
      </trkpt>
      <trkpt lat="42.585385" lon="-70.884814">
        <ele>19.817043</ele>
        <time>2025-09-26T21:07:28.076Z</time>
      </trkpt>
      <trkpt lat="42.584963" lon="-70.884722">
        <ele>19.853292</ele>
        <time>2025-09-26T21:07:39.210Z</time>
      </trkpt>
      <trkpt lat="42.584539" lon="-70.884630">
        <ele>19.929663</ele>
        <time>2025-09-26T21:07:48.885Z</time>
      </trkpt>
      <trkpt lat="42.584512" lon="-70.884624">
        <ele>19.934529</ele>
        <time>2025-09-26T21:07:49.512Z</time>
      </trkpt>
      <trkpt lat="42.584061" lon="-70.884534">
        <ele>20.015607</ele>
        <time>2025-09-26T21:07:59.508Z</time>
      </trkpt>
      <trkpt lat="42.583909" lon="-70.884504">
        <ele>20.042926</ele>
        <time>2025-09-26T21:08:02.926Z</time>
      </trkpt>
      <trkpt lat="42.583844" lon="-70.884491">
        <ele>20.054612</ele>
        <time>2025-09-26T21:08:04.349Z</time>
      </trkpt>
      <trkpt lat="42.583493" lon="-70.884420">
        <ele>20.117731</ele>
        <time>2025-09-26T21:08:12.178Z</time>
      </trkpt>
      <trkpt lat="42.583166" lon="-70.884376">
        <ele>20.350897</ele>
        <time>2025-09-26T21:08:19.468Z</time>
      </trkpt>
      <trkpt lat="42.583054" lon="-70.884394">
        <ele>20.460320</ele>
        <time>2025-09-26T21:08:21.959Z</time>
      </trkpt>
      <trkpt lat="42.583015" lon="-70.884183">
        <ele>20.615728</ele>
        <time>2025-09-26T21:08:25.605Z</time>
      </trkpt>
      <trkpt lat="42.583028" lon="-70.884011">
        <ele>20.739244</ele>
        <time>2025-09-26T21:08:28.616Z</time>
      </trkpt>
      <trkpt lat="42.583204" lon="-70.883704">
        <ele>21.017193</ele>
        <time>2025-09-26T21:08:36.024Z</time>
      </trkpt>
      <trkpt lat="42.583590" lon="-70.883174">
        <ele>21.549733</ele>
        <time>2025-09-26T21:08:51.493Z</time>
      </trkpt>
      <trkpt lat="42.583849" lon="-70.882779">
        <ele>21.972942</ele>
        <time>2025-09-26T21:09:02.687Z</time>
      </trkpt>
      <trkpt lat="42.583950" lon="-70.882627">
        <ele>22.264874</ele>
        <time>2025-09-26T21:09:07.206Z</time>
      </trkpt>
      <trkpt lat="42.584161" lon="-70.882315">
        <ele>22.868906</ele>
        <time>2025-09-26T21:09:16.789Z</time>
      </trkpt>
      <trkpt lat="42.584323" lon="-70.882068">
        <ele>23.340547</ele>
        <time>2025-09-26T21:09:24.314Z</time>
      </trkpt>
      <trkpt lat="42.584379" lon="-70.881983">
        <ele>23.503177</ele>
        <time>2025-09-26T21:09:26.900Z</time>
      </trkpt>
      <trkpt lat="42.584615" lon="-70.881628">
        <ele>24.185134</ele>
        <time>2025-09-26T21:09:37.882Z</time>
      </trkpt>
      <trkpt lat="42.584955" lon="-70.881092">
        <ele>25.193875</ele>
        <time>2025-09-26T21:09:54.226Z</time>
      </trkpt>
      <trkpt lat="42.585090" lon="-70.880880">
        <ele>25.349582</ele>
        <time>2025-09-26T21:10:00.556Z</time>
      </trkpt>
      <trkpt lat="42.585721" lon="-70.879904">
        <ele>25.223648</ele>
        <time>2025-09-26T21:10:23.569Z</time>
      </trkpt>
      <trkpt lat="42.585871" lon="-70.879636">
        <ele>25.191008</ele>
        <time>2025-09-26T21:10:28.384Z</time>
      </trkpt>
      <trkpt lat="42.586136" lon="-70.878978">
        <ele>24.934789</ele>
        <time>2025-09-26T21:10:38.353Z</time>
      </trkpt>
      <trkpt lat="42.586337" lon="-70.878443">
        <ele>23.804342</ele>
        <time>2025-09-26T21:10:45.872Z</time>
      </trkpt>
      <trkpt lat="42.586467" lon="-70.878103">
        <ele>23.083283</ele>
        <time>2025-09-26T21:10:50.673Z</time>
      </trkpt>
      <trkpt lat="42.586520" lon="-70.877966">
        <ele>22.792008</ele>
        <time>2025-09-26T21:10:52.625Z</time>
      </trkpt>
      <trkpt lat="42.586646" lon="-70.877642">
        <ele>22.102370</ele>
        <time>2025-09-26T21:10:57.229Z</time>
      </trkpt>
      <trkpt lat="42.586843" lon="-70.877127">
        <ele>21.010078</ele>
        <time>2025-09-26T21:11:04.300Z</time>
      </trkpt>
      <trkpt lat="42.586857" lon="-70.877085">
        <ele>20.923307</ele>
        <time>2025-09-26T21:11:04.848Z</time>
      </trkpt>
      <trkpt lat="42.586930" lon="-70.876853">
        <ele>20.469233</ele>
        <time>2025-09-26T21:11:07.824Z</time>
      </trkpt>
      <trkpt lat="42.587081" lon="-70.876226">
        <ele>19.542535</ele>
        <time>2025-09-26T21:11:15.582Z</time>
      </trkpt>
      <trkpt lat="42.587205" lon="-70.875619">
        <ele>18.657641</ele>
        <time>2025-09-26T21:11:23.437Z</time>
      </trkpt>
      <trkpt lat="42.587329" lon="-70.875017">
        <ele>17.779516</ele>
        <time>2025-09-26T21:11:31.789Z</time>
      </trkpt>
      <trkpt lat="42.587466" lon="-70.874351">
        <ele>17.264336</ele>
        <time>2025-09-26T21:11:42.493Z</time>
      </trkpt>
      <trkpt lat="42.587594" lon="-70.873701">
        <ele>17.803584</ele>
        <time>2025-09-26T21:11:56.615Z</time>
      </trkpt>
      <trkpt lat="42.587659" lon="-70.873391">
        <ele>18.061909</ele>
        <time>2025-09-26T21:12:04.276Z</time>
      </trkpt>
      <trkpt lat="42.587739" lon="-70.873003">
        <ele>18.384831</ele>
        <time>2025-09-26T21:12:13.411Z</time>
      </trkpt>
      <trkpt lat="42.587776" lon="-70.872816">
        <ele>18.540017</ele>
        <time>2025-09-26T21:12:17.482Z</time>
      </trkpt>
      <trkpt lat="42.587782" lon="-70.872787">
        <ele>18.564159</ele>
        <time>2025-09-26T21:12:18.079Z</time>
      </trkpt>
      <trkpt lat="42.587919" lon="-70.872082">
        <ele>19.030520</ele>
        <time>2025-09-26T21:12:31.810Z</time>
      </trkpt>
      <trkpt lat="42.587999" lon="-70.871655">
        <ele>18.930700</ele>
        <time>2025-09-26T21:12:39.314Z</time>
      </trkpt>
      <trkpt lat="42.588096" lon="-70.871098">
        <ele>18.801029</ele>
        <time>2025-09-26T21:12:48.316Z</time>
      </trkpt>
      <trkpt lat="42.588177" lon="-70.870435">
        <ele>18.648773</ele>
        <time>2025-09-26T21:12:57.851Z</time>
      </trkpt>
      <trkpt lat="42.588187" lon="-70.870141">
        <ele>18.582096</ele>
        <time>2025-09-26T21:13:01.954Z</time>
      </trkpt>
      <trkpt lat="42.588200" lon="-70.869539">
        <ele>18.470436</ele>
        <time>2025-09-26T21:13:10.902Z</time>
      </trkpt>
      <trkpt lat="42.588179" lon="-70.868859">
        <ele>18.382809</ele>
        <time>2025-09-26T21:13:21.451Z</time>
      </trkpt>
      <trkpt lat="42.588149" lon="-70.868251">
        <ele>18.304354</ele>
        <time>2025-09-26T21:13:31.362Z</time>
      </trkpt>
      <trkpt lat="42.588179" lon="-70.867999">
        <ele>18.271487</ele>
        <time>2025-09-26T21:13:35.695Z</time>
      </trkpt>
      <trkpt lat="42.588223" lon="-70.867826">
        <ele>18.247922</ele>
        <time>2025-09-26T21:13:38.901Z</time>
      </trkpt>
      <trkpt lat="42.588519" lon="-70.866757">
        <ele>17.965616</ele>
        <time>2025-09-26T21:13:57.997Z</time>
      </trkpt>
      <trkpt lat="42.588529" lon="-70.866723">
        <ele>17.953627</ele>
        <time>2025-09-26T21:13:58.528Z</time>
      </trkpt>
      <trkpt lat="42.588684" lon="-70.866240">
        <ele>17.781099</ele>
        <time>2025-09-26T21:14:06.348Z</time>
      </trkpt>
      <trkpt lat="42.588940" lon="-70.865613">
        <ele>17.546332</ele>
        <time>2025-09-26T21:14:17.116Z</time>
      </trkpt>
      <trkpt lat="42.589053" lon="-70.865376">
        <ele>17.453874</ele>
        <time>2025-09-26T21:14:21.259Z</time>
      </trkpt>
      <trkpt lat="42.589329" lon="-70.864814">
        <ele>17.315246</ele>
        <time>2025-09-26T21:14:30.830Z</time>
      </trkpt>
      <trkpt lat="42.589505" lon="-70.864432">
        <ele>17.245855</ele>
        <time>2025-09-26T21:14:37.342Z</time>
      </trkpt>
      <trkpt lat="42.589565" lon="-70.864295">
        <ele>17.221309</ele>
        <time>2025-09-26T21:14:39.717Z</time>
      </trkpt>
      <trkpt lat="42.589852" lon="-70.863665">
        <ele>17.107229</ele>
        <time>2025-09-26T21:14:51.645Z</time>
      </trkpt>
      <trkpt lat="42.590344" lon="-70.862765">
        <ele>17.465610</ele>
        <time>2025-09-26T21:15:12.102Z</time>
      </trkpt>
      <trkpt lat="42.590580" lon="-70.862421">
        <ele>17.887731</ele>
        <time>2025-09-26T21:15:20.613Z</time>
      </trkpt>
      <trkpt lat="42.590805" lon="-70.862118">
        <ele>18.274082</ele>
        <time>2025-09-26T21:15:29.237Z</time>
      </trkpt>
      <trkpt lat="42.591158" lon="-70.861676">
        <ele>18.859515</ele>
        <time>2025-09-26T21:15:43.385Z</time>
      </trkpt>
      <trkpt lat="42.591204" lon="-70.861618">
        <ele>18.936049</ele>
        <time>2025-09-26T21:15:45.201Z</time>
      </trkpt>
      <trkpt lat="42.590799" lon="-70.860880">
        <ele>20.326611</ele>
        <time>2025-09-26T21:16:05.131Z</time>
      </trkpt>
      <trkpt lat="42.589829" lon="-70.859548">
        <ele>23.693975</ele>
        <time>2025-09-26T21:16:51.345Z</time>
      </trkpt>
      <trkpt lat="42.589730" lon="-70.859402">
        <ele>23.977875</ele>
        <time>2025-09-26T21:16:56.032Z</time>
      </trkpt>
      <trkpt lat="42.589659" lon="-70.859241">
        <ele>24.246303</ele>
        <time>2025-09-26T21:17:00.418Z</time>
      </trkpt>
      <trkpt lat="42.589441" lon="-70.858954">
        <ele>24.836114</ele>
        <time>2025-09-26T21:17:09.872Z</time>
      </trkpt>
      <trkpt lat="42.589134" lon="-70.858655">
        <ele>25.570020</ele>
        <time>2025-09-26T21:17:21.308Z</time>
      </trkpt>
      <trkpt lat="42.588324" lon="-70.857987">
        <ele>27.188024</ele>
        <time>2025-09-26T21:17:48.415Z</time>
      </trkpt>
      <trkpt lat="42.587585" lon="-70.857294">
        <ele>27.614428</ele>
        <time>2025-09-26T21:18:10.698Z</time>
      </trkpt>
      <trkpt lat="42.587306" lon="-70.856853">
        <ele>27.817697</ele>
        <time>2025-09-26T21:18:20.306Z</time>
      </trkpt>
      <trkpt lat="42.587017" lon="-70.856512">
        <ele>27.943083</ele>
        <time>2025-09-26T21:18:28.491Z</time>
      </trkpt>
      <trkpt lat="42.586889" lon="-70.856373">
        <ele>27.872296</ele>
        <time>2025-09-26T21:18:31.990Z</time>
      </trkpt>
      <trkpt lat="42.586582" lon="-70.855826">
        <ele>27.653562</ele>
        <time>2025-09-26T21:18:42.786Z</time>
      </trkpt>
      <trkpt lat="42.586403" lon="-70.855623">
        <ele>27.552837</ele>
        <time>2025-09-26T21:18:47.707Z</time>
      </trkpt>
      <trkpt lat="42.586013" lon="-70.855256">
        <ele>27.347899</ele>
        <time>2025-09-26T21:18:57.804Z</time>
      </trkpt>
      <trkpt lat="42.585824" lon="-70.855063">
        <ele>27.245763</ele>
        <time>2025-09-26T21:19:02.580Z</time>
      </trkpt>
      <trkpt lat="42.585761" lon="-70.854954">
        <ele>27.201693</ele>
        <time>2025-09-26T21:19:04.596Z</time>
      </trkpt>
      <trkpt lat="42.585569" lon="-70.854328">
        <ele>26.640729</ele>
        <time>2025-09-26T21:19:14.039Z</time>
      </trkpt>
      <trkpt lat="42.585494" lon="-70.854154">
        <ele>26.469653</ele>
        <time>2025-09-26T21:19:16.724Z</time>
      </trkpt>
      <trkpt lat="42.585436" lon="-70.854033">
        <ele>26.347144</ele>
        <time>2025-09-26T21:19:18.627Z</time>
      </trkpt>
      <trkpt lat="42.585264" lon="-70.853847">
        <ele>26.093773</ele>
        <time>2025-09-26T21:19:22.590Z</time>
      </trkpt>
      <trkpt lat="42.584809" lon="-70.853289">
        <ele>25.387295</ele>
        <time>2025-09-26T21:19:34.102Z</time>
      </trkpt>
      <trkpt lat="42.584639" lon="-70.853102">
        <ele>25.135189</ele>
        <time>2025-09-26T21:19:38.355Z</time>
      </trkpt>
      <trkpt lat="42.584211" lon="-70.852749">
        <ele>24.655314</ele>
        <time>2025-09-26T21:19:48.419Z</time>
      </trkpt>
      <trkpt lat="42.584177" lon="-70.852672">
        <ele>24.592301</ele>
        <time>2025-09-26T21:19:49.815Z</time>
      </trkpt>
      <trkpt lat="42.584138" lon="-70.852170">
        <ele>24.238036</ele>
        <time>2025-09-26T21:19:57.573Z</time>
      </trkpt>
      <trkpt lat="42.584087" lon="-70.851883">
        <ele>24.030833</ele>
        <time>2025-09-26T21:20:01.986Z</time>
      </trkpt>
      <trkpt lat="42.583744" lon="-70.851089">
        <ele>23.381638</ele>
        <time>2025-09-26T21:20:14.601Z</time>
      </trkpt>
      <trkpt lat="42.583529" lon="-70.850674">
        <ele>22.972664</ele>
        <time>2025-09-26T21:20:21.223Z</time>
      </trkpt>
      <trkpt lat="42.583380" lon="-70.850504">
        <ele>22.759653</ele>
        <time>2025-09-26T21:20:24.737Z</time>
      </trkpt>
      <trkpt lat="42.583101" lon="-70.850319">
        <ele>22.419798</ele>
        <time>2025-09-26T21:20:30.510Z</time>
      </trkpt>
      <trkpt lat="42.582839" lon="-70.850201">
        <ele>22.117649</ele>
        <time>2025-09-26T21:20:35.752Z</time>
      </trkpt>
      <trkpt lat="42.582443" lon="-70.850027">
        <ele>21.662057</ele>
        <time>2025-09-26T21:20:44.090Z</time>
      </trkpt>
      <trkpt lat="42.582374" lon="-70.849947">
        <ele>21.562749</ele>
        <time>2025-09-26T21:20:45.991Z</time>
      </trkpt>
      <trkpt lat="42.582189" lon="-70.849598">
        <ele>21.452058</ele>
        <time>2025-09-26T21:20:52.717Z</time>
      </trkpt>
      <trkpt lat="42.581800" lon="-70.848829">
        <ele>21.503423</ele>
        <time>2025-09-26T21:21:07.539Z</time>
      </trkpt>
      <trkpt lat="42.581353" lon="-70.848200">
        <ele>21.551551</ele>
        <time>2025-09-26T21:21:21.089Z</time>
      </trkpt>
      <trkpt lat="42.580247" lon="-70.846596">
        <ele>23.894332</ele>
        <time>2025-09-26T21:22:06.287Z</time>
      </trkpt>
      <trkpt lat="42.579932" lon="-70.846225">
        <ele>24.610809</ele>
        <time>2025-09-26T21:22:20.767Z</time>
      </trkpt>
      <trkpt lat="42.579591" lon="-70.845926">
        <ele>24.552005</ele>
        <time>2025-09-26T21:22:35.156Z</time>
      </trkpt>
      <trkpt lat="42.579708" lon="-70.845310">
        <ele>24.414765</ele>
        <time>2025-09-26T21:22:48.081Z</time>
      </trkpt>
      <trkpt lat="42.579713" lon="-70.844712">
        <ele>24.285749</ele>
        <time>2025-09-26T21:22:56.869Z</time>
      </trkpt>
      <trkpt lat="42.579817" lon="-70.844042">
        <ele>24.138033</ele>
        <time>2025-09-26T21:23:04.829Z</time>
      </trkpt>
      <trkpt lat="42.580017" lon="-70.843008">
        <ele>22.554776</ele>
        <time>2025-09-26T21:23:17.309Z</time>
      </trkpt>
      <trkpt lat="42.580174" lon="-70.842047">
        <ele>21.081508</ele>
        <time>2025-09-26T21:23:30.488Z</time>
      </trkpt>
      <trkpt lat="42.580248" lon="-70.841609">
        <ele>20.477442</ele>
        <time>2025-09-26T21:23:38.166Z</time>
      </trkpt>
      <trkpt lat="42.580292" lon="-70.841356">
        <ele>20.467176</ele>
        <time>2025-09-26T21:23:42.930Z</time>
      </trkpt>
      <trkpt lat="42.580458" lon="-70.840392">
        <ele>20.428081</ele>
        <time>2025-09-26T21:24:00.798Z</time>
      </trkpt>
      <trkpt lat="42.580532" lon="-70.839957">
        <ele>20.410451</ele>
        <time>2025-09-26T21:24:08.434Z</time>
      </trkpt>
      <trkpt lat="42.580827" lon="-70.838189">
        <ele>19.752712</ele>
        <time>2025-09-26T21:24:34.869Z</time>
      </trkpt>
      <trkpt lat="42.580880" lon="-70.837877">
        <ele>19.571523</ele>
        <time>2025-09-26T21:24:39.378Z</time>
      </trkpt>
      <trkpt lat="42.580962" lon="-70.837450">
        <ele>19.321814</ele>
        <time>2025-09-26T21:24:45.636Z</time>
      </trkpt>
      <trkpt lat="42.581059" lon="-70.837102">
        <ele>19.111254</ele>
        <time>2025-09-26T21:24:51.017Z</time>
      </trkpt>
      <trkpt lat="42.581074" lon="-70.837050">
        <ele>19.079652</ele>
        <time>2025-09-26T21:24:51.845Z</time>
      </trkpt>
      <trkpt lat="42.581352" lon="-70.836175">
        <ele>18.803120</ele>
        <time>2025-09-26T21:25:06.225Z</time>
      </trkpt>
      <trkpt lat="42.581515" lon="-70.835731">
        <ele>18.682663</ele>
        <time>2025-09-26T21:25:14.191Z</time>
      </trkpt>
      <trkpt lat="42.581703" lon="-70.835304">
        <ele>18.561871</ele>
        <time>2025-09-26T21:25:22.187Z</time>
      </trkpt>
      <trkpt lat="42.581774" lon="-70.835165">
        <ele>18.520797</ele>
        <time>2025-09-26T21:25:24.904Z</time>
      </trkpt>
      <trkpt lat="42.581970" lon="-70.834933">
        <ele>18.435066</ele>
        <time>2025-09-26T21:25:30.559Z</time>
      </trkpt>
      <trkpt lat="42.582345" lon="-70.834621">
        <ele>18.336143</ele>
        <time>2025-09-26T21:25:39.870Z</time>
      </trkpt>
      <trkpt lat="42.583655" lon="-70.833549">
        <ele>18.101431</ele>
        <time>2025-09-26T21:26:12.216Z</time>
      </trkpt>
      <trkpt lat="42.583971" lon="-70.833230">
        <ele>18.347317</ele>
        <time>2025-09-26T21:26:21.584Z</time>
      </trkpt>
      <trkpt lat="42.584082" lon="-70.833074">
        <ele>18.447070</ele>
        <time>2025-09-26T21:26:25.582Z</time>
      </trkpt>
      <trkpt lat="42.584319" lon="-70.832639">
        <ele>18.695896</ele>
        <time>2025-09-26T21:26:36.216Z</time>
      </trkpt>
      <trkpt lat="42.584534" lon="-70.832114">
        <ele>18.972126</ele>
        <time>2025-09-26T21:26:48.815Z</time>
      </trkpt>
      <trkpt lat="42.584940" lon="-70.831040">
        <ele>18.627624</ele>
        <time>2025-09-26T21:27:09.138Z</time>
      </trkpt>
      <trkpt lat="42.585078" lon="-70.830598">
        <ele>18.291792</ele>
        <time>2025-09-26T21:27:16.053Z</time>
      </trkpt>
      <trkpt lat="42.585094" lon="-70.830543">
        <ele>18.250425</ele>
        <time>2025-09-26T21:27:16.883Z</time>
      </trkpt>
      <trkpt lat="42.585280" lon="-70.829888">
        <ele>17.759352</ele>
        <time>2025-09-26T21:27:26.153Z</time>
      </trkpt>
      <trkpt lat="42.585354" lon="-70.829625">
        <ele>17.562407</ele>
        <time>2025-09-26T21:27:29.699Z</time>
      </trkpt>
      <trkpt lat="42.585494" lon="-70.829064">
        <ele>17.267611</ele>
        <time>2025-09-26T21:27:37.172Z</time>
      </trkpt>
      <trkpt lat="42.585634" lon="-70.828293">
        <ele>16.923927</ele>
        <time>2025-09-26T21:27:48.323Z</time>
      </trkpt>
      <trkpt lat="42.585834" lon="-70.827107">
        <ele>16.408085</ele>
        <time>2025-09-26T21:28:09.428Z</time>
      </trkpt>
      <trkpt lat="42.585858" lon="-70.826825">
        <ele>16.474109</ele>
        <time>2025-09-26T21:28:14.817Z</time>
      </trkpt>
      <trkpt lat="42.585856" lon="-70.826412">
        <ele>16.570166</ele>
        <time>2025-09-26T21:28:22.726Z</time>
      </trkpt>
      <trkpt lat="42.585850" lon="-70.826309">
        <ele>16.594196</ele>
        <time>2025-09-26T21:28:24.651Z</time>
      </trkpt>
      <trkpt lat="42.585834" lon="-70.826169">
        <ele>16.627147</ele>
        <time>2025-09-26T21:28:27.236Z</time>
      </trkpt>
      <trkpt lat="42.585797" lon="-70.825774">
        <ele>16.719756</ele>
        <time>2025-09-26T21:28:34.279Z</time>
      </trkpt>
      <trkpt lat="42.585651" lon="-70.824552">
        <ele>17.032045</ele>
        <time>2025-09-26T21:28:54.401Z</time>
      </trkpt>
      <trkpt lat="42.585658" lon="-70.823948">
        <ele>17.269819</ele>
        <time>2025-09-26T21:29:04.192Z</time>
      </trkpt>
      <trkpt lat="42.585678" lon="-70.823721">
        <ele>17.359807</ele>
        <time>2025-09-26T21:29:07.909Z</time>
      </trkpt>
      <trkpt lat="42.585823" lon="-70.823039">
        <ele>17.639222</ele>
        <time>2025-09-26T21:29:20.489Z</time>
      </trkpt>
      <trkpt lat="42.585952" lon="-70.822560">
        <ele>17.839981</ele>
        <time>2025-09-26T21:29:30.873Z</time>
      </trkpt>
      <trkpt lat="42.585737" lon="-70.822361">
        <ele>17.993893</ele>
        <time>2025-09-26T21:29:38.389Z</time>
      </trkpt>
      <trkpt lat="42.585477" lon="-70.822086">
        <ele>18.228083</ele>
        <time>2025-09-26T21:29:47.114Z</time>
      </trkpt>
      <trkpt lat="42.585049" lon="-70.821610">
        <ele>18.621209</ele>
        <time>2025-09-26T21:30:01.193Z</time>
      </trkpt>
      <trkpt lat="42.584889" lon="-70.821439">
        <ele>18.765898</ele>
        <time>2025-09-26T21:30:06.596Z</time>
      </trkpt>
      <trkpt lat="42.584606" lon="-70.821122">
        <ele>19.026590</ele>
        <time>2025-09-26T21:30:16.192Z</time>
      </trkpt>
      <trkpt lat="42.584011" lon="-70.820448">
        <ele>18.908815</ele>
        <time>2025-09-26T21:30:32.488Z</time>
      </trkpt>
      <trkpt lat="42.583956" lon="-70.820385">
        <ele>18.866288</ele>
        <time>2025-09-26T21:30:33.861Z</time>
      </trkpt>
      <trkpt lat="42.583499" lon="-70.819868">
        <ele>18.514733</ele>
        <time>2025-09-26T21:30:45.618Z</time>
      </trkpt>
      <trkpt lat="42.583077" lon="-70.819400">
        <ele>18.192705</ele>
        <time>2025-09-26T21:30:56.245Z</time>
      </trkpt>
      <trkpt lat="42.582774" lon="-70.819059">
        <ele>18.046823</ele>
        <time>2025-09-26T21:31:03.962Z</time>
      </trkpt>
      <trkpt lat="42.582530" lon="-70.818782">
        <ele>17.945063</ele>
        <time>2025-09-26T21:31:10.386Z</time>
      </trkpt>
      <trkpt lat="42.582249" lon="-70.818498">
        <ele>17.832984</ele>
        <time>2025-09-26T21:31:18.145Z</time>
      </trkpt>
      <trkpt lat="42.581876" lon="-70.818206">
        <ele>17.695222</ele>
        <time>2025-09-26T21:31:28.268Z</time>
      </trkpt>
      <trkpt lat="42.581748" lon="-70.818141">
        <ele>17.651495</ele>
        <time>2025-09-26T21:31:31.381Z</time>
      </trkpt>
      <trkpt lat="42.581456" lon="-70.818033">
        <ele>17.562333</ele>
        <time>2025-09-26T21:31:37.959Z</time>
      </trkpt>
      <trkpt lat="42.580874" lon="-70.817892">
        <ele>17.449663</ele>
        <time>2025-09-26T21:31:49.832Z</time>
      </trkpt>
      <trkpt lat="42.580579" lon="-70.817740">
        <ele>17.389532</ele>
        <time>2025-09-26T21:31:55.915Z</time>
      </trkpt>
      <trkpt lat="42.580427" lon="-70.817610">
        <ele>17.355297</ele>
        <time>2025-09-26T21:31:59.381Z</time>
      </trkpt>
      <trkpt lat="42.580216" lon="-70.817354">
        <ele>17.301375</ele>
        <time>2025-09-26T21:32:04.998Z</time>
      </trkpt>
      <trkpt lat="42.579904" lon="-70.817063">
        <ele>17.248593</ele>
        <time>2025-09-26T21:32:13.814Z</time>
      </trkpt>
      <trkpt lat="42.579605" lon="-70.816881">
        <ele>17.937584</ele>
        <time>2025-09-26T21:32:23.434Z</time>
      </trkpt>
      <trkpt lat="42.579514" lon="-70.816850">
        <ele>18.134864</ele>
        <time>2025-09-26T21:32:26.564Z</time>
      </trkpt>
      <trkpt lat="42.579334" lon="-70.816802">
        <ele>18.520590</ele>
        <time>2025-09-26T21:32:32.879Z</time>
      </trkpt>
      <trkpt lat="42.579033" lon="-70.816784">
        <ele>19.154136</ele>
        <time>2025-09-26T21:32:43.561Z</time>
      </trkpt>
      <trkpt lat="42.578557" lon="-70.816898">
        <ele>20.170498</ele>
        <time>2025-09-26T21:33:00.384Z</time>
      </trkpt>
      <trkpt lat="42.578416" lon="-70.816970">
        <ele>20.487255</ele>
        <time>2025-09-26T21:33:05.393Z</time>
      </trkpt>
      <trkpt lat="42.578179" lon="-70.817165">
        <ele>20.987517</ele>
        <time>2025-09-26T21:33:13.898Z</time>
      </trkpt>
      <trkpt lat="42.577659" lon="-70.817677">
        <ele>20.383869</ele>
        <time>2025-09-26T21:33:28.533Z</time>
      </trkpt>
      <trkpt lat="42.577463" lon="-70.817864">
        <ele>20.158746</ele>
        <time>2025-09-26T21:33:32.823Z</time>
      </trkpt>
      <trkpt lat="42.577309" lon="-70.817950">
        <ele>20.002252</ele>
        <time>2025-09-26T21:33:35.678Z</time>
      </trkpt>
      <trkpt lat="42.577231" lon="-70.817964">
        <ele>19.928308</ele>
        <time>2025-09-26T21:33:37.016Z</time>
      </trkpt>
      <trkpt lat="42.576960" lon="-70.817950">
        <ele>19.673429</ele>
        <time>2025-09-26T21:33:41.622Z</time>
      </trkpt>
      <trkpt lat="42.576850" lon="-70.817911">
        <ele>19.566582</ele>
        <time>2025-09-26T21:33:43.570Z</time>
      </trkpt>
      <trkpt lat="42.576620" lon="-70.817751">
        <ele>19.323710</ele>
        <time>2025-09-26T21:33:48.005Z</time>
      </trkpt>
      <trkpt lat="42.576318" lon="-70.817444">
        <ele>18.989989</ele>
        <time>2025-09-26T21:33:54.661Z</time>
      </trkpt>
      <trkpt lat="42.576237" lon="-70.817345">
        <ele>18.893605</ele>
        <time>2025-09-26T21:33:56.655Z</time>
      </trkpt>
      <trkpt lat="42.576076" lon="-70.817102">
        <ele>18.680710</ele>
        <time>2025-09-26T21:34:01.248Z</time>
      </trkpt>
      <trkpt lat="42.575831" lon="-70.816558">
        <ele>18.265394</ele>
        <time>2025-09-26T21:34:10.857Z</time>
      </trkpt>
      <trkpt lat="42.575711" lon="-70.816382">
        <ele>18.109175</ele>
        <time>2025-09-26T21:34:14.624Z</time>
      </trkpt>
      <trkpt lat="42.575444" lon="-70.816051">
        <ele>17.789423</ele>
        <time>2025-09-26T21:34:22.629Z</time>
      </trkpt>
      <trkpt lat="42.575297" lon="-70.815869">
        <ele>17.722546</ele>
        <time>2025-09-26T21:34:27.098Z</time>
      </trkpt>
      <trkpt lat="42.575068" lon="-70.815664">
        <ele>17.703697</ele>
        <time>2025-09-26T21:34:33.181Z</time>
      </trkpt>
      <trkpt lat="42.574468" lon="-70.815204">
        <ele>17.656347</ele>
        <time>2025-09-26T21:34:48.423Z</time>
      </trkpt>
      <trkpt lat="42.574032" lon="-70.814875">
        <ele>17.622070</ele>
        <time>2025-09-26T21:34:59.366Z</time>
      </trkpt>
      <trkpt lat="42.573358" lon="-70.814354">
        <ele>17.385626</ele>
        <time>2025-09-26T21:35:15.953Z</time>
      </trkpt>
      <trkpt lat="42.573301" lon="-70.814320">
        <ele>17.361438</ele>
        <time>2025-09-26T21:35:17.264Z</time>
      </trkpt>
      <trkpt lat="42.573014" lon="-70.814152">
        <ele>17.240014</ele>
        <time>2025-09-26T21:35:23.790Z</time>
      </trkpt>
      <trkpt lat="42.572915" lon="-70.814127">
        <ele>17.200891</ele>
        <time>2025-09-26T21:35:25.899Z</time>
      </trkpt>
      <trkpt lat="42.572684" lon="-70.814143">
        <ele>17.111026</ele>
        <time>2025-09-26T21:35:30.730Z</time>
      </trkpt>
      <trkpt lat="42.572531" lon="-70.814211">
        <ele>17.048480</ele>
        <time>2025-09-26T21:35:34.070Z</time>
      </trkpt>
      <trkpt lat="42.572344" lon="-70.814311">
        <ele>16.970396</ele>
        <time>2025-09-26T21:35:38.200Z</time>
      </trkpt>
      <trkpt lat="42.572083" lon="-70.814463">
        <ele>16.891935</ele>
        <time>2025-09-26T21:35:43.989Z</time>
      </trkpt>
      <trkpt lat="42.571301" lon="-70.814937">
        <ele>16.774499</ele>
        <time>2025-09-26T21:36:01.220Z</time>
      </trkpt>
      <trkpt lat="42.570366" lon="-70.815566">
        <ele>16.713684</ele>
        <time>2025-09-26T21:36:25.874Z</time>
      </trkpt>
      <trkpt lat="42.569872" lon="-70.815823">
        <ele>16.832058</ele>
        <time>2025-09-26T21:36:39.431Z</time>
      </trkpt>
      <trkpt lat="42.569576" lon="-70.815935">
        <ele>16.900815</ele>
        <time>2025-09-26T21:36:47.312Z</time>
      </trkpt>
      <trkpt lat="42.568733" lon="-70.816243">
        <ele>16.875031</ele>
        <time>2025-09-26T21:37:06.678Z</time>
      </trkpt>
      <trkpt lat="42.568450" lon="-70.816334">
        <ele>16.476156</ele>
        <time>2025-09-26T21:37:11.868Z</time>
      </trkpt>
      <trkpt lat="42.568354" lon="-70.816338">
        <ele>16.344428</ele>
        <time>2025-09-26T21:37:13.545Z</time>
      </trkpt>
      <trkpt lat="42.568183" lon="-70.816333">
        <ele>16.109844</ele>
        <time>2025-09-26T21:37:16.503Z</time>
      </trkpt>
      <trkpt lat="42.567937" lon="-70.816259">
        <ele>15.764270</ele>
        <time>2025-09-26T21:37:20.871Z</time>
      </trkpt>
      <trkpt lat="42.567549" lon="-70.816025">
        <ele>15.181990</ele>
        <time>2025-09-26T21:37:28.507Z</time>
      </trkpt>
      <trkpt lat="42.567076" lon="-70.815723">
        <ele>14.562953</ele>
        <time>2025-09-26T21:37:38.278Z</time>
      </trkpt>
      <trkpt lat="42.566975" lon="-70.815665">
        <ele>14.523062</ele>
        <time>2025-09-26T21:37:40.425Z</time>
      </trkpt>
      <trkpt lat="42.566871" lon="-70.815587">
        <ele>14.479844</ele>
        <time>2025-09-26T21:37:42.807Z</time>
      </trkpt>
      <trkpt lat="42.566688" lon="-70.815384">
        <ele>14.393884</ele>
        <time>2025-09-26T21:37:47.738Z</time>
      </trkpt>
      <trkpt lat="42.566497" lon="-70.815103">
        <ele>14.291440</ele>
        <time>2025-09-26T21:37:54.230Z</time>
      </trkpt>
      <trkpt lat="42.566097" lon="-70.813992">
        <ele>13.960132</ele>
        <time>2025-09-26T21:38:14.692Z</time>
      </trkpt>
      <trkpt lat="42.566019" lon="-70.813777">
        <ele>13.849093</ele>
        <time>2025-09-26T21:38:18.290Z</time>
      </trkpt>
      <trkpt lat="42.565709" lon="-70.812843">
        <ele>13.307229</ele>
        <time>2025-09-26T21:38:33.307Z</time>
      </trkpt>
      <trkpt lat="42.565661" lon="-70.812637">
        <ele>13.192948</ele>
        <time>2025-09-26T21:38:36.414Z</time>
      </trkpt>
      <trkpt lat="42.565622" lon="-70.812459">
        <ele>13.094721</ele>
        <time>2025-09-26T21:38:39.093Z</time>
      </trkpt>
      <trkpt lat="42.565543" lon="-70.812125">
        <ele>12.909172</ele>
        <time>2025-09-26T21:38:44.136Z</time>
      </trkpt>
      <trkpt lat="42.565356" lon="-70.811433">
        <ele>12.511806</ele>
        <time>2025-09-26T21:38:54.764Z</time>
      </trkpt>
      <trkpt lat="42.565057" lon="-70.810553">
        <ele>11.970337</ele>
        <time>2025-09-26T21:39:08.456Z</time>
      </trkpt>
      <trkpt lat="42.564686" lon="-70.809340">
        <ele>11.232348</ele>
        <time>2025-09-26T21:39:27.977Z</time>
      </trkpt>
      <trkpt lat="42.564672" lon="-70.809291">
        <ele>11.200609</ele>
        <time>2025-09-26T21:39:28.797Z</time>
      </trkpt>
      <trkpt lat="42.564613" lon="-70.809087">
        <ele>11.068260</ele>
        <time>2025-09-26T21:39:32.171Z</time>
      </trkpt>
      <trkpt lat="42.564316" lon="-70.808100">
        <ele>10.424403</ele>
        <time>2025-09-26T21:39:48.834Z</time>
      </trkpt>
      <trkpt lat="42.564240" lon="-70.807666">
        <ele>10.155011</ele>
        <time>2025-09-26T21:39:55.605Z</time>
      </trkpt>
      <trkpt lat="42.564167" lon="-70.807267">
        <ele>9.906739</ele>
        <time>2025-09-26T21:40:01.307Z</time>
      </trkpt>
      <trkpt lat="42.564030" lon="-70.806804">
        <ele>9.165028</ele>
        <time>2025-09-26T21:40:07.708Z</time>
      </trkpt>
      <trkpt lat="42.564008" lon="-70.806646">
        <ele>8.861999</ele>
        <time>2025-09-26T21:40:09.729Z</time>
      </trkpt>
      <trkpt lat="42.564039" lon="-70.806375">
        <ele>8.345171</ele>
        <time>2025-09-26T21:40:13.088Z</time>
      </trkpt>
      <trkpt lat="42.564159" lon="-70.806050">
        <ele>7.660048</ele>
        <time>2025-09-26T21:40:17.503Z</time>
      </trkpt>
      <trkpt lat="42.564266" lon="-70.805648">
        <ele>6.854520</ele>
        <time>2025-09-26T21:40:22.689Z</time>
      </trkpt>
      <trkpt lat="42.564305" lon="-70.805234">
        <ele>6.067975</ele>
        <time>2025-09-26T21:40:27.741Z</time>
      </trkpt>
      <trkpt lat="42.564278" lon="-70.805110">
        <ele>5.824297</ele>
        <time>2025-09-26T21:40:29.300Z</time>
      </trkpt>
      <trkpt lat="42.564215" lon="-70.804986">
        <ele>5.540412</ele>
        <time>2025-09-26T21:40:31.138Z</time>
      </trkpt>
      <trkpt lat="42.564014" lon="-70.804786">
        <ele>5.066207</ele>
        <time>2025-09-26T21:40:35.286Z</time>
      </trkpt>
      <trkpt lat="42.563573" lon="-70.804495">
        <ele>4.476945</ele>
        <time>2025-09-26T21:40:43.932Z</time>
      </trkpt>
      <trkpt lat="42.563412" lon="-70.804203">
        <ele>4.154083</ele>
        <time>2025-09-26T21:40:49.007Z</time>
      </trkpt>
      <trkpt lat="42.563291" lon="-70.803995">
        <ele>3.919473</ele>
        <time>2025-09-26T21:40:52.858Z</time>
      </trkpt>
      <trkpt lat="42.563124" lon="-70.803786">
        <ele>3.646520</ele>
        <time>2025-09-26T21:40:57.441Z</time>
      </trkpt>
      <trkpt lat="42.563304" lon="-70.803602">
        <ele>3.375743</ele>
        <time>2025-09-26T21:41:02.136Z</time>
      </trkpt>
      <trkpt lat="42.563651" lon="-70.802840">
        <ele>3.200116</ele>
        <time>2025-09-26T21:41:16.500Z</time>
      </trkpt>
      <trkpt lat="42.563862" lon="-70.802468">
        <ele>3.334386</ele>
        <time>2025-09-26T21:41:25.046Z</time>
      </trkpt>
      <trkpt lat="42.564388" lon="-70.801745">
        <ele>3.625001</ele>
        <time>2025-09-26T21:41:43.371Z</time>
      </trkpt>
      <trkpt lat="42.564555" lon="-70.801526">
        <ele>3.715148</ele>
        <time>2025-09-26T21:41:48.966Z</time>
      </trkpt>
      <trkpt lat="42.565581" lon="-70.800163">
        <ele>4.976322</ele>
        <time>2025-09-26T21:42:24.240Z</time>
      </trkpt>
      <trkpt lat="42.566291" lon="-70.799261">
        <ele>6.595711</ele>
        <time>2025-09-26T21:42:52.606Z</time>
      </trkpt>
      <trkpt lat="42.566580" lon="-70.799003">
        <ele>7.394479</ele>
        <time>2025-09-26T21:43:04.111Z</time>
      </trkpt>
      <trkpt lat="42.566920" lon="-70.798764">
        <ele>8.278675</ele>
        <time>2025-09-26T21:43:17.166Z</time>
      </trkpt>
      <trkpt lat="42.567027" lon="-70.798711">
        <ele>8.541714</ele>
        <time>2025-09-26T21:43:21.115Z</time>
      </trkpt>
      <trkpt lat="42.568106" lon="-70.798090">
        <ele>9.558429</ele>
        <time>2025-09-26T21:43:58.015Z</time>
      </trkpt>
      <trkpt lat="42.568375" lon="-70.797879">
        <ele>9.567565</ele>
        <time>2025-09-26T21:44:04.327Z</time>
      </trkpt>
      <trkpt lat="42.568483" lon="-70.797773">
        <ele>9.571484</ele>
        <time>2025-09-26T21:44:06.777Z</time>
      </trkpt>
      <trkpt lat="42.568682" lon="-70.797502">
        <ele>9.579772</ele>
        <time>2025-09-26T21:44:11.861Z</time>
      </trkpt>
      <trkpt lat="42.568833" lon="-70.797237">
        <ele>9.587028</ele>
        <time>2025-09-26T21:44:16.217Z</time>
      </trkpt>
      <trkpt lat="42.568919" lon="-70.797029">
        <ele>9.341665</ele>
        <time>2025-09-26T21:44:19.242Z</time>
      </trkpt>
      <trkpt lat="42.569058" lon="-70.796554">
        <ele>8.312648</ele>
        <time>2025-09-26T21:44:25.548Z</time>
      </trkpt>
      <trkpt lat="42.569214" lon="-70.795606">
        <ele>6.357034</ele>
        <time>2025-09-26T21:44:36.856Z</time>
      </trkpt>
      <trkpt lat="42.569229" lon="-70.795485">
        <ele>6.110006</ele>
        <time>2025-09-26T21:44:38.349Z</time>
      </trkpt>
      <trkpt lat="42.569291" lon="-70.794885">
        <ele>4.890233</ele>
        <time>2025-09-26T21:44:46.048Z</time>
      </trkpt>
      <trkpt lat="42.569305" lon="-70.794511">
        <ele>4.627313</ele>
        <time>2025-09-26T21:44:51.048Z</time>
      </trkpt>
      <trkpt lat="42.569304" lon="-70.794405">
        <ele>4.609276</ele>
        <time>2025-09-26T21:44:52.476Z</time>
      </trkpt>
      <trkpt lat="42.569292" lon="-70.793624">
        <ele>4.476362</ele>
        <time>2025-09-26T21:45:03.482Z</time>
      </trkpt>
      <trkpt lat="42.569282" lon="-70.792604">
        <ele>4.302795</ele>
        <time>2025-09-26T21:45:22.255Z</time>
      </trkpt>
      <trkpt lat="42.569282" lon="-70.791774">
        <ele>5.061133</ele>
        <time>2025-09-26T21:45:38.988Z</time>
      </trkpt>
      <trkpt lat="42.569233" lon="-70.790942">
        <ele>6.256560</ele>
        <time>2025-09-26T21:45:56.188Z</time>
      </trkpt>
      <trkpt lat="42.569204" lon="-70.790730">
        <ele>6.565389</ele>
        <time>2025-09-26T21:46:00.861Z</time>
      </trkpt>
      <trkpt lat="42.569031" lon="-70.789561">
        <ele>8.567590</ele>
        <time>2025-09-26T21:46:30.274Z</time>
      </trkpt>
      <trkpt lat="42.568878" lon="-70.788264">
        <ele>11.517997</ele>
        <time>2025-09-26T21:47:09.126Z</time>
      </trkpt>
      <trkpt lat="42.568853" lon="-70.787619">
        <ele>12.968779</ele>
        <time>2025-09-26T21:47:25.502Z</time>
      </trkpt>
      <trkpt lat="42.568828" lon="-70.786385">
        <ele>11.571678</ele>
        <time>2025-09-26T21:47:43.356Z</time>
      </trkpt>
      <trkpt lat="42.568836" lon="-70.786157">
        <ele>11.229494</ele>
        <time>2025-09-26T21:47:46.044Z</time>
      </trkpt>
      <trkpt lat="42.568868" lon="-70.786002">
        <ele>10.988175</ele>
        <time>2025-09-26T21:47:47.885Z</time>
      </trkpt>
      <trkpt lat="42.568988" lon="-70.785657">
        <ele>10.416203</ele>
        <time>2025-09-26T21:47:52.228Z</time>
      </trkpt>
      <trkpt lat="42.569032" lon="-70.785559">
        <ele>10.244142</ele>
        <time>2025-09-26T21:47:53.537Z</time>
      </trkpt>
      <trkpt lat="42.569092" lon="-70.785425">
        <ele>10.009049</ele>
        <time>2025-09-26T21:47:55.326Z</time>
      </trkpt>
      <trkpt lat="42.569246" lon="-70.785073">
        <ele>9.453732</ele>
        <time>2025-09-26T21:47:59.988Z</time>
      </trkpt>
      <trkpt lat="42.569692" lon="-70.783862">
        <ele>8.067889</ele>
        <time>2025-09-26T21:48:17.228Z</time>
      </trkpt>
      <trkpt lat="42.569762" lon="-70.783680">
        <ele>7.857733</ele>
        <time>2025-09-26T21:48:20.580Z</time>
      </trkpt>
      <trkpt lat="42.569819" lon="-70.783523">
        <ele>7.678574</ele>
        <time>2025-09-26T21:48:23.563Z</time>
      </trkpt>
      <trkpt lat="42.569966" lon="-70.783119">
        <ele>7.217355</ele>
        <time>2025-09-26T21:48:31.711Z</time>
      </trkpt>
      <trkpt lat="42.570082" lon="-70.782798">
        <ele>7.252766</ele>
        <time>2025-09-26T21:48:38.681Z</time>
      </trkpt>
      <trkpt lat="42.570195" lon="-70.782498">
        <ele>7.513969</ele>
        <time>2025-09-26T21:48:45.457Z</time>
      </trkpt>
      <trkpt lat="42.570233" lon="-70.782398">
        <ele>7.601197</ele>
        <time>2025-09-26T21:48:47.734Z</time>
      </trkpt>
      <trkpt lat="42.570413" lon="-70.781920">
        <ele>8.017358</ele>
        <time>2025-09-26T21:48:58.634Z</time>
      </trkpt>
      <trkpt lat="42.570542" lon="-70.781590">
        <ele>8.306966</ele>
        <time>2025-09-26T21:49:05.859Z</time>
      </trkpt>
      <trkpt lat="42.570685" lon="-70.781231">
        <ele>8.623348</ele>
        <time>2025-09-26T21:49:13.842Z</time>
      </trkpt>
      <trkpt lat="42.570708" lon="-70.781173">
        <ele>8.674411</ele>
        <time>2025-09-26T21:49:15.127Z</time>
      </trkpt>
      <trkpt lat="42.570866" lon="-70.780779">
        <ele>8.955600</ele>
        <time>2025-09-26T21:49:24.121Z</time>
      </trkpt>
      <trkpt lat="42.571047" lon="-70.780335">
        <ele>8.816440</ele>
        <time>2025-09-26T21:49:33.947Z</time>
      </trkpt>
      <trkpt lat="42.571321" lon="-70.779663">
        <ele>8.605811</ele>
        <time>2025-09-26T21:49:47.535Z</time>
      </trkpt>
      <trkpt lat="42.571404" lon="-70.779470">
        <ele>8.544525</ele>
        <time>2025-09-26T21:49:51.287Z</time>
      </trkpt>
      <trkpt lat="42.572062" lon="-70.778019">
        <ele>7.738508</ele>
        <time>2025-09-26T21:50:13.177Z</time>
      </trkpt>
      <trkpt lat="42.572212" lon="-70.777688">
        <ele>7.472203</ele>
        <time>2025-09-26T21:50:17.929Z</time>
      </trkpt>
      <trkpt lat="42.572472" lon="-70.777687">
        <ele>7.230287</ele>
        <time>2025-09-26T21:50:22.590Z</time>
      </trkpt>
      <trkpt lat="42.572781" lon="-70.777634">
        <ele>6.940495</ele>
        <time>2025-09-26T21:50:29.018Z</time>
      </trkpt>
      <trkpt lat="42.572942" lon="-70.777600">
        <ele>6.788893</ele>
        <time>2025-09-26T21:50:33.046Z</time>
      </trkpt>
      <trkpt lat="42.573049" lon="-70.777528">
        <ele>6.677782</ele>
        <time>2025-09-26T21:50:36.294Z</time>
      </trkpt>
      <trkpt lat="42.573162" lon="-70.777335">
        <ele>6.818888</ele>
        <time>2025-09-26T21:50:41.857Z</time>
      </trkpt>
      <trkpt lat="42.573278" lon="-70.777009">
        <ele>7.207047</ele>
        <time>2025-09-26T21:50:51.512Z</time>
      </trkpt>
      <trkpt lat="42.573626" lon="-70.776332">
        <ele>8.092170</ele>
        <time>2025-09-26T21:51:13.291Z</time>
      </trkpt>
      <trkpt lat="42.573783" lon="-70.776015">
        <ele>8.501727</ele>
        <time>2025-09-26T21:51:22.315Z</time>
      </trkpt>
      <trkpt lat="42.573806" lon="-70.775969">
        <ele>8.561335</ele>
        <time>2025-09-26T21:51:23.513Z</time>
      </trkpt>
      <trkpt lat="42.573956" lon="-70.775660">
        <ele>8.958103</ele>
        <time>2025-09-26T21:51:30.403Z</time>
      </trkpt>
      <trkpt lat="42.574165" lon="-70.775381">
        <ele>8.987937</ele>
        <time>2025-09-26T21:51:35.921Z</time>
      </trkpt>
      <trkpt lat="42.574652" lon="-70.774988">
        <ele>7.415929</ele>
        <time>2025-09-26T21:51:45.017Z</time>
      </trkpt>
      <trkpt lat="42.574728" lon="-70.774903">
        <ele>7.142715</ele>
        <time>2025-09-26T21:51:46.542Z</time>
      </trkpt>
      <trkpt lat="42.574741" lon="-70.774847">
        <ele>7.022730</ele>
        <time>2025-09-26T21:51:47.200Z</time>
      </trkpt>
      <trkpt lat="42.574772" lon="-70.774707">
        <ele>6.723994</ele>
        <time>2025-09-26T21:51:48.852Z</time>
      </trkpt>
      <trkpt lat="42.575022" lon="-70.774141">
        <ele>5.375302</ele>
        <time>2025-09-26T21:51:56.410Z</time>
      </trkpt>
      <trkpt lat="42.575126" lon="-70.773851">
        <ele>4.716167</ele>
        <time>2025-09-26T21:52:00.347Z</time>
      </trkpt>
      <trkpt lat="42.575194" lon="-70.773629">
        <ele>4.261870</ele>
        <time>2025-09-26T21:52:03.410Z</time>
      </trkpt>
      <trkpt lat="42.575258" lon="-70.773191">
        <ele>4.397041</ele>
        <time>2025-09-26T21:52:09.628Z</time>
      </trkpt>
      <trkpt lat="42.575266" lon="-70.772955">
        <ele>4.468555</ele>
        <time>2025-09-26T21:52:13.360Z</time>
      </trkpt>
      <trkpt lat="42.575264" lon="-70.772940">
        <ele>4.473170</ele>
        <time>2025-09-26T21:52:13.627Z</time>
      </trkpt>
      <trkpt lat="42.575257" lon="-70.772845">
        <ele>4.502070</ele>
        <time>2025-09-26T21:52:15.339Z</time>
      </trkpt>
      <trkpt lat="42.575256" lon="-70.772822">
        <ele>4.509045</ele>
        <time>2025-09-26T21:52:15.746Z</time>
      </trkpt>
      <trkpt lat="42.575247" lon="-70.772635">
        <ele>4.565772</ele>
        <time>2025-09-26T21:52:19.280Z</time>
      </trkpt>
      <trkpt lat="42.575265" lon="-70.772272">
        <ele>4.675903</ele>
        <time>2025-09-26T21:52:26.623Z</time>
      </trkpt>
      <trkpt lat="42.575330" lon="-70.771955">
        <ele>4.775511</ele>
        <time>2025-09-26T21:52:33.691Z</time>
      </trkpt>
      <trkpt lat="42.575364" lon="-70.771790">
        <ele>4.827377</ele>
        <time>2025-09-26T21:52:37.534Z</time>
      </trkpt>
      <trkpt lat="42.575372" lon="-70.771754">
        <ele>4.838759</ele>
        <time>2025-09-26T21:52:38.368Z</time>
      </trkpt>
      <trkpt lat="42.575440" lon="-70.771715">
        <ele>4.869103</ele>
        <time>2025-09-26T21:52:40.576Z</time>
      </trkpt>
      <trkpt lat="42.576351" lon="-70.771182">
        <ele>5.401271</ele>
        <time>2025-09-26T21:53:08.198Z</time>
      </trkpt>
      <trkpt lat="42.576879" lon="-70.770828">
        <ele>5.750718</ele>
        <time>2025-09-26T21:53:22.581Z</time>
      </trkpt>
      <trkpt lat="42.577249" lon="-70.770585">
        <ele>5.994623</ele>
        <time>2025-09-26T21:53:31.090Z</time>
      </trkpt>
      <trkpt lat="42.577537" lon="-70.770421">
        <ele>6.140061</ele>
        <time>2025-09-26T21:53:37.376Z</time>
      </trkpt>
      <trkpt lat="42.577592" lon="-70.770391">
        <ele>6.163148</ele>
        <time>2025-09-26T21:53:38.605Z</time>
      </trkpt>
      <trkpt lat="42.577695" lon="-70.770338">
        <ele>6.206052</ele>
        <time>2025-09-26T21:53:40.900Z</time>
      </trkpt>
      <trkpt lat="42.578081" lon="-70.770180">
        <ele>6.363090</ele>
        <time>2025-09-26T21:53:49.742Z</time>
      </trkpt>
      <trkpt lat="42.578244" lon="-70.770157">
        <ele>6.426924</ele>
        <time>2025-09-26T21:53:53.450Z</time>
      </trkpt>
      <trkpt lat="42.578488" lon="-70.770171">
        <ele>6.522053</ele>
        <time>2025-09-26T21:53:59.152Z</time>
      </trkpt>
      <trkpt lat="42.579113" lon="-70.770291">
        <ele>6.786585</ele>
        <time>2025-09-26T21:54:15.408Z</time>
      </trkpt>
      <trkpt lat="42.579194" lon="-70.770308">
        <ele>6.991047</ele>
        <time>2025-09-26T21:54:17.765Z</time>
      </trkpt>
      <trkpt lat="42.579471" lon="-70.770367">
        <ele>7.690501</ele>
        <time>2025-09-26T21:54:26.244Z</time>
      </trkpt>
      <trkpt lat="42.579504" lon="-70.770374">
        <ele>7.773822</ele>
        <time>2025-09-26T21:54:27.287Z</time>
      </trkpt>
      <trkpt lat="42.579996" lon="-70.770484">
        <ele>9.017690</ele>
        <time>2025-09-26T21:54:43.312Z</time>
      </trkpt>
      <trkpt lat="42.580446" lon="-70.770566">
        <ele>10.150325</ele>
        <time>2025-09-26T21:54:58.998Z</time>
      </trkpt>
      <trkpt lat="42.580681" lon="-70.770600">
        <ele>10.739875</ele>
        <time>2025-09-26T21:55:07.255Z</time>
      </trkpt>
      <trkpt lat="42.581130" lon="-70.770644">
        <ele>11.723406</ele>
        <time>2025-09-26T21:55:22.956Z</time>
      </trkpt>
      <trkpt lat="42.581238" lon="-70.770630">
        <ele>11.932322</ele>
        <time>2025-09-26T21:55:26.691Z</time>
      </trkpt>
      <trkpt lat="42.581633" lon="-70.770503">
        <ele>12.713983</ele>
        <time>2025-09-26T21:55:40.048Z</time>
      </trkpt>
      <trkpt lat="42.581717" lon="-70.770480">
        <ele>12.878993</ele>
        <time>2025-09-26T21:55:42.746Z</time>
      </trkpt>
      <trkpt lat="42.582110" lon="-70.770337">
        <ele>13.662468</ele>
        <time>2025-09-26T21:55:55.002Z</time>
      </trkpt>
      <trkpt lat="42.583038" lon="-70.770033">
        <ele>14.614047</ele>
        <time>2025-09-26T21:56:18.584Z</time>
      </trkpt>
      <trkpt lat="42.583102" lon="-70.770013">
        <ele>14.597806</ele>
        <time>2025-09-26T21:56:19.956Z</time>
      </trkpt>
      <trkpt lat="42.583173" lon="-70.769990">
        <ele>14.579754</ele>
        <time>2025-09-26T21:56:21.466Z</time>
      </trkpt>
      <trkpt lat="42.583631" lon="-70.769833">
        <ele>14.462932</ele>
        <time>2025-09-26T21:56:31.198Z</time>
      </trkpt>
      <trkpt lat="42.583871" lon="-70.769735">
        <ele>14.400953</ele>
        <time>2025-09-26T21:56:36.260Z</time>
      </trkpt>
      <trkpt lat="42.584171" lon="-70.769599">
        <ele>14.322735</ele>
        <time>2025-09-26T21:56:42.523Z</time>
      </trkpt>
      <trkpt lat="42.584555" lon="-70.769389">
        <ele>14.248951</ele>
        <time>2025-09-26T21:56:50.626Z</time>
      </trkpt>
      <trkpt lat="42.585306" lon="-70.768906">
        <ele>14.161495</ele>
        <time>2025-09-26T21:57:08.604Z</time>
      </trkpt>
      <trkpt lat="42.585491" lon="-70.768786">
        <ele>14.139917</ele>
        <time>2025-09-26T21:57:13.307Z</time>
      </trkpt>
      <trkpt lat="42.585787" lon="-70.768568">
        <ele>14.104478</ele>
        <time>2025-09-26T21:57:20.998Z</time>
      </trkpt>
      <trkpt lat="42.585996" lon="-70.768323">
        <ele>14.093011</ele>
        <time>2025-09-26T21:57:27.469Z</time>
      </trkpt>
      <trkpt lat="42.586346" lon="-70.767865">
        <ele>14.208212</ele>
        <time>2025-09-26T21:57:39.362Z</time>
      </trkpt>
      <trkpt lat="42.586368" lon="-70.767835">
        <ele>14.215602</ele>
        <time>2025-09-26T21:57:40.135Z</time>
      </trkpt>
      <trkpt lat="42.586663" lon="-70.767456">
        <ele>14.311853</ele>
        <time>2025-09-26T21:57:49.612Z</time>
      </trkpt>
      <trkpt lat="42.586716" lon="-70.767394">
        <ele>14.328433</ele>
        <time>2025-09-26T21:57:51.223Z</time>
      </trkpt>
      <trkpt lat="42.586950" lon="-70.767123">
        <ele>14.401325</ele>
        <time>2025-09-26T21:57:58.364Z</time>
      </trkpt>
      <trkpt lat="42.587479" lon="-70.766657">
        <ele>14.513095</ele>
        <time>2025-09-26T21:58:12.446Z</time>
      </trkpt>
      <trkpt lat="42.587684" lon="-70.766511">
        <ele>14.520550</ele>
        <time>2025-09-26T21:58:17.530Z</time>
      </trkpt>
      <trkpt lat="42.588248" lon="-70.766119">
        <ele>14.540956</ele>
        <time>2025-09-26T21:58:31.164Z</time>
      </trkpt>
      <trkpt lat="42.588426" lon="-70.766001">
        <ele>14.547336</ele>
        <time>2025-09-26T21:58:35.601Z</time>
      </trkpt>
      <trkpt lat="42.588782" lon="-70.765778">
        <ele>14.559963</ele>
        <time>2025-09-26T21:58:44.680Z</time>
      </trkpt>
      <trkpt lat="42.589060" lon="-70.765616">
        <ele>14.702318</ele>
        <time>2025-09-26T21:58:51.680Z</time>
      </trkpt>
      <trkpt lat="42.589236" lon="-70.765520">
        <ele>14.884347</ele>
        <time>2025-09-26T21:58:55.950Z</time>
      </trkpt>
      <trkpt lat="42.589663" lon="-70.765360">
        <ele>15.309472</ele>
        <time>2025-09-26T21:59:06.815Z</time>
      </trkpt>
      <trkpt lat="42.589967" lon="-70.765282">
        <ele>15.606398</ele>
        <time>2025-09-26T21:59:15.071Z</time>
      </trkpt>
      <trkpt lat="42.590269" lon="-70.765235">
        <ele>15.898141</ele>
        <time>2025-09-26T21:59:23.888Z</time>
      </trkpt>
      <trkpt lat="42.591027" lon="-70.765265">
        <ele>16.792071</ele>
        <time>2025-09-26T21:59:45.521Z</time>
      </trkpt>
      <trkpt lat="42.591553" lon="-70.765373">
        <ele>17.556140</ele>
        <time>2025-09-26T22:00:01.092Z</time>
      </trkpt>
      <trkpt lat="42.591859" lon="-70.765489">
        <ele>18.012439</ele>
        <time>2025-09-26T22:00:10.286Z</time>
      </trkpt>
      <trkpt lat="42.592722" lon="-70.765924">
        <ele>18.765353</ele>
        <time>2025-09-26T22:00:35.038Z</time>
      </trkpt>
      <trkpt lat="42.593143" lon="-70.766156">
        <ele>18.610127</ele>
        <time>2025-09-26T22:00:44.943Z</time>
      </trkpt>
      <trkpt lat="42.593319" lon="-70.766253">
        <ele>18.545233</ele>
        <time>2025-09-26T22:00:48.836Z</time>
      </trkpt>
      <trkpt lat="42.594723" lon="-70.767026">
        <ele>17.699296</ele>
        <time>2025-09-26T22:01:17.701Z</time>
      </trkpt>
      <trkpt lat="42.595069" lon="-70.767212">
        <ele>17.392671</ele>
        <time>2025-09-26T22:01:24.514Z</time>
      </trkpt>
      <trkpt lat="42.595290" lon="-70.767319">
        <ele>17.199342</ele>
        <time>2025-09-26T22:01:28.950Z</time>
      </trkpt>
      <trkpt lat="42.595685" lon="-70.767463">
        <ele>16.862336</ele>
        <time>2025-09-26T22:01:37.233Z</time>
      </trkpt>
      <trkpt lat="42.596166" lon="-70.767551">
        <ele>17.077828</ele>
        <time>2025-09-26T22:01:49.267Z</time>
      </trkpt>
      <trkpt lat="42.596542" lon="-70.767555">
        <ele>17.372026</ele>
        <time>2025-09-26T22:01:59.553Z</time>
      </trkpt>
      <trkpt lat="42.596907" lon="-70.767515">
        <ele>17.658535</ele>
        <time>2025-09-26T22:02:09.619Z</time>
      </trkpt>
      <trkpt lat="42.597175" lon="-70.767460">
        <ele>17.870602</ele>
        <time>2025-09-26T22:02:16.816Z</time>
      </trkpt>
      <trkpt lat="42.597575" lon="-70.767321">
        <ele>18.182022</ele>
        <time>2025-09-26T22:02:27.392Z</time>
      </trkpt>
      <trkpt lat="42.598056" lon="-70.767075">
        <ele>18.019100</ele>
        <time>2025-09-26T22:02:39.854Z</time>
      </trkpt>
      <trkpt lat="42.598243" lon="-70.766941">
        <ele>17.952081</ele>
        <time>2025-09-26T22:02:44.306Z</time>
      </trkpt>
      <trkpt lat="42.598571" lon="-70.766710">
        <ele>17.834965</ele>
        <time>2025-09-26T22:02:51.391Z</time>
      </trkpt>
      <trkpt lat="42.598868" lon="-70.766508">
        <ele>17.729678</ele>
        <time>2025-09-26T22:02:57.672Z</time>
      </trkpt>
      <trkpt lat="42.599174" lon="-70.766350">
        <ele>17.625907</ele>
        <time>2025-09-26T22:03:04.406Z</time>
      </trkpt>
      <trkpt lat="42.601537" lon="-70.765562">
        <ele>16.378479</ele>
        <time>2025-09-26T22:03:54.592Z</time>
      </trkpt>
      <trkpt lat="42.602599" lon="-70.765217">
        <ele>15.807490</ele>
        <time>2025-09-26T22:04:16.593Z</time>
      </trkpt>
      <trkpt lat="42.603046" lon="-70.765019">
        <ele>15.756934</ele>
        <time>2025-09-26T22:04:26.433Z</time>
      </trkpt>
      <trkpt lat="42.603202" lon="-70.764936">
        <ele>15.759158</ele>
        <time>2025-09-26T22:04:30.041Z</time>
      </trkpt>
      <trkpt lat="42.604485" lon="-70.764053">
        <ele>15.818977</ele>
        <time>2025-09-26T22:05:02.943Z</time>
      </trkpt>
      <trkpt lat="42.606036" lon="-70.762996">
        <ele>16.236484</ele>
        <time>2025-09-26T22:05:43.567Z</time>
      </trkpt>
      <trkpt lat="42.607850" lon="-70.761764">
        <ele>16.511877</ele>
        <time>2025-09-26T22:06:29.149Z</time>
      </trkpt>
      <trkpt lat="42.608226" lon="-70.761537">
        <ele>16.672717</ele>
        <time>2025-09-26T22:06:38.382Z</time>
      </trkpt>
      <trkpt lat="42.608847" lon="-70.761376">
        <ele>16.919853</ele>
        <time>2025-09-26T22:06:53.000Z</time>
      </trkpt>
      <trkpt lat="42.609313" lon="-70.761384">
        <ele>17.180300</ele>
        <time>2025-09-26T22:07:04.938Z</time>
      </trkpt>
      <trkpt lat="42.609791" lon="-70.761497">
        <ele>18.156054</ele>
        <time>2025-09-26T22:07:18.763Z</time>
      </trkpt>
      <trkpt lat="42.610012" lon="-70.761578">
        <ele>18.616397</ele>
        <time>2025-09-26T22:07:25.736Z</time>
      </trkpt>
      <trkpt lat="42.610455" lon="-70.761853">
        <ele>19.595899</ele>
        <time>2025-09-26T22:07:41.237Z</time>
      </trkpt>
      <trkpt lat="42.610789" lon="-70.762140">
        <ele>20.390662</ele>
        <time>2025-09-26T22:07:54.505Z</time>
      </trkpt>
      <trkpt lat="42.611146" lon="-70.762677">
        <ele>20.345679</ele>
        <time>2025-09-26T22:08:11.545Z</time>
      </trkpt>
      <trkpt lat="42.611423" lon="-70.763257">
        <ele>19.868821</ele>
        <time>2025-09-26T22:08:24.879Z</time>
      </trkpt>
      <trkpt lat="42.611812" lon="-70.764169">
        <ele>19.141834</ele>
        <time>2025-09-26T22:08:38.006Z</time>
      </trkpt>
      <trkpt lat="42.612136" lon="-70.765296">
        <ele>15.611034</ele>
        <time>2025-09-26T22:08:51.191Z</time>
      </trkpt>
      <trkpt lat="42.612360" lon="-70.766085">
        <ele>12.805117</ele>
        <time>2025-09-26T22:09:00.449Z</time>
      </trkpt>
      <trkpt lat="42.612541" lon="-70.766486">
        <ele>11.244307</ele>
        <time>2025-09-26T22:09:06.026Z</time>
      </trkpt>
      <trkpt lat="42.612681" lon="-70.766774">
        <ele>10.679653</ele>
        <time>2025-09-26T22:09:10.376Z</time>
      </trkpt>
      <trkpt lat="42.613049" lon="-70.767403">
        <ele>9.932063</ele>
        <time>2025-09-26T22:09:21.272Z</time>
      </trkpt>
      <trkpt lat="42.613449" lon="-70.767957">
        <ele>9.210008</ele>
        <time>2025-09-26T22:09:32.606Z</time>
      </trkpt>
      <trkpt lat="42.613811" lon="-70.768338">
        <ele>8.632403</ele>
        <time>2025-09-26T22:09:41.786Z</time>
      </trkpt>
      <trkpt lat="42.614585" lon="-70.769034">
        <ele>9.065868</ele>
        <time>2025-09-26T22:10:03.689Z</time>
      </trkpt>
      <trkpt lat="42.615088" lon="-70.769487">
        <ele>9.347695</ele>
        <time>2025-09-26T22:10:19.876Z</time>
      </trkpt>
      <trkpt lat="42.615603" lon="-70.769961">
        <ele>9.270546</ele>
        <time>2025-09-26T22:10:35.234Z</time>
      </trkpt>
      <trkpt lat="42.615834" lon="-70.770174">
        <ele>9.112363</ele>
        <time>2025-09-26T22:10:41.604Z</time>
      </trkpt>
      <trkpt lat="42.616228" lon="-70.770613">
        <ele>8.823653</ele>
        <time>2025-09-26T22:10:52.055Z</time>
      </trkpt>
      <trkpt lat="42.616450" lon="-70.770975">
        <ele>8.627159</ele>
        <time>2025-09-26T22:10:58.550Z</time>
      </trkpt>
      <trkpt lat="42.616734" lon="-70.771675">
        <ele>8.092795</ele>
        <time>2025-09-26T22:11:08.822Z</time>
      </trkpt>
      <trkpt lat="42.616919" lon="-70.772057">
        <ele>7.661083</ele>
        <time>2025-09-26T22:11:14.790Z</time>
      </trkpt>
      <trkpt lat="42.616979" lon="-70.772162">
        <ele>7.535582</ele>
        <time>2025-09-26T22:11:16.547Z</time>
      </trkpt>
      <trkpt lat="42.617225" lon="-70.772469">
        <ele>7.107110</ele>
        <time>2025-09-26T22:11:22.632Z</time>
      </trkpt>
      <trkpt lat="42.617592" lon="-70.772797">
        <ele>6.543604</ele>
        <time>2025-09-26T22:11:30.935Z</time>
      </trkpt>
      <trkpt lat="42.617793" lon="-70.772940">
        <ele>6.252550</ele>
        <time>2025-09-26T22:11:35.429Z</time>
      </trkpt>
      <trkpt lat="42.618199" lon="-70.773095">
        <ele>6.552474</ele>
        <time>2025-09-26T22:11:44.606Z</time>
      </trkpt>
      <trkpt lat="42.618465" lon="-70.773140">
        <ele>6.874946</ele>
        <time>2025-09-26T22:11:51.455Z</time>
      </trkpt>
      <trkpt lat="42.618731" lon="-70.773147">
        <ele>7.195008</ele>
        <time>2025-09-26T22:11:58.574Z</time>
      </trkpt>
      <trkpt lat="42.620221" lon="-70.773050">
        <ele>9.945543</ele>
        <time>2025-09-26T22:12:43.856Z</time>
      </trkpt>
      <trkpt lat="42.620505" lon="-70.773024">
        <ele>10.769209</ele>
        <time>2025-09-26T22:12:54.090Z</time>
      </trkpt>
      <trkpt lat="42.621664" lon="-70.772929">
        <ele>13.590595</ele>
        <time>2025-09-26T22:13:36.183Z</time>
      </trkpt>
      <trkpt lat="42.621834" lon="-70.772907">
        <ele>13.652131</ele>
        <time>2025-09-26T22:13:41.713Z</time>
      </trkpt>
      <trkpt lat="42.622277" lon="-70.772802">
        <ele>13.814174</ele>
        <time>2025-09-26T22:13:55.128Z</time>
      </trkpt>
      <trkpt lat="42.622466" lon="-70.772745">
        <ele>13.883937</ele>
        <time>2025-09-26T22:14:00.159Z</time>
      </trkpt>
      <trkpt lat="42.622775" lon="-70.772636">
        <ele>13.998974</ele>
        <time>2025-09-26T22:14:06.417Z</time>
      </trkpt>
      <trkpt lat="42.623418" lon="-70.772278">
        <ele>13.310291</ele>
        <time>2025-09-26T22:14:18.086Z</time>
      </trkpt>
      <trkpt lat="42.623668" lon="-70.772100">
        <ele>12.317146</ele>
        <time>2025-09-26T22:14:22.597Z</time>
      </trkpt>
      <trkpt lat="42.624233" lon="-70.771705">
        <ele>10.081325</ele>
        <time>2025-09-26T22:14:32.498Z</time>
      </trkpt>
      <trkpt lat="42.624690" lon="-70.771394">
        <ele>8.282842</ele>
        <time>2025-09-26T22:14:40.366Z</time>
      </trkpt>
      <trkpt lat="42.625446" lon="-70.770829">
        <ele>6.817320</ele>
        <time>2025-09-26T22:14:55.100Z</time>
      </trkpt>
      <trkpt lat="42.625698" lon="-70.770692">
        <ele>6.442249</ele>
        <time>2025-09-26T22:15:00.303Z</time>
      </trkpt>
      <trkpt lat="42.625950" lon="-70.770596">
        <ele>6.080585</ele>
        <time>2025-09-26T22:15:05.713Z</time>
      </trkpt>
      <trkpt lat="42.626135" lon="-70.770583">
        <ele>5.824590</ele>
        <time>2025-09-26T22:15:09.716Z</time>
      </trkpt>
      <trkpt lat="42.626413" lon="-70.770644">
        <ele>5.435444</ele>
        <time>2025-09-26T22:15:16.028Z</time>
      </trkpt>
      <trkpt lat="42.626648" lon="-70.770755">
        <ele>5.290529</ele>
        <time>2025-09-26T22:15:21.703Z</time>
      </trkpt>
      <trkpt lat="42.626942" lon="-70.770955">
        <ele>5.189620</ele>
        <time>2025-09-26T22:15:29.172Z</time>
      </trkpt>
      <trkpt lat="42.627278" lon="-70.771122">
        <ele>5.079814</ele>
        <time>2025-09-26T22:15:37.255Z</time>
      </trkpt>
      <trkpt lat="42.627527" lon="-70.771192">
        <ele>5.001771</ele>
        <time>2025-09-26T22:15:42.881Z</time>
      </trkpt>
      <trkpt lat="42.628234" lon="-70.771207">
        <ele>4.790171</ele>
        <time>2025-09-26T22:15:56.671Z</time>
      </trkpt>
      <trkpt lat="42.628795" lon="-70.771349">
        <ele>4.705351</ele>
        <time>2025-09-26T22:16:07.715Z</time>
      </trkpt>
      <trkpt lat="42.628820" lon="-70.771469">
        <ele>4.691712</ele>
        <time>2025-09-26T22:16:09.578Z</time>
      </trkpt>
      <trkpt lat="42.628964" lon="-70.771723">
        <ele>4.656644</ele>
        <time>2025-09-26T22:16:14.669Z</time>
      </trkpt>
      <trkpt lat="42.629497" lon="-70.772266">
        <ele>4.557636</ele>
        <time>2025-09-26T22:16:30.614Z</time>
      </trkpt>
      <trkpt lat="42.629948" lon="-70.772936">
        <ele>4.371257</ele>
        <time>2025-09-26T22:16:47.153Z</time>
      </trkpt>
      <trkpt lat="42.630060" lon="-70.773095">
        <ele>4.317067</ele>
        <time>2025-09-26T22:16:50.974Z</time>
      </trkpt>
      <trkpt lat="42.630178" lon="-70.773249">
        <ele>4.262329</ele>
        <time>2025-09-26T22:16:54.704Z</time>
      </trkpt>
      <trkpt lat="42.630444" lon="-70.773677">
        <ele>4.124402</ele>
        <time>2025-09-26T22:17:03.386Z</time>
      </trkpt>
      <trkpt lat="42.630550" lon="-70.773955">
        <ele>4.047319</ele>
        <time>2025-09-26T22:17:07.812Z</time>
      </trkpt>
      <trkpt lat="42.630688" lon="-70.774401">
        <ele>3.928208</ele>
        <time>2025-09-26T22:17:14.382Z</time>
      </trkpt>
      <trkpt lat="42.630932" lon="-70.775256">
        <ele>3.493708</ele>
        <time>2025-09-26T22:17:26.531Z</time>
      </trkpt>
      <trkpt lat="42.631897" lon="-70.778341">
        <ele>3.927519</ele>
        <time>2025-09-26T22:18:20.419Z</time>
      </trkpt>
      <trkpt lat="42.632013" lon="-70.778718">
        <ele>4.189673</ele>
        <time>2025-09-26T22:18:31.228Z</time>
      </trkpt>
      <trkpt lat="42.632093" lon="-70.778967">
        <ele>4.379687</ele>
        <time>2025-09-26T22:18:38.558Z</time>
      </trkpt>
      <trkpt lat="42.632201" lon="-70.779320">
        <ele>4.741320</ele>
        <time>2025-09-26T22:18:48.920Z</time>
      </trkpt>
      <trkpt lat="42.632350" lon="-70.779803">
        <ele>5.236740</ele>
        <time>2025-09-26T22:19:02.086Z</time>
      </trkpt>
      <trkpt lat="42.632422" lon="-70.780028">
        <ele>5.468833</ele>
        <time>2025-09-26T22:19:07.566Z</time>
      </trkpt>
      <trkpt lat="42.632518" lon="-70.780287">
        <ele>5.743163</ele>
        <time>2025-09-26T22:19:13.501Z</time>
      </trkpt>
      <trkpt lat="42.632622" lon="-70.780427">
        <ele>5.931357</ele>
        <time>2025-09-26T22:19:17.250Z</time>
      </trkpt>
      <trkpt lat="42.632579" lon="-70.780663">
        <ele>6.161338</ele>
        <time>2025-09-26T22:19:21.496Z</time>
      </trkpt>
      <trkpt lat="42.632473" lon="-70.781527">
        <ele>6.405086</ele>
        <time>2025-09-26T22:19:33.714Z</time>
      </trkpt>
      <trkpt lat="42.632424" lon="-70.781882">
        <ele>6.170050</ele>
        <time>2025-09-26T22:19:38.367Z</time>
      </trkpt>
      <trkpt lat="42.632359" lon="-70.782098">
        <ele>6.018192</ele>
        <time>2025-09-26T22:19:41.422Z</time>
      </trkpt>
      <trkpt lat="42.632226" lon="-70.782418">
        <ele>5.779032</ele>
        <time>2025-09-26T22:19:46.297Z</time>
      </trkpt>
      <trkpt lat="42.631963" lon="-70.782980">
        <ele>5.345614</ele>
        <time>2025-09-26T22:19:55.777Z</time>
      </trkpt>
      <trkpt lat="42.631814" lon="-70.783295">
        <ele>5.101927</ele>
        <time>2025-09-26T22:20:01.751Z</time>
      </trkpt>
      <trkpt lat="42.631576" lon="-70.783757">
        <ele>5.550566</ele>
        <time>2025-09-26T22:20:11.921Z</time>
      </trkpt>
      <trkpt lat="42.631563" lon="-70.783778">
        <ele>5.578563</ele>
        <time>2025-09-26T22:20:12.458Z</time>
      </trkpt>
      <trkpt lat="42.631236" lon="-70.784225">
        <ele>6.221609</ele>
        <time>2025-09-26T22:20:25.654Z</time>
      </trkpt>
      <trkpt lat="42.630884" lon="-70.784605">
        <ele>6.844893</ele>
        <time>2025-09-26T22:20:38.696Z</time>
      </trkpt>
      <trkpt lat="42.630534" lon="-70.784990">
        <ele>7.469205</ele>
        <time>2025-09-26T22:20:52.789Z</time>
      </trkpt>
      <trkpt lat="42.629961" lon="-70.785639">
        <ele>8.493291</ele>
        <time>2025-09-26T22:21:15.152Z</time>
      </trkpt>
      <trkpt lat="42.629523" lon="-70.786233">
        <ele>9.342145</ele>
        <time>2025-09-26T22:21:31.755Z</time>
      </trkpt>
      <trkpt lat="42.628613" lon="-70.787641">
        <ele>10.753598</ele>
        <time>2025-09-26T22:22:06.935Z</time>
      </trkpt>
      <trkpt lat="42.627941" lon="-70.788692">
        <ele>11.603173</ele>
        <time>2025-09-26T22:22:33.055Z</time>
      </trkpt>
      <trkpt lat="42.627348" lon="-70.789607">
        <ele>12.329368</ele>
        <time>2025-09-26T22:22:55.883Z</time>
      </trkpt>
      <trkpt lat="42.627099" lon="-70.790066">
        <ele>12.669003</ele>
        <time>2025-09-26T22:23:06.956Z</time>
      </trkpt>
      <trkpt lat="42.626993" lon="-70.790298">
        <ele>12.831647</ele>
        <time>2025-09-26T22:23:12.225Z</time>
      </trkpt>
      <trkpt lat="42.626918" lon="-70.790545">
        <ele>12.957811</ele>
        <time>2025-09-26T22:23:17.290Z</time>
      </trkpt>
      <trkpt lat="42.626863" lon="-70.790834">
        <ele>12.898678</ele>
        <time>2025-09-26T22:23:22.849Z</time>
      </trkpt>
      <trkpt lat="42.626811" lon="-70.791457">
        <ele>12.774474</ele>
        <time>2025-09-26T22:23:33.529Z</time>
      </trkpt>
      <trkpt lat="42.626786" lon="-70.791766">
        <ele>12.712894</ele>
        <time>2025-09-26T22:23:38.245Z</time>
      </trkpt>
      <trkpt lat="42.626719" lon="-70.792212">
        <ele>12.622722</ele>
        <time>2025-09-26T22:23:44.698Z</time>
      </trkpt>
      <trkpt lat="42.626686" lon="-70.792318">
        <ele>12.599921</ele>
        <time>2025-09-26T22:23:46.314Z</time>
      </trkpt>
      <trkpt lat="42.626491" lon="-70.792597">
        <ele>12.523693</ele>
        <time>2025-09-26T22:23:51.771Z</time>
      </trkpt>
      <trkpt lat="42.625987" lon="-70.793186">
        <ele>12.432977</ele>
        <time>2025-09-26T22:24:04.813Z</time>
      </trkpt>
      <trkpt lat="42.625552" lon="-70.793764">
        <ele>12.374640</ele>
        <time>2025-09-26T22:24:17.589Z</time>
      </trkpt>
      <trkpt lat="42.625300" lon="-70.794107">
        <ele>12.340440</ele>
        <time>2025-09-26T22:24:26.316Z</time>
      </trkpt>
      <trkpt lat="42.624228" lon="-70.795630">
        <ele>13.186950</ele>
        <time>2025-09-26T22:25:05.929Z</time>
      </trkpt>
      <trkpt lat="42.623954" lon="-70.796210">
        <ele>13.549926</ele>
        <time>2025-09-26T22:25:18.562Z</time>
      </trkpt>
      <trkpt lat="42.623293" lon="-70.797749">
        <ele>14.299885</ele>
        <time>2025-09-26T22:25:50.052Z</time>
      </trkpt>
      <trkpt lat="42.623131" lon="-70.798146">
        <ele>14.488424</ele>
        <time>2025-09-26T22:25:58.366Z</time>
      </trkpt>
      <trkpt lat="42.623039" lon="-70.798465">
        <ele>14.644636</ele>
        <time>2025-09-26T22:26:04.724Z</time>
      </trkpt>
      <trkpt lat="42.622948" lon="-70.798948">
        <ele>15.004117</ele>
        <time>2025-09-26T22:26:14.067Z</time>
      </trkpt>
      <trkpt lat="42.622925" lon="-70.799430">
        <ele>15.352373</ele>
        <time>2025-09-26T22:26:23.279Z</time>
      </trkpt>
      <trkpt lat="42.622963" lon="-70.799904">
        <ele>15.696153</ele>
        <time>2025-09-26T22:26:32.652Z</time>
      </trkpt>
      <trkpt lat="42.623164" lon="-70.800709">
        <ele>16.309069</ele>
        <time>2025-09-26T22:26:49.565Z</time>
      </trkpt>
      <trkpt lat="42.623369" lon="-70.801481">
        <ele>16.767234</ele>
        <time>2025-09-26T22:27:05.332Z</time>
      </trkpt>
      <trkpt lat="42.623546" lon="-70.802154">
        <ele>17.151807</ele>
        <time>2025-09-26T22:27:18.726Z</time>
      </trkpt>
      <trkpt lat="42.623629" lon="-70.802594">
        <ele>17.396223</ele>
        <time>2025-09-26T22:27:27.041Z</time>
      </trkpt>
      <trkpt lat="42.623673" lon="-70.802973">
        <ele>17.602682</ele>
        <time>2025-09-26T22:27:33.865Z</time>
      </trkpt>
      <trkpt lat="42.623717" lon="-70.803709">
        <ele>17.900563</ele>
        <time>2025-09-26T22:27:46.271Z</time>
      </trkpt>
      <trkpt lat="42.623708" lon="-70.804328">
        <ele>18.126981</ele>
        <time>2025-09-26T22:27:57.179Z</time>
      </trkpt>
      <trkpt lat="42.623666" lon="-70.804785">
        <ele>18.295408</ele>
        <time>2025-09-26T22:28:05.326Z</time>
      </trkpt>
      <trkpt lat="42.623558" lon="-70.805291">
        <ele>18.488085</ele>
        <time>2025-09-26T22:28:14.805Z</time>
      </trkpt>
      <trkpt lat="42.623165" lon="-70.806584">
        <ele>19.142494</ele>
        <time>2025-09-26T22:28:40.873Z</time>
      </trkpt>
      <trkpt lat="42.623023" lon="-70.807197">
        <ele>19.458157</ele>
        <time>2025-09-26T22:28:53.281Z</time>
      </trkpt>
      <trkpt lat="42.622962" lon="-70.807814">
        <ele>19.763941</ele>
        <time>2025-09-26T22:29:04.440Z</time>
      </trkpt>
      <trkpt lat="42.622946" lon="-70.808038">
        <ele>19.734352</ele>
        <time>2025-09-26T22:29:08.297Z</time>
      </trkpt>
      <trkpt lat="42.622935" lon="-70.808194">
        <ele>19.691920</ele>
        <time>2025-09-26T22:29:10.962Z</time>
      </trkpt>
      <trkpt lat="42.622913" lon="-70.808459">
        <ele>19.619714</ele>
        <time>2025-09-26T22:29:15.499Z</time>
      </trkpt>
      <trkpt lat="42.622767" lon="-70.809174">
        <ele>19.418804</ele>
        <time>2025-09-26T22:29:27.514Z</time>
      </trkpt>
      <trkpt lat="42.622600" lon="-70.809716">
        <ele>19.259706</ele>
        <time>2025-09-26T22:29:36.051Z</time>
      </trkpt>
      <trkpt lat="42.622519" lon="-70.809907">
        <ele>19.200016</ele>
        <time>2025-09-26T22:29:39.057Z</time>
      </trkpt>
      <trkpt lat="42.622240" lon="-70.810452">
        <ele>19.199109</ele>
        <time>2025-09-26T22:29:48.147Z</time>
      </trkpt>
      <trkpt lat="42.621970" lon="-70.811092">
        <ele>19.349431</ele>
        <time>2025-09-26T22:29:59.015Z</time>
      </trkpt>
      <trkpt lat="42.621907" lon="-70.811310">
        <ele>19.397154</ele>
        <time>2025-09-26T22:30:03.036Z</time>
      </trkpt>
      <trkpt lat="42.621780" lon="-70.812042">
        <ele>19.550400</ele>
        <time>2025-09-26T22:30:17.951Z</time>
      </trkpt>
      <trkpt lat="42.621748" lon="-70.812312">
        <ele>19.606125</ele>
        <time>2025-09-26T22:30:23.804Z</time>
      </trkpt>
      <trkpt lat="42.621741" lon="-70.812543">
        <ele>19.775334</ele>
        <time>2025-09-26T22:30:28.872Z</time>
      </trkpt>
      <trkpt lat="42.621756" lon="-70.812978">
        <ele>20.193812</ele>
        <time>2025-09-26T22:30:38.667Z</time>
      </trkpt>
      <trkpt lat="42.621809" lon="-70.813353">
        <ele>20.560760</ele>
        <time>2025-09-26T22:30:47.373Z</time>
      </trkpt>
      <trkpt lat="42.621945" lon="-70.814104">
        <ele>21.303977</ele>
        <time>2025-09-26T22:31:04.666Z</time>
      </trkpt>
      <trkpt lat="42.622018" lon="-70.814513">
        <ele>21.708406</ele>
        <time>2025-09-26T22:31:12.475Z</time>
      </trkpt>
      <trkpt lat="42.622135" lon="-70.815172">
        <ele>21.725638</ele>
        <time>2025-09-26T22:31:22.601Z</time>
      </trkpt>
      <trkpt lat="42.622141" lon="-70.815229">
        <ele>21.691116</ele>
        <time>2025-09-26T22:31:23.395Z</time>
      </trkpt>
      <trkpt lat="42.622180" lon="-70.815520">
        <ele>21.513780</ele>
        <time>2025-09-26T22:31:27.468Z</time>
      </trkpt>
      <trkpt lat="42.622200" lon="-70.815899">
        <ele>21.285972</ele>
        <time>2025-09-26T22:31:32.589Z</time>
      </trkpt>
      <trkpt lat="42.622198" lon="-70.816183">
        <ele>21.115695</ele>
        <time>2025-09-26T22:31:36.435Z</time>
      </trkpt>
      <trkpt lat="42.622196" lon="-70.816221">
        <ele>21.092854</ele>
        <time>2025-09-26T22:31:36.963Z</time>
      </trkpt>
      <trkpt lat="42.622181" lon="-70.816490">
        <ele>20.931116</ele>
        <time>2025-09-26T22:31:40.809Z</time>
      </trkpt>
      <trkpt lat="42.622155" lon="-70.816721">
        <ele>20.791012</ele>
        <time>2025-09-26T22:31:44.260Z</time>
      </trkpt>
      <trkpt lat="42.622003" lon="-70.817483">
        <ele>20.571000</ele>
        <time>2025-09-26T22:31:56.023Z</time>
      </trkpt>
      <trkpt lat="42.621958" lon="-70.817677">
        <ele>20.615017</ele>
        <time>2025-09-26T22:31:59.075Z</time>
      </trkpt>
      <trkpt lat="42.621893" lon="-70.817951">
        <ele>20.677315</ele>
        <time>2025-09-26T22:32:03.505Z</time>
      </trkpt>
      <trkpt lat="42.621860" lon="-70.818085">
        <ele>20.707894</ele>
        <time>2025-09-26T22:32:05.691Z</time>
      </trkpt>
      <trkpt lat="42.621780" lon="-70.818415">
        <ele>20.783080</ele>
        <time>2025-09-26T22:32:11.352Z</time>
      </trkpt>
      <trkpt lat="42.621571" lon="-70.819473">
        <ele>21.020137</ele>
        <time>2025-09-26T22:32:32.247Z</time>
      </trkpt>
      <trkpt lat="42.621446" lon="-70.819865">
        <ele>21.628305</ele>
        <time>2025-09-26T22:32:40.522Z</time>
      </trkpt>
      <trkpt lat="42.621647" lon="-70.820418">
        <ele>22.624108</ele>
        <time>2025-09-26T22:32:54.241Z</time>
      </trkpt>
      <trkpt lat="42.622054" lon="-70.821767">
        <ele>24.978028</ele>
        <time>2025-09-26T22:33:32.003Z</time>
      </trkpt>
      <trkpt lat="42.622168" lon="-70.822448">
        <ele>25.620311</ele>
        <time>2025-09-26T22:33:48.232Z</time>
      </trkpt>
      <trkpt lat="42.622198" lon="-70.822840">
        <ele>25.982484</ele>
        <time>2025-09-26T22:33:56.605Z</time>
      </trkpt>
      <trkpt lat="42.622198" lon="-70.823613">
        <ele>26.692835</ele>
        <time>2025-09-26T22:34:11.587Z</time>
      </trkpt>
      <trkpt lat="42.622406" lon="-70.824415">
        <ele>27.052968</ele>
        <time>2025-09-26T22:34:26.350Z</time>
      </trkpt>
      <trkpt lat="42.622414" lon="-70.824799">
        <ele>26.808368</ele>
        <time>2025-09-26T22:34:32.548Z</time>
      </trkpt>
      <trkpt lat="42.622395" lon="-70.824991">
        <ele>26.685017</ele>
        <time>2025-09-26T22:34:35.569Z</time>
      </trkpt>
      <trkpt lat="42.622361" lon="-70.825179">
        <ele>26.561750</ele>
        <time>2025-09-26T22:34:38.519Z</time>
      </trkpt>
      <trkpt lat="42.622301" lon="-70.825496">
        <ele>26.353338</ele>
        <time>2025-09-26T22:34:43.375Z</time>
      </trkpt>
      <trkpt lat="42.622223" lon="-70.825958">
        <ele>26.051528</ele>
        <time>2025-09-26T22:34:50.006Z</time>
      </trkpt>
      <trkpt lat="42.622066" lon="-70.826833">
        <ele>25.180442</ele>
        <time>2025-09-26T22:35:01.661Z</time>
      </trkpt>
      <trkpt lat="42.621949" lon="-70.827525">
        <ele>24.023684</ele>
        <time>2025-09-26T22:35:10.372Z</time>
      </trkpt>
      <trkpt lat="42.621764" lon="-70.828515">
        <ele>22.359614</ele>
        <time>2025-09-26T22:35:23.060Z</time>
      </trkpt>
      <trkpt lat="42.621554" lon="-70.829079">
        <ele>21.494218</ele>
        <time>2025-09-26T22:35:31.465Z</time>
      </trkpt>
      <trkpt lat="42.620902" lon="-70.830186">
        <ele>20.248034</ele>
        <time>2025-09-26T22:35:52.005Z</time>
      </trkpt>
      <trkpt lat="42.620015" lon="-70.831706">
        <ele>17.791502</ele>
        <time>2025-09-26T22:36:18.686Z</time>
      </trkpt>
      <trkpt lat="42.619781" lon="-70.831959">
        <ele>17.164725</ele>
        <time>2025-09-26T22:36:23.682Z</time>
      </trkpt>
      <trkpt lat="42.619689" lon="-70.832002">
        <ele>16.960800</ele>
        <time>2025-09-26T22:36:25.285Z</time>
      </trkpt>
      <trkpt lat="42.619134" lon="-70.832150">
        <ele>15.775299</ele>
        <time>2025-09-26T22:36:34.525Z</time>
      </trkpt>
      <trkpt lat="42.618460" lon="-70.832281">
        <ele>15.687194</ele>
        <time>2025-09-26T22:36:46.236Z</time>
      </trkpt>
      <trkpt lat="42.618081" lon="-70.832287">
        <ele>15.641735</ele>
        <time>2025-09-26T22:36:54.235Z</time>
      </trkpt>
      <trkpt lat="42.617870" lon="-70.832309">
        <ele>15.616354</ele>
        <time>2025-09-26T22:36:59.694Z</time>
      </trkpt>
      <trkpt lat="42.617684" lon="-70.832398">
        <ele>15.592703</ele>
        <time>2025-09-26T22:37:05.332Z</time>
      </trkpt>
      <trkpt lat="42.617603" lon="-70.832464">
        <ele>15.581376</ele>
        <time>2025-09-26T22:37:08.194Z</time>
      </trkpt>
      <trkpt lat="42.617399" lon="-70.832732">
        <ele>15.692996</ele>
        <time>2025-09-26T22:37:17.519Z</time>
      </trkpt>
      <trkpt lat="42.616522" lon="-70.834584">
        <ele>20.746000</ele>
        <time>2025-09-26T22:38:17.134Z</time>
      </trkpt>
      <trkpt lat="42.616110" lon="-70.835357">
        <ele>21.448918</ele>
        <time>2025-09-26T22:38:38.433Z</time>
      </trkpt>
      <trkpt lat="42.615846" lon="-70.835915">
        <ele>21.696082</ele>
        <time>2025-09-26T22:38:50.833Z</time>
      </trkpt>
      <trkpt lat="42.615321" lon="-70.837057">
        <ele>21.308584</ele>
        <time>2025-09-26T22:39:10.198Z</time>
      </trkpt>
      <trkpt lat="42.614910" lon="-70.837888">
        <ele>19.059294</ele>
        <time>2025-09-26T22:39:22.327Z</time>
      </trkpt>
      <trkpt lat="42.614367" lon="-70.838889">
        <ele>16.499408</ele>
        <time>2025-09-26T22:39:36.488Z</time>
      </trkpt>
      <trkpt lat="42.614140" lon="-70.839366">
        <ele>16.170444</ele>
        <time>2025-09-26T22:39:43.177Z</time>
      </trkpt>
      <trkpt lat="42.613960" lon="-70.839873">
        <ele>15.844449</ele>
        <time>2025-09-26T22:39:50.958Z</time>
      </trkpt>
      <trkpt lat="42.613913" lon="-70.840147">
        <ele>15.681516</ele>
        <time>2025-09-26T22:39:55.592Z</time>
      </trkpt>
      <trkpt lat="42.613908" lon="-70.840335">
        <ele>15.572570</ele>
        <time>2025-09-26T22:39:59.008Z</time>
      </trkpt>
      <trkpt lat="42.613907" lon="-70.840499">
        <ele>15.477591</ele>
        <time>2025-09-26T22:40:02.220Z</time>
      </trkpt>
      <trkpt lat="42.613945" lon="-70.840785">
        <ele>15.309285</ele>
        <time>2025-09-26T22:40:08.441Z</time>
      </trkpt>
      <trkpt lat="42.614060" lon="-70.841178">
        <ele>15.461066</ele>
        <time>2025-09-26T22:40:18.255Z</time>
      </trkpt>
      <trkpt lat="42.614438" lon="-70.842225">
        <ele>17.442123</ele>
        <time>2025-09-26T22:40:47.153Z</time>
      </trkpt>
      <trkpt lat="42.614648" lon="-70.842955">
        <ele>18.773559</ele>
        <time>2025-09-26T22:41:04.539Z</time>
      </trkpt>
      <trkpt lat="42.615086" lon="-70.844387">
        <ele>21.218550</ele>
        <time>2025-09-26T22:41:39.606Z</time>
      </trkpt>
      <trkpt lat="42.615166" lon="-70.844693">
        <ele>21.720238</ele>
        <time>2025-09-26T22:41:47.116Z</time>
      </trkpt>
      <trkpt lat="42.615240" lon="-70.845117">
        <ele>22.393449</ele>
        <time>2025-09-26T22:41:57.052Z</time>
      </trkpt>
      <trkpt lat="42.615435" lon="-70.847053">
        <ele>24.141491</ele>
        <time>2025-09-26T22:42:39.784Z</time>
      </trkpt>
      <trkpt lat="42.615441" lon="-70.847399">
        <ele>24.383229</ele>
        <time>2025-09-26T22:42:46.766Z</time>
      </trkpt>
      <trkpt lat="42.615336" lon="-70.848087">
        <ele>24.453461</ele>
        <time>2025-09-26T22:42:57.991Z</time>
      </trkpt>
      <trkpt lat="42.615214" lon="-70.848808">
        <ele>22.034421</ele>
        <time>2025-09-26T22:43:07.076Z</time>
      </trkpt>
      <trkpt lat="42.615206" lon="-70.848986">
        <ele>21.451312</ele>
        <time>2025-09-26T22:43:09.080Z</time>
      </trkpt>
      <trkpt lat="42.615210" lon="-70.849481">
        <ele>19.832663</ele>
        <time>2025-09-26T22:43:14.464Z</time>
      </trkpt>
      <trkpt lat="42.615262" lon="-70.850049">
        <ele>17.961101</ele>
        <time>2025-09-26T22:43:20.564Z</time>
      </trkpt>
      <trkpt lat="42.615292" lon="-70.850191">
        <ele>17.478035</ele>
        <time>2025-09-26T22:43:22.119Z</time>
      </trkpt>
      <trkpt lat="42.615395" lon="-70.850515">
        <ele>16.390239</ele>
        <time>2025-09-26T22:43:25.816Z</time>
      </trkpt>
      <trkpt lat="42.615474" lon="-70.850662">
        <ele>15.876459</ele>
        <time>2025-09-26T22:43:27.736Z</time>
      </trkpt>
      <trkpt lat="42.616158" lon="-70.851407">
        <ele>12.514255</ele>
        <time>2025-09-26T22:43:40.998Z</time>
      </trkpt>
      <trkpt lat="42.616419" lon="-70.851766">
        <ele>11.089864</ele>
        <time>2025-09-26T22:43:47.435Z</time>
      </trkpt>
      <trkpt lat="42.616557" lon="-70.852072">
        <ele>10.076885</ele>
        <time>2025-09-26T22:43:52.474Z</time>
      </trkpt>
      <trkpt lat="42.616646" lon="-70.852475">
        <ele>10.187758</ele>
        <time>2025-09-26T22:43:59.146Z</time>
      </trkpt>
      <trkpt lat="42.616780" lon="-70.853194">
        <ele>10.758342</ele>
        <time>2025-09-26T22:44:13.476Z</time>
      </trkpt>
      <trkpt lat="42.616875" lon="-70.853492">
        <ele>11.008177</ele>
        <time>2025-09-26T22:44:20.377Z</time>
      </trkpt>
      <trkpt lat="42.616987" lon="-70.853723">
        <ele>11.220986</ele>
        <time>2025-09-26T22:44:26.463Z</time>
      </trkpt>
      <trkpt lat="42.617157" lon="-70.854004">
        <ele>11.500829</ele>
        <time>2025-09-26T22:44:34.765Z</time>
      </trkpt>
      <trkpt lat="42.617452" lon="-70.854388">
        <ele>11.955769</ele>
        <time>2025-09-26T22:44:47.370Z</time>
      </trkpt>
      <trkpt lat="42.618300" lon="-70.855382">
        <ele>13.363195</ele>
        <time>2025-09-26T22:45:18.640Z</time>
      </trkpt>
      <trkpt lat="42.618446" lon="-70.855587">
        <ele>13.627034</ele>
        <time>2025-09-26T22:45:23.829Z</time>
      </trkpt>
      <trkpt lat="42.618509" lon="-70.855745">
        <ele>13.793227</ele>
        <time>2025-09-26T22:45:27.055Z</time>
      </trkpt>
      <trkpt lat="42.618104" lon="-70.855978">
        <ele>14.188081</ele>
        <time>2025-09-26T22:45:37.597Z</time>
      </trkpt>
      <trkpt lat="42.617879" lon="-70.856153">
        <ele>14.339879</ele>
        <time>2025-09-26T22:45:43.872Z</time>
      </trkpt>
      <trkpt lat="42.617753" lon="-70.856296">
        <ele>14.436002</ele>
        <time>2025-09-26T22:45:47.898Z</time>
      </trkpt>
      <trkpt lat="42.617602" lon="-70.856527">
        <ele>14.569136</ele>
        <time>2025-09-26T22:45:53.566Z</time>
      </trkpt>
      <trkpt lat="42.617380" lon="-70.857016">
        <ele>14.816711</ele>
        <time>2025-09-26T22:46:04.081Z</time>
      </trkpt>
      <trkpt lat="42.617027" lon="-70.857892">
        <ele>14.930196</ele>
        <time>2025-09-26T22:46:22.397Z</time>
      </trkpt>
      <trkpt lat="42.616890" lon="-70.858303">
        <ele>14.695394</ele>
        <time>2025-09-26T22:46:30.381Z</time>
      </trkpt>
      <trkpt lat="42.616774" lon="-70.858899">
        <ele>14.374572</ele>
        <time>2025-09-26T22:46:39.998Z</time>
      </trkpt>
      <trkpt lat="42.616707" lon="-70.859623">
        <ele>13.994835</ele>
        <time>2025-09-26T22:46:49.697Z</time>
      </trkpt>
      <trkpt lat="42.616703" lon="-70.859907">
        <ele>13.847014</ele>
        <time>2025-09-26T22:46:53.324Z</time>
      </trkpt>
      <trkpt lat="42.616682" lon="-70.861021">
        <ele>13.124689</ele>
        <time>2025-09-26T22:47:07.480Z</time>
      </trkpt>
      <trkpt lat="42.616603" lon="-70.861584">
        <ele>12.751182</ele>
        <time>2025-09-26T22:47:15.507Z</time>
      </trkpt>
      <trkpt lat="42.616454" lon="-70.862179">
        <ele>12.341594</ele>
        <time>2025-09-26T22:47:26.454Z</time>
      </trkpt>
      <trkpt lat="42.616102" lon="-70.863504">
        <ele>13.085792</ele>
        <time>2025-09-26T22:47:55.874Z</time>
      </trkpt>
      <trkpt lat="42.615753" lon="-70.864863">
        <ele>13.988184</ele>
        <time>2025-09-26T22:48:22.242Z</time>
      </trkpt>
      <trkpt lat="42.615703" lon="-70.865063">
        <ele>14.069276</ele>
        <time>2025-09-26T22:48:25.614Z</time>
      </trkpt>
      <trkpt lat="42.615636" lon="-70.865366">
        <ele>14.190739</ele>
        <time>2025-09-26T22:48:30.794Z</time>
      </trkpt>
      <trkpt lat="42.615415" lon="-70.866316">
        <ele>14.573244</ele>
        <time>2025-09-26T22:48:48.025Z</time>
      </trkpt>
      <trkpt lat="42.615114" lon="-70.867240">
        <ele>14.987630</ele>
        <time>2025-09-26T22:49:07.429Z</time>
      </trkpt>
      <trkpt lat="42.614959" lon="-70.867679">
        <ele>15.212831</ele>
        <time>2025-09-26T22:49:17.049Z</time>
      </trkpt>
      <trkpt lat="42.614457" lon="-70.868822">
        <ele>15.828467</ele>
        <time>2025-09-26T22:49:41.397Z</time>
      </trkpt>
      <trkpt lat="42.614375" lon="-70.869066">
        <ele>15.952531</ele>
        <time>2025-09-26T22:49:45.853Z</time>
      </trkpt>
      <trkpt lat="42.614356" lon="-70.869135">
        <ele>15.957588</ele>
        <time>2025-09-26T22:49:47.021Z</time>
      </trkpt>
      <trkpt lat="42.614118" lon="-70.870058">
        <ele>15.867946</ele>
        <time>2025-09-26T22:50:02.329Z</time>
      </trkpt>
      <trkpt lat="42.614024" lon="-70.870473">
        <ele>15.828148</ele>
        <time>2025-09-26T22:50:08.885Z</time>
      </trkpt>
      <trkpt lat="42.613926" lon="-70.870916">
        <ele>15.785749</ele>
        <time>2025-09-26T22:50:16.214Z</time>
      </trkpt>
      <trkpt lat="42.613806" lon="-70.871301">
        <ele>15.747426</ele>
        <time>2025-09-26T22:50:23.005Z</time>
      </trkpt>
      <trkpt lat="42.613701" lon="-70.871516">
        <ele>15.752571</ele>
        <time>2025-09-26T22:50:27.219Z</time>
      </trkpt>
      <trkpt lat="42.613505" lon="-70.871816">
        <ele>15.788330</ele>
        <time>2025-09-26T22:50:33.949Z</time>
      </trkpt>
      <trkpt lat="42.613169" lon="-70.872139">
        <ele>15.838182</ele>
        <time>2025-09-26T22:50:43.533Z</time>
      </trkpt>
      <trkpt lat="42.612926" lon="-70.872296">
        <ele>15.870772</ele>
        <time>2025-09-26T22:50:49.809Z</time>
      </trkpt>
      <trkpt lat="42.612860" lon="-70.872338">
        <ele>15.879599</ele>
        <time>2025-09-26T22:50:51.515Z</time>
      </trkpt>
      <trkpt lat="42.612559" lon="-70.872535">
        <ele>15.920065</ele>
        <time>2025-09-26T22:50:59.307Z</time>
      </trkpt>
      <trkpt lat="42.612528" lon="-70.872560">
        <ele>15.924431</ele>
        <time>2025-09-26T22:51:00.127Z</time>
      </trkpt>
      <trkpt lat="42.612283" lon="-70.872757">
        <ele>15.951936</ele>
        <time>2025-09-26T22:51:06.624Z</time>
      </trkpt>
      <trkpt lat="42.611555" lon="-70.873442">
        <ele>15.780461</ele>
        <time>2025-09-26T22:51:25.536Z</time>
      </trkpt>
      <trkpt lat="42.611389" lon="-70.873607">
        <ele>15.740633</ele>
        <time>2025-09-26T22:51:29.883Z</time>
      </trkpt>
      <trkpt lat="42.610857" lon="-70.874159">
        <ele>15.611011</ele>
        <time>2025-09-26T22:51:44.015Z</time>
      </trkpt>
      <trkpt lat="42.610486" lon="-70.874636">
        <ele>15.644788</ele>
        <time>2025-09-26T22:51:55.066Z</time>
      </trkpt>
      <trkpt lat="42.610324" lon="-70.874824">
        <ele>15.660656</ele>
        <time>2025-09-26T22:51:59.640Z</time>
      </trkpt>
      <trkpt lat="42.610315" lon="-70.874837">
        <ele>15.661635</ele>
        <time>2025-09-26T22:51:59.931Z</time>
      </trkpt>
      <trkpt lat="42.610224" lon="-70.874966">
        <ele>15.671430</ele>
        <time>2025-09-26T22:52:02.772Z</time>
      </trkpt>
      <trkpt lat="42.609959" lon="-70.875343">
        <ele>15.700009</ele>
        <time>2025-09-26T22:52:11.484Z</time>
      </trkpt>
      <trkpt lat="42.609906" lon="-70.875418">
        <ele>15.705709</ele>
        <time>2025-09-26T22:52:13.283Z</time>
      </trkpt>
      <trkpt lat="42.609876" lon="-70.875462">
        <ele>15.708997</ele>
        <time>2025-09-26T22:52:14.322Z</time>
      </trkpt>
      <trkpt lat="42.609808" lon="-70.875557">
        <ele>15.716261</ele>
        <time>2025-09-26T22:52:16.632Z</time>
      </trkpt>
      <trkpt lat="42.609522" lon="-70.875956">
        <ele>15.795483</ele>
        <time>2025-09-26T22:52:26.452Z</time>
      </trkpt>
      <trkpt lat="42.609194" lon="-70.876363">
        <ele>16.157783</ele>
        <time>2025-09-26T22:52:37.354Z</time>
      </trkpt>
      <trkpt lat="42.608474" lon="-70.877106">
        <ele>16.895209</ele>
        <time>2025-09-26T22:53:00.356Z</time>
      </trkpt>
      <trkpt lat="42.607906" lon="-70.877691">
        <ele>17.664447</ele>
        <time>2025-09-26T22:53:19.584Z</time>
      </trkpt>
      <trkpt lat="42.607630" lon="-70.878004">
        <ele>18.163551</ele>
        <time>2025-09-26T22:53:29.980Z</time>
      </trkpt>
      <trkpt lat="42.607412" lon="-70.878337">
        <ele>18.618932</ele>
        <time>2025-09-26T22:53:39.708Z</time>
      </trkpt>
      <trkpt lat="42.607244" lon="-70.878749">
        <ele>19.100206</ele>
        <time>2025-09-26T22:53:50.140Z</time>
      </trkpt>
      <trkpt lat="42.607137" lon="-70.879205">
        <ele>19.589255</ele>
        <time>2025-09-26T22:53:59.878Z</time>
      </trkpt>
      <trkpt lat="42.606977" lon="-70.880171">
        <ele>19.633859</ele>
        <time>2025-09-26T22:54:17.358Z</time>
      </trkpt>
      <trkpt lat="42.606880" lon="-70.880590">
        <ele>19.597696</ele>
        <time>2025-09-26T22:54:24.299Z</time>
      </trkpt>
      <trkpt lat="42.606715" lon="-70.881153">
        <ele>19.547805</ele>
        <time>2025-09-26T22:54:33.202Z</time>
      </trkpt>
      <trkpt lat="42.606520" lon="-70.881759">
        <ele>19.458330</ele>
        <time>2025-09-26T22:54:42.484Z</time>
      </trkpt>
      <trkpt lat="42.606479" lon="-70.881889">
        <ele>19.410995</ele>
        <time>2025-09-26T22:54:44.525Z</time>
      </trkpt>
      <trkpt lat="42.606460" lon="-70.881947">
        <ele>19.389748</ele>
        <time>2025-09-26T22:54:45.455Z</time>
      </trkpt>
      <trkpt lat="42.606139" lon="-70.882928">
        <ele>19.030441</ele>
        <time>2025-09-26T22:55:02.249Z</time>
      </trkpt>
      <trkpt lat="42.606009" lon="-70.883394">
        <ele>18.863653</ele>
        <time>2025-09-26T22:55:10.004Z</time>
      </trkpt>
      <trkpt lat="42.605882" lon="-70.883797">
        <ele>18.716932</ele>
        <time>2025-09-26T22:55:16.712Z</time>
      </trkpt>
      <trkpt lat="42.605486" lon="-70.885298">
        <ele>18.521105</ele>
        <time>2025-09-26T22:55:41.500Z</time>
      </trkpt>
      <trkpt lat="42.605471" lon="-70.885355">
        <ele>18.514435</ele>
        <time>2025-09-26T22:55:42.504Z</time>
      </trkpt>
      <trkpt lat="42.605400" lon="-70.885566">
        <ele>18.488873</ele>
        <time>2025-09-26T22:55:46.391Z</time>
      </trkpt>
      <trkpt lat="42.605220" lon="-70.886020">
        <ele>18.432054</ele>
        <time>2025-09-26T22:55:55.001Z</time>
      </trkpt>
      <trkpt lat="42.605162" lon="-70.886157">
        <ele>18.418195</ele>
        <time>2025-09-26T22:55:57.627Z</time>
      </trkpt>
      <trkpt lat="42.605059" lon="-70.886377">
        <ele>18.423344</ele>
        <time>2025-09-26T22:56:01.959Z</time>
      </trkpt>
      <trkpt lat="42.604838" lon="-70.886749">
        <ele>18.432785</ele>
        <time>2025-09-26T22:56:09.943Z</time>
      </trkpt>
      <trkpt lat="42.604304" lon="-70.887555">
        <ele>18.454201</ele>
        <time>2025-09-26T22:56:28.150Z</time>
      </trkpt>
      <trkpt lat="42.604065" lon="-70.887806">
        <ele>18.462306</ele>
        <time>2025-09-26T22:56:34.810Z</time>
      </trkpt>
      <trkpt lat="42.603259" lon="-70.888433">
        <ele>18.301499</ele>
        <time>2025-09-26T22:56:54.113Z</time>
      </trkpt>
      <trkpt lat="42.603154" lon="-70.888509">
        <ele>18.276873</ele>
        <time>2025-09-26T22:56:56.648Z</time>
      </trkpt>
      <trkpt lat="42.602771" lon="-70.888738">
        <ele>18.190258</ele>
        <time>2025-09-26T22:57:05.776Z</time>
      </trkpt>
      <trkpt lat="42.602353" lon="-70.888922">
        <ele>18.099308</ele>
        <time>2025-09-26T22:57:15.614Z</time>
      </trkpt>
      <trkpt lat="42.602023" lon="-70.889025">
        <ele>17.930271</ele>
        <time>2025-09-26T22:57:23.033Z</time>
      </trkpt>
      <trkpt lat="42.601498" lon="-70.889075">
        <ele>17.653928</ele>
        <time>2025-09-26T22:57:34.273Z</time>
      </trkpt>
      <trkpt lat="42.601203" lon="-70.889045">
        <ele>17.498597</ele>
        <time>2025-09-26T22:57:40.360Z</time>
      </trkpt>
      <trkpt lat="42.600794" lon="-70.888933">
        <ele>17.279521</ele>
        <time>2025-09-26T22:57:48.600Z</time>
      </trkpt>
      <trkpt lat="42.600280" lon="-70.888776">
        <ele>16.942897</ele>
        <time>2025-09-26T22:57:58.586Z</time>
      </trkpt>
      <trkpt lat="42.600113" lon="-70.888728">
        <ele>16.816510</ele>
        <time>2025-09-26T22:58:01.751Z</time>
      </trkpt>
      <trkpt lat="42.599356" lon="-70.888486">
        <ele>16.240705</ele>
        <time>2025-09-26T22:58:16.750Z</time>
      </trkpt>
      <trkpt lat="42.599171" lon="-70.888419">
        <ele>16.098944</ele>
        <time>2025-09-26T22:58:20.790Z</time>
      </trkpt>
      <trkpt lat="42.598453" lon="-70.888161">
        <ele>15.503581</ele>
        <time>2025-09-26T22:58:37.229Z</time>
      </trkpt>
      <trkpt lat="42.598290" lon="-70.888102">
        <ele>15.357527</ele>
        <time>2025-09-26T22:58:40.787Z</time>
      </trkpt>
      <trkpt lat="42.598113" lon="-70.888037">
        <ele>15.198775</ele>
        <time>2025-09-26T22:58:44.607Z</time>
      </trkpt>
      <trkpt lat="42.597771" lon="-70.887865">
        <ele>14.883022</ele>
        <time>2025-09-26T22:58:51.942Z</time>
      </trkpt>
      <trkpt lat="42.597353" lon="-70.887628">
        <ele>14.490848</ele>
        <time>2025-09-26T22:59:00.484Z</time>
      </trkpt>
      <trkpt lat="42.597262" lon="-70.887579">
        <ele>14.406094</ele>
        <time>2025-09-26T22:59:02.271Z</time>
      </trkpt>
      <trkpt lat="42.596739" lon="-70.887297">
        <ele>13.705360</ele>
        <time>2025-09-26T22:59:12.158Z</time>
      </trkpt>
      <trkpt lat="42.596529" lon="-70.887188">
        <ele>13.388906</ele>
        <time>2025-09-26T22:59:16.047Z</time>
      </trkpt>
      <trkpt lat="42.596250" lon="-70.887101">
        <ele>12.985953</ele>
        <time>2025-09-26T22:59:21.074Z</time>
      </trkpt>
      <trkpt lat="42.595583" lon="-70.886889">
        <ele>12.021682</ele>
        <time>2025-09-26T22:59:33.675Z</time>
      </trkpt>
      <trkpt lat="42.595321" lon="-70.886726">
        <ele>11.845189</ele>
        <time>2025-09-26T22:59:39.574Z</time>
      </trkpt>
      <trkpt lat="42.595061" lon="-70.886435">
        <ele>12.339471</ele>
        <time>2025-09-26T22:59:47.306Z</time>
      </trkpt>
      <trkpt lat="42.594571" lon="-70.885579">
        <ele>13.510667</ele>
        <time>2025-09-26T23:00:10.232Z</time>
      </trkpt>
      <trkpt lat="42.594345" lon="-70.885327">
        <ele>13.939665</ele>
        <time>2025-09-26T23:00:20.021Z</time>
      </trkpt>
      <trkpt lat="42.594183" lon="-70.885211">
        <ele>14.208356</ele>
        <time>2025-09-26T23:00:26.285Z</time>
      </trkpt>
      <trkpt lat="42.593587" lon="-70.884962">
        <ele>15.336384</ele>
        <time>2025-09-26T23:00:47.041Z</time>
      </trkpt>
      <trkpt lat="42.593237" lon="-70.884918">
        <ele>15.997504</ele>
        <time>2025-09-26T23:00:58.325Z</time>
      </trkpt>
      <trkpt lat="42.592887" lon="-70.884951">
        <ele>16.657394</ele>
        <time>2025-09-26T23:01:09.145Z</time>
      </trkpt>
      <trkpt lat="42.592753" lon="-70.885008">
        <ele>16.921500</ele>
        <time>2025-09-26T23:01:13.168Z</time>
      </trkpt>
      <trkpt lat="42.592568" lon="-70.885183">
        <ele>17.345522</ele>
        <time>2025-09-26T23:01:19.121Z</time>
      </trkpt>
      <trkpt lat="42.592450" lon="-70.885304">
        <ele>17.623605</ele>
        <time>2025-09-26T23:01:22.702Z</time>
      </trkpt>
      <trkpt lat="42.592275" lon="-70.885488">
        <ele>17.821554</ele>
        <time>2025-09-26T23:01:27.879Z</time>
      </trkpt>
      <trkpt lat="42.592045" lon="-70.885668">
        <ele>17.944465</ele>
        <time>2025-09-26T23:01:33.871Z</time>
      </trkpt>
      <trkpt lat="42.591791" lon="-70.885802">
        <ele>18.070636</ele>
        <time>2025-09-26T23:01:40.043Z</time>
      </trkpt>
      <trkpt lat="42.591576" lon="-70.885877">
        <ele>18.173421</ele>
        <time>2025-09-26T23:01:45.382Z</time>
      </trkpt>
      <trkpt lat="42.591237" lon="-70.885943">
        <ele>18.331996</ele>
        <time>2025-09-26T23:01:53.818Z</time>
      </trkpt>
      <trkpt lat="42.590909" lon="-70.885954">
        <ele>18.483920</ele>
        <time>2025-09-26T23:02:01.829Z</time>
      </trkpt>
      <trkpt lat="42.590497" lon="-70.885956">
        <ele>18.599206</ele>
        <time>2025-09-26T23:02:11.642Z</time>
      </trkpt>
      <trkpt lat="42.589853" lon="-70.885939">
        <ele>18.651627</ele>
        <time>2025-09-26T23:02:26.739Z</time>
      </trkpt>
      <trkpt lat="42.589816" lon="-70.885943">
        <ele>18.654648</ele>
        <time>2025-09-26T23:02:27.557Z</time>
      </trkpt>
      <trkpt lat="42.589160" lon="-70.885928">
        <ele>18.708043</ele>
        <time>2025-09-26T23:02:41.904Z</time>
      </trkpt>
      <trkpt lat="42.588503" lon="-70.885912">
        <ele>18.735844</ele>
        <time>2025-09-26T23:02:55.878Z</time>
      </trkpt>
      <trkpt lat="42.588228" lon="-70.885905">
        <ele>18.740285</ele>
        <time>2025-09-26T23:03:01.958Z</time>
      </trkpt>
      <trkpt lat="42.588115" lon="-70.885888">
        <ele>18.742121</ele>
        <time>2025-09-26T23:03:04.520Z</time>
      </trkpt>
      <trkpt lat="42.588066" lon="-70.885879">
        <ele>18.742919</ele>
        <time>2025-09-26T23:03:05.667Z</time>
      </trkpt>
      <trkpt lat="42.587854" lon="-70.885811">
        <ele>18.746437</ele>
        <time>2025-09-26T23:03:10.686Z</time>
      </trkpt>
      <trkpt lat="42.587620" lon="-70.885711">
        <ele>18.750397</ele>
        <time>2025-09-26T23:03:16.467Z</time>
      </trkpt>
      <trkpt lat="42.587376" lon="-70.885608">
        <ele>18.754523</ele>
        <time>2025-09-26T23:03:22.444Z</time>
      </trkpt>
      <trkpt lat="42.587243" lon="-70.885552">
        <ele>18.756771</ele>
        <time>2025-09-26T23:03:25.572Z</time>
      </trkpt>
      <trkpt lat="42.586830" lon="-70.885378">
        <ele>18.758531</ele>
        <time>2025-09-26T23:03:34.699Z</time>
      </trkpt>
      <trkpt lat="42.586714" lon="-70.885329">
        <ele>18.758531</ele>
        <time>2025-09-26T23:03:37.391Z</time>
      </trkpt>
      <trkpt lat="42.586536" lon="-70.885255">
        <ele>18.758531</ele>
        <time>2025-09-26T23:03:41.318Z</time>
      </trkpt>
      <trkpt lat="42.586327" lon="-70.885167">
        <ele>18.758531</ele>
        <time>2025-09-26T23:03:45.884Z</time>
      </trkpt>
      <trkpt lat="42.586103" lon="-70.885074">
        <ele>18.758531</ele>
        <time>2025-09-26T23:03:50.818Z</time>
      </trkpt>
      <trkpt lat="42.586174" lon="-70.884796">
        <ele>18.758531</ele>
        <time>2025-09-26T23:03:56.852Z</time>
      </trkpt>
      <trkpt lat="42.586002" lon="-70.884730">
        <ele>18.758531</ele>
        <time>2025-09-26T23:04:00.615Z</time>
      </trkpt>
      <trkpt lat="42.585961" lon="-70.884715">
        <ele>18.758531</ele>
        <time>2025-09-26T23:04:01.538Z</time>
      </trkpt>
    </trkseg>
  </trk>
</gpx>